model,fold,seed,piece_id,source,y_true,y_pred
RubricNet,0,0.0,24 Piezas Sudamericanas: 4. Vals Venezolano||Jorge Cardoso,pdf,4,5
RubricNet,0,0.0,Abri la Puerta mi China||Agustin Barrios Mandore,pdf,5,6
RubricNet,0,0.0,Adagio from Pathetique Sonata||Ludwig van Beethoven,gaps,5,5
RubricNet,0,0.0,"Allegretto, Op. 241 no. 14||Ferdinando Carulli",pdf,1,2
RubricNet,0,0.0,"Allegretto, Op. 50 no. 22||Mauro Giuliani",pdf,0,1
RubricNet,0,0.0,"Allegro in D Major, Op. 50 no. 26||Mauro Giuliani",pdf,2,2
RubricNet,0,0.0,Alman||Robert Johnson,dada_gp,3,2
RubricNet,0,0.0,Altair||Agustin Barrios Mandore,pdf,4,4
RubricNet,0,0.0,Andantino in C; Op. 35 no. 2||Fernando Sor,pdf,0,0
RubricNet,0,0.0,"Andantino, Op. 39 no. 2||Anton Diabelli",pdf,0,0
RubricNet,0,0.0,"Andantino, Op. 44 no. 3||Fernando Sor",pdf,1,1
RubricNet,0,0.0,Angostura (Valse Venezolano)||Antonio Lauro,pdf,4,3
RubricNet,0,0.0,Leyenda (Asturias) from Suite Espanola||Isaac Albeniz,pdf,6,5
RubricNet,0,0.0,"Ay, Ay, Ay!...||Agustin Barrios Mangore",pdf,4,4
RubricNet,0,0.0,Bagatelle||Ludwig van Beethoven,pdf,1,1
RubricNet,0,0.0,Be Thou With Me (Bist du bei  mir)||J.S. Bach,pdf,6,1
RubricNet,0,0.0,Bianco fiore||Cesare Negri,pdf,0,1
RubricNet,0,0.0,Castles of Spain: Alba de Tormes (Trova)||F. Moreno-Torroba,pdf,2,1
RubricNet,0,0.0,Castles of Spain: Manzanares el Real (A la Moca Fermosa)||F. Moreno-Torroba,pdf,3,4
RubricNet,0,0.0,Castles of Spain: Montemayor (Romance de los Pinos)||F. Moreno-Torroba,pdf,3,3
RubricNet,0,0.0,Dance||Hans Neusidler,pdf,0,1
RubricNet,0,0.0,Dance of the Miller from The Three-Cornered Hat||Manuel de Falla,pdf,3,5
RubricNet,0,0.0,Danza||Anonymous,pdf,1,2
RubricNet,0,0.0,Danza Espanola No. 3 (Fandango)||Enrique Granados,pdf,3,5
RubricNet,0,0.0,Dos preludios - I||Joaquin Rodrigo,pdf,7,5
RubricNet,0,0.0,Dos Temas Populares Cubanos - Berceuse - Cancion de Cuna||Leo Brouwer,pdf,4,4
RubricNet,0,0.0,Douze Etudes - Etude No. 10||Heitor Villa-Lobos,pdf,6,5
RubricNet,0,0.0,Douze Etudes - Etude No. 5||Heitor Villa-Lobos,pdf,5,4
RubricNet,0,0.0,Douze Etudes - Etude No. 6||Heitor Villa-Lobos,pdf,4,4
RubricNet,0,0.0,Einleitende Etuden (Introductory Studies); Op. 60 no. 11||Fernando Sor,pdf,0,0
RubricNet,0,0.0,Einleitende Etuden (Introductory Studies); Op. 60 no. 24||Fernando Sor,pdf,1,1
RubricNet,0,0.0,Einleitende Etuden (Introductory Studies); Op. 60 no. 6||Fernando Sor,pdf,0,0
RubricNet,0,0.0,Einleitende Etuden (Introductory Studies); Op. 60 no. 9||Fernando Sor,pdf,0,0
RubricNet,0,0.0,El Marabino (Valse Venezolano)||Antonio Lauro,pdf,5,3
RubricNet,0,0.0,Entree De Luth||Robert Ballard,pdf,5,3
RubricNet,0,0.0,Estilo Uruguayo||Agustin Barrios Mangore,pdf,2,4
RubricNet,0,0.0,"Etude, Op. 60 no. 9||Matteo Carcassi",pdf,0,4
RubricNet,0,0.0,Etude; Op. 10 no. 3||Frederic Chopin,pdf,7,4
RubricNet,0,0.0,Fantasia||William Byrd,pdf,3,3
RubricNet,0,0.0,"Fuge in A Minor, BWV 1000||J.S. Bach",pdf,7,6
RubricNet,0,0.0,Gavotte||Lodovico Roncalli,pdf,2,2
RubricNet,0,0.0,Gigue||Johann Anton Losy von Losinthal,pdf,0,1
RubricNet,0,0.0,"Grazioso, Op. 50 no. 23||Mauro Giuliani",pdf,1,1
RubricNet,0,0.0,Gymnopedie No. 1||Erik Satie,pdf,2,3
RubricNet,0,0.0,Humoresque||Agustin Barrios Mandore,pdf,2,4
RubricNet,0,0.0,La Cavalleria de Napoles||Gaspar Sanz,pdf,0,1
RubricNet,0,0.0,Lachrimae Pavan||John Dowland,pdf,7,4
RubricNet,0,0.0,Lantururu||Gaspar Sanz,pdf,1,1
RubricNet,0,0.0,Leyenda de Espana||Agustin Barrios Mangore,pdf,3,4
RubricNet,0,0.0,Madrigal (Gavota)||Agustin Barrios Mandore,pdf,5,6
RubricNet,0,0.0,Maxixe||Agustin Barrios Mandore,pdf,4,4
RubricNet,0,0.0,"Menuet, Op. 11 no. 5||Fernando Sor",pdf,3,3
RubricNet,0,0.0,"Minuet from 'Pensees Melodiques', Op. 38 No. 1||Jose Ferrer",pdf,1,1
RubricNet,0,0.0,Minueto en Mi||Agustin Barrios Mangore,pdf,3,5
RubricNet,0,0.0,"Moderato, Op. 35 no. 17||Fernando Sor",pdf,1,2
RubricNet,0,0.0,Pais de Abanico||Agustin Barrios Mandore,pdf,5,5
RubricNet,0,0.0,Partita III: BWV 1006: vi. Gigue||J.S. Bach,pdf,6,4
RubricNet,0,0.0,Pavan VI||Luis Milan,pdf,2,1
RubricNet,0,0.0,Pictures at an Exhibition: VII. A Market Place in Limoges||Modest Mussorgsky,pdf,6,6
RubricNet,0,0.0,"Preludio, Op. 5 no. 1||Agustin Barrios Mandore",dada_gp,5,5
RubricNet,0,0.0,Registro (Prelude)||Antonio Lauro,pdf,4,3
RubricNet,0,0.0,Romance||Anonymous,dada_gp,2,1
RubricNet,0,0.0,Saltarello||Anonymous,dada_gp,0,2
RubricNet,0,0.0,Sarabande||George Frideric Handel,pdf,2,1
RubricNet,0,0.0,Sarabande And Variations||George Friedrich Handel,pdf,4,4
RubricNet,0,0.0,"Soldatenmarsh, Op. 68 no. 2||Robert Schumann",pdf,0,3
RubricNet,0,0.0,Sonata II: BWV 1003: iii. Andante||J.S. Bach,pdf,4,4
RubricNet,0,0.0,Sonata II: BWV 1003: iv. Allegro||J.S. Bach,pdf,6,7
RubricNet,0,0.0,"Sonata in A Major, L 483/ K 322||Domenico Scarlatti",pdf,4,4
RubricNet,0,0.0,Sonata No. 1||Niccolo Paganini,pdf,2,3
RubricNet,0,0.0,Sonata no. 12: i. Minuetto||Niccolo Paganini,pdf,2,3
RubricNet,0,0.0,"Study, 31 no. 17||Fernando Sor",gaps,0,1
RubricNet,0,0.0,"Study, Op. 139 no. 3||Mauro Giuliani",gaps,1,2
RubricNet,0,0.0,"Study, Op. 139 no. 5||Mauro Giuliani",pdf,1,3
RubricNet,0,0.0,"Study, Op. 48 no. 24||Mauro Giuliani",pdf,5,2
RubricNet,0,0.0,"Suite 1 for Cello, BWV 1007: ii.  Allemande||J.S. Bach",pdf,2,4
RubricNet,0,0.0,"Suite 1 for Cello, BWV 1007: iv.  Sarabande||J.S. Bach",pdf,2,1
RubricNet,0,0.0,"Suite 2 for Cello, BWV 1008: i. Prelude||J.S. Bach",pdf,3,5
RubricNet,0,0.0,"Suite 3 for Cello, BWV 1009: ii. Allemande||J.S. Bach",pdf,4,4
RubricNet,0,0.0,"Suite 3 for Cello, BWV 1009: iii. Courante||J.S. Bach",pdf,3,4
RubricNet,0,0.0,"Suite 5 for Cello, BWV 1011: iv.  Sarabande||J.S. Bach",pdf,1,1
RubricNet,0,0.0,Suite en La Mayor: Granduque I||Gaspar Sanz,pdf,2,1
RubricNet,0,0.0,Suite en La Mayor: Granduque II||Gaspar Sanz,pdf,2,2
RubricNet,0,0.0,Suite en La Mayor: Matachin||Gaspar Sanz,pdf,2,1
RubricNet,0,0.0,Suite I: iii. Courante; BWV 996||J.S. Bach,pdf,5,3
RubricNet,0,0.0,"Suite IV, BWV 1006a: i. Prelude||J.S. Bach",pdf,7,6
RubricNet,0,0.0,Suite Populaire Bresilienne: 3.  Valsa-Choro||Heitor Villa-Lobos,pdf,3,4
RubricNet,0,0.0,"Suite, BWV 995: iii. Courante||J.S. Bach",pdf,5,4
RubricNet,0,0.0,Tarleton's Resurrection||John Dowland,dada_gp,1,1
RubricNet,0,0.0,The King Of Denmark's Galliard||John Dowland,pdf,2,2
RubricNet,0,0.0,"The Last Rose of Summer, Op. 125 no. 2||Traditional Irish melody, arr. by Mauro Giuliani",dada_gp,2,3
RubricNet,0,0.0,The Weeping Willow||Scott Joplin,pdf,5,4
RubricNet,0,0.0,"Traumerei from Kinderscenen, Op. 15||Robert Schumann",pdf,4,5
RubricNet,0,0.0,Vals Tropical||Agustin Barrios Mandore,pdf,3,4
RubricNet,0,0.0,Valses Poeticos - Valse No. 4||Enrique Granados,pdf,3,3
RubricNet,0,0.0,Valses Poeticos - Valse No. 5||Enrique Granados,pdf,6,3
RubricNet,0,0.0,Valses Poeticos - Valse No. 6||Enrique Granados,pdf,5,3
RubricNet,0,0.0,Vivace||Adam Falckenhagen,pdf,1,1
RubricNet,0,0.0,Zarabanda||Gaspar Sanz,pdf,1,1
RubricNet,0,0.0,"Allegretto moderato, Op. 6 no. 11||Fernando Sor",pdf,2,3
RubricNet,0,0.0,"Allegro, Op. 60 no. 20||Matteo Carcassi",pdf,2,2
RubricNet,0,0.0,"Andantino Grazioso, Op. 5 no. 8||Matteo Carcassi",dada_gp,1,4
RubricNet,0,0.0,Armonias de America||Agustin Barrios Mangore,pdf,5,5
RubricNet,0,0.0,"Cadenzas, Caprices, Rondos & Preludes, Op. 100: 13. Capricie||Mauro Giuliani",pdf,3,1
RubricNet,0,0.0,"Cadenzas, Caprices, Rondos & Preludes, Op. 100: 14. Capricie||Mauro Giuliani",pdf,2,3
RubricNet,0,0.0,"Cadenzas, Caprices, Rondos & Preludes, Op. 100: 16. Rondo||Mauro Giuliani",pdf,2,3
RubricNet,0,0.0,"Cadenzas, Caprices, Rondos & Preludes, Op. 100: 22. Preludi||Mauro Giuliani",pdf,1,1
RubricNet,0,0.0,"Cadenzas, Caprices, Rondos & Preludes, Op. 100: 24. Preludi||Mauro Giuliani",pdf,4,3
RubricNet,0,0.0,"Cadenzas, Caprices, Rondos & Preludes, Op. 100: 3. Cadenze||Mauro Giuliani",pdf,0,1
RubricNet,0,0.0,"Ecossaise, Op. 33 no. 11||Mauro Giuliani",pdf,0,0
RubricNet,0,0.0,Estilo (Chinita)||Agustin Barrios Mandore,pdf,2,3
RubricNet,0,0.0,Estudios Sencillos: V||Leo Brouwer,pdf,0,1
RubricNet,0,0.0,Estudios Sencillos: XI||Leo Brouwer,pdf,2,2
RubricNet,0,0.0,Estudios Sencillos: XIII||Leo Brouwer,pdf,2,4
RubricNet,0,0.0,Estudios Sencillos: XVII||Leo Brouwer,pdf,4,3
RubricNet,0,0.0,"Goldberg Variations, BWV 988: Variatio 2||J.S. Bach",pdf,6,4
RubricNet,0,0.0,Lesson 15: Waltz||Dionisio Aguado,pdf,0,1
RubricNet,0,0.0,Lesson 23||Dionisio Aguado,pdf,1,2
RubricNet,0,0.0,Packington's Pound||Anonymous,pdf,0,0
RubricNet,0,0.0,Twenty-one Lessons: 14||Dionisio Aguado,pdf,0,1
RubricNet,0,0.0,Twenty-one Lessons: 19||Dionisio Aguado,pdf,0,0
RubricNet,0,0.0,Cadiz from Suite Espanola||Isaac Albeniz,pdf,7,5
RubricNet,0,0.0,Estudio 20||Fernando Sor,pdf,4,5
RubricNet,0,0.0,"Gran Sonata Eroica, Op. 150||Mauro Giuliani",pdf,6,5
RubricNet,0,0.0,La donna e mobile from 'Rigoletto'||Giuseppe Verdi,pdf,3,2
RubricNet,0,0.0,Lagrima||Francisco Tarrega,pdf,1,1
RubricNet,0,0.0,Leyenda||Isaac Albeniz,dada_gp,6,4
RubricNet,0,0.0,Entre olivares||Joaquin Rodrigo,pdf,6,5
RubricNet,0,1.0,24 Piezas Sudamericanas: 4. Vals Venezolano||Jorge Cardoso,pdf,4,4
RubricNet,0,1.0,Abri la Puerta mi China||Agustin Barrios Mandore,pdf,5,6
RubricNet,0,1.0,Adagio from Pathetique Sonata||Ludwig van Beethoven,gaps,5,6
RubricNet,0,1.0,"Allegretto, Op. 241 no. 14||Ferdinando Carulli",pdf,1,2
RubricNet,0,1.0,"Allegretto, Op. 50 no. 22||Mauro Giuliani",pdf,0,2
RubricNet,0,1.0,"Allegro in D Major, Op. 50 no. 26||Mauro Giuliani",pdf,2,3
RubricNet,0,1.0,Alman||Robert Johnson,dada_gp,3,2
RubricNet,0,1.0,Altair||Agustin Barrios Mandore,pdf,4,5
RubricNet,0,1.0,Andantino in C; Op. 35 no. 2||Fernando Sor,pdf,0,0
RubricNet,0,1.0,"Andantino, Op. 39 no. 2||Anton Diabelli",pdf,0,0
RubricNet,0,1.0,"Andantino, Op. 44 no. 3||Fernando Sor",pdf,1,1
RubricNet,0,1.0,Angostura (Valse Venezolano)||Antonio Lauro,pdf,4,3
RubricNet,0,1.0,Leyenda (Asturias) from Suite Espanola||Isaac Albeniz,pdf,6,6
RubricNet,0,1.0,"Ay, Ay, Ay!...||Agustin Barrios Mangore",pdf,4,4
RubricNet,0,1.0,Bagatelle||Ludwig van Beethoven,pdf,1,2
RubricNet,0,1.0,Be Thou With Me (Bist du bei  mir)||J.S. Bach,pdf,6,1
RubricNet,0,1.0,Bianco fiore||Cesare Negri,pdf,0,0
RubricNet,0,1.0,Castles of Spain: Alba de Tormes (Trova)||F. Moreno-Torroba,pdf,2,1
RubricNet,0,1.0,Castles of Spain: Manzanares el Real (A la Moca Fermosa)||F. Moreno-Torroba,pdf,3,4
RubricNet,0,1.0,Castles of Spain: Montemayor (Romance de los Pinos)||F. Moreno-Torroba,pdf,3,3
RubricNet,0,1.0,Dance||Hans Neusidler,pdf,0,1
RubricNet,0,1.0,Dance of the Miller from The Three-Cornered Hat||Manuel de Falla,pdf,3,6
RubricNet,0,1.0,Danza||Anonymous,pdf,1,2
RubricNet,0,1.0,Danza Espanola No. 3 (Fandango)||Enrique Granados,pdf,3,5
RubricNet,0,1.0,Dos preludios - I||Joaquin Rodrigo,pdf,7,5
RubricNet,0,1.0,Dos Temas Populares Cubanos - Berceuse - Cancion de Cuna||Leo Brouwer,pdf,4,4
RubricNet,0,1.0,Douze Etudes - Etude No. 10||Heitor Villa-Lobos,pdf,6,6
RubricNet,0,1.0,Douze Etudes - Etude No. 5||Heitor Villa-Lobos,pdf,5,5
RubricNet,0,1.0,Douze Etudes - Etude No. 6||Heitor Villa-Lobos,pdf,4,4
RubricNet,0,1.0,Einleitende Etuden (Introductory Studies); Op. 60 no. 11||Fernando Sor,pdf,0,0
RubricNet,0,1.0,Einleitende Etuden (Introductory Studies); Op. 60 no. 24||Fernando Sor,pdf,1,1
RubricNet,0,1.0,Einleitende Etuden (Introductory Studies); Op. 60 no. 6||Fernando Sor,pdf,0,0
RubricNet,0,1.0,Einleitende Etuden (Introductory Studies); Op. 60 no. 9||Fernando Sor,pdf,0,0
RubricNet,0,1.0,El Marabino (Valse Venezolano)||Antonio Lauro,pdf,5,3
RubricNet,0,1.0,Entree De Luth||Robert Ballard,pdf,5,2
RubricNet,0,1.0,Estilo Uruguayo||Agustin Barrios Mangore,pdf,2,4
RubricNet,0,1.0,"Etude, Op. 60 no. 9||Matteo Carcassi",pdf,0,5
RubricNet,0,1.0,Etude; Op. 10 no. 3||Frederic Chopin,pdf,7,4
RubricNet,0,1.0,Fantasia||William Byrd,pdf,3,3
RubricNet,0,1.0,"Fuge in A Minor, BWV 1000||J.S. Bach",pdf,7,6
RubricNet,0,1.0,Gavotte||Lodovico Roncalli,pdf,2,2
RubricNet,0,1.0,Gigue||Johann Anton Losy von Losinthal,pdf,0,1
RubricNet,0,1.0,"Grazioso, Op. 50 no. 23||Mauro Giuliani",pdf,1,1
RubricNet,0,1.0,Gymnopedie No. 1||Erik Satie,pdf,2,2
RubricNet,0,1.0,Humoresque||Agustin Barrios Mandore,pdf,2,5
RubricNet,0,1.0,La Cavalleria de Napoles||Gaspar Sanz,pdf,0,1
RubricNet,0,1.0,Lachrimae Pavan||John Dowland,pdf,7,4
RubricNet,0,1.0,Lantururu||Gaspar Sanz,pdf,1,0
RubricNet,0,1.0,Leyenda de Espana||Agustin Barrios Mangore,pdf,3,5
RubricNet,0,1.0,Madrigal (Gavota)||Agustin Barrios Mandore,pdf,5,6
RubricNet,0,1.0,Maxixe||Agustin Barrios Mandore,pdf,4,5
RubricNet,0,1.0,"Menuet, Op. 11 no. 5||Fernando Sor",pdf,3,3
RubricNet,0,1.0,"Minuet from 'Pensees Melodiques', Op. 38 No. 1||Jose Ferrer",pdf,1,1
RubricNet,0,1.0,Minueto en Mi||Agustin Barrios Mangore,pdf,3,5
RubricNet,0,1.0,"Moderato, Op. 35 no. 17||Fernando Sor",pdf,1,1
RubricNet,0,1.0,Pais de Abanico||Agustin Barrios Mandore,pdf,5,6
RubricNet,0,1.0,Partita III: BWV 1006: vi. Gigue||J.S. Bach,pdf,6,5
RubricNet,0,1.0,Pavan VI||Luis Milan,pdf,2,1
RubricNet,0,1.0,Pictures at an Exhibition: VII. A Market Place in Limoges||Modest Mussorgsky,pdf,6,6
RubricNet,0,1.0,"Preludio, Op. 5 no. 1||Agustin Barrios Mandore",dada_gp,5,6
RubricNet,0,1.0,Registro (Prelude)||Antonio Lauro,pdf,4,3
RubricNet,0,1.0,Romance||Anonymous,dada_gp,2,1
RubricNet,0,1.0,Saltarello||Anonymous,dada_gp,0,3
RubricNet,0,1.0,Sarabande||George Frideric Handel,pdf,2,1
RubricNet,0,1.0,Sarabande And Variations||George Friedrich Handel,pdf,4,4
RubricNet,0,1.0,"Soldatenmarsh, Op. 68 no. 2||Robert Schumann",pdf,0,3
RubricNet,0,1.0,Sonata II: BWV 1003: iii. Andante||J.S. Bach,pdf,4,4
RubricNet,0,1.0,Sonata II: BWV 1003: iv. Allegro||J.S. Bach,pdf,6,7
RubricNet,0,1.0,"Sonata in A Major, L 483/ K 322||Domenico Scarlatti",pdf,4,4
RubricNet,0,1.0,Sonata No. 1||Niccolo Paganini,pdf,2,2
RubricNet,0,1.0,Sonata no. 12: i. Minuetto||Niccolo Paganini,pdf,2,3
RubricNet,0,1.0,"Study, 31 no. 17||Fernando Sor",gaps,0,1
RubricNet,0,1.0,"Study, Op. 139 no. 3||Mauro Giuliani",gaps,1,2
RubricNet,0,1.0,"Study, Op. 139 no. 5||Mauro Giuliani",pdf,1,3
RubricNet,0,1.0,"Study, Op. 48 no. 24||Mauro Giuliani",pdf,5,3
RubricNet,0,1.0,"Suite 1 for Cello, BWV 1007: ii.  Allemande||J.S. Bach",pdf,2,4
RubricNet,0,1.0,"Suite 1 for Cello, BWV 1007: iv.  Sarabande||J.S. Bach",pdf,2,1
RubricNet,0,1.0,"Suite 2 for Cello, BWV 1008: i. Prelude||J.S. Bach",pdf,3,5
RubricNet,0,1.0,"Suite 3 for Cello, BWV 1009: ii. Allemande||J.S. Bach",pdf,4,4
RubricNet,0,1.0,"Suite 3 for Cello, BWV 1009: iii. Courante||J.S. Bach",pdf,3,4
RubricNet,0,1.0,"Suite 5 for Cello, BWV 1011: iv.  Sarabande||J.S. Bach",pdf,1,1
RubricNet,0,1.0,Suite en La Mayor: Granduque I||Gaspar Sanz,pdf,2,1
RubricNet,0,1.0,Suite en La Mayor: Granduque II||Gaspar Sanz,pdf,2,2
RubricNet,0,1.0,Suite en La Mayor: Matachin||Gaspar Sanz,pdf,2,1
RubricNet,0,1.0,Suite I: iii. Courante; BWV 996||J.S. Bach,pdf,5,4
RubricNet,0,1.0,"Suite IV, BWV 1006a: i. Prelude||J.S. Bach",pdf,7,6
RubricNet,0,1.0,Suite Populaire Bresilienne: 3.  Valsa-Choro||Heitor Villa-Lobos,pdf,3,5
RubricNet,0,1.0,"Suite, BWV 995: iii. Courante||J.S. Bach",pdf,5,4
RubricNet,0,1.0,Tarleton's Resurrection||John Dowland,dada_gp,1,0
RubricNet,0,1.0,The King Of Denmark's Galliard||John Dowland,pdf,2,2
RubricNet,0,1.0,"The Last Rose of Summer, Op. 125 no. 2||Traditional Irish melody, arr. by Mauro Giuliani",dada_gp,2,4
RubricNet,0,1.0,The Weeping Willow||Scott Joplin,pdf,5,4
RubricNet,0,1.0,"Traumerei from Kinderscenen, Op. 15||Robert Schumann",pdf,4,5
RubricNet,0,1.0,Vals Tropical||Agustin Barrios Mandore,pdf,3,5
RubricNet,0,1.0,Valses Poeticos - Valse No. 4||Enrique Granados,pdf,3,3
RubricNet,0,1.0,Valses Poeticos - Valse No. 5||Enrique Granados,pdf,6,3
RubricNet,0,1.0,Valses Poeticos - Valse No. 6||Enrique Granados,pdf,5,4
RubricNet,0,1.0,Vivace||Adam Falckenhagen,pdf,1,2
RubricNet,0,1.0,Zarabanda||Gaspar Sanz,pdf,1,1
RubricNet,0,1.0,"Allegretto moderato, Op. 6 no. 11||Fernando Sor",pdf,2,4
RubricNet,0,1.0,"Allegro, Op. 60 no. 20||Matteo Carcassi",pdf,2,2
RubricNet,0,1.0,"Andantino Grazioso, Op. 5 no. 8||Matteo Carcassi",dada_gp,1,4
RubricNet,0,1.0,Armonias de America||Agustin Barrios Mangore,pdf,5,6
RubricNet,0,1.0,"Cadenzas, Caprices, Rondos & Preludes, Op. 100: 13. Capricie||Mauro Giuliani",pdf,3,1
RubricNet,0,1.0,"Cadenzas, Caprices, Rondos & Preludes, Op. 100: 14. Capricie||Mauro Giuliani",pdf,2,2
RubricNet,0,1.0,"Cadenzas, Caprices, Rondos & Preludes, Op. 100: 16. Rondo||Mauro Giuliani",pdf,2,3
RubricNet,0,1.0,"Cadenzas, Caprices, Rondos & Preludes, Op. 100: 22. Preludi||Mauro Giuliani",pdf,1,1
RubricNet,0,1.0,"Cadenzas, Caprices, Rondos & Preludes, Op. 100: 24. Preludi||Mauro Giuliani",pdf,4,2
RubricNet,0,1.0,"Cadenzas, Caprices, Rondos & Preludes, Op. 100: 3. Cadenze||Mauro Giuliani",pdf,0,1
RubricNet,0,1.0,"Ecossaise, Op. 33 no. 11||Mauro Giuliani",pdf,0,0
RubricNet,0,1.0,Estilo (Chinita)||Agustin Barrios Mandore,pdf,2,3
RubricNet,0,1.0,Estudios Sencillos: V||Leo Brouwer,pdf,0,0
RubricNet,0,1.0,Estudios Sencillos: XI||Leo Brouwer,pdf,2,1
RubricNet,0,1.0,Estudios Sencillos: XIII||Leo Brouwer,pdf,2,4
RubricNet,0,1.0,Estudios Sencillos: XVII||Leo Brouwer,pdf,4,3
RubricNet,0,1.0,"Goldberg Variations, BWV 988: Variatio 2||J.S. Bach",pdf,6,5
RubricNet,0,1.0,Lesson 15: Waltz||Dionisio Aguado,pdf,0,1
RubricNet,0,1.0,Lesson 23||Dionisio Aguado,pdf,1,2
RubricNet,0,1.0,Packington's Pound||Anonymous,pdf,0,0
RubricNet,0,1.0,Twenty-one Lessons: 14||Dionisio Aguado,pdf,0,1
RubricNet,0,1.0,Twenty-one Lessons: 19||Dionisio Aguado,pdf,0,0
RubricNet,0,1.0,Cadiz from Suite Espanola||Isaac Albeniz,pdf,7,5
RubricNet,0,1.0,Estudio 20||Fernando Sor,pdf,4,5
RubricNet,0,1.0,"Gran Sonata Eroica, Op. 150||Mauro Giuliani",pdf,6,6
RubricNet,0,1.0,La donna e mobile from 'Rigoletto'||Giuseppe Verdi,pdf,3,3
RubricNet,0,1.0,Lagrima||Francisco Tarrega,pdf,1,1
RubricNet,0,1.0,Leyenda||Isaac Albeniz,dada_gp,6,5
RubricNet,0,1.0,Entre olivares||Joaquin Rodrigo,pdf,6,6
RubricNet,0,2.0,24 Piezas Sudamericanas: 4. Vals Venezolano||Jorge Cardoso,pdf,4,4
RubricNet,0,2.0,Abri la Puerta mi China||Agustin Barrios Mandore,pdf,5,6
RubricNet,0,2.0,Adagio from Pathetique Sonata||Ludwig van Beethoven,gaps,5,6
RubricNet,0,2.0,"Allegretto, Op. 241 no. 14||Ferdinando Carulli",pdf,1,1
RubricNet,0,2.0,"Allegretto, Op. 50 no. 22||Mauro Giuliani",pdf,0,1
RubricNet,0,2.0,"Allegro in D Major, Op. 50 no. 26||Mauro Giuliani",pdf,2,3
RubricNet,0,2.0,Alman||Robert Johnson,dada_gp,3,3
RubricNet,0,2.0,Altair||Agustin Barrios Mandore,pdf,4,5
RubricNet,0,2.0,Andantino in C; Op. 35 no. 2||Fernando Sor,pdf,0,1
RubricNet,0,2.0,"Andantino, Op. 39 no. 2||Anton Diabelli",pdf,0,0
RubricNet,0,2.0,"Andantino, Op. 44 no. 3||Fernando Sor",pdf,1,1
RubricNet,0,2.0,Angostura (Valse Venezolano)||Antonio Lauro,pdf,4,4
RubricNet,0,2.0,Leyenda (Asturias) from Suite Espanola||Isaac Albeniz,pdf,6,6
RubricNet,0,2.0,"Ay, Ay, Ay!...||Agustin Barrios Mangore",pdf,4,4
RubricNet,0,2.0,Bagatelle||Ludwig van Beethoven,pdf,1,2
RubricNet,0,2.0,Be Thou With Me (Bist du bei  mir)||J.S. Bach,pdf,6,1
RubricNet,0,2.0,Bianco fiore||Cesare Negri,pdf,0,1
RubricNet,0,2.0,Castles of Spain: Alba de Tormes (Trova)||F. Moreno-Torroba,pdf,2,1
RubricNet,0,2.0,Castles of Spain: Manzanares el Real (A la Moca Fermosa)||F. Moreno-Torroba,pdf,3,4
RubricNet,0,2.0,Castles of Spain: Montemayor (Romance de los Pinos)||F. Moreno-Torroba,pdf,3,4
RubricNet,0,2.0,Dance||Hans Neusidler,pdf,0,1
RubricNet,0,2.0,Dance of the Miller from The Three-Cornered Hat||Manuel de Falla,pdf,3,5
RubricNet,0,2.0,Danza||Anonymous,pdf,1,2
RubricNet,0,2.0,Danza Espanola No. 3 (Fandango)||Enrique Granados,pdf,3,6
RubricNet,0,2.0,Dos preludios - I||Joaquin Rodrigo,pdf,7,5
RubricNet,0,2.0,Dos Temas Populares Cubanos - Berceuse - Cancion de Cuna||Leo Brouwer,pdf,4,4
RubricNet,0,2.0,Douze Etudes - Etude No. 10||Heitor Villa-Lobos,pdf,6,6
RubricNet,0,2.0,Douze Etudes - Etude No. 5||Heitor Villa-Lobos,pdf,5,5
RubricNet,0,2.0,Douze Etudes - Etude No. 6||Heitor Villa-Lobos,pdf,4,5
RubricNet,0,2.0,Einleitende Etuden (Introductory Studies); Op. 60 no. 11||Fernando Sor,pdf,0,0
RubricNet,0,2.0,Einleitende Etuden (Introductory Studies); Op. 60 no. 24||Fernando Sor,pdf,1,1
RubricNet,0,2.0,Einleitende Etuden (Introductory Studies); Op. 60 no. 6||Fernando Sor,pdf,0,0
RubricNet,0,2.0,Einleitende Etuden (Introductory Studies); Op. 60 no. 9||Fernando Sor,pdf,0,0
RubricNet,0,2.0,El Marabino (Valse Venezolano)||Antonio Lauro,pdf,5,3
RubricNet,0,2.0,Entree De Luth||Robert Ballard,pdf,5,3
RubricNet,0,2.0,Estilo Uruguayo||Agustin Barrios Mangore,pdf,2,4
RubricNet,0,2.0,"Etude, Op. 60 no. 9||Matteo Carcassi",pdf,0,4
RubricNet,0,2.0,Etude; Op. 10 no. 3||Frederic Chopin,pdf,7,4
RubricNet,0,2.0,Fantasia||William Byrd,pdf,3,2
RubricNet,0,2.0,"Fuge in A Minor, BWV 1000||J.S. Bach",pdf,7,6
RubricNet,0,2.0,Gavotte||Lodovico Roncalli,pdf,2,2
RubricNet,0,2.0,Gigue||Johann Anton Losy von Losinthal,pdf,0,1
RubricNet,0,2.0,"Grazioso, Op. 50 no. 23||Mauro Giuliani",pdf,1,1
RubricNet,0,2.0,Gymnopedie No. 1||Erik Satie,pdf,2,2
RubricNet,0,2.0,Humoresque||Agustin Barrios Mandore,pdf,2,5
RubricNet,0,2.0,La Cavalleria de Napoles||Gaspar Sanz,pdf,0,1
RubricNet,0,2.0,Lachrimae Pavan||John Dowland,pdf,7,4
RubricNet,0,2.0,Lantururu||Gaspar Sanz,pdf,1,0
RubricNet,0,2.0,Leyenda de Espana||Agustin Barrios Mangore,pdf,3,5
RubricNet,0,2.0,Madrigal (Gavota)||Agustin Barrios Mandore,pdf,5,6
RubricNet,0,2.0,Maxixe||Agustin Barrios Mandore,pdf,4,5
RubricNet,0,2.0,"Menuet, Op. 11 no. 5||Fernando Sor",pdf,3,4
RubricNet,0,2.0,"Minuet from 'Pensees Melodiques', Op. 38 No. 1||Jose Ferrer",pdf,1,2
RubricNet,0,2.0,Minueto en Mi||Agustin Barrios Mangore,pdf,3,6
RubricNet,0,2.0,"Moderato, Op. 35 no. 17||Fernando Sor",pdf,1,1
RubricNet,0,2.0,Pais de Abanico||Agustin Barrios Mandore,pdf,5,6
RubricNet,0,2.0,Partita III: BWV 1006: vi. Gigue||J.S. Bach,pdf,6,4
RubricNet,0,2.0,Pavan VI||Luis Milan,pdf,2,1
RubricNet,0,2.0,Pictures at an Exhibition: VII. A Market Place in Limoges||Modest Mussorgsky,pdf,6,6
RubricNet,0,2.0,"Preludio, Op. 5 no. 1||Agustin Barrios Mandore",dada_gp,5,6
RubricNet,0,2.0,Registro (Prelude)||Antonio Lauro,pdf,4,3
RubricNet,0,2.0,Romance||Anonymous,dada_gp,2,1
RubricNet,0,2.0,Saltarello||Anonymous,dada_gp,0,2
RubricNet,0,2.0,Sarabande||George Frideric Handel,pdf,2,1
RubricNet,0,2.0,Sarabande And Variations||George Friedrich Handel,pdf,4,5
RubricNet,0,2.0,"Soldatenmarsh, Op. 68 no. 2||Robert Schumann",pdf,0,5
RubricNet,0,2.0,Sonata II: BWV 1003: iii. Andante||J.S. Bach,pdf,4,3
RubricNet,0,2.0,Sonata II: BWV 1003: iv. Allegro||J.S. Bach,pdf,6,6
RubricNet,0,2.0,"Sonata in A Major, L 483/ K 322||Domenico Scarlatti",pdf,4,4
RubricNet,0,2.0,Sonata No. 1||Niccolo Paganini,pdf,2,2
RubricNet,0,2.0,Sonata no. 12: i. Minuetto||Niccolo Paganini,pdf,2,2
RubricNet,0,2.0,"Study, 31 no. 17||Fernando Sor",gaps,0,1
RubricNet,0,2.0,"Study, Op. 139 no. 3||Mauro Giuliani",gaps,1,2
RubricNet,0,2.0,"Study, Op. 139 no. 5||Mauro Giuliani",pdf,1,3
RubricNet,0,2.0,"Study, Op. 48 no. 24||Mauro Giuliani",pdf,5,3
RubricNet,0,2.0,"Suite 1 for Cello, BWV 1007: ii.  Allemande||J.S. Bach",pdf,2,4
RubricNet,0,2.0,"Suite 1 for Cello, BWV 1007: iv.  Sarabande||J.S. Bach",pdf,2,1
RubricNet,0,2.0,"Suite 2 for Cello, BWV 1008: i. Prelude||J.S. Bach",pdf,3,5
RubricNet,0,2.0,"Suite 3 for Cello, BWV 1009: ii. Allemande||J.S. Bach",pdf,4,5
RubricNet,0,2.0,"Suite 3 for Cello, BWV 1009: iii. Courante||J.S. Bach",pdf,3,4
RubricNet,0,2.0,"Suite 5 for Cello, BWV 1011: iv.  Sarabande||J.S. Bach",pdf,1,1
RubricNet,0,2.0,Suite en La Mayor: Granduque I||Gaspar Sanz,pdf,2,1
RubricNet,0,2.0,Suite en La Mayor: Granduque II||Gaspar Sanz,pdf,2,1
RubricNet,0,2.0,Suite en La Mayor: Matachin||Gaspar Sanz,pdf,2,1
RubricNet,0,2.0,Suite I: iii. Courante; BWV 996||J.S. Bach,pdf,5,4
RubricNet,0,2.0,"Suite IV, BWV 1006a: i. Prelude||J.S. Bach",pdf,7,6
RubricNet,0,2.0,Suite Populaire Bresilienne: 3.  Valsa-Choro||Heitor Villa-Lobos,pdf,3,4
RubricNet,0,2.0,"Suite, BWV 995: iii. Courante||J.S. Bach",pdf,5,4
RubricNet,0,2.0,Tarleton's Resurrection||John Dowland,dada_gp,1,1
RubricNet,0,2.0,The King Of Denmark's Galliard||John Dowland,pdf,2,2
RubricNet,0,2.0,"The Last Rose of Summer, Op. 125 no. 2||Traditional Irish melody, arr. by Mauro Giuliani",dada_gp,2,4
RubricNet,0,2.0,The Weeping Willow||Scott Joplin,pdf,5,4
RubricNet,0,2.0,"Traumerei from Kinderscenen, Op. 15||Robert Schumann",pdf,4,6
RubricNet,0,2.0,Vals Tropical||Agustin Barrios Mandore,pdf,3,5
RubricNet,0,2.0,Valses Poeticos - Valse No. 4||Enrique Granados,pdf,3,3
RubricNet,0,2.0,Valses Poeticos - Valse No. 5||Enrique Granados,pdf,6,3
RubricNet,0,2.0,Valses Poeticos - Valse No. 6||Enrique Granados,pdf,5,4
RubricNet,0,2.0,Vivace||Adam Falckenhagen,pdf,1,2
RubricNet,0,2.0,Zarabanda||Gaspar Sanz,pdf,1,1
RubricNet,0,2.0,"Allegretto moderato, Op. 6 no. 11||Fernando Sor",pdf,2,4
RubricNet,0,2.0,"Allegro, Op. 60 no. 20||Matteo Carcassi",pdf,2,2
RubricNet,0,2.0,"Andantino Grazioso, Op. 5 no. 8||Matteo Carcassi",dada_gp,1,4
RubricNet,0,2.0,Armonias de America||Agustin Barrios Mangore,pdf,5,5
RubricNet,0,2.0,"Cadenzas, Caprices, Rondos & Preludes, Op. 100: 13. Capricie||Mauro Giuliani",pdf,3,2
RubricNet,0,2.0,"Cadenzas, Caprices, Rondos & Preludes, Op. 100: 14. Capricie||Mauro Giuliani",pdf,2,4
RubricNet,0,2.0,"Cadenzas, Caprices, Rondos & Preludes, Op. 100: 16. Rondo||Mauro Giuliani",pdf,2,3
RubricNet,0,2.0,"Cadenzas, Caprices, Rondos & Preludes, Op. 100: 22. Preludi||Mauro Giuliani",pdf,1,1
RubricNet,0,2.0,"Cadenzas, Caprices, Rondos & Preludes, Op. 100: 24. Preludi||Mauro Giuliani",pdf,4,2
RubricNet,0,2.0,"Cadenzas, Caprices, Rondos & Preludes, Op. 100: 3. Cadenze||Mauro Giuliani",pdf,0,1
RubricNet,0,2.0,"Ecossaise, Op. 33 no. 11||Mauro Giuliani",pdf,0,0
RubricNet,0,2.0,Estilo (Chinita)||Agustin Barrios Mandore,pdf,2,4
RubricNet,0,2.0,Estudios Sencillos: V||Leo Brouwer,pdf,0,1
RubricNet,0,2.0,Estudios Sencillos: XI||Leo Brouwer,pdf,2,2
RubricNet,0,2.0,Estudios Sencillos: XIII||Leo Brouwer,pdf,2,4
RubricNet,0,2.0,Estudios Sencillos: XVII||Leo Brouwer,pdf,4,3
RubricNet,0,2.0,"Goldberg Variations, BWV 988: Variatio 2||J.S. Bach",pdf,6,5
RubricNet,0,2.0,Lesson 15: Waltz||Dionisio Aguado,pdf,0,2
RubricNet,0,2.0,Lesson 23||Dionisio Aguado,pdf,1,2
RubricNet,0,2.0,Packington's Pound||Anonymous,pdf,0,0
RubricNet,0,2.0,Twenty-one Lessons: 14||Dionisio Aguado,pdf,0,1
RubricNet,0,2.0,Twenty-one Lessons: 19||Dionisio Aguado,pdf,0,0
RubricNet,0,2.0,Cadiz from Suite Espanola||Isaac Albeniz,pdf,7,5
RubricNet,0,2.0,Estudio 20||Fernando Sor,pdf,4,5
RubricNet,0,2.0,"Gran Sonata Eroica, Op. 150||Mauro Giuliani",pdf,6,6
RubricNet,0,2.0,La donna e mobile from 'Rigoletto'||Giuseppe Verdi,pdf,3,3
RubricNet,0,2.0,Lagrima||Francisco Tarrega,pdf,1,1
RubricNet,0,2.0,Leyenda||Isaac Albeniz,dada_gp,6,6
RubricNet,0,2.0,Entre olivares||Joaquin Rodrigo,pdf,6,6
Fuzzy Complete Search,0,,24 Piezas Sudamericanas: 4. Vals Venezolano||Jorge Cardoso,pdf,4,6
Fuzzy Complete Search,0,,Abri la Puerta mi China||Agustin Barrios Mandore,pdf,5,7
Fuzzy Complete Search,0,,Adagio from Pathetique Sonata||Ludwig van Beethoven,gaps,5,6
Fuzzy Complete Search,0,,"Allegretto, Op. 241 no. 14||Ferdinando Carulli",pdf,1,1
Fuzzy Complete Search,0,,"Allegretto, Op. 50 no. 22||Mauro Giuliani",pdf,0,1
Fuzzy Complete Search,0,,"Allegro in D Major, Op. 50 no. 26||Mauro Giuliani",pdf,2,2
Fuzzy Complete Search,0,,Alman||Robert Johnson,dada_gp,3,2
Fuzzy Complete Search,0,,Altair||Agustin Barrios Mandore,pdf,4,7
Fuzzy Complete Search,0,,Andantino in C; Op. 35 no. 2||Fernando Sor,pdf,0,0
Fuzzy Complete Search,0,,"Andantino, Op. 39 no. 2||Anton Diabelli",pdf,0,0
Fuzzy Complete Search,0,,"Andantino, Op. 44 no. 3||Fernando Sor",pdf,1,0
Fuzzy Complete Search,0,,Angostura (Valse Venezolano)||Antonio Lauro,pdf,4,4
Fuzzy Complete Search,0,,Leyenda (Asturias) from Suite Espanola||Isaac Albeniz,pdf,6,5
Fuzzy Complete Search,0,,"Ay, Ay, Ay!...||Agustin Barrios Mangore",pdf,4,3
Fuzzy Complete Search,0,,Bagatelle||Ludwig van Beethoven,pdf,1,2
Fuzzy Complete Search,0,,Be Thou With Me (Bist du bei  mir)||J.S. Bach,pdf,6,1
Fuzzy Complete Search,0,,Bianco fiore||Cesare Negri,pdf,0,0
Fuzzy Complete Search,0,,Castles of Spain: Alba de Tormes (Trova)||F. Moreno-Torroba,pdf,2,2
Fuzzy Complete Search,0,,Castles of Spain: Manzanares el Real (A la Moca Fermosa)||F. Moreno-Torroba,pdf,3,4
Fuzzy Complete Search,0,,Castles of Spain: Montemayor (Romance de los Pinos)||F. Moreno-Torroba,pdf,3,4
Fuzzy Complete Search,0,,Dance||Hans Neusidler,pdf,0,1
Fuzzy Complete Search,0,,Dance of the Miller from The Three-Cornered Hat||Manuel de Falla,pdf,3,5
Fuzzy Complete Search,0,,Danza||Anonymous,pdf,1,3
Fuzzy Complete Search,0,,Danza Espanola No. 3 (Fandango)||Enrique Granados,pdf,3,4
Fuzzy Complete Search,0,,Dos preludios - I||Joaquin Rodrigo,pdf,7,5
Fuzzy Complete Search,0,,Dos Temas Populares Cubanos - Berceuse - Cancion de Cuna||Leo Brouwer,pdf,4,2
Fuzzy Complete Search,0,,Douze Etudes - Etude No. 10||Heitor Villa-Lobos,pdf,6,5
Fuzzy Complete Search,0,,Douze Etudes - Etude No. 5||Heitor Villa-Lobos,pdf,5,3
Fuzzy Complete Search,0,,Douze Etudes - Etude No. 6||Heitor Villa-Lobos,pdf,4,6
Fuzzy Complete Search,0,,Einleitende Etuden (Introductory Studies); Op. 60 no. 11||Fernando Sor,pdf,0,0
Fuzzy Complete Search,0,,Einleitende Etuden (Introductory Studies); Op. 60 no. 24||Fernando Sor,pdf,1,1
Fuzzy Complete Search,0,,Einleitende Etuden (Introductory Studies); Op. 60 no. 6||Fernando Sor,pdf,0,0
Fuzzy Complete Search,0,,Einleitende Etuden (Introductory Studies); Op. 60 no. 9||Fernando Sor,pdf,0,0
Fuzzy Complete Search,0,,El Marabino (Valse Venezolano)||Antonio Lauro,pdf,5,5
Fuzzy Complete Search,0,,Entree De Luth||Robert Ballard,pdf,5,4
Fuzzy Complete Search,0,,Estilo Uruguayo||Agustin Barrios Mangore,pdf,2,4
Fuzzy Complete Search,0,,"Etude, Op. 60 no. 9||Matteo Carcassi",pdf,0,4
Fuzzy Complete Search,0,,Etude; Op. 10 no. 3||Frederic Chopin,pdf,7,3
Fuzzy Complete Search,0,,Fantasia||William Byrd,pdf,3,1
Fuzzy Complete Search,0,,"Fuge in A Minor, BWV 1000||J.S. Bach",pdf,7,6
Fuzzy Complete Search,0,,Gavotte||Lodovico Roncalli,pdf,2,2
Fuzzy Complete Search,0,,Gigue||Johann Anton Losy von Losinthal,pdf,0,1
Fuzzy Complete Search,0,,"Grazioso, Op. 50 no. 23||Mauro Giuliani",pdf,1,3
Fuzzy Complete Search,0,,Gymnopedie No. 1||Erik Satie,pdf,2,5
Fuzzy Complete Search,0,,Humoresque||Agustin Barrios Mandore,pdf,2,7
Fuzzy Complete Search,0,,La Cavalleria de Napoles||Gaspar Sanz,pdf,0,2
Fuzzy Complete Search,0,,Lachrimae Pavan||John Dowland,pdf,7,2
Fuzzy Complete Search,0,,Lantururu||Gaspar Sanz,pdf,1,0
Fuzzy Complete Search,0,,Leyenda de Espana||Agustin Barrios Mangore,pdf,3,3
Fuzzy Complete Search,0,,Madrigal (Gavota)||Agustin Barrios Mandore,pdf,5,7
Fuzzy Complete Search,0,,Maxixe||Agustin Barrios Mandore,pdf,4,5
Fuzzy Complete Search,0,,"Menuet, Op. 11 no. 5||Fernando Sor",pdf,3,3
Fuzzy Complete Search,0,,"Minuet from 'Pensees Melodiques', Op. 38 No. 1||Jose Ferrer",pdf,1,2
Fuzzy Complete Search,0,,Minueto en Mi||Agustin Barrios Mangore,pdf,3,7
Fuzzy Complete Search,0,,"Moderato, Op. 35 no. 17||Fernando Sor",pdf,1,0
Fuzzy Complete Search,0,,Pais de Abanico||Agustin Barrios Mandore,pdf,5,6
Fuzzy Complete Search,0,,Partita III: BWV 1006: vi. Gigue||J.S. Bach,pdf,6,2
Fuzzy Complete Search,0,,Pavan VI||Luis Milan,pdf,2,1
Fuzzy Complete Search,0,,Pictures at an Exhibition: VII. A Market Place in Limoges||Modest Mussorgsky,pdf,6,7
Fuzzy Complete Search,0,,"Preludio, Op. 5 no. 1||Agustin Barrios Mandore",dada_gp,5,7
Fuzzy Complete Search,0,,Registro (Prelude)||Antonio Lauro,pdf,4,5
Fuzzy Complete Search,0,,Romance||Anonymous,dada_gp,2,0
Fuzzy Complete Search,0,,Saltarello||Anonymous,dada_gp,0,2
Fuzzy Complete Search,0,,Sarabande||George Frideric Handel,pdf,2,0
Fuzzy Complete Search,0,,Sarabande And Variations||George Friedrich Handel,pdf,4,6
Fuzzy Complete Search,0,,"Soldatenmarsh, Op. 68 no. 2||Robert Schumann",pdf,0,4
Fuzzy Complete Search,0,,Sonata II: BWV 1003: iii. Andante||J.S. Bach,pdf,4,3
Fuzzy Complete Search,0,,Sonata II: BWV 1003: iv. Allegro||J.S. Bach,pdf,6,7
Fuzzy Complete Search,0,,"Sonata in A Major, L 483/ K 322||Domenico Scarlatti",pdf,4,5
Fuzzy Complete Search,0,,Sonata No. 1||Niccolo Paganini,pdf,2,2
Fuzzy Complete Search,0,,Sonata no. 12: i. Minuetto||Niccolo Paganini,pdf,2,5
Fuzzy Complete Search,0,,"Study, 31 no. 17||Fernando Sor",gaps,0,1
Fuzzy Complete Search,0,,"Study, Op. 139 no. 3||Mauro Giuliani",gaps,1,2
Fuzzy Complete Search,0,,"Study, Op. 139 no. 5||Mauro Giuliani",pdf,1,3
Fuzzy Complete Search,0,,"Study, Op. 48 no. 24||Mauro Giuliani",pdf,5,6
Fuzzy Complete Search,0,,"Suite 1 for Cello, BWV 1007: ii.  Allemande||J.S. Bach",pdf,2,3
Fuzzy Complete Search,0,,"Suite 1 for Cello, BWV 1007: iv.  Sarabande||J.S. Bach",pdf,2,1
Fuzzy Complete Search,0,,"Suite 2 for Cello, BWV 1008: i. Prelude||J.S. Bach",pdf,3,5
Fuzzy Complete Search,0,,"Suite 3 for Cello, BWV 1009: ii. Allemande||J.S. Bach",pdf,4,4
Fuzzy Complete Search,0,,"Suite 3 for Cello, BWV 1009: iii. Courante||J.S. Bach",pdf,3,5
Fuzzy Complete Search,0,,"Suite 5 for Cello, BWV 1011: iv.  Sarabande||J.S. Bach",pdf,1,1
Fuzzy Complete Search,0,,Suite en La Mayor: Granduque I||Gaspar Sanz,pdf,2,1
Fuzzy Complete Search,0,,Suite en La Mayor: Granduque II||Gaspar Sanz,pdf,2,1
Fuzzy Complete Search,0,,Suite en La Mayor: Matachin||Gaspar Sanz,pdf,2,2
Fuzzy Complete Search,0,,Suite I: iii. Courante; BWV 996||J.S. Bach,pdf,5,3
Fuzzy Complete Search,0,,"Suite IV, BWV 1006a: i. Prelude||J.S. Bach",pdf,7,5
Fuzzy Complete Search,0,,Suite Populaire Bresilienne: 3.  Valsa-Choro||Heitor Villa-Lobos,pdf,3,5
Fuzzy Complete Search,0,,"Suite, BWV 995: iii. Courante||J.S. Bach",pdf,5,6
Fuzzy Complete Search,0,,Tarleton's Resurrection||John Dowland,dada_gp,1,1
Fuzzy Complete Search,0,,The King Of Denmark's Galliard||John Dowland,pdf,2,2
Fuzzy Complete Search,0,,"The Last Rose of Summer, Op. 125 no. 2||Traditional Irish melody, arr. by Mauro Giuliani",dada_gp,2,1
Fuzzy Complete Search,0,,The Weeping Willow||Scott Joplin,pdf,5,3
Fuzzy Complete Search,0,,"Traumerei from Kinderscenen, Op. 15||Robert Schumann",pdf,4,6
Fuzzy Complete Search,0,,Vals Tropical||Agustin Barrios Mandore,pdf,3,6
Fuzzy Complete Search,0,,Valses Poeticos - Valse No. 4||Enrique Granados,pdf,3,4
Fuzzy Complete Search,0,,Valses Poeticos - Valse No. 5||Enrique Granados,pdf,6,2
Fuzzy Complete Search,0,,Valses Poeticos - Valse No. 6||Enrique Granados,pdf,5,7
Fuzzy Complete Search,0,,Vivace||Adam Falckenhagen,pdf,1,2
Fuzzy Complete Search,0,,Zarabanda||Gaspar Sanz,pdf,1,0
Fuzzy Complete Search,0,,"Allegretto moderato, Op. 6 no. 11||Fernando Sor",pdf,2,1
Fuzzy Complete Search,0,,"Allegro, Op. 60 no. 20||Matteo Carcassi",pdf,2,0
Fuzzy Complete Search,0,,"Andantino Grazioso, Op. 5 no. 8||Matteo Carcassi",dada_gp,1,3
Fuzzy Complete Search,0,,Armonias de America||Agustin Barrios Mangore,pdf,5,6
Fuzzy Complete Search,0,,"Cadenzas, Caprices, Rondos & Preludes, Op. 100: 13. Capricie||Mauro Giuliani",pdf,3,3
Fuzzy Complete Search,0,,"Cadenzas, Caprices, Rondos & Preludes, Op. 100: 14. Capricie||Mauro Giuliani",pdf,2,2
Fuzzy Complete Search,0,,"Cadenzas, Caprices, Rondos & Preludes, Op. 100: 16. Rondo||Mauro Giuliani",pdf,2,4
Fuzzy Complete Search,0,,"Cadenzas, Caprices, Rondos & Preludes, Op. 100: 22. Preludi||Mauro Giuliani",pdf,1,5
Fuzzy Complete Search,0,,"Cadenzas, Caprices, Rondos & Preludes, Op. 100: 24. Preludi||Mauro Giuliani",pdf,4,1
Fuzzy Complete Search,0,,"Cadenzas, Caprices, Rondos & Preludes, Op. 100: 3. Cadenze||Mauro Giuliani",pdf,0,1
Fuzzy Complete Search,0,,"Ecossaise, Op. 33 no. 11||Mauro Giuliani",pdf,0,0
Fuzzy Complete Search,0,,Estilo (Chinita)||Agustin Barrios Mandore,pdf,2,3
Fuzzy Complete Search,0,,Estudios Sencillos: V||Leo Brouwer,pdf,0,5
Fuzzy Complete Search,0,,Estudios Sencillos: XI||Leo Brouwer,pdf,2,1
Fuzzy Complete Search,0,,Estudios Sencillos: XIII||Leo Brouwer,pdf,2,3
Fuzzy Complete Search,0,,Estudios Sencillos: XVII||Leo Brouwer,pdf,4,2
Fuzzy Complete Search,0,,"Goldberg Variations, BWV 988: Variatio 2||J.S. Bach",pdf,6,4
Fuzzy Complete Search,0,,Lesson 15: Waltz||Dionisio Aguado,pdf,0,2
Fuzzy Complete Search,0,,Lesson 23||Dionisio Aguado,pdf,1,7
Fuzzy Complete Search,0,,Packington's Pound||Anonymous,pdf,0,0
Fuzzy Complete Search,0,,Twenty-one Lessons: 14||Dionisio Aguado,pdf,0,1
Fuzzy Complete Search,0,,Twenty-one Lessons: 19||Dionisio Aguado,pdf,0,0
Fuzzy Complete Search,0,,Cadiz from Suite Espanola||Isaac Albeniz,pdf,7,4
Fuzzy Complete Search,0,,Estudio 20||Fernando Sor,pdf,4,4
Fuzzy Complete Search,0,,"Gran Sonata Eroica, Op. 150||Mauro Giuliani",pdf,6,6
Fuzzy Complete Search,0,,La donna e mobile from 'Rigoletto'||Giuseppe Verdi,pdf,3,2
Fuzzy Complete Search,0,,Lagrima||Francisco Tarrega,pdf,1,2
Fuzzy Complete Search,0,,Leyenda||Isaac Albeniz,dada_gp,6,7
Fuzzy Complete Search,0,,Entre olivares||Joaquin Rodrigo,pdf,6,6
Fuzzy Pattern Tree,0,,24 Piezas Sudamericanas: 4. Vals Venezolano||Jorge Cardoso,pdf,4,4
Fuzzy Pattern Tree,0,,Abri la Puerta mi China||Agustin Barrios Mandore,pdf,5,4
Fuzzy Pattern Tree,0,,Adagio from Pathetique Sonata||Ludwig van Beethoven,gaps,5,5
Fuzzy Pattern Tree,0,,"Allegretto, Op. 241 no. 14||Ferdinando Carulli",pdf,1,0
Fuzzy Pattern Tree,0,,"Allegretto, Op. 50 no. 22||Mauro Giuliani",pdf,0,0
Fuzzy Pattern Tree,0,,"Allegro in D Major, Op. 50 no. 26||Mauro Giuliani",pdf,2,7
Fuzzy Pattern Tree,0,,Alman||Robert Johnson,dada_gp,3,4
Fuzzy Pattern Tree,0,,Altair||Agustin Barrios Mandore,pdf,4,7
Fuzzy Pattern Tree,0,,Andantino in C; Op. 35 no. 2||Fernando Sor,pdf,0,0
Fuzzy Pattern Tree,0,,"Andantino, Op. 39 no. 2||Anton Diabelli",pdf,0,0
Fuzzy Pattern Tree,0,,"Andantino, Op. 44 no. 3||Fernando Sor",pdf,1,0
Fuzzy Pattern Tree,0,,Angostura (Valse Venezolano)||Antonio Lauro,pdf,4,4
Fuzzy Pattern Tree,0,,Leyenda (Asturias) from Suite Espanola||Isaac Albeniz,pdf,6,7
Fuzzy Pattern Tree,0,,"Ay, Ay, Ay!...||Agustin Barrios Mangore",pdf,4,7
Fuzzy Pattern Tree,0,,Bagatelle||Ludwig van Beethoven,pdf,1,2
Fuzzy Pattern Tree,0,,Be Thou With Me (Bist du bei  mir)||J.S. Bach,pdf,6,0
Fuzzy Pattern Tree,0,,Bianco fiore||Cesare Negri,pdf,0,0
Fuzzy Pattern Tree,0,,Castles of Spain: Alba de Tormes (Trova)||F. Moreno-Torroba,pdf,2,1
Fuzzy Pattern Tree,0,,Castles of Spain: Manzanares el Real (A la Moca Fermosa)||F. Moreno-Torroba,pdf,3,2
Fuzzy Pattern Tree,0,,Castles of Spain: Montemayor (Romance de los Pinos)||F. Moreno-Torroba,pdf,3,4
Fuzzy Pattern Tree,0,,Dance||Hans Neusidler,pdf,0,0
Fuzzy Pattern Tree,0,,Dance of the Miller from The Three-Cornered Hat||Manuel de Falla,pdf,3,1
Fuzzy Pattern Tree,0,,Danza||Anonymous,pdf,1,0
Fuzzy Pattern Tree,0,,Danza Espanola No. 3 (Fandango)||Enrique Granados,pdf,3,6
Fuzzy Pattern Tree,0,,Dos preludios - I||Joaquin Rodrigo,pdf,7,4
Fuzzy Pattern Tree,0,,Dos Temas Populares Cubanos - Berceuse - Cancion de Cuna||Leo Brouwer,pdf,4,4
Fuzzy Pattern Tree,0,,Douze Etudes - Etude No. 10||Heitor Villa-Lobos,pdf,6,7
Fuzzy Pattern Tree,0,,Douze Etudes - Etude No. 5||Heitor Villa-Lobos,pdf,5,1
Fuzzy Pattern Tree,0,,Douze Etudes - Etude No. 6||Heitor Villa-Lobos,pdf,4,7
Fuzzy Pattern Tree,0,,Einleitende Etuden (Introductory Studies); Op. 60 no. 11||Fernando Sor,pdf,0,0
Fuzzy Pattern Tree,0,,Einleitende Etuden (Introductory Studies); Op. 60 no. 24||Fernando Sor,pdf,1,0
Fuzzy Pattern Tree,0,,Einleitende Etuden (Introductory Studies); Op. 60 no. 6||Fernando Sor,pdf,0,0
Fuzzy Pattern Tree,0,,Einleitende Etuden (Introductory Studies); Op. 60 no. 9||Fernando Sor,pdf,0,0
Fuzzy Pattern Tree,0,,El Marabino (Valse Venezolano)||Antonio Lauro,pdf,5,1
Fuzzy Pattern Tree,0,,Entree De Luth||Robert Ballard,pdf,5,7
Fuzzy Pattern Tree,0,,Estilo Uruguayo||Agustin Barrios Mangore,pdf,2,5
Fuzzy Pattern Tree,0,,"Etude, Op. 60 no. 9||Matteo Carcassi",pdf,0,7
Fuzzy Pattern Tree,0,,Etude; Op. 10 no. 3||Frederic Chopin,pdf,7,4
Fuzzy Pattern Tree,0,,Fantasia||William Byrd,pdf,3,0
Fuzzy Pattern Tree,0,,"Fuge in A Minor, BWV 1000||J.S. Bach",pdf,7,7
Fuzzy Pattern Tree,0,,Gavotte||Lodovico Roncalli,pdf,2,4
Fuzzy Pattern Tree,0,,Gigue||Johann Anton Losy von Losinthal,pdf,0,1
Fuzzy Pattern Tree,0,,"Grazioso, Op. 50 no. 23||Mauro Giuliani",pdf,1,2
Fuzzy Pattern Tree,0,,Gymnopedie No. 1||Erik Satie,pdf,2,7
Fuzzy Pattern Tree,0,,Humoresque||Agustin Barrios Mandore,pdf,2,1
Fuzzy Pattern Tree,0,,La Cavalleria de Napoles||Gaspar Sanz,pdf,0,4
Fuzzy Pattern Tree,0,,Lachrimae Pavan||John Dowland,pdf,7,0
Fuzzy Pattern Tree,0,,Lantururu||Gaspar Sanz,pdf,1,1
Fuzzy Pattern Tree,0,,Leyenda de Espana||Agustin Barrios Mangore,pdf,3,7
Fuzzy Pattern Tree,0,,Madrigal (Gavota)||Agustin Barrios Mandore,pdf,5,7
Fuzzy Pattern Tree,0,,Maxixe||Agustin Barrios Mandore,pdf,4,7
Fuzzy Pattern Tree,0,,"Menuet, Op. 11 no. 5||Fernando Sor",pdf,3,5
Fuzzy Pattern Tree,0,,"Minuet from 'Pensees Melodiques', Op. 38 No. 1||Jose Ferrer",pdf,1,4
Fuzzy Pattern Tree,0,,Minueto en Mi||Agustin Barrios Mangore,pdf,3,7
Fuzzy Pattern Tree,0,,"Moderato, Op. 35 no. 17||Fernando Sor",pdf,1,0
Fuzzy Pattern Tree,0,,Pais de Abanico||Agustin Barrios Mandore,pdf,5,7
Fuzzy Pattern Tree,0,,Partita III: BWV 1006: vi. Gigue||J.S. Bach,pdf,6,1
Fuzzy Pattern Tree,0,,Pavan VI||Luis Milan,pdf,2,0
Fuzzy Pattern Tree,0,,Pictures at an Exhibition: VII. A Market Place in Limoges||Modest Mussorgsky,pdf,6,2
Fuzzy Pattern Tree,0,,"Preludio, Op. 5 no. 1||Agustin Barrios Mandore",dada_gp,5,7
Fuzzy Pattern Tree,0,,Registro (Prelude)||Antonio Lauro,pdf,4,7
Fuzzy Pattern Tree,0,,Romance||Anonymous,dada_gp,2,7
Fuzzy Pattern Tree,0,,Saltarello||Anonymous,dada_gp,0,5
Fuzzy Pattern Tree,0,,Sarabande||George Frideric Handel,pdf,2,4
Fuzzy Pattern Tree,0,,Sarabande And Variations||George Friedrich Handel,pdf,4,4
Fuzzy Pattern Tree,0,,"Soldatenmarsh, Op. 68 no. 2||Robert Schumann",pdf,0,5
Fuzzy Pattern Tree,0,,Sonata II: BWV 1003: iii. Andante||J.S. Bach,pdf,4,7
Fuzzy Pattern Tree,0,,Sonata II: BWV 1003: iv. Allegro||J.S. Bach,pdf,6,7
Fuzzy Pattern Tree,0,,"Sonata in A Major, L 483/ K 322||Domenico Scarlatti",pdf,4,4
Fuzzy Pattern Tree,0,,Sonata No. 1||Niccolo Paganini,pdf,2,0
Fuzzy Pattern Tree,0,,Sonata no. 12: i. Minuetto||Niccolo Paganini,pdf,2,1
Fuzzy Pattern Tree,0,,"Study, 31 no. 17||Fernando Sor",gaps,0,0
Fuzzy Pattern Tree,0,,"Study, Op. 139 no. 3||Mauro Giuliani",gaps,1,4
Fuzzy Pattern Tree,0,,"Study, Op. 139 no. 5||Mauro Giuliani",pdf,1,1
Fuzzy Pattern Tree,0,,"Study, Op. 48 no. 24||Mauro Giuliani",pdf,5,4
Fuzzy Pattern Tree,0,,"Suite 1 for Cello, BWV 1007: ii.  Allemande||J.S. Bach",pdf,2,4
Fuzzy Pattern Tree,0,,"Suite 1 for Cello, BWV 1007: iv.  Sarabande||J.S. Bach",pdf,2,0
Fuzzy Pattern Tree,0,,"Suite 2 for Cello, BWV 1008: i. Prelude||J.S. Bach",pdf,3,2
Fuzzy Pattern Tree,0,,"Suite 3 for Cello, BWV 1009: ii. Allemande||J.S. Bach",pdf,4,2
Fuzzy Pattern Tree,0,,"Suite 3 for Cello, BWV 1009: iii. Courante||J.S. Bach",pdf,3,2
Fuzzy Pattern Tree,0,,"Suite 5 for Cello, BWV 1011: iv.  Sarabande||J.S. Bach",pdf,1,0
Fuzzy Pattern Tree,0,,Suite en La Mayor: Granduque I||Gaspar Sanz,pdf,2,0
Fuzzy Pattern Tree,0,,Suite en La Mayor: Granduque II||Gaspar Sanz,pdf,2,0
Fuzzy Pattern Tree,0,,Suite en La Mayor: Matachin||Gaspar Sanz,pdf,2,4
Fuzzy Pattern Tree,0,,Suite I: iii. Courante; BWV 996||J.S. Bach,pdf,5,4
Fuzzy Pattern Tree,0,,"Suite IV, BWV 1006a: i. Prelude||J.S. Bach",pdf,7,7
Fuzzy Pattern Tree,0,,Suite Populaire Bresilienne: 3.  Valsa-Choro||Heitor Villa-Lobos,pdf,3,1
Fuzzy Pattern Tree,0,,"Suite, BWV 995: iii. Courante||J.S. Bach",pdf,5,4
Fuzzy Pattern Tree,0,,Tarleton's Resurrection||John Dowland,dada_gp,1,4
Fuzzy Pattern Tree,0,,The King Of Denmark's Galliard||John Dowland,pdf,2,1
Fuzzy Pattern Tree,0,,"The Last Rose of Summer, Op. 125 no. 2||Traditional Irish melody, arr. by Mauro Giuliani",dada_gp,2,2
Fuzzy Pattern Tree,0,,The Weeping Willow||Scott Joplin,pdf,5,4
Fuzzy Pattern Tree,0,,"Traumerei from Kinderscenen, Op. 15||Robert Schumann",pdf,4,2
Fuzzy Pattern Tree,0,,Vals Tropical||Agustin Barrios Mandore,pdf,3,7
Fuzzy Pattern Tree,0,,Valses Poeticos - Valse No. 4||Enrique Granados,pdf,3,5
Fuzzy Pattern Tree,0,,Valses Poeticos - Valse No. 5||Enrique Granados,pdf,6,1
Fuzzy Pattern Tree,0,,Valses Poeticos - Valse No. 6||Enrique Granados,pdf,5,7
Fuzzy Pattern Tree,0,,Vivace||Adam Falckenhagen,pdf,1,4
Fuzzy Pattern Tree,0,,Zarabanda||Gaspar Sanz,pdf,1,5
Fuzzy Pattern Tree,0,,"Allegretto moderato, Op. 6 no. 11||Fernando Sor",pdf,2,0
Fuzzy Pattern Tree,0,,"Allegro, Op. 60 no. 20||Matteo Carcassi",pdf,2,1
Fuzzy Pattern Tree,0,,"Andantino Grazioso, Op. 5 no. 8||Matteo Carcassi",dada_gp,1,4
Fuzzy Pattern Tree,0,,Armonias de America||Agustin Barrios Mangore,pdf,5,1
Fuzzy Pattern Tree,0,,"Cadenzas, Caprices, Rondos & Preludes, Op. 100: 13. Capricie||Mauro Giuliani",pdf,3,1
Fuzzy Pattern Tree,0,,"Cadenzas, Caprices, Rondos & Preludes, Op. 100: 14. Capricie||Mauro Giuliani",pdf,2,4
Fuzzy Pattern Tree,0,,"Cadenzas, Caprices, Rondos & Preludes, Op. 100: 16. Rondo||Mauro Giuliani",pdf,2,0
Fuzzy Pattern Tree,0,,"Cadenzas, Caprices, Rondos & Preludes, Op. 100: 22. Preludi||Mauro Giuliani",pdf,1,0
Fuzzy Pattern Tree,0,,"Cadenzas, Caprices, Rondos & Preludes, Op. 100: 24. Preludi||Mauro Giuliani",pdf,4,4
Fuzzy Pattern Tree,0,,"Cadenzas, Caprices, Rondos & Preludes, Op. 100: 3. Cadenze||Mauro Giuliani",pdf,0,0
Fuzzy Pattern Tree,0,,"Ecossaise, Op. 33 no. 11||Mauro Giuliani",pdf,0,0
Fuzzy Pattern Tree,0,,Estilo (Chinita)||Agustin Barrios Mandore,pdf,2,4
Fuzzy Pattern Tree,0,,Estudios Sencillos: V||Leo Brouwer,pdf,0,1
Fuzzy Pattern Tree,0,,Estudios Sencillos: XI||Leo Brouwer,pdf,2,1
Fuzzy Pattern Tree,0,,Estudios Sencillos: XIII||Leo Brouwer,pdf,2,0
Fuzzy Pattern Tree,0,,Estudios Sencillos: XVII||Leo Brouwer,pdf,4,1
Fuzzy Pattern Tree,0,,"Goldberg Variations, BWV 988: Variatio 2||J.S. Bach",pdf,6,5
Fuzzy Pattern Tree,0,,Lesson 15: Waltz||Dionisio Aguado,pdf,0,4
Fuzzy Pattern Tree,0,,Lesson 23||Dionisio Aguado,pdf,1,7
Fuzzy Pattern Tree,0,,Packington's Pound||Anonymous,pdf,0,0
Fuzzy Pattern Tree,0,,Twenty-one Lessons: 14||Dionisio Aguado,pdf,0,0
Fuzzy Pattern Tree,0,,Twenty-one Lessons: 19||Dionisio Aguado,pdf,0,1
Fuzzy Pattern Tree,0,,Cadiz from Suite Espanola||Isaac Albeniz,pdf,7,2
Fuzzy Pattern Tree,0,,Estudio 20||Fernando Sor,pdf,4,2
Fuzzy Pattern Tree,0,,"Gran Sonata Eroica, Op. 150||Mauro Giuliani",pdf,6,6
Fuzzy Pattern Tree,0,,La donna e mobile from 'Rigoletto'||Giuseppe Verdi,pdf,3,2
Fuzzy Pattern Tree,0,,Lagrima||Francisco Tarrega,pdf,1,7
Fuzzy Pattern Tree,0,,Leyenda||Isaac Albeniz,dada_gp,6,6
Fuzzy Pattern Tree,0,,Entre olivares||Joaquin Rodrigo,pdf,6,6
RubricNet,1,0.0,24 Piezas Sudamericanas: 1. Cueca Chilena||Jorge Cardoso,pdf,4,5
RubricNet,1,0.0,24 Piezas Sudamericanas: 2. Chacarera||Jorge Cardoso,pdf,5,4
RubricNet,1,0.0,24 Piezas Sudamericanas: 24. Milonga||Jorge Cardoso,dada_gp,3,4
RubricNet,1,0.0,"Adagio, Aria, and Fugue; BWV 992: iii. Fugue||J.S. Bach",pdf,6,3
RubricNet,1,0.0,"Agitato, Op. 51 no. 3||Mauro Giuliani",pdf,1,1
RubricNet,1,0.0,Air on a G String||J. S. Bach,pdf,4,3
RubricNet,1,0.0,"Aire de Zamba (from the ""Suite Andina"")||Agustin Barrios Mandore",pdf,4,5
RubricNet,1,0.0,Aires Andaluces||Agustin Barrios Mandore,pdf,6,6
RubricNet,1,0.0,"Allegretto, Op. 35 no. 8||Fernando Sor",pdf,1,1
RubricNet,1,0.0,"Allegretto, Op. 60 no. 8||Fernando Sor",pdf,0,0
RubricNet,1,0.0,"Allegro Moderato, Op. 38 no. 23||Napoleon Coste",pdf,4,3
RubricNet,1,0.0,"Allemande, BWV 996||J.S. Bach",pdf,4,4
RubricNet,1,0.0,"Andante, Op. 241 no. 17||Ferdinando Carulli",pdf,0,0
RubricNet,1,0.0,"Andantino, Op. 6 no. 8||Fernando Sor",pdf,2,1
RubricNet,1,0.0,Arabescos (Estudio No. 4)||Agustin Barrios Mandore,pdf,5,7
RubricNet,1,0.0,Balleto||Jean-Baptiste Besard,pdf,2,1
RubricNet,1,0.0,Batalla (Battle)||Gaspar Sanz,pdf,0,0
RubricNet,1,0.0,Cantabile||Dionisio Aguado,dada_gp,0,3
RubricNet,1,0.0,Capricho Arabe||Francisco Tarrega,dada_gp,6,7
RubricNet,1,0.0,Castles of Spain: Siguenza (La Infanta Dureme)||F. Moreno-Torroba,pdf,3,2
RubricNet,1,0.0,Cinco Piezas para guitarra: III. Acentuado||Astor Piazzolla,pdf,6,5
RubricNet,1,0.0,Cinco Piezas para guitarra: V. Compadre||Astor Piazzolla,pdf,5,5
RubricNet,1,0.0,"Clarines y trompetas con canciones muy curiosas Espanolas y de estranjeras naciones (Bugles and Trumpets with Very Interesting Spanish Songs, as well as Songs from Other Foreign Countries)||Gaspar Sanz",pdf,0,2
RubricNet,1,0.0,Danza Guarani||Agustin Barrios Mandore,pdf,5,5
RubricNet,1,0.0,"Diferencias Sobre ""Guardame Las Vacas""||Luys de Narvaez",pdf,3,4
RubricNet,1,0.0,Douze Etudes - Etude No. 12||Heitor Villa-Lobos,pdf,6,6
RubricNet,1,0.0,Douze Etudes - Etude No. 4||Heitor Villa-Lobos,pdf,5,5
RubricNet,1,0.0,Dove son quei fieri occhi?||Anonymous,pdf,1,0
RubricNet,1,0.0,Einleitende Etuden (Introductory Studies); Op. 60 no. 1||Fernando Sor,pdf,0,0
RubricNet,1,0.0,Einleitende Etuden (Introductory Studies); Op. 60 no. 17||Fernando Sor,pdf,1,1
RubricNet,1,0.0,Einleitende Etuden (Introductory Studies); Op. 60 no. 21||Fernando Sor,pdf,3,0
RubricNet,1,0.0,Einleitende Etuden (Introductory Studies); Op. 60 no. 4||Fernando Sor,pdf,0,1
RubricNet,1,0.0,El Amable||Jose Ferrer,pdf,1,2
RubricNet,1,0.0,Estudio Inconcluso||Agustin Barrios Mandore,pdf,2,2
RubricNet,1,0.0,"Etude, Op. 60 no. 19||Matteo Carcassi",pdf,2,1
RubricNet,1,0.0,"Etude, Op. 60 no. 25||Matteo Carcassi",pdf,5,4
RubricNet,1,0.0,Exercise 8||Dionisio Aguado,pdf,0,2
RubricNet,1,0.0,Fabiniana||Agustin Barrios Mandore,pdf,3,4
RubricNet,1,0.0,Fantasia||Anonymous,pdf,1,1
RubricNet,1,0.0,Four Easy Studies: No. 1 in C||Dionisio Aguado,pdf,0,1
RubricNet,1,0.0,Four Easy Studies: No. 3 in A||Dionisio Aguado,pdf,0,2
RubricNet,1,0.0,"Gavotte 1 (from Suite #6 for Violoncello, BWV 1012)||J.S. Bach",pdf,2,1
RubricNet,1,0.0,Gnossienne No. 1 (from Trois Snossiennes)||Erik Satie,pdf,2,1
RubricNet,1,0.0,La Catedral - iii.  Allegro Solemne||Agustin Barrios Mandore,pdf,6,5
RubricNet,1,0.0,"Larghetto, Op. 50 no. 17||Mauro Giuliani",pdf,1,1
RubricNet,1,0.0,Las Abejas||Agustin Barrios Mandore,pdf,4,4
RubricNet,1,0.0,Le Petit-Rien (Rondeau)||Francois Couperin,pdf,3,0
RubricNet,1,0.0,"Lesson, Op. 31 no. 4||Fernando Sor",pdf,1,1
RubricNet,1,0.0,Libra Sonatine: A. India||Roland Dyens,dada_gp,6,5
RubricNet,1,0.0,Little Italian Song (from Album for the Young); Op. 39 no. 15||Peter Ilyitch Tchaikovsky,pdf,2,2
RubricNet,1,0.0,Mabelita||Agustin Barrios Mandore,pdf,3,4
RubricNet,1,0.0,"Menuet, Op. 22||Fernando Sor",pdf,2,2
RubricNet,1,0.0,"Minuet II, BWV 1007||J.S. Bach",pdf,2,3
RubricNet,1,0.0,Minueto en La||Agustin Barrios Mangore,dada_gp,2,4
RubricNet,1,0.0,"Moderato, Op. 31 no. 1||Ferdinando Sor",dada_gp,0,0
RubricNet,1,0.0,"Moderato, Op. 39 no. 15||Anton Diabelli",pdf,0,1
RubricNet,1,0.0,Oremus||Francisco Tarrega,pdf,2,2
RubricNet,1,0.0,Partita III: BWV 1006: v. Bourree||J.S. Bach,pdf,5,4
RubricNet,1,0.0,"Partita in A Minor, BWV 1013: i. Allemande||J.S. Bach",pdf,5,5
RubricNet,1,0.0,"Partita in A Minor, BWV 1013: iv. Bourree Anglaise||J.S. Bach",pdf,4,3
RubricNet,1,0.0,"Partita No. 1, BWV 825: v.  Minuet I and II||J.S. Bach",pdf,3,3
RubricNet,1,0.0,"Partita, BWV 1002: v. Sarabande||J.S. Bach",dada_gp,2,2
RubricNet,1,0.0,Passacaille||Silvius Leopold Weiss,pdf,5,6
RubricNet,1,0.0,Pavana I||Luis Milan,dada_gp,0,1
RubricNet,1,0.0,Pictures at an Exhibition: Promenade (Pg. 11)||Modest Mussorgsky,pdf,7,2
RubricNet,1,0.0,Prelude No. 4||Francisco Tarrega,pdf,3,4
RubricNet,1,0.0,Prelude Opus 28 No. 20||Frederic Chopin,pdf,4,4
RubricNet,1,0.0,Serenata Morisca||Agustin Barrios Mangore,pdf,4,6
RubricNet,1,0.0,"Sonata in E minor, BWV 1023 - ii. Allemande||J.S. Bach",pdf,5,3
RubricNet,1,0.0,Sonata in G (K. 431)||Domenico Scarlatti,pdf,3,3
RubricNet,1,0.0,"Studio in Si Minore, Op. 35 no. 22||Fernando Sor",gaps,1,0
RubricNet,1,0.0,"Study in E Minor, Op. 35 no. 18||Fernando Sor",pdf,1,1
RubricNet,1,0.0,"Study, Op. 60 no. 18||Matteo Carcassi",pdf,2,3
RubricNet,1,0.0,"Study, Op. 60 no. 2||Matteo Carcassi",pdf,1,2
RubricNet,1,0.0,"Study, Op. 60 no. 23||Matteo Carcassi",pdf,2,3
RubricNet,1,0.0,"Study, Op. 60 no. 9||Matteo Carcassi",pdf,5,4
RubricNet,1,0.0,"Suite 1 for Cello, BWV 1007: i. Prelude||J.S. Bach",pdf,3,5
RubricNet,1,0.0,"Suite 2 for Cello, BWV 1008: ii. Allemande||J.S. Bach",pdf,2,4
RubricNet,1,0.0,"Suite 2 for Cello, BWV 1008: iv. Sarabande||J.S. Bach",pdf,2,3
RubricNet,1,0.0,"Suite 3 for Cello, BWV 1009: iv. Sarabande||J.S. Bach",pdf,4,4
RubricNet,1,0.0,"Suite 6 for Cello, BWV 1012: i . Prelude||J.S. Bach",pdf,4,6
RubricNet,1,0.0,Suite Castellana: Arada||Federico Moreno-Torroba,pdf,4,5
RubricNet,1,0.0,Suite en La Mayor: Chacona||Gaspar Sanz,pdf,3,3
RubricNet,1,0.0,Suite en Re Mayor: 2. Rujero y Paradetas||Gaspar Sanz,pdf,1,0
RubricNet,1,0.0,"Suite, BWV 997: iii. Sarabande||J.S. Bach",dada_gp,3,1
RubricNet,1,0.0,Tango En Skai||Roland Dyens,dada_gp,6,5
RubricNet,1,0.0,The Prince's Toys: The Doll with Blinking Eyes||Nikita Koshkin,pdf,6,5
RubricNet,1,0.0,Theme from Op. 102||Mauro Giuliani,pdf,2,2
RubricNet,1,0.0,Tombeau Sur La Mort De M. Comte De Logy||Silvius Leopold Weiss,pdf,5,4
RubricNet,1,0.0,Valse; Op. 64 no. 2||Frederic Chopin,pdf,7,6
RubricNet,1,0.0,Valses Poeticos - Valse No. 7||Enrique Granados,pdf,7,2
RubricNet,1,0.0,Villano||Gaspar Sanz,pdf,0,0
RubricNet,1,0.0,"Waltz, Op. 39 no. 15||Johannes Brahms",pdf,2,0
RubricNet,1,0.0,Air||Anonymous,pdf,1,1
RubricNet,1,0.0,Allegro||Domenico Scarlatti,pdf,3,3
RubricNet,1,0.0,"Allegro, Op. 100 no. 11||Mauro Giuliani",pdf,2,3
RubricNet,1,0.0,"Cadenzas, Caprices, Rondos & Preludes, Op. 100: 1. Cadenze||Mauro Giuliani",pdf,0,1
RubricNet,1,0.0,"Cadenzas, Caprices, Rondos & Preludes, Op. 100: 21. Preludi||Mauro Giuliani",pdf,4,3
RubricNet,1,0.0,"Cadenzas, Caprices, Rondos & Preludes, Op. 100: 4. Cadenze||Mauro Giuliani",pdf,1,1
RubricNet,1,0.0,"Cadenzas, Caprices, Rondos & Preludes, Op. 100: 7. Cadenze||Mauro Giuliani",pdf,1,0
RubricNet,1,0.0,Carora (Valse Venezolano)||Antonio Lauro,dada_gp,6,4
RubricNet,1,0.0,Dedicatoria||Enrique Granados,pdf,2,3
RubricNet,1,0.0,Divagaciones Criollas||Agustin Barrios Mandore,pdf,2,3
RubricNet,1,0.0,Estudios Sencillos: VI||Leo Brouwer,pdf,2,3
RubricNet,1,0.0,Estudios Sencillos: XII||Leo Brouwer,pdf,1,1
RubricNet,1,0.0,Estudios Sencillos: XIV||Leo Brouwer,pdf,4,1
RubricNet,1,0.0,Estudios Sencillos: XX||Leo Brouwer,pdf,4,3
RubricNet,1,0.0,Fantasia||John Dowland,dada_gp,5,5
RubricNet,1,0.0,Lesson 29||Dionisio Aguado,pdf,1,1
RubricNet,1,0.0,Passacaille (from Great Suite #7 for Harpsichord)||George Friedrich Handel,pdf,4,4
RubricNet,1,0.0,Queen Elizabeth's Galliard||John Dowland,pdf,3,3
RubricNet,1,0.0,Twenty-one Lessons: 12||Dionisio Aguado,pdf,0,0
RubricNet,1,0.0,Twenty-one Lessons: 16||Dionisio Aguado,pdf,1,0
RubricNet,1,0.0,Twenty-one Lessons: 17||Dionisio Aguado,pdf,1,1
RubricNet,1,0.0,Twenty-one Lessons: 2||Dionisio Aguado,pdf,0,1
RubricNet,1,0.0,Twenty-one Lessons: 20||Dionisio Aguado,pdf,0,1
RubricNet,1,0.0,Twenty-one Lessons: 4||Dionisio Aguado,pdf,0,0
RubricNet,1,0.0,Twenty-one Lessons: 9||Dionisio Aguado,pdf,0,0
RubricNet,1,0.0,Estudio 18||Fernando Sor,pdf,2,4
RubricNet,1,0.0,Estudio 7||Fernando Sor,pdf,2,2
RubricNet,1,0.0,Estudio 9||Fernando Sor,pdf,2,1
RubricNet,1,0.0,Fortune||John Dowland,pdf,3,0
RubricNet,1,0.0,Gavotte No. 1 (from Lute Suite No. 3); BWV 995||J.S. Bach,dada_gp,5,2
RubricNet,1,0.0,"Grand Ouverture, Op. 61||Mauro Giuliani",pdf,6,6
RubricNet,1,0.0,Poco Allegretto||Ferdinando Carulli,pdf,0,1
RubricNet,1,0.0,Nocturne Opus 9 No. 2||Frederic Chopin,pdf,7,4
RubricNet,1,0.0,Tarantos||Leo Brouwer,dada_gp,7,5
RubricNet,1,0.0,"24 Caprices, Op. 1: 16||Niccolo Paganini",pdf,7,6
RubricNet,1,1.0,24 Piezas Sudamericanas: 1. Cueca Chilena||Jorge Cardoso,pdf,4,5
RubricNet,1,1.0,24 Piezas Sudamericanas: 2. Chacarera||Jorge Cardoso,pdf,5,5
RubricNet,1,1.0,24 Piezas Sudamericanas: 24. Milonga||Jorge Cardoso,dada_gp,3,3
RubricNet,1,1.0,"Adagio, Aria, and Fugue; BWV 992: iii. Fugue||J.S. Bach",pdf,6,4
RubricNet,1,1.0,"Agitato, Op. 51 no. 3||Mauro Giuliani",pdf,1,0
RubricNet,1,1.0,Air on a G String||J. S. Bach,pdf,4,4
RubricNet,1,1.0,"Aire de Zamba (from the ""Suite Andina"")||Agustin Barrios Mandore",pdf,4,5
RubricNet,1,1.0,Aires Andaluces||Agustin Barrios Mandore,pdf,6,6
RubricNet,1,1.0,"Allegretto, Op. 35 no. 8||Fernando Sor",pdf,1,2
RubricNet,1,1.0,"Allegretto, Op. 60 no. 8||Fernando Sor",pdf,0,0
RubricNet,1,1.0,"Allegro Moderato, Op. 38 no. 23||Napoleon Coste",pdf,4,3
RubricNet,1,1.0,"Allemande, BWV 996||J.S. Bach",pdf,4,5
RubricNet,1,1.0,"Andante, Op. 241 no. 17||Ferdinando Carulli",pdf,0,0
RubricNet,1,1.0,"Andantino, Op. 6 no. 8||Fernando Sor",pdf,2,1
RubricNet,1,1.0,Arabescos (Estudio No. 4)||Agustin Barrios Mandore,pdf,5,6
RubricNet,1,1.0,Balleto||Jean-Baptiste Besard,pdf,2,1
RubricNet,1,1.0,Batalla (Battle)||Gaspar Sanz,pdf,0,0
RubricNet,1,1.0,Cantabile||Dionisio Aguado,dada_gp,0,4
RubricNet,1,1.0,Capricho Arabe||Francisco Tarrega,dada_gp,6,6
RubricNet,1,1.0,Castles of Spain: Siguenza (La Infanta Dureme)||F. Moreno-Torroba,pdf,3,3
RubricNet,1,1.0,Cinco Piezas para guitarra: III. Acentuado||Astor Piazzolla,pdf,6,6
RubricNet,1,1.0,Cinco Piezas para guitarra: V. Compadre||Astor Piazzolla,pdf,5,5
RubricNet,1,1.0,"Clarines y trompetas con canciones muy curiosas Espanolas y de estranjeras naciones (Bugles and Trumpets with Very Interesting Spanish Songs, as well as Songs from Other Foreign Countries)||Gaspar Sanz",pdf,0,2
RubricNet,1,1.0,Danza Guarani||Agustin Barrios Mandore,pdf,5,5
RubricNet,1,1.0,"Diferencias Sobre ""Guardame Las Vacas""||Luys de Narvaez",pdf,3,4
RubricNet,1,1.0,Douze Etudes - Etude No. 12||Heitor Villa-Lobos,pdf,6,6
RubricNet,1,1.0,Douze Etudes - Etude No. 4||Heitor Villa-Lobos,pdf,5,4
RubricNet,1,1.0,Dove son quei fieri occhi?||Anonymous,pdf,1,0
RubricNet,1,1.0,Einleitende Etuden (Introductory Studies); Op. 60 no. 1||Fernando Sor,pdf,0,0
RubricNet,1,1.0,Einleitende Etuden (Introductory Studies); Op. 60 no. 17||Fernando Sor,pdf,1,0
RubricNet,1,1.0,Einleitende Etuden (Introductory Studies); Op. 60 no. 21||Fernando Sor,pdf,3,1
RubricNet,1,1.0,Einleitende Etuden (Introductory Studies); Op. 60 no. 4||Fernando Sor,pdf,0,1
RubricNet,1,1.0,El Amable||Jose Ferrer,pdf,1,2
RubricNet,1,1.0,Estudio Inconcluso||Agustin Barrios Mandore,pdf,2,3
RubricNet,1,1.0,"Etude, Op. 60 no. 19||Matteo Carcassi",pdf,2,0
RubricNet,1,1.0,"Etude, Op. 60 no. 25||Matteo Carcassi",pdf,5,5
RubricNet,1,1.0,Exercise 8||Dionisio Aguado,pdf,0,1
RubricNet,1,1.0,Fabiniana||Agustin Barrios Mandore,pdf,3,5
RubricNet,1,1.0,Fantasia||Anonymous,pdf,1,1
RubricNet,1,1.0,Four Easy Studies: No. 1 in C||Dionisio Aguado,pdf,0,1
RubricNet,1,1.0,Four Easy Studies: No. 3 in A||Dionisio Aguado,pdf,0,3
RubricNet,1,1.0,"Gavotte 1 (from Suite #6 for Violoncello, BWV 1012)||J.S. Bach",pdf,2,1
RubricNet,1,1.0,Gnossienne No. 1 (from Trois Snossiennes)||Erik Satie,pdf,2,2
RubricNet,1,1.0,La Catedral - iii.  Allegro Solemne||Agustin Barrios Mandore,pdf,6,5
RubricNet,1,1.0,"Larghetto, Op. 50 no. 17||Mauro Giuliani",pdf,1,0
RubricNet,1,1.0,Las Abejas||Agustin Barrios Mandore,pdf,4,4
RubricNet,1,1.0,Le Petit-Rien (Rondeau)||Francois Couperin,pdf,3,0
RubricNet,1,1.0,"Lesson, Op. 31 no. 4||Fernando Sor",pdf,1,1
RubricNet,1,1.0,Libra Sonatine: A. India||Roland Dyens,dada_gp,6,5
RubricNet,1,1.0,Little Italian Song (from Album for the Young); Op. 39 no. 15||Peter Ilyitch Tchaikovsky,pdf,2,2
RubricNet,1,1.0,Mabelita||Agustin Barrios Mandore,pdf,3,4
RubricNet,1,1.0,"Menuet, Op. 22||Fernando Sor",pdf,2,2
RubricNet,1,1.0,"Minuet II, BWV 1007||J.S. Bach",pdf,2,2
RubricNet,1,1.0,Minueto en La||Agustin Barrios Mangore,dada_gp,2,4
RubricNet,1,1.0,"Moderato, Op. 31 no. 1||Ferdinando Sor",dada_gp,0,0
RubricNet,1,1.0,"Moderato, Op. 39 no. 15||Anton Diabelli",pdf,0,1
RubricNet,1,1.0,Oremus||Francisco Tarrega,pdf,2,1
RubricNet,1,1.0,Partita III: BWV 1006: v. Bourree||J.S. Bach,pdf,5,3
RubricNet,1,1.0,"Partita in A Minor, BWV 1013: i. Allemande||J.S. Bach",pdf,5,6
RubricNet,1,1.0,"Partita in A Minor, BWV 1013: iv. Bourree Anglaise||J.S. Bach",pdf,4,4
RubricNet,1,1.0,"Partita No. 1, BWV 825: v.  Minuet I and II||J.S. Bach",pdf,3,3
RubricNet,1,1.0,"Partita, BWV 1002: v. Sarabande||J.S. Bach",dada_gp,2,2
RubricNet,1,1.0,Passacaille||Silvius Leopold Weiss,pdf,5,5
RubricNet,1,1.0,Pavana I||Luis Milan,dada_gp,0,1
RubricNet,1,1.0,Pictures at an Exhibition: Promenade (Pg. 11)||Modest Mussorgsky,pdf,7,1
RubricNet,1,1.0,Prelude No. 4||Francisco Tarrega,pdf,3,3
RubricNet,1,1.0,Prelude Opus 28 No. 20||Frederic Chopin,pdf,4,3
RubricNet,1,1.0,Serenata Morisca||Agustin Barrios Mangore,pdf,4,6
RubricNet,1,1.0,"Sonata in E minor, BWV 1023 - ii. Allemande||J.S. Bach",pdf,5,4
RubricNet,1,1.0,Sonata in G (K. 431)||Domenico Scarlatti,pdf,3,4
RubricNet,1,1.0,"Studio in Si Minore, Op. 35 no. 22||Fernando Sor",gaps,1,0
RubricNet,1,1.0,"Study in E Minor, Op. 35 no. 18||Fernando Sor",pdf,1,0
RubricNet,1,1.0,"Study, Op. 60 no. 18||Matteo Carcassi",pdf,2,2
RubricNet,1,1.0,"Study, Op. 60 no. 2||Matteo Carcassi",pdf,1,3
RubricNet,1,1.0,"Study, Op. 60 no. 23||Matteo Carcassi",pdf,2,3
RubricNet,1,1.0,"Study, Op. 60 no. 9||Matteo Carcassi",pdf,5,4
RubricNet,1,1.0,"Suite 1 for Cello, BWV 1007: i. Prelude||J.S. Bach",pdf,3,5
RubricNet,1,1.0,"Suite 2 for Cello, BWV 1008: ii. Allemande||J.S. Bach",pdf,2,4
RubricNet,1,1.0,"Suite 2 for Cello, BWV 1008: iv. Sarabande||J.S. Bach",pdf,2,2
RubricNet,1,1.0,"Suite 3 for Cello, BWV 1009: iv. Sarabande||J.S. Bach",pdf,4,4
RubricNet,1,1.0,"Suite 6 for Cello, BWV 1012: i . Prelude||J.S. Bach",pdf,4,6
RubricNet,1,1.0,Suite Castellana: Arada||Federico Moreno-Torroba,pdf,4,6
RubricNet,1,1.0,Suite en La Mayor: Chacona||Gaspar Sanz,pdf,3,2
RubricNet,1,1.0,Suite en Re Mayor: 2. Rujero y Paradetas||Gaspar Sanz,pdf,1,0
RubricNet,1,1.0,"Suite, BWV 997: iii. Sarabande||J.S. Bach",dada_gp,3,2
RubricNet,1,1.0,Tango En Skai||Roland Dyens,dada_gp,6,4
RubricNet,1,1.0,The Prince's Toys: The Doll with Blinking Eyes||Nikita Koshkin,pdf,6,6
RubricNet,1,1.0,Theme from Op. 102||Mauro Giuliani,pdf,2,2
RubricNet,1,1.0,Tombeau Sur La Mort De M. Comte De Logy||Silvius Leopold Weiss,pdf,5,6
RubricNet,1,1.0,Valse; Op. 64 no. 2||Frederic Chopin,pdf,7,6
RubricNet,1,1.0,Valses Poeticos - Valse No. 7||Enrique Granados,pdf,7,2
RubricNet,1,1.0,Villano||Gaspar Sanz,pdf,0,0
RubricNet,1,1.0,"Waltz, Op. 39 no. 15||Johannes Brahms",pdf,2,1
RubricNet,1,1.0,Air||Anonymous,pdf,1,1
RubricNet,1,1.0,Allegro||Domenico Scarlatti,pdf,3,3
RubricNet,1,1.0,"Allegro, Op. 100 no. 11||Mauro Giuliani",pdf,2,2
RubricNet,1,1.0,"Cadenzas, Caprices, Rondos & Preludes, Op. 100: 1. Cadenze||Mauro Giuliani",pdf,0,0
RubricNet,1,1.0,"Cadenzas, Caprices, Rondos & Preludes, Op. 100: 21. Preludi||Mauro Giuliani",pdf,4,3
RubricNet,1,1.0,"Cadenzas, Caprices, Rondos & Preludes, Op. 100: 4. Cadenze||Mauro Giuliani",pdf,1,0
RubricNet,1,1.0,"Cadenzas, Caprices, Rondos & Preludes, Op. 100: 7. Cadenze||Mauro Giuliani",pdf,1,0
RubricNet,1,1.0,Carora (Valse Venezolano)||Antonio Lauro,dada_gp,6,3
RubricNet,1,1.0,Dedicatoria||Enrique Granados,pdf,2,4
RubricNet,1,1.0,Divagaciones Criollas||Agustin Barrios Mandore,pdf,2,4
RubricNet,1,1.0,Estudios Sencillos: VI||Leo Brouwer,pdf,2,2
RubricNet,1,1.0,Estudios Sencillos: XII||Leo Brouwer,pdf,1,0
RubricNet,1,1.0,Estudios Sencillos: XIV||Leo Brouwer,pdf,4,1
RubricNet,1,1.0,Estudios Sencillos: XX||Leo Brouwer,pdf,4,3
RubricNet,1,1.0,Fantasia||John Dowland,dada_gp,5,5
RubricNet,1,1.0,Lesson 29||Dionisio Aguado,pdf,1,2
RubricNet,1,1.0,Passacaille (from Great Suite #7 for Harpsichord)||George Friedrich Handel,pdf,4,5
RubricNet,1,1.0,Queen Elizabeth's Galliard||John Dowland,pdf,3,2
RubricNet,1,1.0,Twenty-one Lessons: 12||Dionisio Aguado,pdf,0,0
RubricNet,1,1.0,Twenty-one Lessons: 16||Dionisio Aguado,pdf,1,0
RubricNet,1,1.0,Twenty-one Lessons: 17||Dionisio Aguado,pdf,1,1
RubricNet,1,1.0,Twenty-one Lessons: 2||Dionisio Aguado,pdf,0,1
RubricNet,1,1.0,Twenty-one Lessons: 20||Dionisio Aguado,pdf,0,1
RubricNet,1,1.0,Twenty-one Lessons: 4||Dionisio Aguado,pdf,0,0
RubricNet,1,1.0,Twenty-one Lessons: 9||Dionisio Aguado,pdf,0,0
RubricNet,1,1.0,Estudio 18||Fernando Sor,pdf,2,5
RubricNet,1,1.0,Estudio 7||Fernando Sor,pdf,2,2
RubricNet,1,1.0,Estudio 9||Fernando Sor,pdf,2,1
RubricNet,1,1.0,Fortune||John Dowland,pdf,3,0
RubricNet,1,1.0,Gavotte No. 1 (from Lute Suite No. 3); BWV 995||J.S. Bach,dada_gp,5,2
RubricNet,1,1.0,"Grand Ouverture, Op. 61||Mauro Giuliani",pdf,6,6
RubricNet,1,1.0,Poco Allegretto||Ferdinando Carulli,pdf,0,1
RubricNet,1,1.0,Nocturne Opus 9 No. 2||Frederic Chopin,pdf,7,6
RubricNet,1,1.0,Tarantos||Leo Brouwer,dada_gp,7,6
RubricNet,1,1.0,"24 Caprices, Op. 1: 16||Niccolo Paganini",pdf,7,6
RubricNet,1,2.0,24 Piezas Sudamericanas: 1. Cueca Chilena||Jorge Cardoso,pdf,4,5
RubricNet,1,2.0,24 Piezas Sudamericanas: 2. Chacarera||Jorge Cardoso,pdf,5,5
RubricNet,1,2.0,24 Piezas Sudamericanas: 24. Milonga||Jorge Cardoso,dada_gp,3,4
RubricNet,1,2.0,"Adagio, Aria, and Fugue; BWV 992: iii. Fugue||J.S. Bach",pdf,6,3
RubricNet,1,2.0,"Agitato, Op. 51 no. 3||Mauro Giuliani",pdf,1,1
RubricNet,1,2.0,Air on a G String||J. S. Bach,pdf,4,3
RubricNet,1,2.0,"Aire de Zamba (from the ""Suite Andina"")||Agustin Barrios Mandore",pdf,4,5
RubricNet,1,2.0,Aires Andaluces||Agustin Barrios Mandore,pdf,6,5
RubricNet,1,2.0,"Allegretto, Op. 35 no. 8||Fernando Sor",pdf,1,2
RubricNet,1,2.0,"Allegretto, Op. 60 no. 8||Fernando Sor",pdf,0,0
RubricNet,1,2.0,"Allegro Moderato, Op. 38 no. 23||Napoleon Coste",pdf,4,3
RubricNet,1,2.0,"Allemande, BWV 996||J.S. Bach",pdf,4,4
RubricNet,1,2.0,"Andante, Op. 241 no. 17||Ferdinando Carulli",pdf,0,0
RubricNet,1,2.0,"Andantino, Op. 6 no. 8||Fernando Sor",pdf,2,1
RubricNet,1,2.0,Arabescos (Estudio No. 4)||Agustin Barrios Mandore,pdf,5,6
RubricNet,1,2.0,Balleto||Jean-Baptiste Besard,pdf,2,1
RubricNet,1,2.0,Batalla (Battle)||Gaspar Sanz,pdf,0,0
RubricNet,1,2.0,Cantabile||Dionisio Aguado,dada_gp,0,4
RubricNet,1,2.0,Capricho Arabe||Francisco Tarrega,dada_gp,6,6
RubricNet,1,2.0,Castles of Spain: Siguenza (La Infanta Dureme)||F. Moreno-Torroba,pdf,3,2
RubricNet,1,2.0,Cinco Piezas para guitarra: III. Acentuado||Astor Piazzolla,pdf,6,5
RubricNet,1,2.0,Cinco Piezas para guitarra: V. Compadre||Astor Piazzolla,pdf,5,5
RubricNet,1,2.0,"Clarines y trompetas con canciones muy curiosas Espanolas y de estranjeras naciones (Bugles and Trumpets with Very Interesting Spanish Songs, as well as Songs from Other Foreign Countries)||Gaspar Sanz",pdf,0,1
RubricNet,1,2.0,Danza Guarani||Agustin Barrios Mandore,pdf,5,4
RubricNet,1,2.0,"Diferencias Sobre ""Guardame Las Vacas""||Luys de Narvaez",pdf,3,3
RubricNet,1,2.0,Douze Etudes - Etude No. 12||Heitor Villa-Lobos,pdf,6,6
RubricNet,1,2.0,Douze Etudes - Etude No. 4||Heitor Villa-Lobos,pdf,5,6
RubricNet,1,2.0,Dove son quei fieri occhi?||Anonymous,pdf,1,1
RubricNet,1,2.0,Einleitende Etuden (Introductory Studies); Op. 60 no. 1||Fernando Sor,pdf,0,0
RubricNet,1,2.0,Einleitende Etuden (Introductory Studies); Op. 60 no. 17||Fernando Sor,pdf,1,1
RubricNet,1,2.0,Einleitende Etuden (Introductory Studies); Op. 60 no. 21||Fernando Sor,pdf,3,1
RubricNet,1,2.0,Einleitende Etuden (Introductory Studies); Op. 60 no. 4||Fernando Sor,pdf,0,1
RubricNet,1,2.0,El Amable||Jose Ferrer,pdf,1,2
RubricNet,1,2.0,Estudio Inconcluso||Agustin Barrios Mandore,pdf,2,2
RubricNet,1,2.0,"Etude, Op. 60 no. 19||Matteo Carcassi",pdf,2,1
RubricNet,1,2.0,"Etude, Op. 60 no. 25||Matteo Carcassi",pdf,5,4
RubricNet,1,2.0,Exercise 8||Dionisio Aguado,pdf,0,2
RubricNet,1,2.0,Fabiniana||Agustin Barrios Mandore,pdf,3,4
RubricNet,1,2.0,Fantasia||Anonymous,pdf,1,1
RubricNet,1,2.0,Four Easy Studies: No. 1 in C||Dionisio Aguado,pdf,0,1
RubricNet,1,2.0,Four Easy Studies: No. 3 in A||Dionisio Aguado,pdf,0,3
RubricNet,1,2.0,"Gavotte 1 (from Suite #6 for Violoncello, BWV 1012)||J.S. Bach",pdf,2,1
RubricNet,1,2.0,Gnossienne No. 1 (from Trois Snossiennes)||Erik Satie,pdf,2,2
RubricNet,1,2.0,La Catedral - iii.  Allegro Solemne||Agustin Barrios Mandore,pdf,6,5
RubricNet,1,2.0,"Larghetto, Op. 50 no. 17||Mauro Giuliani",pdf,1,1
RubricNet,1,2.0,Las Abejas||Agustin Barrios Mandore,pdf,4,4
RubricNet,1,2.0,Le Petit-Rien (Rondeau)||Francois Couperin,pdf,3,1
RubricNet,1,2.0,"Lesson, Op. 31 no. 4||Fernando Sor",pdf,1,2
RubricNet,1,2.0,Libra Sonatine: A. India||Roland Dyens,dada_gp,6,5
RubricNet,1,2.0,Little Italian Song (from Album for the Young); Op. 39 no. 15||Peter Ilyitch Tchaikovsky,pdf,2,1
RubricNet,1,2.0,Mabelita||Agustin Barrios Mandore,pdf,3,3
RubricNet,1,2.0,"Menuet, Op. 22||Fernando Sor",pdf,2,2
RubricNet,1,2.0,"Minuet II, BWV 1007||J.S. Bach",pdf,2,2
RubricNet,1,2.0,Minueto en La||Agustin Barrios Mangore,dada_gp,2,5
RubricNet,1,2.0,"Moderato, Op. 31 no. 1||Ferdinando Sor",dada_gp,0,0
RubricNet,1,2.0,"Moderato, Op. 39 no. 15||Anton Diabelli",pdf,0,1
RubricNet,1,2.0,Oremus||Francisco Tarrega,pdf,2,2
RubricNet,1,2.0,Partita III: BWV 1006: v. Bourree||J.S. Bach,pdf,5,2
RubricNet,1,2.0,"Partita in A Minor, BWV 1013: i. Allemande||J.S. Bach",pdf,5,5
RubricNet,1,2.0,"Partita in A Minor, BWV 1013: iv. Bourree Anglaise||J.S. Bach",pdf,4,4
RubricNet,1,2.0,"Partita No. 1, BWV 825: v.  Minuet I and II||J.S. Bach",pdf,3,3
RubricNet,1,2.0,"Partita, BWV 1002: v. Sarabande||J.S. Bach",dada_gp,2,2
RubricNet,1,2.0,Passacaille||Silvius Leopold Weiss,pdf,5,5
RubricNet,1,2.0,Pavana I||Luis Milan,dada_gp,0,1
RubricNet,1,2.0,Pictures at an Exhibition: Promenade (Pg. 11)||Modest Mussorgsky,pdf,7,3
RubricNet,1,2.0,Prelude No. 4||Francisco Tarrega,pdf,3,4
RubricNet,1,2.0,Prelude Opus 28 No. 20||Frederic Chopin,pdf,4,5
RubricNet,1,2.0,Serenata Morisca||Agustin Barrios Mangore,pdf,4,6
RubricNet,1,2.0,"Sonata in E minor, BWV 1023 - ii. Allemande||J.S. Bach",pdf,5,3
RubricNet,1,2.0,Sonata in G (K. 431)||Domenico Scarlatti,pdf,3,3
RubricNet,1,2.0,"Studio in Si Minore, Op. 35 no. 22||Fernando Sor",gaps,1,1
RubricNet,1,2.0,"Study in E Minor, Op. 35 no. 18||Fernando Sor",pdf,1,2
RubricNet,1,2.0,"Study, Op. 60 no. 18||Matteo Carcassi",pdf,2,2
RubricNet,1,2.0,"Study, Op. 60 no. 2||Matteo Carcassi",pdf,1,3
RubricNet,1,2.0,"Study, Op. 60 no. 23||Matteo Carcassi",pdf,2,2
RubricNet,1,2.0,"Study, Op. 60 no. 9||Matteo Carcassi",pdf,5,3
RubricNet,1,2.0,"Suite 1 for Cello, BWV 1007: i. Prelude||J.S. Bach",pdf,3,5
RubricNet,1,2.0,"Suite 2 for Cello, BWV 1008: ii. Allemande||J.S. Bach",pdf,2,3
RubricNet,1,2.0,"Suite 2 for Cello, BWV 1008: iv. Sarabande||J.S. Bach",pdf,2,2
RubricNet,1,2.0,"Suite 3 for Cello, BWV 1009: iv. Sarabande||J.S. Bach",pdf,4,4
RubricNet,1,2.0,"Suite 6 for Cello, BWV 1012: i . Prelude||J.S. Bach",pdf,4,5
RubricNet,1,2.0,Suite Castellana: Arada||Federico Moreno-Torroba,pdf,4,5
RubricNet,1,2.0,Suite en La Mayor: Chacona||Gaspar Sanz,pdf,3,2
RubricNet,1,2.0,Suite en Re Mayor: 2. Rujero y Paradetas||Gaspar Sanz,pdf,1,0
RubricNet,1,2.0,"Suite, BWV 997: iii. Sarabande||J.S. Bach",dada_gp,3,3
RubricNet,1,2.0,Tango En Skai||Roland Dyens,dada_gp,6,5
RubricNet,1,2.0,The Prince's Toys: The Doll with Blinking Eyes||Nikita Koshkin,pdf,6,5
RubricNet,1,2.0,Theme from Op. 102||Mauro Giuliani,pdf,2,2
RubricNet,1,2.0,Tombeau Sur La Mort De M. Comte De Logy||Silvius Leopold Weiss,pdf,5,5
RubricNet,1,2.0,Valse; Op. 64 no. 2||Frederic Chopin,pdf,7,5
RubricNet,1,2.0,Valses Poeticos - Valse No. 7||Enrique Granados,pdf,7,2
RubricNet,1,2.0,Villano||Gaspar Sanz,pdf,0,1
RubricNet,1,2.0,"Waltz, Op. 39 no. 15||Johannes Brahms",pdf,2,0
RubricNet,1,2.0,Air||Anonymous,pdf,1,1
RubricNet,1,2.0,Allegro||Domenico Scarlatti,pdf,3,2
RubricNet,1,2.0,"Allegro, Op. 100 no. 11||Mauro Giuliani",pdf,2,2
RubricNet,1,2.0,"Cadenzas, Caprices, Rondos & Preludes, Op. 100: 1. Cadenze||Mauro Giuliani",pdf,0,1
RubricNet,1,2.0,"Cadenzas, Caprices, Rondos & Preludes, Op. 100: 21. Preludi||Mauro Giuliani",pdf,4,2
RubricNet,1,2.0,"Cadenzas, Caprices, Rondos & Preludes, Op. 100: 4. Cadenze||Mauro Giuliani",pdf,1,2
RubricNet,1,2.0,"Cadenzas, Caprices, Rondos & Preludes, Op. 100: 7. Cadenze||Mauro Giuliani",pdf,1,1
RubricNet,1,2.0,Carora (Valse Venezolano)||Antonio Lauro,dada_gp,6,4
RubricNet,1,2.0,Dedicatoria||Enrique Granados,pdf,2,4
RubricNet,1,2.0,Divagaciones Criollas||Agustin Barrios Mandore,pdf,2,4
RubricNet,1,2.0,Estudios Sencillos: VI||Leo Brouwer,pdf,2,2
RubricNet,1,2.0,Estudios Sencillos: XII||Leo Brouwer,pdf,1,0
RubricNet,1,2.0,Estudios Sencillos: XIV||Leo Brouwer,pdf,4,2
RubricNet,1,2.0,Estudios Sencillos: XX||Leo Brouwer,pdf,4,3
RubricNet,1,2.0,Fantasia||John Dowland,dada_gp,5,4
RubricNet,1,2.0,Lesson 29||Dionisio Aguado,pdf,1,2
RubricNet,1,2.0,Passacaille (from Great Suite #7 for Harpsichord)||George Friedrich Handel,pdf,4,5
RubricNet,1,2.0,Queen Elizabeth's Galliard||John Dowland,pdf,3,2
RubricNet,1,2.0,Twenty-one Lessons: 12||Dionisio Aguado,pdf,0,1
RubricNet,1,2.0,Twenty-one Lessons: 16||Dionisio Aguado,pdf,1,0
RubricNet,1,2.0,Twenty-one Lessons: 17||Dionisio Aguado,pdf,1,1
RubricNet,1,2.0,Twenty-one Lessons: 2||Dionisio Aguado,pdf,0,2
RubricNet,1,2.0,Twenty-one Lessons: 20||Dionisio Aguado,pdf,0,1
RubricNet,1,2.0,Twenty-one Lessons: 4||Dionisio Aguado,pdf,0,0
RubricNet,1,2.0,Twenty-one Lessons: 9||Dionisio Aguado,pdf,0,0
RubricNet,1,2.0,Estudio 18||Fernando Sor,pdf,2,5
RubricNet,1,2.0,Estudio 7||Fernando Sor,pdf,2,3
RubricNet,1,2.0,Estudio 9||Fernando Sor,pdf,2,2
RubricNet,1,2.0,Fortune||John Dowland,pdf,3,0
RubricNet,1,2.0,Gavotte No. 1 (from Lute Suite No. 3); BWV 995||J.S. Bach,dada_gp,5,2
RubricNet,1,2.0,"Grand Ouverture, Op. 61||Mauro Giuliani",pdf,6,6
RubricNet,1,2.0,Poco Allegretto||Ferdinando Carulli,pdf,0,1
RubricNet,1,2.0,Nocturne Opus 9 No. 2||Frederic Chopin,pdf,7,5
RubricNet,1,2.0,Tarantos||Leo Brouwer,dada_gp,7,6
RubricNet,1,2.0,"24 Caprices, Op. 1: 16||Niccolo Paganini",pdf,7,6
Fuzzy Complete Search,1,,24 Piezas Sudamericanas: 1. Cueca Chilena||Jorge Cardoso,pdf,4,4
Fuzzy Complete Search,1,,24 Piezas Sudamericanas: 2. Chacarera||Jorge Cardoso,pdf,5,5
Fuzzy Complete Search,1,,24 Piezas Sudamericanas: 24. Milonga||Jorge Cardoso,dada_gp,3,3
Fuzzy Complete Search,1,,"Adagio, Aria, and Fugue; BWV 992: iii. Fugue||J.S. Bach",pdf,6,4
Fuzzy Complete Search,1,,"Agitato, Op. 51 no. 3||Mauro Giuliani",pdf,1,0
Fuzzy Complete Search,1,,Air on a G String||J. S. Bach,pdf,4,1
Fuzzy Complete Search,1,,"Aire de Zamba (from the ""Suite Andina"")||Agustin Barrios Mandore",pdf,4,4
Fuzzy Complete Search,1,,Aires Andaluces||Agustin Barrios Mandore,pdf,6,6
Fuzzy Complete Search,1,,"Allegretto, Op. 35 no. 8||Fernando Sor",pdf,1,1
Fuzzy Complete Search,1,,"Allegretto, Op. 60 no. 8||Fernando Sor",pdf,0,0
Fuzzy Complete Search,1,,"Allegro Moderato, Op. 38 no. 23||Napoleon Coste",pdf,4,3
Fuzzy Complete Search,1,,"Allemande, BWV 996||J.S. Bach",pdf,4,3
Fuzzy Complete Search,1,,"Andante, Op. 241 no. 17||Ferdinando Carulli",pdf,0,1
Fuzzy Complete Search,1,,"Andantino, Op. 6 no. 8||Fernando Sor",pdf,2,1
Fuzzy Complete Search,1,,Arabescos (Estudio No. 4)||Agustin Barrios Mandore,pdf,5,7
Fuzzy Complete Search,1,,Balleto||Jean-Baptiste Besard,pdf,2,1
Fuzzy Complete Search,1,,Batalla (Battle)||Gaspar Sanz,pdf,0,0
Fuzzy Complete Search,1,,Cantabile||Dionisio Aguado,dada_gp,0,3
Fuzzy Complete Search,1,,Capricho Arabe||Francisco Tarrega,dada_gp,6,7
Fuzzy Complete Search,1,,Castles of Spain: Siguenza (La Infanta Dureme)||F. Moreno-Torroba,pdf,3,4
Fuzzy Complete Search,1,,Cinco Piezas para guitarra: III. Acentuado||Astor Piazzolla,pdf,6,7
Fuzzy Complete Search,1,,Cinco Piezas para guitarra: V. Compadre||Astor Piazzolla,pdf,5,6
Fuzzy Complete Search,1,,"Clarines y trompetas con canciones muy curiosas Espanolas y de estranjeras naciones (Bugles and Trumpets with Very Interesting Spanish Songs, as well as Songs from Other Foreign Countries)||Gaspar Sanz",pdf,0,0
Fuzzy Complete Search,1,,Danza Guarani||Agustin Barrios Mandore,pdf,5,6
Fuzzy Complete Search,1,,"Diferencias Sobre ""Guardame Las Vacas""||Luys de Narvaez",pdf,3,2
Fuzzy Complete Search,1,,Douze Etudes - Etude No. 12||Heitor Villa-Lobos,pdf,6,7
Fuzzy Complete Search,1,,Douze Etudes - Etude No. 4||Heitor Villa-Lobos,pdf,5,6
Fuzzy Complete Search,1,,Dove son quei fieri occhi?||Anonymous,pdf,1,1
Fuzzy Complete Search,1,,Einleitende Etuden (Introductory Studies); Op. 60 no. 1||Fernando Sor,pdf,0,0
Fuzzy Complete Search,1,,Einleitende Etuden (Introductory Studies); Op. 60 no. 17||Fernando Sor,pdf,1,0
Fuzzy Complete Search,1,,Einleitende Etuden (Introductory Studies); Op. 60 no. 21||Fernando Sor,pdf,3,1
Fuzzy Complete Search,1,,Einleitende Etuden (Introductory Studies); Op. 60 no. 4||Fernando Sor,pdf,0,0
Fuzzy Complete Search,1,,El Amable||Jose Ferrer,pdf,1,2
Fuzzy Complete Search,1,,Estudio Inconcluso||Agustin Barrios Mandore,pdf,2,2
Fuzzy Complete Search,1,,"Etude, Op. 60 no. 19||Matteo Carcassi",pdf,2,1
Fuzzy Complete Search,1,,"Etude, Op. 60 no. 25||Matteo Carcassi",pdf,5,7
Fuzzy Complete Search,1,,Exercise 8||Dionisio Aguado,pdf,0,3
Fuzzy Complete Search,1,,Fabiniana||Agustin Barrios Mandore,pdf,3,6
Fuzzy Complete Search,1,,Fantasia||Anonymous,pdf,1,2
Fuzzy Complete Search,1,,Four Easy Studies: No. 1 in C||Dionisio Aguado,pdf,0,1
Fuzzy Complete Search,1,,Four Easy Studies: No. 3 in A||Dionisio Aguado,pdf,0,3
Fuzzy Complete Search,1,,"Gavotte 1 (from Suite #6 for Violoncello, BWV 1012)||J.S. Bach",pdf,2,1
Fuzzy Complete Search,1,,Gnossienne No. 1 (from Trois Snossiennes)||Erik Satie,pdf,2,4
Fuzzy Complete Search,1,,La Catedral - iii.  Allegro Solemne||Agustin Barrios Mandore,pdf,6,3
Fuzzy Complete Search,1,,"Larghetto, Op. 50 no. 17||Mauro Giuliani",pdf,1,0
Fuzzy Complete Search,1,,Las Abejas||Agustin Barrios Mandore,pdf,4,4
Fuzzy Complete Search,1,,Le Petit-Rien (Rondeau)||Francois Couperin,pdf,3,0
Fuzzy Complete Search,1,,"Lesson, Op. 31 no. 4||Fernando Sor",pdf,1,2
Fuzzy Complete Search,1,,Libra Sonatine: A. India||Roland Dyens,dada_gp,6,7
Fuzzy Complete Search,1,,Little Italian Song (from Album for the Young); Op. 39 no. 15||Peter Ilyitch Tchaikovsky,pdf,2,2
Fuzzy Complete Search,1,,Mabelita||Agustin Barrios Mandore,pdf,3,6
Fuzzy Complete Search,1,,"Menuet, Op. 22||Fernando Sor",pdf,2,2
Fuzzy Complete Search,1,,"Minuet II, BWV 1007||J.S. Bach",pdf,2,3
Fuzzy Complete Search,1,,Minueto en La||Agustin Barrios Mangore,dada_gp,2,6
Fuzzy Complete Search,1,,"Moderato, Op. 31 no. 1||Ferdinando Sor",dada_gp,0,0
Fuzzy Complete Search,1,,"Moderato, Op. 39 no. 15||Anton Diabelli",pdf,0,0
Fuzzy Complete Search,1,,Oremus||Francisco Tarrega,pdf,2,7
Fuzzy Complete Search,1,,Partita III: BWV 1006: v. Bourree||J.S. Bach,pdf,5,2
Fuzzy Complete Search,1,,"Partita in A Minor, BWV 1013: i. Allemande||J.S. Bach",pdf,5,6
Fuzzy Complete Search,1,,"Partita in A Minor, BWV 1013: iv. Bourree Anglaise||J.S. Bach",pdf,4,3
Fuzzy Complete Search,1,,"Partita No. 1, BWV 825: v.  Minuet I and II||J.S. Bach",pdf,3,3
Fuzzy Complete Search,1,,"Partita, BWV 1002: v. Sarabande||J.S. Bach",dada_gp,2,2
Fuzzy Complete Search,1,,Passacaille||Silvius Leopold Weiss,pdf,5,4
Fuzzy Complete Search,1,,Pavana I||Luis Milan,dada_gp,0,1
Fuzzy Complete Search,1,,Pictures at an Exhibition: Promenade (Pg. 11)||Modest Mussorgsky,pdf,7,1
Fuzzy Complete Search,1,,Prelude No. 4||Francisco Tarrega,pdf,3,7
Fuzzy Complete Search,1,,Prelude Opus 28 No. 20||Frederic Chopin,pdf,4,6
Fuzzy Complete Search,1,,Serenata Morisca||Agustin Barrios Mangore,pdf,4,5
Fuzzy Complete Search,1,,"Sonata in E minor, BWV 1023 - ii. Allemande||J.S. Bach",pdf,5,5
Fuzzy Complete Search,1,,Sonata in G (K. 431)||Domenico Scarlatti,pdf,3,6
Fuzzy Complete Search,1,,"Studio in Si Minore, Op. 35 no. 22||Fernando Sor",gaps,1,1
Fuzzy Complete Search,1,,"Study in E Minor, Op. 35 no. 18||Fernando Sor",pdf,1,5
Fuzzy Complete Search,1,,"Study, Op. 60 no. 18||Matteo Carcassi",pdf,2,4
Fuzzy Complete Search,1,,"Study, Op. 60 no. 2||Matteo Carcassi",pdf,1,3
Fuzzy Complete Search,1,,"Study, Op. 60 no. 23||Matteo Carcassi",pdf,2,1
Fuzzy Complete Search,1,,"Study, Op. 60 no. 9||Matteo Carcassi",pdf,5,7
Fuzzy Complete Search,1,,"Suite 1 for Cello, BWV 1007: i. Prelude||J.S. Bach",pdf,3,4
Fuzzy Complete Search,1,,"Suite 2 for Cello, BWV 1008: ii. Allemande||J.S. Bach",pdf,2,3
Fuzzy Complete Search,1,,"Suite 2 for Cello, BWV 1008: iv. Sarabande||J.S. Bach",pdf,2,2
Fuzzy Complete Search,1,,"Suite 3 for Cello, BWV 1009: iv. Sarabande||J.S. Bach",pdf,4,4
Fuzzy Complete Search,1,,"Suite 6 for Cello, BWV 1012: i . Prelude||J.S. Bach",pdf,4,5
Fuzzy Complete Search,1,,Suite Castellana: Arada||Federico Moreno-Torroba,pdf,4,6
Fuzzy Complete Search,1,,Suite en La Mayor: Chacona||Gaspar Sanz,pdf,3,2
Fuzzy Complete Search,1,,Suite en Re Mayor: 2. Rujero y Paradetas||Gaspar Sanz,pdf,1,0
Fuzzy Complete Search,1,,"Suite, BWV 997: iii. Sarabande||J.S. Bach",dada_gp,3,3
Fuzzy Complete Search,1,,Tango En Skai||Roland Dyens,dada_gp,6,3
Fuzzy Complete Search,1,,The Prince's Toys: The Doll with Blinking Eyes||Nikita Koshkin,pdf,6,6
Fuzzy Complete Search,1,,Theme from Op. 102||Mauro Giuliani,pdf,2,3
Fuzzy Complete Search,1,,Tombeau Sur La Mort De M. Comte De Logy||Silvius Leopold Weiss,pdf,5,6
Fuzzy Complete Search,1,,Valse; Op. 64 no. 2||Frederic Chopin,pdf,7,7
Fuzzy Complete Search,1,,Valses Poeticos - Valse No. 7||Enrique Granados,pdf,7,2
Fuzzy Complete Search,1,,Villano||Gaspar Sanz,pdf,0,0
Fuzzy Complete Search,1,,"Waltz, Op. 39 no. 15||Johannes Brahms",pdf,2,1
Fuzzy Complete Search,1,,Air||Anonymous,pdf,1,1
Fuzzy Complete Search,1,,Allegro||Domenico Scarlatti,pdf,3,2
Fuzzy Complete Search,1,,"Allegro, Op. 100 no. 11||Mauro Giuliani",pdf,2,4
Fuzzy Complete Search,1,,"Cadenzas, Caprices, Rondos & Preludes, Op. 100: 1. Cadenze||Mauro Giuliani",pdf,0,0
Fuzzy Complete Search,1,,"Cadenzas, Caprices, Rondos & Preludes, Op. 100: 21. Preludi||Mauro Giuliani",pdf,4,4
Fuzzy Complete Search,1,,"Cadenzas, Caprices, Rondos & Preludes, Op. 100: 4. Cadenze||Mauro Giuliani",pdf,1,1
Fuzzy Complete Search,1,,"Cadenzas, Caprices, Rondos & Preludes, Op. 100: 7. Cadenze||Mauro Giuliani",pdf,1,0
Fuzzy Complete Search,1,,Carora (Valse Venezolano)||Antonio Lauro,dada_gp,6,7
Fuzzy Complete Search,1,,Dedicatoria||Enrique Granados,pdf,2,6
Fuzzy Complete Search,1,,Divagaciones Criollas||Agustin Barrios Mandore,pdf,2,4
Fuzzy Complete Search,1,,Estudios Sencillos: VI||Leo Brouwer,pdf,2,0
Fuzzy Complete Search,1,,Estudios Sencillos: XII||Leo Brouwer,pdf,1,0
Fuzzy Complete Search,1,,Estudios Sencillos: XIV||Leo Brouwer,pdf,4,2
Fuzzy Complete Search,1,,Estudios Sencillos: XX||Leo Brouwer,pdf,4,6
Fuzzy Complete Search,1,,Fantasia||John Dowland,dada_gp,5,2
Fuzzy Complete Search,1,,Lesson 29||Dionisio Aguado,pdf,1,2
Fuzzy Complete Search,1,,Passacaille (from Great Suite #7 for Harpsichord)||George Friedrich Handel,pdf,4,6
Fuzzy Complete Search,1,,Queen Elizabeth's Galliard||John Dowland,pdf,3,2
Fuzzy Complete Search,1,,Twenty-one Lessons: 12||Dionisio Aguado,pdf,0,1
Fuzzy Complete Search,1,,Twenty-one Lessons: 16||Dionisio Aguado,pdf,1,1
Fuzzy Complete Search,1,,Twenty-one Lessons: 17||Dionisio Aguado,pdf,1,1
Fuzzy Complete Search,1,,Twenty-one Lessons: 2||Dionisio Aguado,pdf,0,0
Fuzzy Complete Search,1,,Twenty-one Lessons: 20||Dionisio Aguado,pdf,0,1
Fuzzy Complete Search,1,,Twenty-one Lessons: 4||Dionisio Aguado,pdf,0,1
Fuzzy Complete Search,1,,Twenty-one Lessons: 9||Dionisio Aguado,pdf,0,1
Fuzzy Complete Search,1,,Estudio 18||Fernando Sor,pdf,2,5
Fuzzy Complete Search,1,,Estudio 7||Fernando Sor,pdf,2,2
Fuzzy Complete Search,1,,Estudio 9||Fernando Sor,pdf,2,2
Fuzzy Complete Search,1,,Fortune||John Dowland,pdf,3,0
Fuzzy Complete Search,1,,Gavotte No. 1 (from Lute Suite No. 3); BWV 995||J.S. Bach,dada_gp,5,0
Fuzzy Complete Search,1,,"Grand Ouverture, Op. 61||Mauro Giuliani",pdf,6,5
Fuzzy Complete Search,1,,Poco Allegretto||Ferdinando Carulli,pdf,0,1
Fuzzy Complete Search,1,,Nocturne Opus 9 No. 2||Frederic Chopin,pdf,7,5
Fuzzy Complete Search,1,,Tarantos||Leo Brouwer,dada_gp,7,6
Fuzzy Complete Search,1,,"24 Caprices, Op. 1: 16||Niccolo Paganini",pdf,7,7
Fuzzy Pattern Tree,1,,24 Piezas Sudamericanas: 1. Cueca Chilena||Jorge Cardoso,pdf,4,7
Fuzzy Pattern Tree,1,,24 Piezas Sudamericanas: 2. Chacarera||Jorge Cardoso,pdf,5,5
Fuzzy Pattern Tree,1,,24 Piezas Sudamericanas: 24. Milonga||Jorge Cardoso,dada_gp,3,3
Fuzzy Pattern Tree,1,,"Adagio, Aria, and Fugue; BWV 992: iii. Fugue||J.S. Bach",pdf,6,5
Fuzzy Pattern Tree,1,,"Agitato, Op. 51 no. 3||Mauro Giuliani",pdf,1,0
Fuzzy Pattern Tree,1,,Air on a G String||J. S. Bach,pdf,4,1
Fuzzy Pattern Tree,1,,"Aire de Zamba (from the ""Suite Andina"")||Agustin Barrios Mandore",pdf,4,7
Fuzzy Pattern Tree,1,,Aires Andaluces||Agustin Barrios Mandore,pdf,6,7
Fuzzy Pattern Tree,1,,"Allegretto, Op. 35 no. 8||Fernando Sor",pdf,1,1
Fuzzy Pattern Tree,1,,"Allegretto, Op. 60 no. 8||Fernando Sor",pdf,0,0
Fuzzy Pattern Tree,1,,"Allegro Moderato, Op. 38 no. 23||Napoleon Coste",pdf,4,7
Fuzzy Pattern Tree,1,,"Allemande, BWV 996||J.S. Bach",pdf,4,3
Fuzzy Pattern Tree,1,,"Andante, Op. 241 no. 17||Ferdinando Carulli",pdf,0,0
Fuzzy Pattern Tree,1,,"Andantino, Op. 6 no. 8||Fernando Sor",pdf,2,1
Fuzzy Pattern Tree,1,,Arabescos (Estudio No. 4)||Agustin Barrios Mandore,pdf,5,5
Fuzzy Pattern Tree,1,,Balleto||Jean-Baptiste Besard,pdf,2,1
Fuzzy Pattern Tree,1,,Batalla (Battle)||Gaspar Sanz,pdf,0,0
Fuzzy Pattern Tree,1,,Cantabile||Dionisio Aguado,dada_gp,0,4
Fuzzy Pattern Tree,1,,Capricho Arabe||Francisco Tarrega,dada_gp,6,7
Fuzzy Pattern Tree,1,,Castles of Spain: Siguenza (La Infanta Dureme)||F. Moreno-Torroba,pdf,3,3
Fuzzy Pattern Tree,1,,Cinco Piezas para guitarra: III. Acentuado||Astor Piazzolla,pdf,6,7
Fuzzy Pattern Tree,1,,Cinco Piezas para guitarra: V. Compadre||Astor Piazzolla,pdf,5,7
Fuzzy Pattern Tree,1,,"Clarines y trompetas con canciones muy curiosas Espanolas y de estranjeras naciones (Bugles and Trumpets with Very Interesting Spanish Songs, as well as Songs from Other Foreign Countries)||Gaspar Sanz",pdf,0,1
Fuzzy Pattern Tree,1,,Danza Guarani||Agustin Barrios Mandore,pdf,5,3
Fuzzy Pattern Tree,1,,"Diferencias Sobre ""Guardame Las Vacas""||Luys de Narvaez",pdf,3,2
Fuzzy Pattern Tree,1,,Douze Etudes - Etude No. 12||Heitor Villa-Lobos,pdf,6,6
Fuzzy Pattern Tree,1,,Douze Etudes - Etude No. 4||Heitor Villa-Lobos,pdf,5,6
Fuzzy Pattern Tree,1,,Dove son quei fieri occhi?||Anonymous,pdf,1,0
Fuzzy Pattern Tree,1,,Einleitende Etuden (Introductory Studies); Op. 60 no. 1||Fernando Sor,pdf,0,0
Fuzzy Pattern Tree,1,,Einleitende Etuden (Introductory Studies); Op. 60 no. 17||Fernando Sor,pdf,1,0
Fuzzy Pattern Tree,1,,Einleitende Etuden (Introductory Studies); Op. 60 no. 21||Fernando Sor,pdf,3,2
Fuzzy Pattern Tree,1,,Einleitende Etuden (Introductory Studies); Op. 60 no. 4||Fernando Sor,pdf,0,0
Fuzzy Pattern Tree,1,,El Amable||Jose Ferrer,pdf,1,0
Fuzzy Pattern Tree,1,,Estudio Inconcluso||Agustin Barrios Mandore,pdf,2,3
Fuzzy Pattern Tree,1,,"Etude, Op. 60 no. 19||Matteo Carcassi",pdf,2,1
Fuzzy Pattern Tree,1,,"Etude, Op. 60 no. 25||Matteo Carcassi",pdf,5,4
Fuzzy Pattern Tree,1,,Exercise 8||Dionisio Aguado,pdf,0,5
Fuzzy Pattern Tree,1,,Fabiniana||Agustin Barrios Mandore,pdf,3,5
Fuzzy Pattern Tree,1,,Fantasia||Anonymous,pdf,1,1
Fuzzy Pattern Tree,1,,Four Easy Studies: No. 1 in C||Dionisio Aguado,pdf,0,1
Fuzzy Pattern Tree,1,,Four Easy Studies: No. 3 in A||Dionisio Aguado,pdf,0,0
Fuzzy Pattern Tree,1,,"Gavotte 1 (from Suite #6 for Violoncello, BWV 1012)||J.S. Bach",pdf,2,0
Fuzzy Pattern Tree,1,,Gnossienne No. 1 (from Trois Snossiennes)||Erik Satie,pdf,2,4
Fuzzy Pattern Tree,1,,La Catedral - iii.  Allegro Solemne||Agustin Barrios Mandore,pdf,6,4
Fuzzy Pattern Tree,1,,"Larghetto, Op. 50 no. 17||Mauro Giuliani",pdf,1,2
Fuzzy Pattern Tree,1,,Las Abejas||Agustin Barrios Mandore,pdf,4,5
Fuzzy Pattern Tree,1,,Le Petit-Rien (Rondeau)||Francois Couperin,pdf,3,0
Fuzzy Pattern Tree,1,,"Lesson, Op. 31 no. 4||Fernando Sor",pdf,1,2
Fuzzy Pattern Tree,1,,Libra Sonatine: A. India||Roland Dyens,dada_gp,6,1
Fuzzy Pattern Tree,1,,Little Italian Song (from Album for the Young); Op. 39 no. 15||Peter Ilyitch Tchaikovsky,pdf,2,3
Fuzzy Pattern Tree,1,,Mabelita||Agustin Barrios Mandore,pdf,3,3
Fuzzy Pattern Tree,1,,"Menuet, Op. 22||Fernando Sor",pdf,2,3
Fuzzy Pattern Tree,1,,"Minuet II, BWV 1007||J.S. Bach",pdf,2,3
Fuzzy Pattern Tree,1,,Minueto en La||Agustin Barrios Mangore,dada_gp,2,4
Fuzzy Pattern Tree,1,,"Moderato, Op. 31 no. 1||Ferdinando Sor",dada_gp,0,0
Fuzzy Pattern Tree,1,,"Moderato, Op. 39 no. 15||Anton Diabelli",pdf,0,0
Fuzzy Pattern Tree,1,,Oremus||Francisco Tarrega,pdf,2,5
Fuzzy Pattern Tree,1,,Partita III: BWV 1006: v. Bourree||J.S. Bach,pdf,5,2
Fuzzy Pattern Tree,1,,"Partita in A Minor, BWV 1013: i. Allemande||J.S. Bach",pdf,5,7
Fuzzy Pattern Tree,1,,"Partita in A Minor, BWV 1013: iv. Bourree Anglaise||J.S. Bach",pdf,4,4
Fuzzy Pattern Tree,1,,"Partita No. 1, BWV 825: v.  Minuet I and II||J.S. Bach",pdf,3,4
Fuzzy Pattern Tree,1,,"Partita, BWV 1002: v. Sarabande||J.S. Bach",dada_gp,2,2
Fuzzy Pattern Tree,1,,Passacaille||Silvius Leopold Weiss,pdf,5,4
Fuzzy Pattern Tree,1,,Pavana I||Luis Milan,dada_gp,0,2
Fuzzy Pattern Tree,1,,Pictures at an Exhibition: Promenade (Pg. 11)||Modest Mussorgsky,pdf,7,1
Fuzzy Pattern Tree,1,,Prelude No. 4||Francisco Tarrega,pdf,3,2
Fuzzy Pattern Tree,1,,Prelude Opus 28 No. 20||Frederic Chopin,pdf,4,3
Fuzzy Pattern Tree,1,,Serenata Morisca||Agustin Barrios Mangore,pdf,4,6
Fuzzy Pattern Tree,1,,"Sonata in E minor, BWV 1023 - ii. Allemande||J.S. Bach",pdf,5,6
Fuzzy Pattern Tree,1,,Sonata in G (K. 431)||Domenico Scarlatti,pdf,3,5
Fuzzy Pattern Tree,1,,"Studio in Si Minore, Op. 35 no. 22||Fernando Sor",gaps,1,1
Fuzzy Pattern Tree,1,,"Study in E Minor, Op. 35 no. 18||Fernando Sor",pdf,1,1
Fuzzy Pattern Tree,1,,"Study, Op. 60 no. 18||Matteo Carcassi",pdf,2,2
Fuzzy Pattern Tree,1,,"Study, Op. 60 no. 2||Matteo Carcassi",pdf,1,5
Fuzzy Pattern Tree,1,,"Study, Op. 60 no. 23||Matteo Carcassi",pdf,2,5
Fuzzy Pattern Tree,1,,"Study, Op. 60 no. 9||Matteo Carcassi",pdf,5,7
Fuzzy Pattern Tree,1,,"Suite 1 for Cello, BWV 1007: i. Prelude||J.S. Bach",pdf,3,4
Fuzzy Pattern Tree,1,,"Suite 2 for Cello, BWV 1008: ii. Allemande||J.S. Bach",pdf,2,3
Fuzzy Pattern Tree,1,,"Suite 2 for Cello, BWV 1008: iv. Sarabande||J.S. Bach",pdf,2,3
Fuzzy Pattern Tree,1,,"Suite 3 for Cello, BWV 1009: iv. Sarabande||J.S. Bach",pdf,4,2
Fuzzy Pattern Tree,1,,"Suite 6 for Cello, BWV 1012: i . Prelude||J.S. Bach",pdf,4,5
Fuzzy Pattern Tree,1,,Suite Castellana: Arada||Federico Moreno-Torroba,pdf,4,7
Fuzzy Pattern Tree,1,,Suite en La Mayor: Chacona||Gaspar Sanz,pdf,3,1
Fuzzy Pattern Tree,1,,Suite en Re Mayor: 2. Rujero y Paradetas||Gaspar Sanz,pdf,1,0
Fuzzy Pattern Tree,1,,"Suite, BWV 997: iii. Sarabande||J.S. Bach",dada_gp,3,4
Fuzzy Pattern Tree,1,,Tango En Skai||Roland Dyens,dada_gp,6,5
Fuzzy Pattern Tree,1,,The Prince's Toys: The Doll with Blinking Eyes||Nikita Koshkin,pdf,6,6
Fuzzy Pattern Tree,1,,Theme from Op. 102||Mauro Giuliani,pdf,2,3
Fuzzy Pattern Tree,1,,Tombeau Sur La Mort De M. Comte De Logy||Silvius Leopold Weiss,pdf,5,4
Fuzzy Pattern Tree,1,,Valse; Op. 64 no. 2||Frederic Chopin,pdf,7,6
Fuzzy Pattern Tree,1,,Valses Poeticos - Valse No. 7||Enrique Granados,pdf,7,2
Fuzzy Pattern Tree,1,,Villano||Gaspar Sanz,pdf,0,0
Fuzzy Pattern Tree,1,,"Waltz, Op. 39 no. 15||Johannes Brahms",pdf,2,1
Fuzzy Pattern Tree,1,,Air||Anonymous,pdf,1,0
Fuzzy Pattern Tree,1,,Allegro||Domenico Scarlatti,pdf,3,2
Fuzzy Pattern Tree,1,,"Allegro, Op. 100 no. 11||Mauro Giuliani",pdf,2,1
Fuzzy Pattern Tree,1,,"Cadenzas, Caprices, Rondos & Preludes, Op. 100: 1. Cadenze||Mauro Giuliani",pdf,0,0
Fuzzy Pattern Tree,1,,"Cadenzas, Caprices, Rondos & Preludes, Op. 100: 21. Preludi||Mauro Giuliani",pdf,4,3
Fuzzy Pattern Tree,1,,"Cadenzas, Caprices, Rondos & Preludes, Op. 100: 4. Cadenze||Mauro Giuliani",pdf,1,2
Fuzzy Pattern Tree,1,,"Cadenzas, Caprices, Rondos & Preludes, Op. 100: 7. Cadenze||Mauro Giuliani",pdf,1,0
Fuzzy Pattern Tree,1,,Carora (Valse Venezolano)||Antonio Lauro,dada_gp,6,5
Fuzzy Pattern Tree,1,,Dedicatoria||Enrique Granados,pdf,2,5
Fuzzy Pattern Tree,1,,Divagaciones Criollas||Agustin Barrios Mandore,pdf,2,4
Fuzzy Pattern Tree,1,,Estudios Sencillos: VI||Leo Brouwer,pdf,2,0
Fuzzy Pattern Tree,1,,Estudios Sencillos: XII||Leo Brouwer,pdf,1,1
Fuzzy Pattern Tree,1,,Estudios Sencillos: XIV||Leo Brouwer,pdf,4,1
Fuzzy Pattern Tree,1,,Estudios Sencillos: XX||Leo Brouwer,pdf,4,7
Fuzzy Pattern Tree,1,,Fantasia||John Dowland,dada_gp,5,6
Fuzzy Pattern Tree,1,,Lesson 29||Dionisio Aguado,pdf,1,2
Fuzzy Pattern Tree,1,,Passacaille (from Great Suite #7 for Harpsichord)||George Friedrich Handel,pdf,4,6
Fuzzy Pattern Tree,1,,Queen Elizabeth's Galliard||John Dowland,pdf,3,2
Fuzzy Pattern Tree,1,,Twenty-one Lessons: 12||Dionisio Aguado,pdf,0,2
Fuzzy Pattern Tree,1,,Twenty-one Lessons: 16||Dionisio Aguado,pdf,1,1
Fuzzy Pattern Tree,1,,Twenty-one Lessons: 17||Dionisio Aguado,pdf,1,0
Fuzzy Pattern Tree,1,,Twenty-one Lessons: 2||Dionisio Aguado,pdf,0,1
Fuzzy Pattern Tree,1,,Twenty-one Lessons: 20||Dionisio Aguado,pdf,0,0
Fuzzy Pattern Tree,1,,Twenty-one Lessons: 4||Dionisio Aguado,pdf,0,0
Fuzzy Pattern Tree,1,,Twenty-one Lessons: 9||Dionisio Aguado,pdf,0,0
Fuzzy Pattern Tree,1,,Estudio 18||Fernando Sor,pdf,2,4
Fuzzy Pattern Tree,1,,Estudio 7||Fernando Sor,pdf,2,4
Fuzzy Pattern Tree,1,,Estudio 9||Fernando Sor,pdf,2,5
Fuzzy Pattern Tree,1,,Fortune||John Dowland,pdf,3,0
Fuzzy Pattern Tree,1,,Gavotte No. 1 (from Lute Suite No. 3); BWV 995||J.S. Bach,dada_gp,5,1
Fuzzy Pattern Tree,1,,"Grand Ouverture, Op. 61||Mauro Giuliani",pdf,6,7
Fuzzy Pattern Tree,1,,Poco Allegretto||Ferdinando Carulli,pdf,0,0
Fuzzy Pattern Tree,1,,Nocturne Opus 9 No. 2||Frederic Chopin,pdf,7,6
Fuzzy Pattern Tree,1,,Tarantos||Leo Brouwer,dada_gp,7,5
Fuzzy Pattern Tree,1,,"24 Caprices, Op. 1: 16||Niccolo Paganini",pdf,7,7
RubricNet,2,0.0,A mi madre (Sonatina)||Agustin Barrios Mangore,pdf,5,6
RubricNet,2,0.0,"Allegretto, Op. 114 no. 9||Ferdinando Carulli",pdf,0,2
RubricNet,2,0.0,"Allegretto, Op. 51 no. 15||Mauro Giuliani",pdf,1,2
RubricNet,2,0.0,"Andante, Op. 44 no. 15||Fernando Sor",pdf,1,1
RubricNet,2,0.0,"Andantino, Op. 60 no. 8||Matteo Carcassi",pdf,1,3
RubricNet,2,0.0,"Anglaise, Op. 121 no. 6||Ferdinando Carulli",pdf,0,1
RubricNet,2,0.0,Ballet||Elias Mertel,pdf,2,2
RubricNet,2,0.0,Canticum||Leo Brouwer,pdf,7,4
RubricNet,2,0.0,"Caprice, Op. 20 no. 7||Luigi Legnani",pdf,4,6
RubricNet,2,0.0,Castles of Spain: Alcaniz (Festiva)||F. Moreno-Torroba,pdf,4,4
RubricNet,2,0.0,Castles of Spain: Torija (Elegia)||F. Moreno-Torroba,pdf,2,5
RubricNet,2,0.0,Castles of Spain: Turegano (Serranilla)||F. Moreno-Torroba,pdf,5,6
RubricNet,2,0.0,Cinq Preludes: Prelude No.  1||Heitor Villa-Lobos,pdf,4,4
RubricNet,2,0.0,Clair de Lune||Claude Debussy,pdf,6,1
RubricNet,2,0.0,Cordoba from Antos de Espana||Isaac Albeniz,pdf,7,6
RubricNet,2,0.0,Courante||Silvius Leopold Weiss,dada_gp,2,1
RubricNet,2,0.0,Dance de las hachas (Dance of the Axes)||Gaspar Sanz,pdf,0,1
RubricNet,2,0.0,Danza Paraguaya||Agustin Barrios Mandore,pdf,4,5
RubricNet,2,0.0,Don Perez Freire (Tango)||Agustin Barrios Mangore,pdf,3,5
RubricNet,2,0.0,Douze Etudes - Etude No. 7||Heitor Villa-Lobos,pdf,6,6
RubricNet,2,0.0,Douze Etudes - Etude No. 8||Heitor Villa-Lobos,pdf,5,5
RubricNet,2,0.0,Einleitende Etuden (Introductory Studies); Op. 60 no. 10||Fernando Sor,pdf,0,1
RubricNet,2,0.0,Einleitende Etuden (Introductory Studies); Op. 60 no. 18||Fernando Sor,pdf,1,1
RubricNet,2,0.0,Einleitende Etuden (Introductory Studies); Op. 60 no. 23||Fernando Sor,pdf,3,1
RubricNet,2,0.0,Einleitende Etuden (Introductory Studies); Op. 60 no. 3||Fernando Sor,pdf,0,1
RubricNet,2,0.0,Endecha||Francisco Tarrega,pdf,2,3
RubricNet,2,0.0,Escala y Preludio||Agustin Barrios Mangore,pdf,2,5
RubricNet,2,0.0,"Etude, Op. 38 no. 23||Napoleon Coste",pdf,4,3
RubricNet,2,0.0,"Etude, Op. 60 no. 5||Matteo Carcassi",pdf,3,2
RubricNet,2,0.0,Exercise no. 10||Dionisio Aguado,pdf,0,2
RubricNet,2,0.0,Fantasia||Alonso de Mudarra,pdf,4,2
RubricNet,2,0.0,Four Easy Studies: No. 4 in E||Dionisio Aguado,pdf,0,1
RubricNet,2,0.0,"Fugue, BWV 1000||J.S. Bach",dada_gp,6,5
RubricNet,2,0.0,"Gavotte 2 (from Suite #6 for Violoncello, BWV 1012)||J.S. Bach",pdf,1,1
RubricNet,2,0.0,Grand Vals||Francisco Tarrega,dada_gp,5,6
RubricNet,2,0.0,Jha che Valle||Agustin Barrios Mandore,pdf,4,3
RubricNet,2,0.0,Jota||Agustin Barrios Mandore,pdf,5,6
RubricNet,2,0.0,La Muerte Del Angel (Tango)||Astor Piazzolla,pdf,5,6
RubricNet,2,0.0,La Samaritana||Agustin Barrios Mandore,pdf,3,4
RubricNet,2,0.0,Lady Hammond's Alman||John Dowland,pdf,3,1
RubricNet,2,0.0,Las Dos Hermanitas||Francisco Tarrega,pdf,4,5
RubricNet,2,0.0,"Lesson, Op. 139 no. 3||Mauro Giuliani",pdf,2,1
RubricNet,2,0.0,London Carape||Agustin Barrios Mandore,pdf,2,5
RubricNet,2,0.0,Lord Strang's March||John Dowland,pdf,5,1
RubricNet,2,0.0,Madrecita||Agustin Barrios Mandore,pdf,2,3
RubricNet,2,0.0,March (from the Notebook of Anna Magdalena Bach)||C.P.E. Bach,dada_gp,2,1
RubricNet,2,0.0,"Menuet (from Pieces de Clavecin, Premier Livre, (Pg. 31)||Jean-Philippe Rameau",pdf,1,1
RubricNet,2,0.0,Minuet In A Minor||Henry Purcell,pdf,2,1
RubricNet,2,0.0,Minueto en Si Mayor||Agustin Barrios Mangore,pdf,3,3
RubricNet,2,0.0,Mrs. Anne Harecourt's Galliard||Francis Pilkington,pdf,2,2
RubricNet,2,0.0,Mrs. Winter's Jump||John Dowland,dada_gp,1,2
RubricNet,2,0.0,"Nocturne, Op. 4 no. 2||Johann Kaspar Mertz",pdf,1,2
RubricNet,2,0.0,Ode to Joy||Ludwig van Beethoven,pdf,0,1
RubricNet,2,0.0,Orlando Sleepeth||John Dowland,pdf,1,1
RubricNet,2,0.0,"Partita for Lute, BWV 997: Sarabande||J.S. Bach",pdf,3,2
RubricNet,2,0.0,"Partita No. 1, BWV 825: iii. Corrente||J.S. Bach",pdf,6,5
RubricNet,2,0.0,Pavan I||Luis Milan,pdf,2,2
RubricNet,2,0.0,Pavana VI||Luis Milan,gaps,1,1
RubricNet,2,0.0,Pepita||Agustin Barrios Mangore,pdf,5,6
RubricNet,2,0.0,Pictures at an Exhibition: V. Ballet of the Little Chickens||Modest Mussorgsky,pdf,7,5
RubricNet,2,0.0,Prelude||Francisco Tarrega,pdf,2,1
RubricNet,2,0.0,"Prelude (from Suite #1 for Violoncello, BWV 1007)||J.S. Bach",pdf,2,3
RubricNet,2,0.0,Prelude 1||Francisco Tarrega,pdf,1,2
RubricNet,2,0.0,Prelude and Allegro||Santiago de Murcia,pdf,1,3
RubricNet,2,0.0,Prelude No. 13||Francisco Tarrega,pdf,2,1
RubricNet,2,0.0,Prelude; Op. 28 no. 6||Frederic Chopin,pdf,4,2
RubricNet,2,0.0,Preludio No. 1||Francisco Tarrega,dada_gp,2,2
RubricNet,2,0.0,Robinson's May||Thomas Robinson,pdf,1,1
RubricNet,2,0.0,Rondo in A Minor||Dionisio Aguado,pdf,7,6
RubricNet,2,0.0,"Rondo, Op. 241 no. 34||Ferdinando Carulli",pdf,1,1
RubricNet,2,0.0,"Sir John Smith, His Almain||John Dowland",pdf,4,2
RubricNet,2,0.0,Sonata Romantica: I||Manuel M. Ponce,pdf,5,6
RubricNet,2,0.0,Sonata Romantica: III||Manuel M. Ponce,pdf,4,4
RubricNet,2,0.0,Sonata Romantica: IV||Manuel M. Ponce,pdf,5,6
RubricNet,2,0.0,"Study, Op. 139 no. 6||Mauro Giuliani",pdf,3,2
RubricNet,2,0.0,"Study, Op. 35 no. 10||Fernando Sor",pdf,0,1
RubricNet,2,0.0,"Study, Op. 39 no. 27||Anton Diabelli",pdf,0,2
RubricNet,2,0.0,"Study, Op. 48 no. 23||Mauro Giuliani",pdf,4,3
RubricNet,2,0.0,"Study, Op. 50 no. 5||Mauro Giuliani",pdf,0,2
RubricNet,2,0.0,"Study, Op. 50 no. 7||Mauro Giuliani",pdf,1,2
RubricNet,2,0.0,"Study, Op. 60 no. 14||Matteo Carcassi",pdf,1,3
RubricNet,2,0.0,"Study, Op. 60 no. 15||Matteo Carcassi",pdf,2,2
RubricNet,2,0.0,"Study, Op. 60 no. 20||Matteo Carcassi",pdf,5,2
RubricNet,2,0.0,"Study, Op. 60 no. 21||Matteo Carcassi",pdf,2,2
RubricNet,2,0.0,"Study, Op. 60 no. 24||Matteo Carcassi",pdf,5,3
RubricNet,2,0.0,"Study, Op. 60 no. 5||Matteo Carcassi",pdf,3,2
RubricNet,2,0.0,"Study, Op. 60 no. 7||Matteo Carcassi",dada_gp,0,2
RubricNet,2,0.0,"Study, Op. 60 no. 8||Matteo Carcassi",dada_gp,2,1
RubricNet,2,0.0,"Suite 2 for Cello, BWV 1008: iii.  Courante||J.S. Bach",pdf,3,2
RubricNet,2,0.0,"Suite 2 for Cello, BWV 1008: vi. Gigue||J.S. Bach",pdf,2,3
RubricNet,2,0.0,"Suite 4 for Cello, BWV 1010: i. Prelude||J.S. Bach",pdf,4,3
RubricNet,2,0.0,"Suite 4 for Cello, BWV 1010: ii. Allemande||J.S. Bach",pdf,2,3
RubricNet,2,0.0,"Suite 5 for Cello, BWV 1011: iii. Courante||J.S. Bach",pdf,3,2
RubricNet,2,0.0,"Suite 6 for Cello, BWV 1012: iv.  Sarabande||J.S. Bach",pdf,2,2
RubricNet,2,0.0,Suite en La Mayor: Passacalles||Gaspar Sanz,pdf,4,3
RubricNet,2,0.0,"Suite, BWV 995: i. Prelude||J.S. Bach",pdf,6,6
RubricNet,2,0.0,"Suite, BWV 996: i. Praeludio||J.S. Bach",pdf,6,4
RubricNet,2,0.0,Swan Lake (Theme); Op. 20||Peter Ilyitch Tchaikovsky,pdf,3,1
RubricNet,2,0.0,Tarantella||Agustin Barrios Mandore,pdf,3,6
RubricNet,2,0.0,Tempo di Minuetto; Op. 2 no. 1||Fernando Sor,pdf,0,1
RubricNet,2,0.0,The Woods So Wild||William Byrd,pdf,1,1
RubricNet,2,0.0,"Toccata and Fugue, BWV 565||J.S. Bach",pdf,6,6
RubricNet,2,0.0,Tres pequenas Piezas para Guitarra: III. Pequena sevillana||Joaquin Rodrigo,pdf,4,5
RubricNet,2,0.0,Un Dia de Noviembre||Leo Brouwer,pdf,3,3
RubricNet,2,0.0,"Vals, Op. 8 no. 4||Agustin Barrios Mandore",pdf,6,6
RubricNet,2,0.0,Volte||Anonymous,pdf,0,1
RubricNet,2,0.0,"Waltz, Op. 241 no. 24||Ferdinando Carulli",pdf,0,1
RubricNet,2,0.0,Wilson's Wilde||Anonymous,pdf,0,1
RubricNet,2,0.0,Zambra Granadina||Isaac Albeniz,pdf,7,6
RubricNet,2,0.0,Adelita (Mazurka)||Francisco Tarrega,pdf,2,3
RubricNet,2,0.0,"Allegro, Op. 50 no. 13||Mauro Giuliani",pdf,0,2
RubricNet,2,0.0,"Cadenzas, Caprices, Rondos & Preludes, Op. 100: 11. Capricie||Mauro Giuliani",pdf,2,1
RubricNet,2,0.0,"Cadenzas, Caprices, Rondos & Preludes, Op. 100: 15. Rondo||Mauro Giuliani",pdf,1,2
RubricNet,2,0.0,"Cadenzas, Caprices, Rondos & Preludes, Op. 100: 2. Cadenze||Mauro Giuliani",pdf,6,1
RubricNet,2,0.0,"Cadenzas, Caprices, Rondos & Preludes, Op. 100: 20. Preludi||Mauro Giuliani",pdf,4,1
RubricNet,2,0.0,Dance of the Reed Flutes (from The Nutcracker); Op. 71||Peter Ilyitch Tchaikovsky,pdf,1,2
RubricNet,2,0.0,Estudios Sencillos: VIII||Leo Brouwer,pdf,2,1
RubricNet,2,0.0,Parabola||Leo Brouwer,pdf,7,3
RubricNet,2,0.0,Twenty-one Lessons: 11||Dionisio Aguado,pdf,0,1
RubricNet,2,0.0,Twenty-one Lessons: 13||Dionisio Aguado,pdf,0,2
RubricNet,2,0.0,Twenty-one Lessons: 15||Dionisio Aguado,pdf,0,2
RubricNet,2,0.0,Twenty-one Lessons: 21||Dionisio Aguado,pdf,0,1
RubricNet,2,0.0,Berceuse et Trio||Napoleon Coste,pdf,3,2
RubricNet,2,0.0,Granada||Isaac Albeniz,pdf,6,6
RubricNet,2,0.0,La Bananita (Tango)||Agustin Barrios Mandore,pdf,5,6
RubricNet,2,0.0,Mazurka Apassionata||Agustin Barrios Mandore,pdf,6,6
RubricNet,2,0.0,Partita I: BWV 1002: viii. Double (Tempo di Borea)||J.S. Bach,pdf,5,2
RubricNet,2,0.0,"Prelude, TI i-6||Francisco Tarrega",pdf,3,3
RubricNet,2,1.0,A mi madre (Sonatina)||Agustin Barrios Mangore,pdf,5,5
RubricNet,2,1.0,"Allegretto, Op. 114 no. 9||Ferdinando Carulli",pdf,0,0
RubricNet,2,1.0,"Allegretto, Op. 51 no. 15||Mauro Giuliani",pdf,1,2
RubricNet,2,1.0,"Andante, Op. 44 no. 15||Fernando Sor",pdf,1,2
RubricNet,2,1.0,"Andantino, Op. 60 no. 8||Matteo Carcassi",pdf,1,1
RubricNet,2,1.0,"Anglaise, Op. 121 no. 6||Ferdinando Carulli",pdf,0,0
RubricNet,2,1.0,Ballet||Elias Mertel,pdf,2,2
RubricNet,2,1.0,Canticum||Leo Brouwer,pdf,7,5
RubricNet,2,1.0,"Caprice, Op. 20 no. 7||Luigi Legnani",pdf,4,6
RubricNet,2,1.0,Castles of Spain: Alcaniz (Festiva)||F. Moreno-Torroba,pdf,4,4
RubricNet,2,1.0,Castles of Spain: Torija (Elegia)||F. Moreno-Torroba,pdf,2,4
RubricNet,2,1.0,Castles of Spain: Turegano (Serranilla)||F. Moreno-Torroba,pdf,5,6
RubricNet,2,1.0,Cinq Preludes: Prelude No.  1||Heitor Villa-Lobos,pdf,4,4
RubricNet,2,1.0,Clair de Lune||Claude Debussy,pdf,6,2
RubricNet,2,1.0,Cordoba from Antos de Espana||Isaac Albeniz,pdf,7,6
RubricNet,2,1.0,Courante||Silvius Leopold Weiss,dada_gp,2,1
RubricNet,2,1.0,Dance de las hachas (Dance of the Axes)||Gaspar Sanz,pdf,0,1
RubricNet,2,1.0,Danza Paraguaya||Agustin Barrios Mandore,pdf,4,4
RubricNet,2,1.0,Don Perez Freire (Tango)||Agustin Barrios Mangore,pdf,3,4
RubricNet,2,1.0,Douze Etudes - Etude No. 7||Heitor Villa-Lobos,pdf,6,6
RubricNet,2,1.0,Douze Etudes - Etude No. 8||Heitor Villa-Lobos,pdf,5,5
RubricNet,2,1.0,Einleitende Etuden (Introductory Studies); Op. 60 no. 10||Fernando Sor,pdf,0,0
RubricNet,2,1.0,Einleitende Etuden (Introductory Studies); Op. 60 no. 18||Fernando Sor,pdf,1,1
RubricNet,2,1.0,Einleitende Etuden (Introductory Studies); Op. 60 no. 23||Fernando Sor,pdf,3,1
RubricNet,2,1.0,Einleitende Etuden (Introductory Studies); Op. 60 no. 3||Fernando Sor,pdf,0,1
RubricNet,2,1.0,Endecha||Francisco Tarrega,pdf,2,3
RubricNet,2,1.0,Escala y Preludio||Agustin Barrios Mangore,pdf,2,4
RubricNet,2,1.0,"Etude, Op. 38 no. 23||Napoleon Coste",pdf,4,2
RubricNet,2,1.0,"Etude, Op. 60 no. 5||Matteo Carcassi",pdf,3,1
RubricNet,2,1.0,Exercise no. 10||Dionisio Aguado,pdf,0,0
RubricNet,2,1.0,Fantasia||Alonso de Mudarra,pdf,4,2
RubricNet,2,1.0,Four Easy Studies: No. 4 in E||Dionisio Aguado,pdf,0,0
RubricNet,2,1.0,"Fugue, BWV 1000||J.S. Bach",dada_gp,6,6
RubricNet,2,1.0,"Gavotte 2 (from Suite #6 for Violoncello, BWV 1012)||J.S. Bach",pdf,1,1
RubricNet,2,1.0,Grand Vals||Francisco Tarrega,dada_gp,5,5
RubricNet,2,1.0,Jha che Valle||Agustin Barrios Mandore,pdf,4,2
RubricNet,2,1.0,Jota||Agustin Barrios Mandore,pdf,5,6
RubricNet,2,1.0,La Muerte Del Angel (Tango)||Astor Piazzolla,pdf,5,6
RubricNet,2,1.0,La Samaritana||Agustin Barrios Mandore,pdf,3,4
RubricNet,2,1.0,Lady Hammond's Alman||John Dowland,pdf,3,1
RubricNet,2,1.0,Las Dos Hermanitas||Francisco Tarrega,pdf,4,5
RubricNet,2,1.0,"Lesson, Op. 139 no. 3||Mauro Giuliani",pdf,2,1
RubricNet,2,1.0,London Carape||Agustin Barrios Mandore,pdf,2,4
RubricNet,2,1.0,Lord Strang's March||John Dowland,pdf,5,1
RubricNet,2,1.0,Madrecita||Agustin Barrios Mandore,pdf,2,4
RubricNet,2,1.0,March (from the Notebook of Anna Magdalena Bach)||C.P.E. Bach,dada_gp,2,1
RubricNet,2,1.0,"Menuet (from Pieces de Clavecin, Premier Livre, (Pg. 31)||Jean-Philippe Rameau",pdf,1,1
RubricNet,2,1.0,Minuet In A Minor||Henry Purcell,pdf,2,0
RubricNet,2,1.0,Minueto en Si Mayor||Agustin Barrios Mangore,pdf,3,4
RubricNet,2,1.0,Mrs. Anne Harecourt's Galliard||Francis Pilkington,pdf,2,2
RubricNet,2,1.0,Mrs. Winter's Jump||John Dowland,dada_gp,1,1
RubricNet,2,1.0,"Nocturne, Op. 4 no. 2||Johann Kaspar Mertz",pdf,1,2
RubricNet,2,1.0,Ode to Joy||Ludwig van Beethoven,pdf,0,0
RubricNet,2,1.0,Orlando Sleepeth||John Dowland,pdf,1,0
RubricNet,2,1.0,"Partita for Lute, BWV 997: Sarabande||J.S. Bach",pdf,3,3
RubricNet,2,1.0,"Partita No. 1, BWV 825: iii. Corrente||J.S. Bach",pdf,6,5
RubricNet,2,1.0,Pavan I||Luis Milan,pdf,2,3
RubricNet,2,1.0,Pavana VI||Luis Milan,gaps,1,1
RubricNet,2,1.0,Pepita||Agustin Barrios Mangore,pdf,5,6
RubricNet,2,1.0,Pictures at an Exhibition: V. Ballet of the Little Chickens||Modest Mussorgsky,pdf,7,5
RubricNet,2,1.0,Prelude||Francisco Tarrega,pdf,2,1
RubricNet,2,1.0,"Prelude (from Suite #1 for Violoncello, BWV 1007)||J.S. Bach",pdf,2,4
RubricNet,2,1.0,Prelude 1||Francisco Tarrega,pdf,1,2
RubricNet,2,1.0,Prelude and Allegro||Santiago de Murcia,pdf,1,3
RubricNet,2,1.0,Prelude No. 13||Francisco Tarrega,pdf,2,1
RubricNet,2,1.0,Prelude; Op. 28 no. 6||Frederic Chopin,pdf,4,2
RubricNet,2,1.0,Preludio No. 1||Francisco Tarrega,dada_gp,2,2
RubricNet,2,1.0,Robinson's May||Thomas Robinson,pdf,1,0
RubricNet,2,1.0,Rondo in A Minor||Dionisio Aguado,pdf,7,6
RubricNet,2,1.0,"Rondo, Op. 241 no. 34||Ferdinando Carulli",pdf,1,1
RubricNet,2,1.0,"Sir John Smith, His Almain||John Dowland",pdf,4,3
RubricNet,2,1.0,Sonata Romantica: I||Manuel M. Ponce,pdf,5,6
RubricNet,2,1.0,Sonata Romantica: III||Manuel M. Ponce,pdf,4,4
RubricNet,2,1.0,Sonata Romantica: IV||Manuel M. Ponce,pdf,5,6
RubricNet,2,1.0,"Study, Op. 139 no. 6||Mauro Giuliani",pdf,3,3
RubricNet,2,1.0,"Study, Op. 35 no. 10||Fernando Sor",pdf,0,1
RubricNet,2,1.0,"Study, Op. 39 no. 27||Anton Diabelli",pdf,0,0
RubricNet,2,1.0,"Study, Op. 48 no. 23||Mauro Giuliani",pdf,4,2
RubricNet,2,1.0,"Study, Op. 50 no. 5||Mauro Giuliani",pdf,0,1
RubricNet,2,1.0,"Study, Op. 50 no. 7||Mauro Giuliani",pdf,1,2
RubricNet,2,1.0,"Study, Op. 60 no. 14||Matteo Carcassi",pdf,1,3
RubricNet,2,1.0,"Study, Op. 60 no. 15||Matteo Carcassi",pdf,2,3
RubricNet,2,1.0,"Study, Op. 60 no. 20||Matteo Carcassi",pdf,5,2
RubricNet,2,1.0,"Study, Op. 60 no. 21||Matteo Carcassi",pdf,2,2
RubricNet,2,1.0,"Study, Op. 60 no. 24||Matteo Carcassi",pdf,5,4
RubricNet,2,1.0,"Study, Op. 60 no. 5||Matteo Carcassi",pdf,3,1
RubricNet,2,1.0,"Study, Op. 60 no. 7||Matteo Carcassi",dada_gp,0,3
RubricNet,2,1.0,"Study, Op. 60 no. 8||Matteo Carcassi",dada_gp,2,0
RubricNet,2,1.0,"Suite 2 for Cello, BWV 1008: iii.  Courante||J.S. Bach",pdf,3,3
RubricNet,2,1.0,"Suite 2 for Cello, BWV 1008: vi. Gigue||J.S. Bach",pdf,2,4
RubricNet,2,1.0,"Suite 4 for Cello, BWV 1010: i. Prelude||J.S. Bach",pdf,4,3
RubricNet,2,1.0,"Suite 4 for Cello, BWV 1010: ii. Allemande||J.S. Bach",pdf,2,4
RubricNet,2,1.0,"Suite 5 for Cello, BWV 1011: iii. Courante||J.S. Bach",pdf,3,1
RubricNet,2,1.0,"Suite 6 for Cello, BWV 1012: iv.  Sarabande||J.S. Bach",pdf,2,2
RubricNet,2,1.0,Suite en La Mayor: Passacalles||Gaspar Sanz,pdf,4,3
RubricNet,2,1.0,"Suite, BWV 995: i. Prelude||J.S. Bach",pdf,6,5
RubricNet,2,1.0,"Suite, BWV 996: i. Praeludio||J.S. Bach",pdf,6,5
RubricNet,2,1.0,Swan Lake (Theme); Op. 20||Peter Ilyitch Tchaikovsky,pdf,3,1
RubricNet,2,1.0,Tarantella||Agustin Barrios Mandore,pdf,3,6
RubricNet,2,1.0,Tempo di Minuetto; Op. 2 no. 1||Fernando Sor,pdf,0,1
RubricNet,2,1.0,The Woods So Wild||William Byrd,pdf,1,1
RubricNet,2,1.0,"Toccata and Fugue, BWV 565||J.S. Bach",pdf,6,6
RubricNet,2,1.0,Tres pequenas Piezas para Guitarra: III. Pequena sevillana||Joaquin Rodrigo,pdf,4,5
RubricNet,2,1.0,Un Dia de Noviembre||Leo Brouwer,pdf,3,4
RubricNet,2,1.0,"Vals, Op. 8 no. 4||Agustin Barrios Mandore",pdf,6,5
RubricNet,2,1.0,Volte||Anonymous,pdf,0,0
RubricNet,2,1.0,"Waltz, Op. 241 no. 24||Ferdinando Carulli",pdf,0,0
RubricNet,2,1.0,Wilson's Wilde||Anonymous,pdf,0,1
RubricNet,2,1.0,Zambra Granadina||Isaac Albeniz,pdf,7,5
RubricNet,2,1.0,Adelita (Mazurka)||Francisco Tarrega,pdf,2,2
RubricNet,2,1.0,"Allegro, Op. 50 no. 13||Mauro Giuliani",pdf,0,0
RubricNet,2,1.0,"Cadenzas, Caprices, Rondos & Preludes, Op. 100: 11. Capricie||Mauro Giuliani",pdf,2,1
RubricNet,2,1.0,"Cadenzas, Caprices, Rondos & Preludes, Op. 100: 15. Rondo||Mauro Giuliani",pdf,1,1
RubricNet,2,1.0,"Cadenzas, Caprices, Rondos & Preludes, Op. 100: 2. Cadenze||Mauro Giuliani",pdf,6,0
RubricNet,2,1.0,"Cadenzas, Caprices, Rondos & Preludes, Op. 100: 20. Preludi||Mauro Giuliani",pdf,4,1
RubricNet,2,1.0,Dance of the Reed Flutes (from The Nutcracker); Op. 71||Peter Ilyitch Tchaikovsky,pdf,1,3
RubricNet,2,1.0,Estudios Sencillos: VIII||Leo Brouwer,pdf,2,2
RubricNet,2,1.0,Parabola||Leo Brouwer,pdf,7,5
RubricNet,2,1.0,Twenty-one Lessons: 11||Dionisio Aguado,pdf,0,0
RubricNet,2,1.0,Twenty-one Lessons: 13||Dionisio Aguado,pdf,0,1
RubricNet,2,1.0,Twenty-one Lessons: 15||Dionisio Aguado,pdf,0,2
RubricNet,2,1.0,Twenty-one Lessons: 21||Dionisio Aguado,pdf,0,0
RubricNet,2,1.0,Berceuse et Trio||Napoleon Coste,pdf,3,2
RubricNet,2,1.0,Granada||Isaac Albeniz,pdf,6,5
RubricNet,2,1.0,La Bananita (Tango)||Agustin Barrios Mandore,pdf,5,6
RubricNet,2,1.0,Mazurka Apassionata||Agustin Barrios Mandore,pdf,6,5
RubricNet,2,1.0,Partita I: BWV 1002: viii. Double (Tempo di Borea)||J.S. Bach,pdf,5,3
RubricNet,2,1.0,"Prelude, TI i-6||Francisco Tarrega",pdf,3,4
RubricNet,2,2.0,A mi madre (Sonatina)||Agustin Barrios Mangore,pdf,5,5
RubricNet,2,2.0,"Allegretto, Op. 114 no. 9||Ferdinando Carulli",pdf,0,0
RubricNet,2,2.0,"Allegretto, Op. 51 no. 15||Mauro Giuliani",pdf,1,3
RubricNet,2,2.0,"Andante, Op. 44 no. 15||Fernando Sor",pdf,1,3
RubricNet,2,2.0,"Andantino, Op. 60 no. 8||Matteo Carcassi",pdf,1,2
RubricNet,2,2.0,"Anglaise, Op. 121 no. 6||Ferdinando Carulli",pdf,0,1
RubricNet,2,2.0,Ballet||Elias Mertel,pdf,2,3
RubricNet,2,2.0,Canticum||Leo Brouwer,pdf,7,5
RubricNet,2,2.0,"Caprice, Op. 20 no. 7||Luigi Legnani",pdf,4,6
RubricNet,2,2.0,Castles of Spain: Alcaniz (Festiva)||F. Moreno-Torroba,pdf,4,5
RubricNet,2,2.0,Castles of Spain: Torija (Elegia)||F. Moreno-Torroba,pdf,2,5
RubricNet,2,2.0,Castles of Spain: Turegano (Serranilla)||F. Moreno-Torroba,pdf,5,6
RubricNet,2,2.0,Cinq Preludes: Prelude No.  1||Heitor Villa-Lobos,pdf,4,4
RubricNet,2,2.0,Clair de Lune||Claude Debussy,pdf,6,3
RubricNet,2,2.0,Cordoba from Antos de Espana||Isaac Albeniz,pdf,7,6
RubricNet,2,2.0,Courante||Silvius Leopold Weiss,dada_gp,2,2
RubricNet,2,2.0,Dance de las hachas (Dance of the Axes)||Gaspar Sanz,pdf,0,1
RubricNet,2,2.0,Danza Paraguaya||Agustin Barrios Mandore,pdf,4,5
RubricNet,2,2.0,Don Perez Freire (Tango)||Agustin Barrios Mangore,pdf,3,5
RubricNet,2,2.0,Douze Etudes - Etude No. 7||Heitor Villa-Lobos,pdf,6,6
RubricNet,2,2.0,Douze Etudes - Etude No. 8||Heitor Villa-Lobos,pdf,5,5
RubricNet,2,2.0,Einleitende Etuden (Introductory Studies); Op. 60 no. 10||Fernando Sor,pdf,0,0
RubricNet,2,2.0,Einleitende Etuden (Introductory Studies); Op. 60 no. 18||Fernando Sor,pdf,1,1
RubricNet,2,2.0,Einleitende Etuden (Introductory Studies); Op. 60 no. 23||Fernando Sor,pdf,3,1
RubricNet,2,2.0,Einleitende Etuden (Introductory Studies); Op. 60 no. 3||Fernando Sor,pdf,0,1
RubricNet,2,2.0,Endecha||Francisco Tarrega,pdf,2,4
RubricNet,2,2.0,Escala y Preludio||Agustin Barrios Mangore,pdf,2,4
RubricNet,2,2.0,"Etude, Op. 38 no. 23||Napoleon Coste",pdf,4,3
RubricNet,2,2.0,"Etude, Op. 60 no. 5||Matteo Carcassi",pdf,3,1
RubricNet,2,2.0,Exercise no. 10||Dionisio Aguado,pdf,0,1
RubricNet,2,2.0,Fantasia||Alonso de Mudarra,pdf,4,3
RubricNet,2,2.0,Four Easy Studies: No. 4 in E||Dionisio Aguado,pdf,0,1
RubricNet,2,2.0,"Fugue, BWV 1000||J.S. Bach",dada_gp,6,6
RubricNet,2,2.0,"Gavotte 2 (from Suite #6 for Violoncello, BWV 1012)||J.S. Bach",pdf,1,1
RubricNet,2,2.0,Grand Vals||Francisco Tarrega,dada_gp,5,5
RubricNet,2,2.0,Jha che Valle||Agustin Barrios Mandore,pdf,4,4
RubricNet,2,2.0,Jota||Agustin Barrios Mandore,pdf,5,5
RubricNet,2,2.0,La Muerte Del Angel (Tango)||Astor Piazzolla,pdf,5,6
RubricNet,2,2.0,La Samaritana||Agustin Barrios Mandore,pdf,3,4
RubricNet,2,2.0,Lady Hammond's Alman||John Dowland,pdf,3,1
RubricNet,2,2.0,Las Dos Hermanitas||Francisco Tarrega,pdf,4,4
RubricNet,2,2.0,"Lesson, Op. 139 no. 3||Mauro Giuliani",pdf,2,2
RubricNet,2,2.0,London Carape||Agustin Barrios Mandore,pdf,2,6
RubricNet,2,2.0,Lord Strang's March||John Dowland,pdf,5,1
RubricNet,2,2.0,Madrecita||Agustin Barrios Mandore,pdf,2,4
RubricNet,2,2.0,March (from the Notebook of Anna Magdalena Bach)||C.P.E. Bach,dada_gp,2,1
RubricNet,2,2.0,"Menuet (from Pieces de Clavecin, Premier Livre, (Pg. 31)||Jean-Philippe Rameau",pdf,1,1
RubricNet,2,2.0,Minuet In A Minor||Henry Purcell,pdf,2,0
RubricNet,2,2.0,Minueto en Si Mayor||Agustin Barrios Mangore,pdf,3,4
RubricNet,2,2.0,Mrs. Anne Harecourt's Galliard||Francis Pilkington,pdf,2,2
RubricNet,2,2.0,Mrs. Winter's Jump||John Dowland,dada_gp,1,2
RubricNet,2,2.0,"Nocturne, Op. 4 no. 2||Johann Kaspar Mertz",pdf,1,3
RubricNet,2,2.0,Ode to Joy||Ludwig van Beethoven,pdf,0,0
RubricNet,2,2.0,Orlando Sleepeth||John Dowland,pdf,1,0
RubricNet,2,2.0,"Partita for Lute, BWV 997: Sarabande||J.S. Bach",pdf,3,4
RubricNet,2,2.0,"Partita No. 1, BWV 825: iii. Corrente||J.S. Bach",pdf,6,5
RubricNet,2,2.0,Pavan I||Luis Milan,pdf,2,3
RubricNet,2,2.0,Pavana VI||Luis Milan,gaps,1,1
RubricNet,2,2.0,Pepita||Agustin Barrios Mangore,pdf,5,6
RubricNet,2,2.0,Pictures at an Exhibition: V. Ballet of the Little Chickens||Modest Mussorgsky,pdf,7,6
RubricNet,2,2.0,Prelude||Francisco Tarrega,pdf,2,1
RubricNet,2,2.0,"Prelude (from Suite #1 for Violoncello, BWV 1007)||J.S. Bach",pdf,2,4
RubricNet,2,2.0,Prelude 1||Francisco Tarrega,pdf,1,3
RubricNet,2,2.0,Prelude and Allegro||Santiago de Murcia,pdf,1,3
RubricNet,2,2.0,Prelude No. 13||Francisco Tarrega,pdf,2,1
RubricNet,2,2.0,Prelude; Op. 28 no. 6||Frederic Chopin,pdf,4,2
RubricNet,2,2.0,Preludio No. 1||Francisco Tarrega,dada_gp,2,3
RubricNet,2,2.0,Robinson's May||Thomas Robinson,pdf,1,0
RubricNet,2,2.0,Rondo in A Minor||Dionisio Aguado,pdf,7,6
RubricNet,2,2.0,"Rondo, Op. 241 no. 34||Ferdinando Carulli",pdf,1,1
RubricNet,2,2.0,"Sir John Smith, His Almain||John Dowland",pdf,4,3
RubricNet,2,2.0,Sonata Romantica: I||Manuel M. Ponce,pdf,5,6
RubricNet,2,2.0,Sonata Romantica: III||Manuel M. Ponce,pdf,4,4
RubricNet,2,2.0,Sonata Romantica: IV||Manuel M. Ponce,pdf,5,5
RubricNet,2,2.0,"Study, Op. 139 no. 6||Mauro Giuliani",pdf,3,3
RubricNet,2,2.0,"Study, Op. 35 no. 10||Fernando Sor",pdf,0,1
RubricNet,2,2.0,"Study, Op. 39 no. 27||Anton Diabelli",pdf,0,1
RubricNet,2,2.0,"Study, Op. 48 no. 23||Mauro Giuliani",pdf,4,3
RubricNet,2,2.0,"Study, Op. 50 no. 5||Mauro Giuliani",pdf,0,2
RubricNet,2,2.0,"Study, Op. 50 no. 7||Mauro Giuliani",pdf,1,3
RubricNet,2,2.0,"Study, Op. 60 no. 14||Matteo Carcassi",pdf,1,4
RubricNet,2,2.0,"Study, Op. 60 no. 15||Matteo Carcassi",pdf,2,4
RubricNet,2,2.0,"Study, Op. 60 no. 20||Matteo Carcassi",pdf,5,2
RubricNet,2,2.0,"Study, Op. 60 no. 21||Matteo Carcassi",pdf,2,3
RubricNet,2,2.0,"Study, Op. 60 no. 24||Matteo Carcassi",pdf,5,4
RubricNet,2,2.0,"Study, Op. 60 no. 5||Matteo Carcassi",pdf,3,2
RubricNet,2,2.0,"Study, Op. 60 no. 7||Matteo Carcassi",dada_gp,0,3
RubricNet,2,2.0,"Study, Op. 60 no. 8||Matteo Carcassi",dada_gp,2,0
RubricNet,2,2.0,"Suite 2 for Cello, BWV 1008: iii.  Courante||J.S. Bach",pdf,3,3
RubricNet,2,2.0,"Suite 2 for Cello, BWV 1008: vi. Gigue||J.S. Bach",pdf,2,4
RubricNet,2,2.0,"Suite 4 for Cello, BWV 1010: i. Prelude||J.S. Bach",pdf,4,3
RubricNet,2,2.0,"Suite 4 for Cello, BWV 1010: ii. Allemande||J.S. Bach",pdf,2,4
RubricNet,2,2.0,"Suite 5 for Cello, BWV 1011: iii. Courante||J.S. Bach",pdf,3,2
RubricNet,2,2.0,"Suite 6 for Cello, BWV 1012: iv.  Sarabande||J.S. Bach",pdf,2,2
RubricNet,2,2.0,Suite en La Mayor: Passacalles||Gaspar Sanz,pdf,4,4
RubricNet,2,2.0,"Suite, BWV 995: i. Prelude||J.S. Bach",pdf,6,5
RubricNet,2,2.0,"Suite, BWV 996: i. Praeludio||J.S. Bach",pdf,6,5
RubricNet,2,2.0,Swan Lake (Theme); Op. 20||Peter Ilyitch Tchaikovsky,pdf,3,1
RubricNet,2,2.0,Tarantella||Agustin Barrios Mandore,pdf,3,6
RubricNet,2,2.0,Tempo di Minuetto; Op. 2 no. 1||Fernando Sor,pdf,0,1
RubricNet,2,2.0,The Woods So Wild||William Byrd,pdf,1,1
RubricNet,2,2.0,"Toccata and Fugue, BWV 565||J.S. Bach",pdf,6,6
RubricNet,2,2.0,Tres pequenas Piezas para Guitarra: III. Pequena sevillana||Joaquin Rodrigo,pdf,4,5
RubricNet,2,2.0,Un Dia de Noviembre||Leo Brouwer,pdf,3,4
RubricNet,2,2.0,"Vals, Op. 8 no. 4||Agustin Barrios Mandore",pdf,6,5
RubricNet,2,2.0,Volte||Anonymous,pdf,0,0
RubricNet,2,2.0,"Waltz, Op. 241 no. 24||Ferdinando Carulli",pdf,0,1
RubricNet,2,2.0,Wilson's Wilde||Anonymous,pdf,0,1
RubricNet,2,2.0,Zambra Granadina||Isaac Albeniz,pdf,7,5
RubricNet,2,2.0,Adelita (Mazurka)||Francisco Tarrega,pdf,2,3
RubricNet,2,2.0,"Allegro, Op. 50 no. 13||Mauro Giuliani",pdf,0,1
RubricNet,2,2.0,"Cadenzas, Caprices, Rondos & Preludes, Op. 100: 11. Capricie||Mauro Giuliani",pdf,2,2
RubricNet,2,2.0,"Cadenzas, Caprices, Rondos & Preludes, Op. 100: 15. Rondo||Mauro Giuliani",pdf,1,1
RubricNet,2,2.0,"Cadenzas, Caprices, Rondos & Preludes, Op. 100: 2. Cadenze||Mauro Giuliani",pdf,6,0
RubricNet,2,2.0,"Cadenzas, Caprices, Rondos & Preludes, Op. 100: 20. Preludi||Mauro Giuliani",pdf,4,1
RubricNet,2,2.0,Dance of the Reed Flutes (from The Nutcracker); Op. 71||Peter Ilyitch Tchaikovsky,pdf,1,4
RubricNet,2,2.0,Estudios Sencillos: VIII||Leo Brouwer,pdf,2,2
RubricNet,2,2.0,Parabola||Leo Brouwer,pdf,7,4
RubricNet,2,2.0,Twenty-one Lessons: 11||Dionisio Aguado,pdf,0,1
RubricNet,2,2.0,Twenty-one Lessons: 13||Dionisio Aguado,pdf,0,3
RubricNet,2,2.0,Twenty-one Lessons: 15||Dionisio Aguado,pdf,0,2
RubricNet,2,2.0,Twenty-one Lessons: 21||Dionisio Aguado,pdf,0,1
RubricNet,2,2.0,Berceuse et Trio||Napoleon Coste,pdf,3,3
RubricNet,2,2.0,Granada||Isaac Albeniz,pdf,6,5
RubricNet,2,2.0,La Bananita (Tango)||Agustin Barrios Mandore,pdf,5,5
RubricNet,2,2.0,Mazurka Apassionata||Agustin Barrios Mandore,pdf,6,5
RubricNet,2,2.0,Partita I: BWV 1002: viii. Double (Tempo di Borea)||J.S. Bach,pdf,5,3
RubricNet,2,2.0,"Prelude, TI i-6||Francisco Tarrega",pdf,3,4
Fuzzy Complete Search,2,,A mi madre (Sonatina)||Agustin Barrios Mangore,pdf,5,5
Fuzzy Complete Search,2,,"Allegretto, Op. 114 no. 9||Ferdinando Carulli",pdf,0,0
Fuzzy Complete Search,2,,"Allegretto, Op. 51 no. 15||Mauro Giuliani",pdf,1,7
Fuzzy Complete Search,2,,"Andante, Op. 44 no. 15||Fernando Sor",pdf,1,1
Fuzzy Complete Search,2,,"Andantino, Op. 60 no. 8||Matteo Carcassi",pdf,1,0
Fuzzy Complete Search,2,,"Anglaise, Op. 121 no. 6||Ferdinando Carulli",pdf,0,0
Fuzzy Complete Search,2,,Ballet||Elias Mertel,pdf,2,2
Fuzzy Complete Search,2,,Canticum||Leo Brouwer,pdf,7,7
Fuzzy Complete Search,2,,"Caprice, Op. 20 no. 7||Luigi Legnani",pdf,4,5
Fuzzy Complete Search,2,,Castles of Spain: Alcaniz (Festiva)||F. Moreno-Torroba,pdf,4,3
Fuzzy Complete Search,2,,Castles of Spain: Torija (Elegia)||F. Moreno-Torroba,pdf,2,3
Fuzzy Complete Search,2,,Castles of Spain: Turegano (Serranilla)||F. Moreno-Torroba,pdf,5,4
Fuzzy Complete Search,2,,Cinq Preludes: Prelude No.  1||Heitor Villa-Lobos,pdf,4,6
Fuzzy Complete Search,2,,Clair de Lune||Claude Debussy,pdf,6,3
Fuzzy Complete Search,2,,Cordoba from Antos de Espana||Isaac Albeniz,pdf,7,6
Fuzzy Complete Search,2,,Courante||Silvius Leopold Weiss,dada_gp,2,1
Fuzzy Complete Search,2,,Dance de las hachas (Dance of the Axes)||Gaspar Sanz,pdf,0,0
Fuzzy Complete Search,2,,Danza Paraguaya||Agustin Barrios Mandore,pdf,4,4
Fuzzy Complete Search,2,,Don Perez Freire (Tango)||Agustin Barrios Mangore,pdf,3,4
Fuzzy Complete Search,2,,Douze Etudes - Etude No. 7||Heitor Villa-Lobos,pdf,6,4
Fuzzy Complete Search,2,,Douze Etudes - Etude No. 8||Heitor Villa-Lobos,pdf,5,3
Fuzzy Complete Search,2,,Einleitende Etuden (Introductory Studies); Op. 60 no. 10||Fernando Sor,pdf,0,0
Fuzzy Complete Search,2,,Einleitende Etuden (Introductory Studies); Op. 60 no. 18||Fernando Sor,pdf,1,0
Fuzzy Complete Search,2,,Einleitende Etuden (Introductory Studies); Op. 60 no. 23||Fernando Sor,pdf,3,2
Fuzzy Complete Search,2,,Einleitende Etuden (Introductory Studies); Op. 60 no. 3||Fernando Sor,pdf,0,0
Fuzzy Complete Search,2,,Endecha||Francisco Tarrega,pdf,2,3
Fuzzy Complete Search,2,,Escala y Preludio||Agustin Barrios Mangore,pdf,2,5
Fuzzy Complete Search,2,,"Etude, Op. 38 no. 23||Napoleon Coste",pdf,4,2
Fuzzy Complete Search,2,,"Etude, Op. 60 no. 5||Matteo Carcassi",pdf,3,4
Fuzzy Complete Search,2,,Exercise no. 10||Dionisio Aguado,pdf,0,0
Fuzzy Complete Search,2,,Fantasia||Alonso de Mudarra,pdf,4,2
Fuzzy Complete Search,2,,Four Easy Studies: No. 4 in E||Dionisio Aguado,pdf,0,0
Fuzzy Complete Search,2,,"Fugue, BWV 1000||J.S. Bach",dada_gp,6,4
Fuzzy Complete Search,2,,"Gavotte 2 (from Suite #6 for Violoncello, BWV 1012)||J.S. Bach",pdf,1,0
Fuzzy Complete Search,2,,Grand Vals||Francisco Tarrega,dada_gp,5,7
Fuzzy Complete Search,2,,Jha che Valle||Agustin Barrios Mandore,pdf,4,5
Fuzzy Complete Search,2,,Jota||Agustin Barrios Mandore,pdf,5,6
Fuzzy Complete Search,2,,La Muerte Del Angel (Tango)||Astor Piazzolla,pdf,5,6
Fuzzy Complete Search,2,,La Samaritana||Agustin Barrios Mandore,pdf,3,3
Fuzzy Complete Search,2,,Lady Hammond's Alman||John Dowland,pdf,3,2
Fuzzy Complete Search,2,,Las Dos Hermanitas||Francisco Tarrega,pdf,4,5
Fuzzy Complete Search,2,,"Lesson, Op. 139 no. 3||Mauro Giuliani",pdf,2,1
Fuzzy Complete Search,2,,London Carape||Agustin Barrios Mandore,pdf,2,7
Fuzzy Complete Search,2,,Lord Strang's March||John Dowland,pdf,5,2
Fuzzy Complete Search,2,,Madrecita||Agustin Barrios Mandore,pdf,2,3
Fuzzy Complete Search,2,,March (from the Notebook of Anna Magdalena Bach)||C.P.E. Bach,dada_gp,2,1
Fuzzy Complete Search,2,,"Menuet (from Pieces de Clavecin, Premier Livre, (Pg. 31)||Jean-Philippe Rameau",pdf,1,0
Fuzzy Complete Search,2,,Minuet In A Minor||Henry Purcell,pdf,2,0
Fuzzy Complete Search,2,,Minueto en Si Mayor||Agustin Barrios Mangore,pdf,3,3
Fuzzy Complete Search,2,,Mrs. Anne Harecourt's Galliard||Francis Pilkington,pdf,2,2
Fuzzy Complete Search,2,,Mrs. Winter's Jump||John Dowland,dada_gp,1,1
Fuzzy Complete Search,2,,"Nocturne, Op. 4 no. 2||Johann Kaspar Mertz",pdf,1,7
Fuzzy Complete Search,2,,Ode to Joy||Ludwig van Beethoven,pdf,0,0
Fuzzy Complete Search,2,,Orlando Sleepeth||John Dowland,pdf,1,0
Fuzzy Complete Search,2,,"Partita for Lute, BWV 997: Sarabande||J.S. Bach",pdf,3,3
Fuzzy Complete Search,2,,"Partita No. 1, BWV 825: iii. Corrente||J.S. Bach",pdf,6,4
Fuzzy Complete Search,2,,Pavan I||Luis Milan,pdf,2,7
Fuzzy Complete Search,2,,Pavana VI||Luis Milan,gaps,1,0
Fuzzy Complete Search,2,,Pepita||Agustin Barrios Mangore,pdf,5,6
Fuzzy Complete Search,2,,Pictures at an Exhibition: V. Ballet of the Little Chickens||Modest Mussorgsky,pdf,7,5
Fuzzy Complete Search,2,,Prelude||Francisco Tarrega,pdf,2,0
Fuzzy Complete Search,2,,"Prelude (from Suite #1 for Violoncello, BWV 1007)||J.S. Bach",pdf,2,5
Fuzzy Complete Search,2,,Prelude 1||Francisco Tarrega,pdf,1,3
Fuzzy Complete Search,2,,Prelude and Allegro||Santiago de Murcia,pdf,1,2
Fuzzy Complete Search,2,,Prelude No. 13||Francisco Tarrega,pdf,2,3
Fuzzy Complete Search,2,,Prelude; Op. 28 no. 6||Frederic Chopin,pdf,4,3
Fuzzy Complete Search,2,,Preludio No. 1||Francisco Tarrega,dada_gp,2,3
Fuzzy Complete Search,2,,Robinson's May||Thomas Robinson,pdf,1,0
Fuzzy Complete Search,2,,Rondo in A Minor||Dionisio Aguado,pdf,7,5
Fuzzy Complete Search,2,,"Rondo, Op. 241 no. 34||Ferdinando Carulli",pdf,1,0
Fuzzy Complete Search,2,,"Sir John Smith, His Almain||John Dowland",pdf,4,2
Fuzzy Complete Search,2,,Sonata Romantica: I||Manuel M. Ponce,pdf,5,5
Fuzzy Complete Search,2,,Sonata Romantica: III||Manuel M. Ponce,pdf,4,4
Fuzzy Complete Search,2,,Sonata Romantica: IV||Manuel M. Ponce,pdf,5,4
Fuzzy Complete Search,2,,"Study, Op. 139 no. 6||Mauro Giuliani",pdf,3,4
Fuzzy Complete Search,2,,"Study, Op. 35 no. 10||Fernando Sor",pdf,0,1
Fuzzy Complete Search,2,,"Study, Op. 39 no. 27||Anton Diabelli",pdf,0,5
Fuzzy Complete Search,2,,"Study, Op. 48 no. 23||Mauro Giuliani",pdf,4,5
Fuzzy Complete Search,2,,"Study, Op. 50 no. 5||Mauro Giuliani",pdf,0,0
Fuzzy Complete Search,2,,"Study, Op. 50 no. 7||Mauro Giuliani",pdf,1,1
Fuzzy Complete Search,2,,"Study, Op. 60 no. 14||Matteo Carcassi",pdf,1,2
Fuzzy Complete Search,2,,"Study, Op. 60 no. 15||Matteo Carcassi",pdf,2,7
Fuzzy Complete Search,2,,"Study, Op. 60 no. 20||Matteo Carcassi",pdf,5,2
Fuzzy Complete Search,2,,"Study, Op. 60 no. 21||Matteo Carcassi",pdf,2,3
Fuzzy Complete Search,2,,"Study, Op. 60 no. 24||Matteo Carcassi",pdf,5,4
Fuzzy Complete Search,2,,"Study, Op. 60 no. 5||Matteo Carcassi",pdf,3,2
Fuzzy Complete Search,2,,"Study, Op. 60 no. 7||Matteo Carcassi",dada_gp,0,3
Fuzzy Complete Search,2,,"Study, Op. 60 no. 8||Matteo Carcassi",dada_gp,2,0
Fuzzy Complete Search,2,,"Suite 2 for Cello, BWV 1008: iii.  Courante||J.S. Bach",pdf,3,2
Fuzzy Complete Search,2,,"Suite 2 for Cello, BWV 1008: vi. Gigue||J.S. Bach",pdf,2,3
Fuzzy Complete Search,2,,"Suite 4 for Cello, BWV 1010: i. Prelude||J.S. Bach",pdf,4,5
Fuzzy Complete Search,2,,"Suite 4 for Cello, BWV 1010: ii. Allemande||J.S. Bach",pdf,2,3
Fuzzy Complete Search,2,,"Suite 5 for Cello, BWV 1011: iii. Courante||J.S. Bach",pdf,3,3
Fuzzy Complete Search,2,,"Suite 6 for Cello, BWV 1012: iv.  Sarabande||J.S. Bach",pdf,2,2
Fuzzy Complete Search,2,,Suite en La Mayor: Passacalles||Gaspar Sanz,pdf,4,5
Fuzzy Complete Search,2,,"Suite, BWV 995: i. Prelude||J.S. Bach",pdf,6,5
Fuzzy Complete Search,2,,"Suite, BWV 996: i. Praeludio||J.S. Bach",pdf,6,3
Fuzzy Complete Search,2,,Swan Lake (Theme); Op. 20||Peter Ilyitch Tchaikovsky,pdf,3,3
Fuzzy Complete Search,2,,Tarantella||Agustin Barrios Mandore,pdf,3,4
Fuzzy Complete Search,2,,Tempo di Minuetto; Op. 2 no. 1||Fernando Sor,pdf,0,1
Fuzzy Complete Search,2,,The Woods So Wild||William Byrd,pdf,1,3
Fuzzy Complete Search,2,,"Toccata and Fugue, BWV 565||J.S. Bach",pdf,6,5
Fuzzy Complete Search,2,,Tres pequenas Piezas para Guitarra: III. Pequena sevillana||Joaquin Rodrigo,pdf,4,7
Fuzzy Complete Search,2,,Un Dia de Noviembre||Leo Brouwer,pdf,3,3
Fuzzy Complete Search,2,,"Vals, Op. 8 no. 4||Agustin Barrios Mandore",pdf,6,7
Fuzzy Complete Search,2,,Volte||Anonymous,pdf,0,0
Fuzzy Complete Search,2,,"Waltz, Op. 241 no. 24||Ferdinando Carulli",pdf,0,1
Fuzzy Complete Search,2,,Wilson's Wilde||Anonymous,pdf,0,1
Fuzzy Complete Search,2,,Zambra Granadina||Isaac Albeniz,pdf,7,6
Fuzzy Complete Search,2,,Adelita (Mazurka)||Francisco Tarrega,pdf,2,4
Fuzzy Complete Search,2,,"Allegro, Op. 50 no. 13||Mauro Giuliani",pdf,0,0
Fuzzy Complete Search,2,,"Cadenzas, Caprices, Rondos & Preludes, Op. 100: 11. Capricie||Mauro Giuliani",pdf,2,1
Fuzzy Complete Search,2,,"Cadenzas, Caprices, Rondos & Preludes, Op. 100: 15. Rondo||Mauro Giuliani",pdf,1,0
Fuzzy Complete Search,2,,"Cadenzas, Caprices, Rondos & Preludes, Op. 100: 2. Cadenze||Mauro Giuliani",pdf,6,0
Fuzzy Complete Search,2,,"Cadenzas, Caprices, Rondos & Preludes, Op. 100: 20. Preludi||Mauro Giuliani",pdf,4,0
Fuzzy Complete Search,2,,Dance of the Reed Flutes (from The Nutcracker); Op. 71||Peter Ilyitch Tchaikovsky,pdf,1,3
Fuzzy Complete Search,2,,Estudios Sencillos: VIII||Leo Brouwer,pdf,2,0
Fuzzy Complete Search,2,,Parabola||Leo Brouwer,pdf,7,5
Fuzzy Complete Search,2,,Twenty-one Lessons: 11||Dionisio Aguado,pdf,0,0
Fuzzy Complete Search,2,,Twenty-one Lessons: 13||Dionisio Aguado,pdf,0,2
Fuzzy Complete Search,2,,Twenty-one Lessons: 15||Dionisio Aguado,pdf,0,1
Fuzzy Complete Search,2,,Twenty-one Lessons: 21||Dionisio Aguado,pdf,0,0
Fuzzy Complete Search,2,,Berceuse et Trio||Napoleon Coste,pdf,3,2
Fuzzy Complete Search,2,,Granada||Isaac Albeniz,pdf,6,6
Fuzzy Complete Search,2,,La Bananita (Tango)||Agustin Barrios Mandore,pdf,5,6
Fuzzy Complete Search,2,,Mazurka Apassionata||Agustin Barrios Mandore,pdf,6,6
Fuzzy Complete Search,2,,Partita I: BWV 1002: viii. Double (Tempo di Borea)||J.S. Bach,pdf,5,2
Fuzzy Complete Search,2,,"Prelude, TI i-6||Francisco Tarrega",pdf,3,3
Fuzzy Pattern Tree,2,,A mi madre (Sonatina)||Agustin Barrios Mangore,pdf,5,6
Fuzzy Pattern Tree,2,,"Allegretto, Op. 114 no. 9||Ferdinando Carulli",pdf,0,1
Fuzzy Pattern Tree,2,,"Allegretto, Op. 51 no. 15||Mauro Giuliani",pdf,1,0
Fuzzy Pattern Tree,2,,"Andante, Op. 44 no. 15||Fernando Sor",pdf,1,0
Fuzzy Pattern Tree,2,,"Andantino, Op. 60 no. 8||Matteo Carcassi",pdf,1,2
Fuzzy Pattern Tree,2,,"Anglaise, Op. 121 no. 6||Ferdinando Carulli",pdf,0,0
Fuzzy Pattern Tree,2,,Ballet||Elias Mertel,pdf,2,0
Fuzzy Pattern Tree,2,,Canticum||Leo Brouwer,pdf,7,5
Fuzzy Pattern Tree,2,,"Caprice, Op. 20 no. 7||Luigi Legnani",pdf,4,6
Fuzzy Pattern Tree,2,,Castles of Spain: Alcaniz (Festiva)||F. Moreno-Torroba,pdf,4,7
Fuzzy Pattern Tree,2,,Castles of Spain: Torija (Elegia)||F. Moreno-Torroba,pdf,2,3
Fuzzy Pattern Tree,2,,Castles of Spain: Turegano (Serranilla)||F. Moreno-Torroba,pdf,5,4
Fuzzy Pattern Tree,2,,Cinq Preludes: Prelude No.  1||Heitor Villa-Lobos,pdf,4,6
Fuzzy Pattern Tree,2,,Clair de Lune||Claude Debussy,pdf,6,2
Fuzzy Pattern Tree,2,,Cordoba from Antos de Espana||Isaac Albeniz,pdf,7,6
Fuzzy Pattern Tree,2,,Courante||Silvius Leopold Weiss,dada_gp,2,2
Fuzzy Pattern Tree,2,,Dance de las hachas (Dance of the Axes)||Gaspar Sanz,pdf,0,0
Fuzzy Pattern Tree,2,,Danza Paraguaya||Agustin Barrios Mandore,pdf,4,4
Fuzzy Pattern Tree,2,,Don Perez Freire (Tango)||Agustin Barrios Mangore,pdf,3,4
Fuzzy Pattern Tree,2,,Douze Etudes - Etude No. 7||Heitor Villa-Lobos,pdf,6,6
Fuzzy Pattern Tree,2,,Douze Etudes - Etude No. 8||Heitor Villa-Lobos,pdf,5,5
Fuzzy Pattern Tree,2,,Einleitende Etuden (Introductory Studies); Op. 60 no. 10||Fernando Sor,pdf,0,0
Fuzzy Pattern Tree,2,,Einleitende Etuden (Introductory Studies); Op. 60 no. 18||Fernando Sor,pdf,1,0
Fuzzy Pattern Tree,2,,Einleitende Etuden (Introductory Studies); Op. 60 no. 23||Fernando Sor,pdf,3,2
Fuzzy Pattern Tree,2,,Einleitende Etuden (Introductory Studies); Op. 60 no. 3||Fernando Sor,pdf,0,0
Fuzzy Pattern Tree,2,,Endecha||Francisco Tarrega,pdf,2,3
Fuzzy Pattern Tree,2,,Escala y Preludio||Agustin Barrios Mangore,pdf,2,3
Fuzzy Pattern Tree,2,,"Etude, Op. 38 no. 23||Napoleon Coste",pdf,4,2
Fuzzy Pattern Tree,2,,"Etude, Op. 60 no. 5||Matteo Carcassi",pdf,3,5
Fuzzy Pattern Tree,2,,Exercise no. 10||Dionisio Aguado,pdf,0,0
Fuzzy Pattern Tree,2,,Fantasia||Alonso de Mudarra,pdf,4,3
Fuzzy Pattern Tree,2,,Four Easy Studies: No. 4 in E||Dionisio Aguado,pdf,0,1
Fuzzy Pattern Tree,2,,"Fugue, BWV 1000||J.S. Bach",dada_gp,6,6
Fuzzy Pattern Tree,2,,"Gavotte 2 (from Suite #6 for Violoncello, BWV 1012)||J.S. Bach",pdf,1,0
Fuzzy Pattern Tree,2,,Grand Vals||Francisco Tarrega,dada_gp,5,3
Fuzzy Pattern Tree,2,,Jha che Valle||Agustin Barrios Mandore,pdf,4,5
Fuzzy Pattern Tree,2,,Jota||Agustin Barrios Mandore,pdf,5,6
Fuzzy Pattern Tree,2,,La Muerte Del Angel (Tango)||Astor Piazzolla,pdf,5,6
Fuzzy Pattern Tree,2,,La Samaritana||Agustin Barrios Mandore,pdf,3,5
Fuzzy Pattern Tree,2,,Lady Hammond's Alman||John Dowland,pdf,3,0
Fuzzy Pattern Tree,2,,Las Dos Hermanitas||Francisco Tarrega,pdf,4,4
Fuzzy Pattern Tree,2,,"Lesson, Op. 139 no. 3||Mauro Giuliani",pdf,2,3
Fuzzy Pattern Tree,2,,London Carape||Agustin Barrios Mandore,pdf,2,4
Fuzzy Pattern Tree,2,,Lord Strang's March||John Dowland,pdf,5,3
Fuzzy Pattern Tree,2,,Madrecita||Agustin Barrios Mandore,pdf,2,7
Fuzzy Pattern Tree,2,,March (from the Notebook of Anna Magdalena Bach)||C.P.E. Bach,dada_gp,2,1
Fuzzy Pattern Tree,2,,"Menuet (from Pieces de Clavecin, Premier Livre, (Pg. 31)||Jean-Philippe Rameau",pdf,1,1
Fuzzy Pattern Tree,2,,Minuet In A Minor||Henry Purcell,pdf,2,0
Fuzzy Pattern Tree,2,,Minueto en Si Mayor||Agustin Barrios Mangore,pdf,3,4
Fuzzy Pattern Tree,2,,Mrs. Anne Harecourt's Galliard||Francis Pilkington,pdf,2,4
Fuzzy Pattern Tree,2,,Mrs. Winter's Jump||John Dowland,dada_gp,1,1
Fuzzy Pattern Tree,2,,"Nocturne, Op. 4 no. 2||Johann Kaspar Mertz",pdf,1,0
Fuzzy Pattern Tree,2,,Ode to Joy||Ludwig van Beethoven,pdf,0,0
Fuzzy Pattern Tree,2,,Orlando Sleepeth||John Dowland,pdf,1,0
Fuzzy Pattern Tree,2,,"Partita for Lute, BWV 997: Sarabande||J.S. Bach",pdf,3,2
Fuzzy Pattern Tree,2,,"Partita No. 1, BWV 825: iii. Corrente||J.S. Bach",pdf,6,4
Fuzzy Pattern Tree,2,,Pavan I||Luis Milan,pdf,2,7
Fuzzy Pattern Tree,2,,Pavana VI||Luis Milan,gaps,1,1
Fuzzy Pattern Tree,2,,Pepita||Agustin Barrios Mangore,pdf,5,7
Fuzzy Pattern Tree,2,,Pictures at an Exhibition: V. Ballet of the Little Chickens||Modest Mussorgsky,pdf,7,3
Fuzzy Pattern Tree,2,,Prelude||Francisco Tarrega,pdf,2,0
Fuzzy Pattern Tree,2,,"Prelude (from Suite #1 for Violoncello, BWV 1007)||J.S. Bach",pdf,2,5
Fuzzy Pattern Tree,2,,Prelude 1||Francisco Tarrega,pdf,1,0
Fuzzy Pattern Tree,2,,Prelude and Allegro||Santiago de Murcia,pdf,1,3
Fuzzy Pattern Tree,2,,Prelude No. 13||Francisco Tarrega,pdf,2,3
Fuzzy Pattern Tree,2,,Prelude; Op. 28 no. 6||Frederic Chopin,pdf,4,1
Fuzzy Pattern Tree,2,,Preludio No. 1||Francisco Tarrega,dada_gp,2,3
Fuzzy Pattern Tree,2,,Robinson's May||Thomas Robinson,pdf,1,1
Fuzzy Pattern Tree,2,,Rondo in A Minor||Dionisio Aguado,pdf,7,6
Fuzzy Pattern Tree,2,,"Rondo, Op. 241 no. 34||Ferdinando Carulli",pdf,1,0
Fuzzy Pattern Tree,2,,"Sir John Smith, His Almain||John Dowland",pdf,4,1
Fuzzy Pattern Tree,2,,Sonata Romantica: I||Manuel M. Ponce,pdf,5,6
Fuzzy Pattern Tree,2,,Sonata Romantica: III||Manuel M. Ponce,pdf,4,4
Fuzzy Pattern Tree,2,,Sonata Romantica: IV||Manuel M. Ponce,pdf,5,7
Fuzzy Pattern Tree,2,,"Study, Op. 139 no. 6||Mauro Giuliani",pdf,3,2
Fuzzy Pattern Tree,2,,"Study, Op. 35 no. 10||Fernando Sor",pdf,0,1
Fuzzy Pattern Tree,2,,"Study, Op. 39 no. 27||Anton Diabelli",pdf,0,1
Fuzzy Pattern Tree,2,,"Study, Op. 48 no. 23||Mauro Giuliani",pdf,4,2
Fuzzy Pattern Tree,2,,"Study, Op. 50 no. 5||Mauro Giuliani",pdf,0,0
Fuzzy Pattern Tree,2,,"Study, Op. 50 no. 7||Mauro Giuliani",pdf,1,7
Fuzzy Pattern Tree,2,,"Study, Op. 60 no. 14||Matteo Carcassi",pdf,1,2
Fuzzy Pattern Tree,2,,"Study, Op. 60 no. 15||Matteo Carcassi",pdf,2,4
Fuzzy Pattern Tree,2,,"Study, Op. 60 no. 20||Matteo Carcassi",pdf,5,2
Fuzzy Pattern Tree,2,,"Study, Op. 60 no. 21||Matteo Carcassi",pdf,2,3
Fuzzy Pattern Tree,2,,"Study, Op. 60 no. 24||Matteo Carcassi",pdf,5,5
Fuzzy Pattern Tree,2,,"Study, Op. 60 no. 5||Matteo Carcassi",pdf,3,2
Fuzzy Pattern Tree,2,,"Study, Op. 60 no. 7||Matteo Carcassi",dada_gp,0,4
Fuzzy Pattern Tree,2,,"Study, Op. 60 no. 8||Matteo Carcassi",dada_gp,2,0
Fuzzy Pattern Tree,2,,"Suite 2 for Cello, BWV 1008: iii.  Courante||J.S. Bach",pdf,3,3
Fuzzy Pattern Tree,2,,"Suite 2 for Cello, BWV 1008: vi. Gigue||J.S. Bach",pdf,2,2
Fuzzy Pattern Tree,2,,"Suite 4 for Cello, BWV 1010: i. Prelude||J.S. Bach",pdf,4,5
Fuzzy Pattern Tree,2,,"Suite 4 for Cello, BWV 1010: ii. Allemande||J.S. Bach",pdf,2,3
Fuzzy Pattern Tree,2,,"Suite 5 for Cello, BWV 1011: iii. Courante||J.S. Bach",pdf,3,1
Fuzzy Pattern Tree,2,,"Suite 6 for Cello, BWV 1012: iv.  Sarabande||J.S. Bach",pdf,2,2
Fuzzy Pattern Tree,2,,Suite en La Mayor: Passacalles||Gaspar Sanz,pdf,4,4
Fuzzy Pattern Tree,2,,"Suite, BWV 995: i. Prelude||J.S. Bach",pdf,6,4
Fuzzy Pattern Tree,2,,"Suite, BWV 996: i. Praeludio||J.S. Bach",pdf,6,6
Fuzzy Pattern Tree,2,,Swan Lake (Theme); Op. 20||Peter Ilyitch Tchaikovsky,pdf,3,2
Fuzzy Pattern Tree,2,,Tarantella||Agustin Barrios Mandore,pdf,3,3
Fuzzy Pattern Tree,2,,Tempo di Minuetto; Op. 2 no. 1||Fernando Sor,pdf,0,1
Fuzzy Pattern Tree,2,,The Woods So Wild||William Byrd,pdf,1,1
Fuzzy Pattern Tree,2,,"Toccata and Fugue, BWV 565||J.S. Bach",pdf,6,6
Fuzzy Pattern Tree,2,,Tres pequenas Piezas para Guitarra: III. Pequena sevillana||Joaquin Rodrigo,pdf,4,6
Fuzzy Pattern Tree,2,,Un Dia de Noviembre||Leo Brouwer,pdf,3,4
Fuzzy Pattern Tree,2,,"Vals, Op. 8 no. 4||Agustin Barrios Mandore",pdf,6,4
Fuzzy Pattern Tree,2,,Volte||Anonymous,pdf,0,1
Fuzzy Pattern Tree,2,,"Waltz, Op. 241 no. 24||Ferdinando Carulli",pdf,0,0
Fuzzy Pattern Tree,2,,Wilson's Wilde||Anonymous,pdf,0,1
Fuzzy Pattern Tree,2,,Zambra Granadina||Isaac Albeniz,pdf,7,6
Fuzzy Pattern Tree,2,,Adelita (Mazurka)||Francisco Tarrega,pdf,2,4
Fuzzy Pattern Tree,2,,"Allegro, Op. 50 no. 13||Mauro Giuliani",pdf,0,1
Fuzzy Pattern Tree,2,,"Cadenzas, Caprices, Rondos & Preludes, Op. 100: 11. Capricie||Mauro Giuliani",pdf,2,1
Fuzzy Pattern Tree,2,,"Cadenzas, Caprices, Rondos & Preludes, Op. 100: 15. Rondo||Mauro Giuliani",pdf,1,1
Fuzzy Pattern Tree,2,,"Cadenzas, Caprices, Rondos & Preludes, Op. 100: 2. Cadenze||Mauro Giuliani",pdf,6,0
Fuzzy Pattern Tree,2,,"Cadenzas, Caprices, Rondos & Preludes, Op. 100: 20. Preludi||Mauro Giuliani",pdf,4,1
Fuzzy Pattern Tree,2,,Dance of the Reed Flutes (from The Nutcracker); Op. 71||Peter Ilyitch Tchaikovsky,pdf,1,4
Fuzzy Pattern Tree,2,,Estudios Sencillos: VIII||Leo Brouwer,pdf,2,0
Fuzzy Pattern Tree,2,,Parabola||Leo Brouwer,pdf,7,4
Fuzzy Pattern Tree,2,,Twenty-one Lessons: 11||Dionisio Aguado,pdf,0,1
Fuzzy Pattern Tree,2,,Twenty-one Lessons: 13||Dionisio Aguado,pdf,0,1
Fuzzy Pattern Tree,2,,Twenty-one Lessons: 15||Dionisio Aguado,pdf,0,7
Fuzzy Pattern Tree,2,,Twenty-one Lessons: 21||Dionisio Aguado,pdf,0,1
Fuzzy Pattern Tree,2,,Berceuse et Trio||Napoleon Coste,pdf,3,4
Fuzzy Pattern Tree,2,,Granada||Isaac Albeniz,pdf,6,6
Fuzzy Pattern Tree,2,,La Bananita (Tango)||Agustin Barrios Mandore,pdf,5,6
Fuzzy Pattern Tree,2,,Mazurka Apassionata||Agustin Barrios Mandore,pdf,6,4
Fuzzy Pattern Tree,2,,Partita I: BWV 1002: viii. Double (Tempo di Borea)||J.S. Bach,pdf,5,3
Fuzzy Pattern Tree,2,,"Prelude, TI i-6||Francisco Tarrega",pdf,3,7
RubricNet,3,0.0,24 Piezas Sudamericanas: 8. Polo Margariteno||Jorge Cardoso,pdf,5,4
RubricNet,3,0.0,Adagio||Robert Schumann,dada_gp,0,1
RubricNet,3,0.0,Aires Criollos||Agustin Barrios Mandore,pdf,6,5
RubricNet,3,0.0,"Allegretto in E Minor, Op. 47 no. 4||Fernando Sor",pdf,2,2
RubricNet,3,0.0,"Allegretto, Op. 35 no. 22||Fernando Sor",pdf,1,1
RubricNet,3,0.0,"Allegretto, Op. 5 no. 12||Matteo Carcassi",dada_gp,1,5
RubricNet,3,0.0,"Allegretto, Op. 60 no. 7||Fernando Sor",pdf,0,0
RubricNet,3,0.0,Alman||John Dowland,pdf,1,2
RubricNet,3,0.0,An Malvina||Johann Kaspar Mertz,gaps,3,4
RubricNet,3,0.0,"Andante, Op. 241 no. 5||Ferdinando Carulli",gaps,0,1
RubricNet,3,0.0,"Andante, Op. 35 no. 13||Fernando Sor",pdf,0,2
RubricNet,3,0.0,"Andantino, Op. 44 no. 9||Fernando Sor",pdf,0,1
RubricNet,3,0.0,"Andantino, Op. 60 no. 21||Matteo Carcassi",pdf,2,2
RubricNet,3,0.0,"Canzonetta from the String Quartet, Op. 12||Felix Mendelssohn",pdf,4,4
RubricNet,3,0.0,Castles of Spain: Alcazar de Segovia (Llamada)||F. Moreno-Torroba,pdf,5,6
RubricNet,3,0.0,Cinco Piezas para guitarra: I. Campero||Astor Piazzolla,pdf,5,6
RubricNet,3,0.0,Cinco Piezas para guitarra: II. Romantico||Astor Piazzolla,pdf,5,5
RubricNet,3,0.0,Cinco Piezas para guitarra: IV. Triston||Astor Piazzolla,pdf,6,5
RubricNet,3,0.0,Confesion||Agustin Barrios Mandore,pdf,4,5
RubricNet,3,0.0,"Courante from Cello Suite No. III, BWV 1009||J.S. Bach",pdf,4,4
RubricNet,3,0.0,Diana Guarani||Agustin Barrios Mandore,pdf,6,6
RubricNet,3,0.0,Douze Etudes - Etude No. 3||Heitor Villa-Lobos,pdf,6,4
RubricNet,3,0.0,Einleitende Etuden (Introductory Studies); Op. 60 no. 13||Fernando Sor,pdf,0,0
RubricNet,3,0.0,Einleitende Etuden (Introductory Studies); Op. 60 no. 14||Fernando Sor,pdf,0,1
RubricNet,3,0.0,Einleitende Etuden (Introductory Studies); Op. 60 no. 15||Fernando Sor,pdf,0,1
RubricNet,3,0.0,Einleitende Etuden (Introductory Studies); Op. 60 no. 25||Fernando Sor,pdf,2,1
RubricNet,3,0.0,Estudio de Concierto||Agustin Barrios Mandore,pdf,3,5
RubricNet,3,0.0,Estudio en Arpegio||Agustin Barrios Mandore,pdf,2,2
RubricNet,3,0.0,Estudio en Sol Menor||Agustin Barrios Mangore,pdf,2,3
RubricNet,3,0.0,"Etude, Op. 38 no. 1||Napoleon Coste",pdf,2,2
RubricNet,3,0.0,"Etude, Op. 60 no. 8||Matteo Carcassi",pdf,2,1
RubricNet,3,0.0,Fantasia (que contrahaze la harpa en la manera de Luduvico)||Alonso Mudarra,dada_gp,4,3
RubricNet,3,0.0,Fantasia in Am||George Philip Telemann,pdf,2,5
RubricNet,3,0.0,Gavota al Estilo Antiguo||Agustin Barrios Mandore,pdf,2,3
RubricNet,3,0.0,Gnossienne No. 2||Erik Satie,pdf,2,4
RubricNet,3,0.0,"Grand Solo, Op. 14||Fernando Sor",pdf,6,6
RubricNet,3,0.0,"Grand Sonata, Op. 22: iii. Minuet and Trio||Fernando Sor",dada_gp,2,3
RubricNet,3,0.0,Greensleeves||Anonymous,dada_gp,1,0
RubricNet,3,0.0,Gymnopedie No. 3||Erik Satie,pdf,2,4
RubricNet,3,0.0,Hommage a Tarrega: I. Garrotin||Joaquin Turina,pdf,5,5
RubricNet,3,0.0,John Dowland's Galliard||John Dowland,pdf,1,1
RubricNet,3,0.0,"La Catedral - i. Preludio ""Saudade""||Agustin Barrios Mandore",pdf,4,3
RubricNet,3,0.0,La minona da Cataluna (The Girl from Catalonia)||Gaspar Sanz,pdf,0,1
RubricNet,3,0.0,Larghetto||Matteo Carcassi,dada_gp,1,4
RubricNet,3,0.0,"Lesson, Op. 60 no. 5||Fernando Sor",dada_gp,0,1
RubricNet,3,0.0,Libertango||Astor Piazzolla,pdf,5,4
RubricNet,3,0.0,Luz Mala||Agustin Barrios Mandore,pdf,4,4
RubricNet,3,0.0,"Mazurka, Op. 67 no. 3||Frederic Chopin",pdf,1,5
RubricNet,3,0.0,"Mazurka, Op. 68 no. 3||Frederic Chopin",pdf,3,4
RubricNet,3,0.0,Mazurka; Op. 24 no. 1||Frederic Chopin,pdf,4,4
RubricNet,3,0.0,Mazurka; Op. 24 no. 3||Frederic Chopin,pdf,3,4
RubricNet,3,0.0,Mazurka; Op. 33 no. 1||Frederic Chopin,pdf,4,4
RubricNet,3,0.0,Milonga||Agustin Barrios Mandore,pdf,6,5
RubricNet,3,0.0,Minuet In E||Anonymous,pdf,2,1
RubricNet,3,0.0,Moonlight Sonata||Ludwig van Beethoven,pdf,5,6
RubricNet,3,0.0,Oracion por Todos||Agustin Barrios Mandore,pdf,2,3
RubricNet,3,0.0,Partita III: BWV 1006: i. Preludio||J.S. Bach,pdf,7,5
RubricNet,3,0.0,"Partita in A Minor, BWV 1013: iii. Sarabande||J.S. Bach",pdf,5,4
RubricNet,3,0.0,Pavane||Gabriel Faure,dada_gp,5,5
RubricNet,3,0.0,Pericon||Agustin Barrios Mangore,pdf,6,7
RubricNet,3,0.0,Pezzo Tedesco||Anonymous,pdf,0,0
RubricNet,3,0.0,Prelude 3||Francisco Tarrega,pdf,3,3
RubricNet,3,0.0,"Prelude, Op. 28 no. 7||Frederic Chopin",pdf,0,1
RubricNet,3,0.0,Rafaga||Joaquin Turina,pdf,5,6
RubricNet,3,0.0,Sarabande||Anonymous,pdf,1,1
RubricNet,3,0.0,Sarabande (from BWV 995)||J.S. Bach,pdf,2,2
RubricNet,3,0.0,Sargento Cabral (Zamba)||Agustin Barrios Mandore,pdf,3,2
RubricNet,3,0.0,Sarita (Mazurka)||Agustin Barrios Mandore,pdf,3,4
RubricNet,3,0.0,"Sonata III, BWV 1005: ii. Fuga||J.S. Bach",pdf,7,5
RubricNet,3,0.0,"Study in A, Op. 44 no. 20||Fernando Sor",pdf,1,3
RubricNet,3,0.0,"Study in B Minor, Op. 31 No. 18||Fernando Sor",pdf,2,3
RubricNet,3,0.0,"Study, Op. 139 no. 1||Mauro Giuliani",pdf,0,1
RubricNet,3,0.0,"Study, Op. 31 no. 16||Fernando Sor",pdf,4,3
RubricNet,3,0.0,"Study, Op. 35 no. 14||Fernando Sor",pdf,0,1
RubricNet,3,0.0,"Study, Op. 60 no. 10||Matteo Carcassi",pdf,1,1
RubricNet,3,0.0,"Study, Op. 60 no. 11||Matteo Carcassi",pdf,0,1
RubricNet,3,0.0,"Study, Op. 60 no. 17||Matteo Carcassi",pdf,2,2
RubricNet,3,0.0,"Study, Op. 60 no. 22||Matteo Carcassi",pdf,5,4
RubricNet,3,0.0,"Suite 1 for Cello, BWV 1007: iii.  Courante||J.S. Bach",pdf,3,2
RubricNet,3,0.0,"Suite 3 for Cello, BWV 1009: vi. Gigue||J.S. Bach",pdf,3,5
RubricNet,3,0.0,"Suite 4 for Cello, BWV 1010: iv. Sarabande||J.S. Bach",pdf,3,2
RubricNet,3,0.0,"Suite 5 for Cello, BWV 1011: i. Prelude||J.S. Bach",pdf,5,2
RubricNet,3,0.0,"Suite 6 for Cello, BWV 1012: vi.  Gigue||J.S. Bach",pdf,4,4
RubricNet,3,0.0,Suite Andaluza: III. Tango||Celedonio Romero,pdf,3,6
RubricNet,3,0.0,Suite Andaluza: IV. Zapateado||Celedonio Romero,pdf,3,5
RubricNet,3,0.0,"Suite for Solo Violoncello, BWV 1009: Gigue||J.S. Bach",pdf,3,4
RubricNet,3,0.0,Swing '59||Charlie Byrd,pdf,2,1
RubricNet,3,0.0,Tango||Isaac Albeniz,pdf,3,6
RubricNet,3,0.0,The Entertainer (Theme)||Scott Joplin,pdf,1,3
RubricNet,3,0.0,The Frog Galliard||John Dowland,pdf,6,1
RubricNet,3,0.0,"The Right Honourable Robert, Earl of Essex, His Galliard||John Dowland",pdf,5,3
RubricNet,3,0.0,The Sick Tune||John Dowland,pdf,0,0
RubricNet,3,0.0,"Three Pieces from Recreation du Guitariste; Chasse, Op. 51 no. 9||Napoleon Coste",pdf,1,1
RubricNet,3,0.0,"Three Pieces from Recreation du Guitariste; Rondeau, Op. 51 no. 6||Napoleon Coste",pdf,1,2
RubricNet,3,0.0,Tombeau de M. Mouton (Allemande)||Robert de Visee,pdf,4,4
RubricNet,3,0.0,Triptico - I. Prelude||Joaquin Rodrigo,pdf,7,6
RubricNet,3,0.0,Twenty-one Lessons: 1||Dionisio Aguado,pdf,0,1
RubricNet,3,0.0,Vals de Primavera||Agustin Barrios Mandore,pdf,4,6
RubricNet,3,0.0,Verano Porteno (Tango)||Astor Piazzolla,pdf,4,5
RubricNet,3,0.0,"Vivace, Op. 48 no. 1||Mauro Giuliani",pdf,1,1
RubricNet,3,0.0,"Waltz, Op. 241 no. 1||Ferdinando Carulli",pdf,0,0
RubricNet,3,0.0,"24 Caprices, Op. 1: 5||Niccolo Paganini",pdf,7,6
RubricNet,3,0.0,Allegro Sinfonico||Agustin Barrios Mandore,pdf,6,4
RubricNet,3,0.0,"Cadenzas, Caprices, Rondos & Preludes, Op. 100: 10. Capricie||Mauro Giuliani",pdf,0,1
RubricNet,3,0.0,"Cadenzas, Caprices, Rondos & Preludes, Op. 100: 12. Capricie||Mauro Giuliani",pdf,2,2
RubricNet,3,0.0,"Cadenzas, Caprices, Rondos & Preludes, Op. 100: 23. Preludi||Mauro Giuliani",pdf,2,2
RubricNet,3,0.0,"Cadenzas, Caprices, Rondos & Preludes, Op. 100: 5. Cadenze||Mauro Giuliani",pdf,0,1
RubricNet,3,0.0,"Cadenzas, Caprices, Rondos & Preludes, Op. 100: 6. Cadenze||Mauro Giuliani",pdf,1,1
RubricNet,3,0.0,Dinora||Agustin Barrios Mangore,pdf,2,6
RubricNet,3,0.0,Einleitende Etuden (Introductory Studies); Op. 60 no. 12||Fernando Sor,pdf,1,1
RubricNet,3,0.0,Elogio De La Danza||Leo Brouwer,pdf,4,4
RubricNet,3,0.0,Estudios Sencillos: VII||Leo Brouwer,pdf,2,2
RubricNet,3,0.0,Estudios Sencillos: X||Leo Brouwer,pdf,2,1
RubricNet,3,0.0,Folias||Gaspar Sanz,pdf,1,1
RubricNet,3,0.0,Lesson 6||Dionisio Aguado,pdf,0,0
RubricNet,3,0.0,Twenty-one Lessons: 18||Dionisio Aguado,pdf,1,0
RubricNet,3,0.0,"Vals, Op. 8 no. 3||Agustin Barrios Mandore",dada_gp,5,6
RubricNet,3,0.0,"Bourree, BWV 996||J.S. Bach",gaps,2,2
RubricNet,3,0.0,Can She Excuse (Earl of Essex's Galliard)||John Dowland,pdf,4,2
RubricNet,3,0.0,Estudio||Francisco Tarrega,pdf,1,1
RubricNet,3,0.0,Estudios Sencillos: I||Leo Brouwer,gaps,1,1
RubricNet,3,0.0,"Los Panaderos, Bolero||Julian Arcas",pdf,4,4
RubricNet,3,0.0,Mazurca en sol||Francisco Tarrega,pdf,3,4
RubricNet,3,0.0,Melancholy Galliard||John Dowland,pdf,3,2
RubricNet,3,0.0,"24 Caprices, Op. 1: 13||Niccolo Paganini",pdf,7,5
RubricNet,3,0.0,"24 Caprices, Op. 1: 20||Niccolo Paganini",pdf,6,5
RubricNet,3,0.0,"24 Caprices, Op. 1: 24||Niccolo Paganini",pdf,7,1
RubricNet,3,0.0,Bajando de la meseta||Joaquin Rodrigo,pdf,6,6
RubricNet,3,1.0,24 Piezas Sudamericanas: 8. Polo Margariteno||Jorge Cardoso,pdf,5,5
RubricNet,3,1.0,Adagio||Robert Schumann,dada_gp,0,2
RubricNet,3,1.0,Aires Criollos||Agustin Barrios Mandore,pdf,6,6
RubricNet,3,1.0,"Allegretto in E Minor, Op. 47 no. 4||Fernando Sor",pdf,2,3
RubricNet,3,1.0,"Allegretto, Op. 35 no. 22||Fernando Sor",pdf,1,2
RubricNet,3,1.0,"Allegretto, Op. 5 no. 12||Matteo Carcassi",dada_gp,1,5
RubricNet,3,1.0,"Allegretto, Op. 60 no. 7||Fernando Sor",pdf,0,0
RubricNet,3,1.0,Alman||John Dowland,pdf,1,3
RubricNet,3,1.0,An Malvina||Johann Kaspar Mertz,gaps,3,5
RubricNet,3,1.0,"Andante, Op. 241 no. 5||Ferdinando Carulli",gaps,0,1
RubricNet,3,1.0,"Andante, Op. 35 no. 13||Fernando Sor",pdf,0,3
RubricNet,3,1.0,"Andantino, Op. 44 no. 9||Fernando Sor",pdf,0,1
RubricNet,3,1.0,"Andantino, Op. 60 no. 21||Matteo Carcassi",pdf,2,3
RubricNet,3,1.0,"Canzonetta from the String Quartet, Op. 12||Felix Mendelssohn",pdf,4,4
RubricNet,3,1.0,Castles of Spain: Alcazar de Segovia (Llamada)||F. Moreno-Torroba,pdf,5,7
RubricNet,3,1.0,Cinco Piezas para guitarra: I. Campero||Astor Piazzolla,pdf,5,6
RubricNet,3,1.0,Cinco Piezas para guitarra: II. Romantico||Astor Piazzolla,pdf,5,6
RubricNet,3,1.0,Cinco Piezas para guitarra: IV. Triston||Astor Piazzolla,pdf,6,5
RubricNet,3,1.0,Confesion||Agustin Barrios Mandore,pdf,4,5
RubricNet,3,1.0,"Courante from Cello Suite No. III, BWV 1009||J.S. Bach",pdf,4,4
RubricNet,3,1.0,Diana Guarani||Agustin Barrios Mandore,pdf,6,7
RubricNet,3,1.0,Douze Etudes - Etude No. 3||Heitor Villa-Lobos,pdf,6,4
RubricNet,3,1.0,Einleitende Etuden (Introductory Studies); Op. 60 no. 13||Fernando Sor,pdf,0,0
RubricNet,3,1.0,Einleitende Etuden (Introductory Studies); Op. 60 no. 14||Fernando Sor,pdf,0,1
RubricNet,3,1.0,Einleitende Etuden (Introductory Studies); Op. 60 no. 15||Fernando Sor,pdf,0,1
RubricNet,3,1.0,Einleitende Etuden (Introductory Studies); Op. 60 no. 25||Fernando Sor,pdf,2,1
RubricNet,3,1.0,Estudio de Concierto||Agustin Barrios Mandore,pdf,3,5
RubricNet,3,1.0,Estudio en Arpegio||Agustin Barrios Mandore,pdf,2,4
RubricNet,3,1.0,Estudio en Sol Menor||Agustin Barrios Mangore,pdf,2,3
RubricNet,3,1.0,"Etude, Op. 38 no. 1||Napoleon Coste",pdf,2,3
RubricNet,3,1.0,"Etude, Op. 60 no. 8||Matteo Carcassi",pdf,2,1
RubricNet,3,1.0,Fantasia (que contrahaze la harpa en la manera de Luduvico)||Alonso Mudarra,dada_gp,4,4
RubricNet,3,1.0,Fantasia in Am||George Philip Telemann,pdf,2,6
RubricNet,3,1.0,Gavota al Estilo Antiguo||Agustin Barrios Mandore,pdf,2,4
RubricNet,3,1.0,Gnossienne No. 2||Erik Satie,pdf,2,4
RubricNet,3,1.0,"Grand Solo, Op. 14||Fernando Sor",pdf,6,7
RubricNet,3,1.0,"Grand Sonata, Op. 22: iii. Minuet and Trio||Fernando Sor",dada_gp,2,4
RubricNet,3,1.0,Greensleeves||Anonymous,dada_gp,1,0
RubricNet,3,1.0,Gymnopedie No. 3||Erik Satie,pdf,2,4
RubricNet,3,1.0,Hommage a Tarrega: I. Garrotin||Joaquin Turina,pdf,5,6
RubricNet,3,1.0,John Dowland's Galliard||John Dowland,pdf,1,2
RubricNet,3,1.0,"La Catedral - i. Preludio ""Saudade""||Agustin Barrios Mandore",pdf,4,4
RubricNet,3,1.0,La minona da Cataluna (The Girl from Catalonia)||Gaspar Sanz,pdf,0,1
RubricNet,3,1.0,Larghetto||Matteo Carcassi,dada_gp,1,4
RubricNet,3,1.0,"Lesson, Op. 60 no. 5||Fernando Sor",dada_gp,0,1
RubricNet,3,1.0,Libertango||Astor Piazzolla,pdf,5,4
RubricNet,3,1.0,Luz Mala||Agustin Barrios Mandore,pdf,4,5
RubricNet,3,1.0,"Mazurka, Op. 67 no. 3||Frederic Chopin",pdf,1,6
RubricNet,3,1.0,"Mazurka, Op. 68 no. 3||Frederic Chopin",pdf,3,5
RubricNet,3,1.0,Mazurka; Op. 24 no. 1||Frederic Chopin,pdf,4,4
RubricNet,3,1.0,Mazurka; Op. 24 no. 3||Frederic Chopin,pdf,3,4
RubricNet,3,1.0,Mazurka; Op. 33 no. 1||Frederic Chopin,pdf,4,4
RubricNet,3,1.0,Milonga||Agustin Barrios Mandore,pdf,6,6
RubricNet,3,1.0,Minuet In E||Anonymous,pdf,2,2
RubricNet,3,1.0,Moonlight Sonata||Ludwig van Beethoven,pdf,5,7
RubricNet,3,1.0,Oracion por Todos||Agustin Barrios Mandore,pdf,2,4
RubricNet,3,1.0,Partita III: BWV 1006: i. Preludio||J.S. Bach,pdf,7,6
RubricNet,3,1.0,"Partita in A Minor, BWV 1013: iii. Sarabande||J.S. Bach",pdf,5,5
RubricNet,3,1.0,Pavane||Gabriel Faure,dada_gp,5,6
RubricNet,3,1.0,Pericon||Agustin Barrios Mangore,pdf,6,7
RubricNet,3,1.0,Pezzo Tedesco||Anonymous,pdf,0,0
RubricNet,3,1.0,Prelude 3||Francisco Tarrega,pdf,3,4
RubricNet,3,1.0,"Prelude, Op. 28 no. 7||Frederic Chopin",pdf,0,2
RubricNet,3,1.0,Rafaga||Joaquin Turina,pdf,5,6
RubricNet,3,1.0,Sarabande||Anonymous,pdf,1,2
RubricNet,3,1.0,Sarabande (from BWV 995)||J.S. Bach,pdf,2,3
RubricNet,3,1.0,Sargento Cabral (Zamba)||Agustin Barrios Mandore,pdf,3,3
RubricNet,3,1.0,Sarita (Mazurka)||Agustin Barrios Mandore,pdf,3,5
RubricNet,3,1.0,"Sonata III, BWV 1005: ii. Fuga||J.S. Bach",pdf,7,5
RubricNet,3,1.0,"Study in A, Op. 44 no. 20||Fernando Sor",pdf,1,3
RubricNet,3,1.0,"Study in B Minor, Op. 31 No. 18||Fernando Sor",pdf,2,2
RubricNet,3,1.0,"Study, Op. 139 no. 1||Mauro Giuliani",pdf,0,1
RubricNet,3,1.0,"Study, Op. 31 no. 16||Fernando Sor",pdf,4,3
RubricNet,3,1.0,"Study, Op. 35 no. 14||Fernando Sor",pdf,0,2
RubricNet,3,1.0,"Study, Op. 60 no. 10||Matteo Carcassi",pdf,1,1
RubricNet,3,1.0,"Study, Op. 60 no. 11||Matteo Carcassi",pdf,0,1
RubricNet,3,1.0,"Study, Op. 60 no. 17||Matteo Carcassi",pdf,2,3
RubricNet,3,1.0,"Study, Op. 60 no. 22||Matteo Carcassi",pdf,5,4
RubricNet,3,1.0,"Suite 1 for Cello, BWV 1007: iii.  Courante||J.S. Bach",pdf,3,2
RubricNet,3,1.0,"Suite 3 for Cello, BWV 1009: vi. Gigue||J.S. Bach",pdf,3,5
RubricNet,3,1.0,"Suite 4 for Cello, BWV 1010: iv. Sarabande||J.S. Bach",pdf,3,3
RubricNet,3,1.0,"Suite 5 for Cello, BWV 1011: i. Prelude||J.S. Bach",pdf,5,3
RubricNet,3,1.0,"Suite 6 for Cello, BWV 1012: vi.  Gigue||J.S. Bach",pdf,4,5
RubricNet,3,1.0,Suite Andaluza: III. Tango||Celedonio Romero,pdf,3,6
RubricNet,3,1.0,Suite Andaluza: IV. Zapateado||Celedonio Romero,pdf,3,6
RubricNet,3,1.0,"Suite for Solo Violoncello, BWV 1009: Gigue||J.S. Bach",pdf,3,5
RubricNet,3,1.0,Swing '59||Charlie Byrd,pdf,2,2
RubricNet,3,1.0,Tango||Isaac Albeniz,pdf,3,6
RubricNet,3,1.0,The Entertainer (Theme)||Scott Joplin,pdf,1,4
RubricNet,3,1.0,The Frog Galliard||John Dowland,pdf,6,1
RubricNet,3,1.0,"The Right Honourable Robert, Earl of Essex, His Galliard||John Dowland",pdf,5,3
RubricNet,3,1.0,The Sick Tune||John Dowland,pdf,0,0
RubricNet,3,1.0,"Three Pieces from Recreation du Guitariste; Chasse, Op. 51 no. 9||Napoleon Coste",pdf,1,2
RubricNet,3,1.0,"Three Pieces from Recreation du Guitariste; Rondeau, Op. 51 no. 6||Napoleon Coste",pdf,1,3
RubricNet,3,1.0,Tombeau de M. Mouton (Allemande)||Robert de Visee,pdf,4,5
RubricNet,3,1.0,Triptico - I. Prelude||Joaquin Rodrigo,pdf,7,6
RubricNet,3,1.0,Twenty-one Lessons: 1||Dionisio Aguado,pdf,0,3
RubricNet,3,1.0,Vals de Primavera||Agustin Barrios Mandore,pdf,4,7
RubricNet,3,1.0,Verano Porteno (Tango)||Astor Piazzolla,pdf,4,6
RubricNet,3,1.0,"Vivace, Op. 48 no. 1||Mauro Giuliani",pdf,1,3
RubricNet,3,1.0,"Waltz, Op. 241 no. 1||Ferdinando Carulli",pdf,0,1
RubricNet,3,1.0,"24 Caprices, Op. 1: 5||Niccolo Paganini",pdf,7,6
RubricNet,3,1.0,Allegro Sinfonico||Agustin Barrios Mandore,pdf,6,5
RubricNet,3,1.0,"Cadenzas, Caprices, Rondos & Preludes, Op. 100: 10. Capricie||Mauro Giuliani",pdf,0,1
RubricNet,3,1.0,"Cadenzas, Caprices, Rondos & Preludes, Op. 100: 12. Capricie||Mauro Giuliani",pdf,2,2
RubricNet,3,1.0,"Cadenzas, Caprices, Rondos & Preludes, Op. 100: 23. Preludi||Mauro Giuliani",pdf,2,3
RubricNet,3,1.0,"Cadenzas, Caprices, Rondos & Preludes, Op. 100: 5. Cadenze||Mauro Giuliani",pdf,0,2
RubricNet,3,1.0,"Cadenzas, Caprices, Rondos & Preludes, Op. 100: 6. Cadenze||Mauro Giuliani",pdf,1,2
RubricNet,3,1.0,Dinora||Agustin Barrios Mangore,pdf,2,6
RubricNet,3,1.0,Einleitende Etuden (Introductory Studies); Op. 60 no. 12||Fernando Sor,pdf,1,2
RubricNet,3,1.0,Elogio De La Danza||Leo Brouwer,pdf,4,5
RubricNet,3,1.0,Estudios Sencillos: VII||Leo Brouwer,pdf,2,3
RubricNet,3,1.0,Estudios Sencillos: X||Leo Brouwer,pdf,2,1
RubricNet,3,1.0,Folias||Gaspar Sanz,pdf,1,1
RubricNet,3,1.0,Lesson 6||Dionisio Aguado,pdf,0,0
RubricNet,3,1.0,Twenty-one Lessons: 18||Dionisio Aguado,pdf,1,0
RubricNet,3,1.0,"Vals, Op. 8 no. 3||Agustin Barrios Mandore",dada_gp,5,6
RubricNet,3,1.0,"Bourree, BWV 996||J.S. Bach",gaps,2,2
RubricNet,3,1.0,Can She Excuse (Earl of Essex's Galliard)||John Dowland,pdf,4,2
RubricNet,3,1.0,Estudio||Francisco Tarrega,pdf,1,1
RubricNet,3,1.0,Estudios Sencillos: I||Leo Brouwer,gaps,1,2
RubricNet,3,1.0,"Los Panaderos, Bolero||Julian Arcas",pdf,4,4
RubricNet,3,1.0,Mazurca en sol||Francisco Tarrega,pdf,3,5
RubricNet,3,1.0,Melancholy Galliard||John Dowland,pdf,3,3
RubricNet,3,1.0,"24 Caprices, Op. 1: 13||Niccolo Paganini",pdf,7,6
RubricNet,3,1.0,"24 Caprices, Op. 1: 20||Niccolo Paganini",pdf,6,6
RubricNet,3,1.0,"24 Caprices, Op. 1: 24||Niccolo Paganini",pdf,7,2
RubricNet,3,1.0,Bajando de la meseta||Joaquin Rodrigo,pdf,6,7
RubricNet,3,2.0,24 Piezas Sudamericanas: 8. Polo Margariteno||Jorge Cardoso,pdf,5,5
RubricNet,3,2.0,Adagio||Robert Schumann,dada_gp,0,1
RubricNet,3,2.0,Aires Criollos||Agustin Barrios Mandore,pdf,6,5
RubricNet,3,2.0,"Allegretto in E Minor, Op. 47 no. 4||Fernando Sor",pdf,2,2
RubricNet,3,2.0,"Allegretto, Op. 35 no. 22||Fernando Sor",pdf,1,1
RubricNet,3,2.0,"Allegretto, Op. 5 no. 12||Matteo Carcassi",dada_gp,1,5
RubricNet,3,2.0,"Allegretto, Op. 60 no. 7||Fernando Sor",pdf,0,0
RubricNet,3,2.0,Alman||John Dowland,pdf,1,3
RubricNet,3,2.0,An Malvina||Johann Kaspar Mertz,gaps,3,5
RubricNet,3,2.0,"Andante, Op. 241 no. 5||Ferdinando Carulli",gaps,0,1
RubricNet,3,2.0,"Andante, Op. 35 no. 13||Fernando Sor",pdf,0,2
RubricNet,3,2.0,"Andantino, Op. 44 no. 9||Fernando Sor",pdf,0,0
RubricNet,3,2.0,"Andantino, Op. 60 no. 21||Matteo Carcassi",pdf,2,1
RubricNet,3,2.0,"Canzonetta from the String Quartet, Op. 12||Felix Mendelssohn",pdf,4,5
RubricNet,3,2.0,Castles of Spain: Alcazar de Segovia (Llamada)||F. Moreno-Torroba,pdf,5,6
RubricNet,3,2.0,Cinco Piezas para guitarra: I. Campero||Astor Piazzolla,pdf,5,6
RubricNet,3,2.0,Cinco Piezas para guitarra: II. Romantico||Astor Piazzolla,pdf,5,6
RubricNet,3,2.0,Cinco Piezas para guitarra: IV. Triston||Astor Piazzolla,pdf,6,4
RubricNet,3,2.0,Confesion||Agustin Barrios Mandore,pdf,4,5
RubricNet,3,2.0,"Courante from Cello Suite No. III, BWV 1009||J.S. Bach",pdf,4,5
RubricNet,3,2.0,Diana Guarani||Agustin Barrios Mandore,pdf,6,6
RubricNet,3,2.0,Douze Etudes - Etude No. 3||Heitor Villa-Lobos,pdf,6,4
RubricNet,3,2.0,Einleitende Etuden (Introductory Studies); Op. 60 no. 13||Fernando Sor,pdf,0,0
RubricNet,3,2.0,Einleitende Etuden (Introductory Studies); Op. 60 no. 14||Fernando Sor,pdf,0,1
RubricNet,3,2.0,Einleitende Etuden (Introductory Studies); Op. 60 no. 15||Fernando Sor,pdf,0,1
RubricNet,3,2.0,Einleitende Etuden (Introductory Studies); Op. 60 no. 25||Fernando Sor,pdf,2,1
RubricNet,3,2.0,Estudio de Concierto||Agustin Barrios Mandore,pdf,3,6
RubricNet,3,2.0,Estudio en Arpegio||Agustin Barrios Mandore,pdf,2,4
RubricNet,3,2.0,Estudio en Sol Menor||Agustin Barrios Mangore,pdf,2,4
RubricNet,3,2.0,"Etude, Op. 38 no. 1||Napoleon Coste",pdf,2,3
RubricNet,3,2.0,"Etude, Op. 60 no. 8||Matteo Carcassi",pdf,2,1
RubricNet,3,2.0,Fantasia (que contrahaze la harpa en la manera de Luduvico)||Alonso Mudarra,dada_gp,4,3
RubricNet,3,2.0,Fantasia in Am||George Philip Telemann,pdf,2,5
RubricNet,3,2.0,Gavota al Estilo Antiguo||Agustin Barrios Mandore,pdf,2,4
RubricNet,3,2.0,Gnossienne No. 2||Erik Satie,pdf,2,3
RubricNet,3,2.0,"Grand Solo, Op. 14||Fernando Sor",pdf,6,6
RubricNet,3,2.0,"Grand Sonata, Op. 22: iii. Minuet and Trio||Fernando Sor",dada_gp,2,2
RubricNet,3,2.0,Greensleeves||Anonymous,dada_gp,1,0
RubricNet,3,2.0,Gymnopedie No. 3||Erik Satie,pdf,2,4
RubricNet,3,2.0,Hommage a Tarrega: I. Garrotin||Joaquin Turina,pdf,5,6
RubricNet,3,2.0,John Dowland's Galliard||John Dowland,pdf,1,1
RubricNet,3,2.0,"La Catedral - i. Preludio ""Saudade""||Agustin Barrios Mandore",pdf,4,6
RubricNet,3,2.0,La minona da Cataluna (The Girl from Catalonia)||Gaspar Sanz,pdf,0,1
RubricNet,3,2.0,Larghetto||Matteo Carcassi,dada_gp,1,4
RubricNet,3,2.0,"Lesson, Op. 60 no. 5||Fernando Sor",dada_gp,0,1
RubricNet,3,2.0,Libertango||Astor Piazzolla,pdf,5,5
RubricNet,3,2.0,Luz Mala||Agustin Barrios Mandore,pdf,4,4
RubricNet,3,2.0,"Mazurka, Op. 67 no. 3||Frederic Chopin",pdf,1,5
RubricNet,3,2.0,"Mazurka, Op. 68 no. 3||Frederic Chopin",pdf,3,4
RubricNet,3,2.0,Mazurka; Op. 24 no. 1||Frederic Chopin,pdf,4,4
RubricNet,3,2.0,Mazurka; Op. 24 no. 3||Frederic Chopin,pdf,3,4
RubricNet,3,2.0,Mazurka; Op. 33 no. 1||Frederic Chopin,pdf,4,4
RubricNet,3,2.0,Milonga||Agustin Barrios Mandore,pdf,6,5
RubricNet,3,2.0,Minuet In E||Anonymous,pdf,2,2
RubricNet,3,2.0,Moonlight Sonata||Ludwig van Beethoven,pdf,5,6
RubricNet,3,2.0,Oracion por Todos||Agustin Barrios Mandore,pdf,2,2
RubricNet,3,2.0,Partita III: BWV 1006: i. Preludio||J.S. Bach,pdf,7,6
RubricNet,3,2.0,"Partita in A Minor, BWV 1013: iii. Sarabande||J.S. Bach",pdf,5,3
RubricNet,3,2.0,Pavane||Gabriel Faure,dada_gp,5,6
RubricNet,3,2.0,Pericon||Agustin Barrios Mangore,pdf,6,6
RubricNet,3,2.0,Pezzo Tedesco||Anonymous,pdf,0,0
RubricNet,3,2.0,Prelude 3||Francisco Tarrega,pdf,3,4
RubricNet,3,2.0,"Prelude, Op. 28 no. 7||Frederic Chopin",pdf,0,1
RubricNet,3,2.0,Rafaga||Joaquin Turina,pdf,5,6
RubricNet,3,2.0,Sarabande||Anonymous,pdf,1,1
RubricNet,3,2.0,Sarabande (from BWV 995)||J.S. Bach,pdf,2,2
RubricNet,3,2.0,Sargento Cabral (Zamba)||Agustin Barrios Mandore,pdf,3,2
RubricNet,3,2.0,Sarita (Mazurka)||Agustin Barrios Mandore,pdf,3,4
RubricNet,3,2.0,"Sonata III, BWV 1005: ii. Fuga||J.S. Bach",pdf,7,4
RubricNet,3,2.0,"Study in A, Op. 44 no. 20||Fernando Sor",pdf,1,3
RubricNet,3,2.0,"Study in B Minor, Op. 31 No. 18||Fernando Sor",pdf,2,3
RubricNet,3,2.0,"Study, Op. 139 no. 1||Mauro Giuliani",pdf,0,1
RubricNet,3,2.0,"Study, Op. 31 no. 16||Fernando Sor",pdf,4,2
RubricNet,3,2.0,"Study, Op. 35 no. 14||Fernando Sor",pdf,0,1
RubricNet,3,2.0,"Study, Op. 60 no. 10||Matteo Carcassi",pdf,1,0
RubricNet,3,2.0,"Study, Op. 60 no. 11||Matteo Carcassi",pdf,0,1
RubricNet,3,2.0,"Study, Op. 60 no. 17||Matteo Carcassi",pdf,2,4
RubricNet,3,2.0,"Study, Op. 60 no. 22||Matteo Carcassi",pdf,5,5
RubricNet,3,2.0,"Suite 1 for Cello, BWV 1007: iii.  Courante||J.S. Bach",pdf,3,2
RubricNet,3,2.0,"Suite 3 for Cello, BWV 1009: vi. Gigue||J.S. Bach",pdf,3,5
RubricNet,3,2.0,"Suite 4 for Cello, BWV 1010: iv. Sarabande||J.S. Bach",pdf,3,3
RubricNet,3,2.0,"Suite 5 for Cello, BWV 1011: i. Prelude||J.S. Bach",pdf,5,2
RubricNet,3,2.0,"Suite 6 for Cello, BWV 1012: vi.  Gigue||J.S. Bach",pdf,4,4
RubricNet,3,2.0,Suite Andaluza: III. Tango||Celedonio Romero,pdf,3,6
RubricNet,3,2.0,Suite Andaluza: IV. Zapateado||Celedonio Romero,pdf,3,6
RubricNet,3,2.0,"Suite for Solo Violoncello, BWV 1009: Gigue||J.S. Bach",pdf,3,4
RubricNet,3,2.0,Swing '59||Charlie Byrd,pdf,2,1
RubricNet,3,2.0,Tango||Isaac Albeniz,pdf,3,6
RubricNet,3,2.0,The Entertainer (Theme)||Scott Joplin,pdf,1,3
RubricNet,3,2.0,The Frog Galliard||John Dowland,pdf,6,1
RubricNet,3,2.0,"The Right Honourable Robert, Earl of Essex, His Galliard||John Dowland",pdf,5,3
RubricNet,3,2.0,The Sick Tune||John Dowland,pdf,0,0
RubricNet,3,2.0,"Three Pieces from Recreation du Guitariste; Chasse, Op. 51 no. 9||Napoleon Coste",pdf,1,1
RubricNet,3,2.0,"Three Pieces from Recreation du Guitariste; Rondeau, Op. 51 no. 6||Napoleon Coste",pdf,1,3
RubricNet,3,2.0,Tombeau de M. Mouton (Allemande)||Robert de Visee,pdf,4,5
RubricNet,3,2.0,Triptico - I. Prelude||Joaquin Rodrigo,pdf,7,6
RubricNet,3,2.0,Twenty-one Lessons: 1||Dionisio Aguado,pdf,0,2
RubricNet,3,2.0,Vals de Primavera||Agustin Barrios Mandore,pdf,4,6
RubricNet,3,2.0,Verano Porteno (Tango)||Astor Piazzolla,pdf,4,6
RubricNet,3,2.0,"Vivace, Op. 48 no. 1||Mauro Giuliani",pdf,1,2
RubricNet,3,2.0,"Waltz, Op. 241 no. 1||Ferdinando Carulli",pdf,0,1
RubricNet,3,2.0,"24 Caprices, Op. 1: 5||Niccolo Paganini",pdf,7,6
RubricNet,3,2.0,Allegro Sinfonico||Agustin Barrios Mandore,pdf,6,4
RubricNet,3,2.0,"Cadenzas, Caprices, Rondos & Preludes, Op. 100: 10. Capricie||Mauro Giuliani",pdf,0,1
RubricNet,3,2.0,"Cadenzas, Caprices, Rondos & Preludes, Op. 100: 12. Capricie||Mauro Giuliani",pdf,2,3
RubricNet,3,2.0,"Cadenzas, Caprices, Rondos & Preludes, Op. 100: 23. Preludi||Mauro Giuliani",pdf,2,3
RubricNet,3,2.0,"Cadenzas, Caprices, Rondos & Preludes, Op. 100: 5. Cadenze||Mauro Giuliani",pdf,0,1
RubricNet,3,2.0,"Cadenzas, Caprices, Rondos & Preludes, Op. 100: 6. Cadenze||Mauro Giuliani",pdf,1,1
RubricNet,3,2.0,Dinora||Agustin Barrios Mangore,pdf,2,4
RubricNet,3,2.0,Einleitende Etuden (Introductory Studies); Op. 60 no. 12||Fernando Sor,pdf,1,2
RubricNet,3,2.0,Elogio De La Danza||Leo Brouwer,pdf,4,5
RubricNet,3,2.0,Estudios Sencillos: VII||Leo Brouwer,pdf,2,1
RubricNet,3,2.0,Estudios Sencillos: X||Leo Brouwer,pdf,2,2
RubricNet,3,2.0,Folias||Gaspar Sanz,pdf,1,1
RubricNet,3,2.0,Lesson 6||Dionisio Aguado,pdf,0,0
RubricNet,3,2.0,Twenty-one Lessons: 18||Dionisio Aguado,pdf,1,0
RubricNet,3,2.0,"Vals, Op. 8 no. 3||Agustin Barrios Mandore",dada_gp,5,6
RubricNet,3,2.0,"Bourree, BWV 996||J.S. Bach",gaps,2,2
RubricNet,3,2.0,Can She Excuse (Earl of Essex's Galliard)||John Dowland,pdf,4,2
RubricNet,3,2.0,Estudio||Francisco Tarrega,pdf,1,1
RubricNet,3,2.0,Estudios Sencillos: I||Leo Brouwer,gaps,1,2
RubricNet,3,2.0,"Los Panaderos, Bolero||Julian Arcas",pdf,4,5
RubricNet,3,2.0,Mazurca en sol||Francisco Tarrega,pdf,3,4
RubricNet,3,2.0,Melancholy Galliard||John Dowland,pdf,3,2
RubricNet,3,2.0,"24 Caprices, Op. 1: 13||Niccolo Paganini",pdf,7,5
RubricNet,3,2.0,"24 Caprices, Op. 1: 20||Niccolo Paganini",pdf,6,6
RubricNet,3,2.0,"24 Caprices, Op. 1: 24||Niccolo Paganini",pdf,7,2
RubricNet,3,2.0,Bajando de la meseta||Joaquin Rodrigo,pdf,6,6
Fuzzy Complete Search,3,,24 Piezas Sudamericanas: 8. Polo Margariteno||Jorge Cardoso,pdf,5,1
Fuzzy Complete Search,3,,Adagio||Robert Schumann,dada_gp,0,7
Fuzzy Complete Search,3,,Aires Criollos||Agustin Barrios Mandore,pdf,6,3
Fuzzy Complete Search,3,,"Allegretto in E Minor, Op. 47 no. 4||Fernando Sor",pdf,2,3
Fuzzy Complete Search,3,,"Allegretto, Op. 35 no. 22||Fernando Sor",pdf,1,1
Fuzzy Complete Search,3,,"Allegretto, Op. 5 no. 12||Matteo Carcassi",dada_gp,1,4
Fuzzy Complete Search,3,,"Allegretto, Op. 60 no. 7||Fernando Sor",pdf,0,0
Fuzzy Complete Search,3,,Alman||John Dowland,pdf,1,3
Fuzzy Complete Search,3,,An Malvina||Johann Kaspar Mertz,gaps,3,3
Fuzzy Complete Search,3,,"Andante, Op. 241 no. 5||Ferdinando Carulli",gaps,0,1
Fuzzy Complete Search,3,,"Andante, Op. 35 no. 13||Fernando Sor",pdf,0,0
Fuzzy Complete Search,3,,"Andantino, Op. 44 no. 9||Fernando Sor",pdf,0,1
Fuzzy Complete Search,3,,"Andantino, Op. 60 no. 21||Matteo Carcassi",pdf,2,0
Fuzzy Complete Search,3,,"Canzonetta from the String Quartet, Op. 12||Felix Mendelssohn",pdf,4,3
Fuzzy Complete Search,3,,Castles of Spain: Alcazar de Segovia (Llamada)||F. Moreno-Torroba,pdf,5,3
Fuzzy Complete Search,3,,Cinco Piezas para guitarra: I. Campero||Astor Piazzolla,pdf,5,3
Fuzzy Complete Search,3,,Cinco Piezas para guitarra: II. Romantico||Astor Piazzolla,pdf,5,3
Fuzzy Complete Search,3,,Cinco Piezas para guitarra: IV. Triston||Astor Piazzolla,pdf,6,3
Fuzzy Complete Search,3,,Confesion||Agustin Barrios Mandore,pdf,4,3
Fuzzy Complete Search,3,,"Courante from Cello Suite No. III, BWV 1009||J.S. Bach",pdf,4,3
Fuzzy Complete Search,3,,Diana Guarani||Agustin Barrios Mandore,pdf,6,3
Fuzzy Complete Search,3,,Douze Etudes - Etude No. 3||Heitor Villa-Lobos,pdf,6,3
Fuzzy Complete Search,3,,Einleitende Etuden (Introductory Studies); Op. 60 no. 13||Fernando Sor,pdf,0,0
Fuzzy Complete Search,3,,Einleitende Etuden (Introductory Studies); Op. 60 no. 14||Fernando Sor,pdf,0,0
Fuzzy Complete Search,3,,Einleitende Etuden (Introductory Studies); Op. 60 no. 15||Fernando Sor,pdf,0,1
Fuzzy Complete Search,3,,Einleitende Etuden (Introductory Studies); Op. 60 no. 25||Fernando Sor,pdf,2,2
Fuzzy Complete Search,3,,Estudio de Concierto||Agustin Barrios Mandore,pdf,3,3
Fuzzy Complete Search,3,,Estudio en Arpegio||Agustin Barrios Mandore,pdf,2,3
Fuzzy Complete Search,3,,Estudio en Sol Menor||Agustin Barrios Mangore,pdf,2,1
Fuzzy Complete Search,3,,"Etude, Op. 38 no. 1||Napoleon Coste",pdf,2,1
Fuzzy Complete Search,3,,"Etude, Op. 60 no. 8||Matteo Carcassi",pdf,2,0
Fuzzy Complete Search,3,,Fantasia (que contrahaze la harpa en la manera de Luduvico)||Alonso Mudarra,dada_gp,4,1
Fuzzy Complete Search,3,,Fantasia in Am||George Philip Telemann,pdf,2,3
Fuzzy Complete Search,3,,Gavota al Estilo Antiguo||Agustin Barrios Mandore,pdf,2,3
Fuzzy Complete Search,3,,Gnossienne No. 2||Erik Satie,pdf,2,3
Fuzzy Complete Search,3,,"Grand Solo, Op. 14||Fernando Sor",pdf,6,3
Fuzzy Complete Search,3,,"Grand Sonata, Op. 22: iii. Minuet and Trio||Fernando Sor",dada_gp,2,3
Fuzzy Complete Search,3,,Greensleeves||Anonymous,dada_gp,1,0
Fuzzy Complete Search,3,,Gymnopedie No. 3||Erik Satie,pdf,2,5
Fuzzy Complete Search,3,,Hommage a Tarrega: I. Garrotin||Joaquin Turina,pdf,5,4
Fuzzy Complete Search,3,,John Dowland's Galliard||John Dowland,pdf,1,0
Fuzzy Complete Search,3,,"La Catedral - i. Preludio ""Saudade""||Agustin Barrios Mandore",pdf,4,3
Fuzzy Complete Search,3,,La minona da Cataluna (The Girl from Catalonia)||Gaspar Sanz,pdf,0,0
Fuzzy Complete Search,3,,Larghetto||Matteo Carcassi,dada_gp,1,3
Fuzzy Complete Search,3,,"Lesson, Op. 60 no. 5||Fernando Sor",dada_gp,0,2
Fuzzy Complete Search,3,,Libertango||Astor Piazzolla,pdf,5,1
Fuzzy Complete Search,3,,Luz Mala||Agustin Barrios Mandore,pdf,4,3
Fuzzy Complete Search,3,,"Mazurka, Op. 67 no. 3||Frederic Chopin",pdf,1,3
Fuzzy Complete Search,3,,"Mazurka, Op. 68 no. 3||Frederic Chopin",pdf,3,2
Fuzzy Complete Search,3,,Mazurka; Op. 24 no. 1||Frederic Chopin,pdf,4,3
Fuzzy Complete Search,3,,Mazurka; Op. 24 no. 3||Frederic Chopin,pdf,3,3
Fuzzy Complete Search,3,,Mazurka; Op. 33 no. 1||Frederic Chopin,pdf,4,3
Fuzzy Complete Search,3,,Milonga||Agustin Barrios Mandore,pdf,6,4
Fuzzy Complete Search,3,,Minuet In E||Anonymous,pdf,2,0
Fuzzy Complete Search,3,,Moonlight Sonata||Ludwig van Beethoven,pdf,5,3
Fuzzy Complete Search,3,,Oracion por Todos||Agustin Barrios Mandore,pdf,2,3
Fuzzy Complete Search,3,,Partita III: BWV 1006: i. Preludio||J.S. Bach,pdf,7,3
Fuzzy Complete Search,3,,"Partita in A Minor, BWV 1013: iii. Sarabande||J.S. Bach",pdf,5,3
Fuzzy Complete Search,3,,Pavane||Gabriel Faure,dada_gp,5,3
Fuzzy Complete Search,3,,Pericon||Agustin Barrios Mangore,pdf,6,3
Fuzzy Complete Search,3,,Pezzo Tedesco||Anonymous,pdf,0,0
Fuzzy Complete Search,3,,Prelude 3||Francisco Tarrega,pdf,3,3
Fuzzy Complete Search,3,,"Prelude, Op. 28 no. 7||Frederic Chopin",pdf,0,3
Fuzzy Complete Search,3,,Rafaga||Joaquin Turina,pdf,5,3
Fuzzy Complete Search,3,,Sarabande||Anonymous,pdf,1,0
Fuzzy Complete Search,3,,Sarabande (from BWV 995)||J.S. Bach,pdf,2,3
Fuzzy Complete Search,3,,Sargento Cabral (Zamba)||Agustin Barrios Mandore,pdf,3,1
Fuzzy Complete Search,3,,Sarita (Mazurka)||Agustin Barrios Mandore,pdf,3,3
Fuzzy Complete Search,3,,"Sonata III, BWV 1005: ii. Fuga||J.S. Bach",pdf,7,3
Fuzzy Complete Search,3,,"Study in A, Op. 44 no. 20||Fernando Sor",pdf,1,0
Fuzzy Complete Search,3,,"Study in B Minor, Op. 31 No. 18||Fernando Sor",pdf,2,3
Fuzzy Complete Search,3,,"Study, Op. 139 no. 1||Mauro Giuliani",pdf,0,0
Fuzzy Complete Search,3,,"Study, Op. 31 no. 16||Fernando Sor",pdf,4,0
Fuzzy Complete Search,3,,"Study, Op. 35 no. 14||Fernando Sor",pdf,0,0
Fuzzy Complete Search,3,,"Study, Op. 60 no. 10||Matteo Carcassi",pdf,1,3
Fuzzy Complete Search,3,,"Study, Op. 60 no. 11||Matteo Carcassi",pdf,0,0
Fuzzy Complete Search,3,,"Study, Op. 60 no. 17||Matteo Carcassi",pdf,2,3
Fuzzy Complete Search,3,,"Study, Op. 60 no. 22||Matteo Carcassi",pdf,5,1
Fuzzy Complete Search,3,,"Suite 1 for Cello, BWV 1007: iii.  Courante||J.S. Bach",pdf,3,0
Fuzzy Complete Search,3,,"Suite 3 for Cello, BWV 1009: vi. Gigue||J.S. Bach",pdf,3,1
Fuzzy Complete Search,3,,"Suite 4 for Cello, BWV 1010: iv. Sarabande||J.S. Bach",pdf,3,3
Fuzzy Complete Search,3,,"Suite 5 for Cello, BWV 1011: i. Prelude||J.S. Bach",pdf,5,4
Fuzzy Complete Search,3,,"Suite 6 for Cello, BWV 1012: vi.  Gigue||J.S. Bach",pdf,4,3
Fuzzy Complete Search,3,,Suite Andaluza: III. Tango||Celedonio Romero,pdf,3,3
Fuzzy Complete Search,3,,Suite Andaluza: IV. Zapateado||Celedonio Romero,pdf,3,4
Fuzzy Complete Search,3,,"Suite for Solo Violoncello, BWV 1009: Gigue||J.S. Bach",pdf,3,3
Fuzzy Complete Search,3,,Swing '59||Charlie Byrd,pdf,2,1
Fuzzy Complete Search,3,,Tango||Isaac Albeniz,pdf,3,3
Fuzzy Complete Search,3,,The Entertainer (Theme)||Scott Joplin,pdf,1,0
Fuzzy Complete Search,3,,The Frog Galliard||John Dowland,pdf,6,1
Fuzzy Complete Search,3,,"The Right Honourable Robert, Earl of Essex, His Galliard||John Dowland",pdf,5,0
Fuzzy Complete Search,3,,The Sick Tune||John Dowland,pdf,0,0
Fuzzy Complete Search,3,,"Three Pieces from Recreation du Guitariste; Chasse, Op. 51 no. 9||Napoleon Coste",pdf,1,0
Fuzzy Complete Search,3,,"Three Pieces from Recreation du Guitariste; Rondeau, Op. 51 no. 6||Napoleon Coste",pdf,1,3
Fuzzy Complete Search,3,,Tombeau de M. Mouton (Allemande)||Robert de Visee,pdf,4,3
Fuzzy Complete Search,3,,Triptico - I. Prelude||Joaquin Rodrigo,pdf,7,3
Fuzzy Complete Search,3,,Twenty-one Lessons: 1||Dionisio Aguado,pdf,0,1
Fuzzy Complete Search,3,,Vals de Primavera||Agustin Barrios Mandore,pdf,4,3
Fuzzy Complete Search,3,,Verano Porteno (Tango)||Astor Piazzolla,pdf,4,3
Fuzzy Complete Search,3,,"Vivace, Op. 48 no. 1||Mauro Giuliani",pdf,1,3
Fuzzy Complete Search,3,,"Waltz, Op. 241 no. 1||Ferdinando Carulli",pdf,0,0
Fuzzy Complete Search,3,,"24 Caprices, Op. 1: 5||Niccolo Paganini",pdf,7,4
Fuzzy Complete Search,3,,Allegro Sinfonico||Agustin Barrios Mandore,pdf,6,3
Fuzzy Complete Search,3,,"Cadenzas, Caprices, Rondos & Preludes, Op. 100: 10. Capricie||Mauro Giuliani",pdf,0,0
Fuzzy Complete Search,3,,"Cadenzas, Caprices, Rondos & Preludes, Op. 100: 12. Capricie||Mauro Giuliani",pdf,2,0
Fuzzy Complete Search,3,,"Cadenzas, Caprices, Rondos & Preludes, Op. 100: 23. Preludi||Mauro Giuliani",pdf,2,0
Fuzzy Complete Search,3,,"Cadenzas, Caprices, Rondos & Preludes, Op. 100: 5. Cadenze||Mauro Giuliani",pdf,0,0
Fuzzy Complete Search,3,,"Cadenzas, Caprices, Rondos & Preludes, Op. 100: 6. Cadenze||Mauro Giuliani",pdf,1,1
Fuzzy Complete Search,3,,Dinora||Agustin Barrios Mangore,pdf,2,3
Fuzzy Complete Search,3,,Einleitende Etuden (Introductory Studies); Op. 60 no. 12||Fernando Sor,pdf,1,0
Fuzzy Complete Search,3,,Elogio De La Danza||Leo Brouwer,pdf,4,4
Fuzzy Complete Search,3,,Estudios Sencillos: VII||Leo Brouwer,pdf,2,0
Fuzzy Complete Search,3,,Estudios Sencillos: X||Leo Brouwer,pdf,2,0
Fuzzy Complete Search,3,,Folias||Gaspar Sanz,pdf,1,0
Fuzzy Complete Search,3,,Lesson 6||Dionisio Aguado,pdf,0,0
Fuzzy Complete Search,3,,Twenty-one Lessons: 18||Dionisio Aguado,pdf,1,0
Fuzzy Complete Search,3,,"Vals, Op. 8 no. 3||Agustin Barrios Mandore",dada_gp,5,3
Fuzzy Complete Search,3,,"Bourree, BWV 996||J.S. Bach",gaps,2,1
Fuzzy Complete Search,3,,Can She Excuse (Earl of Essex's Galliard)||John Dowland,pdf,4,0
Fuzzy Complete Search,3,,Estudio||Francisco Tarrega,pdf,1,0
Fuzzy Complete Search,3,,Estudios Sencillos: I||Leo Brouwer,gaps,1,1
Fuzzy Complete Search,3,,"Los Panaderos, Bolero||Julian Arcas",pdf,4,1
Fuzzy Complete Search,3,,Mazurca en sol||Francisco Tarrega,pdf,3,3
Fuzzy Complete Search,3,,Melancholy Galliard||John Dowland,pdf,3,2
Fuzzy Complete Search,3,,"24 Caprices, Op. 1: 13||Niccolo Paganini",pdf,7,3
Fuzzy Complete Search,3,,"24 Caprices, Op. 1: 20||Niccolo Paganini",pdf,6,4
Fuzzy Complete Search,3,,"24 Caprices, Op. 1: 24||Niccolo Paganini",pdf,7,0
Fuzzy Complete Search,3,,Bajando de la meseta||Joaquin Rodrigo,pdf,6,3
Fuzzy Pattern Tree,3,,24 Piezas Sudamericanas: 8. Polo Margariteno||Jorge Cardoso,pdf,5,4
Fuzzy Pattern Tree,3,,Adagio||Robert Schumann,dada_gp,0,2
Fuzzy Pattern Tree,3,,Aires Criollos||Agustin Barrios Mandore,pdf,6,4
Fuzzy Pattern Tree,3,,"Allegretto in E Minor, Op. 47 no. 4||Fernando Sor",pdf,2,3
Fuzzy Pattern Tree,3,,"Allegretto, Op. 35 no. 22||Fernando Sor",pdf,1,1
Fuzzy Pattern Tree,3,,"Allegretto, Op. 5 no. 12||Matteo Carcassi",dada_gp,1,0
Fuzzy Pattern Tree,3,,"Allegretto, Op. 60 no. 7||Fernando Sor",pdf,0,0
Fuzzy Pattern Tree,3,,Alman||John Dowland,pdf,1,1
Fuzzy Pattern Tree,3,,An Malvina||Johann Kaspar Mertz,gaps,3,7
Fuzzy Pattern Tree,3,,"Andante, Op. 241 no. 5||Ferdinando Carulli",gaps,0,0
Fuzzy Pattern Tree,3,,"Andante, Op. 35 no. 13||Fernando Sor",pdf,0,1
Fuzzy Pattern Tree,3,,"Andantino, Op. 44 no. 9||Fernando Sor",pdf,0,1
Fuzzy Pattern Tree,3,,"Andantino, Op. 60 no. 21||Matteo Carcassi",pdf,2,2
Fuzzy Pattern Tree,3,,"Canzonetta from the String Quartet, Op. 12||Felix Mendelssohn",pdf,4,3
Fuzzy Pattern Tree,3,,Castles of Spain: Alcazar de Segovia (Llamada)||F. Moreno-Torroba,pdf,5,7
Fuzzy Pattern Tree,3,,Cinco Piezas para guitarra: I. Campero||Astor Piazzolla,pdf,5,4
Fuzzy Pattern Tree,3,,Cinco Piezas para guitarra: II. Romantico||Astor Piazzolla,pdf,5,4
Fuzzy Pattern Tree,3,,Cinco Piezas para guitarra: IV. Triston||Astor Piazzolla,pdf,6,4
Fuzzy Pattern Tree,3,,Confesion||Agustin Barrios Mandore,pdf,4,4
Fuzzy Pattern Tree,3,,"Courante from Cello Suite No. III, BWV 1009||J.S. Bach",pdf,4,5
Fuzzy Pattern Tree,3,,Diana Guarani||Agustin Barrios Mandore,pdf,6,6
Fuzzy Pattern Tree,3,,Douze Etudes - Etude No. 3||Heitor Villa-Lobos,pdf,6,1
Fuzzy Pattern Tree,3,,Einleitende Etuden (Introductory Studies); Op. 60 no. 13||Fernando Sor,pdf,0,0
Fuzzy Pattern Tree,3,,Einleitende Etuden (Introductory Studies); Op. 60 no. 14||Fernando Sor,pdf,0,0
Fuzzy Pattern Tree,3,,Einleitende Etuden (Introductory Studies); Op. 60 no. 15||Fernando Sor,pdf,0,0
Fuzzy Pattern Tree,3,,Einleitende Etuden (Introductory Studies); Op. 60 no. 25||Fernando Sor,pdf,2,2
Fuzzy Pattern Tree,3,,Estudio de Concierto||Agustin Barrios Mandore,pdf,3,4
Fuzzy Pattern Tree,3,,Estudio en Arpegio||Agustin Barrios Mandore,pdf,2,3
Fuzzy Pattern Tree,3,,Estudio en Sol Menor||Agustin Barrios Mangore,pdf,2,1
Fuzzy Pattern Tree,3,,"Etude, Op. 38 no. 1||Napoleon Coste",pdf,2,3
Fuzzy Pattern Tree,3,,"Etude, Op. 60 no. 8||Matteo Carcassi",pdf,2,1
Fuzzy Pattern Tree,3,,Fantasia (que contrahaze la harpa en la manera de Luduvico)||Alonso Mudarra,dada_gp,4,0
Fuzzy Pattern Tree,3,,Fantasia in Am||George Philip Telemann,pdf,2,4
Fuzzy Pattern Tree,3,,Gavota al Estilo Antiguo||Agustin Barrios Mandore,pdf,2,4
Fuzzy Pattern Tree,3,,Gnossienne No. 2||Erik Satie,pdf,2,5
Fuzzy Pattern Tree,3,,"Grand Solo, Op. 14||Fernando Sor",pdf,6,6
Fuzzy Pattern Tree,3,,"Grand Sonata, Op. 22: iii. Minuet and Trio||Fernando Sor",dada_gp,2,4
Fuzzy Pattern Tree,3,,Greensleeves||Anonymous,dada_gp,1,0
Fuzzy Pattern Tree,3,,Gymnopedie No. 3||Erik Satie,pdf,2,1
Fuzzy Pattern Tree,3,,Hommage a Tarrega: I. Garrotin||Joaquin Turina,pdf,5,4
Fuzzy Pattern Tree,3,,John Dowland's Galliard||John Dowland,pdf,1,1
Fuzzy Pattern Tree,3,,"La Catedral - i. Preludio ""Saudade""||Agustin Barrios Mandore",pdf,4,3
Fuzzy Pattern Tree,3,,La minona da Cataluna (The Girl from Catalonia)||Gaspar Sanz,pdf,0,1
Fuzzy Pattern Tree,3,,Larghetto||Matteo Carcassi,dada_gp,1,4
Fuzzy Pattern Tree,3,,"Lesson, Op. 60 no. 5||Fernando Sor",dada_gp,0,0
Fuzzy Pattern Tree,3,,Libertango||Astor Piazzolla,pdf,5,4
Fuzzy Pattern Tree,3,,Luz Mala||Agustin Barrios Mandore,pdf,4,3
Fuzzy Pattern Tree,3,,"Mazurka, Op. 67 no. 3||Frederic Chopin",pdf,1,5
Fuzzy Pattern Tree,3,,"Mazurka, Op. 68 no. 3||Frederic Chopin",pdf,3,4
Fuzzy Pattern Tree,3,,Mazurka; Op. 24 no. 1||Frederic Chopin,pdf,4,4
Fuzzy Pattern Tree,3,,Mazurka; Op. 24 no. 3||Frederic Chopin,pdf,3,4
Fuzzy Pattern Tree,3,,Mazurka; Op. 33 no. 1||Frederic Chopin,pdf,4,2
Fuzzy Pattern Tree,3,,Milonga||Agustin Barrios Mandore,pdf,6,7
Fuzzy Pattern Tree,3,,Minuet In E||Anonymous,pdf,2,7
Fuzzy Pattern Tree,3,,Moonlight Sonata||Ludwig van Beethoven,pdf,5,6
Fuzzy Pattern Tree,3,,Oracion por Todos||Agustin Barrios Mandore,pdf,2,3
Fuzzy Pattern Tree,3,,Partita III: BWV 1006: i. Preludio||J.S. Bach,pdf,7,4
Fuzzy Pattern Tree,3,,"Partita in A Minor, BWV 1013: iii. Sarabande||J.S. Bach",pdf,5,6
Fuzzy Pattern Tree,3,,Pavane||Gabriel Faure,dada_gp,5,7
Fuzzy Pattern Tree,3,,Pericon||Agustin Barrios Mangore,pdf,6,6
Fuzzy Pattern Tree,3,,Pezzo Tedesco||Anonymous,pdf,0,1
Fuzzy Pattern Tree,3,,Prelude 3||Francisco Tarrega,pdf,3,2
Fuzzy Pattern Tree,3,,"Prelude, Op. 28 no. 7||Frederic Chopin",pdf,0,1
Fuzzy Pattern Tree,3,,Rafaga||Joaquin Turina,pdf,5,5
Fuzzy Pattern Tree,3,,Sarabande||Anonymous,pdf,1,1
Fuzzy Pattern Tree,3,,Sarabande (from BWV 995)||J.S. Bach,pdf,2,3
Fuzzy Pattern Tree,3,,Sargento Cabral (Zamba)||Agustin Barrios Mandore,pdf,3,1
Fuzzy Pattern Tree,3,,Sarita (Mazurka)||Agustin Barrios Mandore,pdf,3,3
Fuzzy Pattern Tree,3,,"Sonata III, BWV 1005: ii. Fuga||J.S. Bach",pdf,7,6
Fuzzy Pattern Tree,3,,"Study in A, Op. 44 no. 20||Fernando Sor",pdf,1,0
Fuzzy Pattern Tree,3,,"Study in B Minor, Op. 31 No. 18||Fernando Sor",pdf,2,0
Fuzzy Pattern Tree,3,,"Study, Op. 139 no. 1||Mauro Giuliani",pdf,0,1
Fuzzy Pattern Tree,3,,"Study, Op. 31 no. 16||Fernando Sor",pdf,4,1
Fuzzy Pattern Tree,3,,"Study, Op. 35 no. 14||Fernando Sor",pdf,0,0
Fuzzy Pattern Tree,3,,"Study, Op. 60 no. 10||Matteo Carcassi",pdf,1,0
Fuzzy Pattern Tree,3,,"Study, Op. 60 no. 11||Matteo Carcassi",pdf,0,1
Fuzzy Pattern Tree,3,,"Study, Op. 60 no. 17||Matteo Carcassi",pdf,2,2
Fuzzy Pattern Tree,3,,"Study, Op. 60 no. 22||Matteo Carcassi",pdf,5,2
Fuzzy Pattern Tree,3,,"Suite 1 for Cello, BWV 1007: iii.  Courante||J.S. Bach",pdf,3,1
Fuzzy Pattern Tree,3,,"Suite 3 for Cello, BWV 1009: vi. Gigue||J.S. Bach",pdf,3,5
Fuzzy Pattern Tree,3,,"Suite 4 for Cello, BWV 1010: iv. Sarabande||J.S. Bach",pdf,3,1
Fuzzy Pattern Tree,3,,"Suite 5 for Cello, BWV 1011: i. Prelude||J.S. Bach",pdf,5,1
Fuzzy Pattern Tree,3,,"Suite 6 for Cello, BWV 1012: vi.  Gigue||J.S. Bach",pdf,4,5
Fuzzy Pattern Tree,3,,Suite Andaluza: III. Tango||Celedonio Romero,pdf,3,7
Fuzzy Pattern Tree,3,,Suite Andaluza: IV. Zapateado||Celedonio Romero,pdf,3,5
Fuzzy Pattern Tree,3,,"Suite for Solo Violoncello, BWV 1009: Gigue||J.S. Bach",pdf,3,5
Fuzzy Pattern Tree,3,,Swing '59||Charlie Byrd,pdf,2,1
Fuzzy Pattern Tree,3,,Tango||Isaac Albeniz,pdf,3,4
Fuzzy Pattern Tree,3,,The Entertainer (Theme)||Scott Joplin,pdf,1,2
Fuzzy Pattern Tree,3,,The Frog Galliard||John Dowland,pdf,6,1
Fuzzy Pattern Tree,3,,"The Right Honourable Robert, Earl of Essex, His Galliard||John Dowland",pdf,5,2
Fuzzy Pattern Tree,3,,The Sick Tune||John Dowland,pdf,0,0
Fuzzy Pattern Tree,3,,"Three Pieces from Recreation du Guitariste; Chasse, Op. 51 no. 9||Napoleon Coste",pdf,1,1
Fuzzy Pattern Tree,3,,"Three Pieces from Recreation du Guitariste; Rondeau, Op. 51 no. 6||Napoleon Coste",pdf,1,1
Fuzzy Pattern Tree,3,,Tombeau de M. Mouton (Allemande)||Robert de Visee,pdf,4,3
Fuzzy Pattern Tree,3,,Triptico - I. Prelude||Joaquin Rodrigo,pdf,7,6
Fuzzy Pattern Tree,3,,Twenty-one Lessons: 1||Dionisio Aguado,pdf,0,0
Fuzzy Pattern Tree,3,,Vals de Primavera||Agustin Barrios Mandore,pdf,4,5
Fuzzy Pattern Tree,3,,Verano Porteno (Tango)||Astor Piazzolla,pdf,4,4
Fuzzy Pattern Tree,3,,"Vivace, Op. 48 no. 1||Mauro Giuliani",pdf,1,2
Fuzzy Pattern Tree,3,,"Waltz, Op. 241 no. 1||Ferdinando Carulli",pdf,0,0
Fuzzy Pattern Tree,3,,"24 Caprices, Op. 1: 5||Niccolo Paganini",pdf,7,5
Fuzzy Pattern Tree,3,,Allegro Sinfonico||Agustin Barrios Mandore,pdf,6,4
Fuzzy Pattern Tree,3,,"Cadenzas, Caprices, Rondos & Preludes, Op. 100: 10. Capricie||Mauro Giuliani",pdf,0,1
Fuzzy Pattern Tree,3,,"Cadenzas, Caprices, Rondos & Preludes, Op. 100: 12. Capricie||Mauro Giuliani",pdf,2,4
Fuzzy Pattern Tree,3,,"Cadenzas, Caprices, Rondos & Preludes, Op. 100: 23. Preludi||Mauro Giuliani",pdf,2,1
Fuzzy Pattern Tree,3,,"Cadenzas, Caprices, Rondos & Preludes, Op. 100: 5. Cadenze||Mauro Giuliani",pdf,0,1
Fuzzy Pattern Tree,3,,"Cadenzas, Caprices, Rondos & Preludes, Op. 100: 6. Cadenze||Mauro Giuliani",pdf,1,0
Fuzzy Pattern Tree,3,,Dinora||Agustin Barrios Mangore,pdf,2,6
Fuzzy Pattern Tree,3,,Einleitende Etuden (Introductory Studies); Op. 60 no. 12||Fernando Sor,pdf,1,1
Fuzzy Pattern Tree,3,,Elogio De La Danza||Leo Brouwer,pdf,4,7
Fuzzy Pattern Tree,3,,Estudios Sencillos: VII||Leo Brouwer,pdf,2,1
Fuzzy Pattern Tree,3,,Estudios Sencillos: X||Leo Brouwer,pdf,2,1
Fuzzy Pattern Tree,3,,Folias||Gaspar Sanz,pdf,1,0
Fuzzy Pattern Tree,3,,Lesson 6||Dionisio Aguado,pdf,0,0
Fuzzy Pattern Tree,3,,Twenty-one Lessons: 18||Dionisio Aguado,pdf,1,0
Fuzzy Pattern Tree,3,,"Vals, Op. 8 no. 3||Agustin Barrios Mandore",dada_gp,5,6
Fuzzy Pattern Tree,3,,"Bourree, BWV 996||J.S. Bach",gaps,2,1
Fuzzy Pattern Tree,3,,Can She Excuse (Earl of Essex's Galliard)||John Dowland,pdf,4,1
Fuzzy Pattern Tree,3,,Estudio||Francisco Tarrega,pdf,1,0
Fuzzy Pattern Tree,3,,Estudios Sencillos: I||Leo Brouwer,gaps,1,7
Fuzzy Pattern Tree,3,,"Los Panaderos, Bolero||Julian Arcas",pdf,4,7
Fuzzy Pattern Tree,3,,Mazurca en sol||Francisco Tarrega,pdf,3,5
Fuzzy Pattern Tree,3,,Melancholy Galliard||John Dowland,pdf,3,4
Fuzzy Pattern Tree,3,,"24 Caprices, Op. 1: 13||Niccolo Paganini",pdf,7,5
Fuzzy Pattern Tree,3,,"24 Caprices, Op. 1: 20||Niccolo Paganini",pdf,6,3
Fuzzy Pattern Tree,3,,"24 Caprices, Op. 1: 24||Niccolo Paganini",pdf,7,1
Fuzzy Pattern Tree,3,,Bajando de la meseta||Joaquin Rodrigo,pdf,6,6
RubricNet,4,0.0,A Coy Toy||John Dowland,pdf,2,1
RubricNet,4,0.0,"Agitato, Op. 38 no. 7||Napoleon Coste",pdf,2,2
RubricNet,4,0.0,Air||John Dowland,pdf,2,2
RubricNet,4,0.0,Aires Mudejares||Agustin Barrios Mandore,pdf,5,4
RubricNet,4,0.0,"Allegretto, Op. 38 no. 13||Napoleon Coste",pdf,2,3
RubricNet,4,0.0,Andante||Dionisio Aguado,dada_gp,0,0
RubricNet,4,0.0,"Andante Allegro, Op. 6 no. 2||Fernando Sor",pdf,1,2
RubricNet,4,0.0,"Andante, Op. 45 no. 5||Fernando Sor",pdf,4,3
RubricNet,4,0.0,Branle Gay||Jean Baptiste Besard,pdf,0,0
RubricNet,4,0.0,Cancion Del Emperador||Luys de Narvaez,pdf,2,2
RubricNet,4,0.0,Cancion O Tocata||Santiago de Murcia,pdf,1,2
RubricNet,4,0.0,Canciones||Gaspar Sanz,pdf,0,0
RubricNet,4,0.0,"Caprice, Op. 100 no. 13||Mauro Giuliani",pdf,3,2
RubricNet,4,0.0,Capricho Espanol||Agustin Barrios Mangore,pdf,4,6
RubricNet,4,0.0,Choros||Domingo Semenzato,dada_gp,1,2
RubricNet,4,0.0,Choros No. 1||Heitor Villa-Lobos,pdf,4,4
RubricNet,4,0.0,Cinq Preludes: Prelude No.  4||Heitor Villa-Lobos,dada_gp,4,5
RubricNet,4,0.0,Clarin de las mosqueteros del rey de Francia (Bugle from the French King's Musketeers)||Gaspar Sanz,pdf,0,0
RubricNet,4,0.0,"Divertimento, Op. 40 no. 12||Mauro Giuliani",pdf,2,2
RubricNet,4,0.0,Dos Temas Populares Cubanos - Les Yeux Sorciers - Ojos Brujos||Leo Brouwer,pdf,4,4
RubricNet,4,0.0,Dos trompetas de la reina de Suecia (Two Trumpets of the Swedish Queen)||Gaspar Sanz,pdf,0,2
RubricNet,4,0.0,Einleitende Etuden (Introductory Studies); Op. 60 no. 16||Fernando Sor,pdf,2,1
RubricNet,4,0.0,Einleitende Etuden (Introductory Studies); Op. 60 no. 19||Fernando Sor,pdf,0,0
RubricNet,4,0.0,Einleitende Etuden (Introductory Studies); Op. 60 no. 2||Fernando Sor,pdf,0,0
RubricNet,4,0.0,Einleitende Etuden (Introductory Studies); Op. 60 no. 20||Fernando Sor,pdf,0,2
RubricNet,4,0.0,Einleitende Etuden (Introductory Studies); Op. 60 no. 5||Fernando Sor,pdf,0,1
RubricNet,4,0.0,El Decameron Negro: I. La Arpa Del Guerrero||Leo Brouwer,pdf,5,5
RubricNet,4,0.0,Etude||Mauro Giuliani,pdf,3,2
RubricNet,4,0.0,Etude||Napoleon Coste,pdf,2,2
RubricNet,4,0.0,"Etude, Op. 38 no. 7???||Napoleon Coste",pdf,2,2
RubricNet,4,0.0,"Etude, Op. 48 no. 2||Mauro Giuliani",pdf,2,3
RubricNet,4,0.0,"Etude, Op. 6 no. 11||Fernando Sor",gaps,2,3
RubricNet,4,0.0,Four Easy Studies: No. 2 in E||Dionisio Aguado,pdf,0,2
RubricNet,4,0.0,Fugue in C||Johann Pachelbel,pdf,2,2
RubricNet,4,0.0,Gigue||Lodovico Roncalli,pdf,2,3
RubricNet,4,0.0,Hark! The Herald Angels Sing||Felix Mendelssohn,pdf,1,3
RubricNet,4,0.0,Hommage a Tarrega: II. Solearas||Joaquin Turina,pdf,5,5
RubricNet,4,0.0,"In Dulci Jubilo, BWV 751||J.S. Bach",pdf,5,3
RubricNet,4,0.0,La Catedral - ii. Andante Religioso||Agustin Barrios Mandore,pdf,3,5
RubricNet,4,0.0,Le Fandango||Dionisio Aguado,pdf,6,5
RubricNet,4,0.0,Madronos||Federico Moreno Torroba,pdf,4,6
RubricNet,4,0.0,Mallorca||Isaac Albeniz,pdf,7,6
RubricNet,4,0.0,Matachin||Gaspar Sanz,pdf,1,0
RubricNet,4,0.0,Menuett||Johann Krieger,pdf,0,0
RubricNet,4,0.0,Milonga del Angel (Milonga)||Astor Piazzolla,dada_gp,5,5
RubricNet,4,0.0,Miniature No. 12: Prelude||Alain Reiher,dada_gp,2,2
RubricNet,4,0.0,"Minuet I, BWV 1007||J.S. Bach",pdf,3,2
RubricNet,4,0.0,Moderato||Dionisio Aguado,dada_gp,0,0
RubricNet,4,0.0,Monotonia||Rodrigo Riera,pdf,1,1
RubricNet,4,0.0,"Nocturne, Op. 4 no. 1||Johann Kaspar Mertz",pdf,3,3
RubricNet,4,0.0,Oriental||Isaac Albeniz,pdf,6,6
RubricNet,4,0.0,Partita II: BWV 1004: iv. Giga||J.S. Bach,pdf,6,5
RubricNet,4,0.0,Partita III: BWV 1006: ii. Loure||J.S. Bach,pdf,5,3
RubricNet,4,0.0,"Partita No. 1, BWV 825: ii. Allemande||J.S. Bach",pdf,5,5
RubricNet,4,0.0,Passacaglia||Lodvico Roncalli,pdf,4,4
RubricNet,4,0.0,Passacaille||Robert de Visee,pdf,2,2
RubricNet,4,0.0,Petite Piece||Wolfgang Amadeus Mozart,pdf,1,0
RubricNet,4,0.0,Pictures at an Exhibition: X.  The Bohatyr Gate of Kiev||Modest Mussorgsky,pdf,6,6
RubricNet,4,0.0,Prelude 2||Francisco Tarrega,pdf,2,4
RubricNet,4,0.0,Primavera Portena (Tango)||Astor Piazzolla,pdf,6,6
RubricNet,4,0.0,"Rondeau, Op. 14, No. 5||Mauro Giuliani",pdf,0,3
RubricNet,4,0.0,Rondo||Napoleon Coste,pdf,2,2
RubricNet,4,0.0,"Rondo, Op. 48||Fernando Sor",pdf,4,3
RubricNet,4,0.0,Sarabande (from Great Suite #7 for Harpsichord)||George Friedrich Handel,pdf,3,3
RubricNet,4,0.0,"Sarabande, BWV 996||J.S. Bach",pdf,5,3
RubricNet,4,0.0,Se io m'accorgo ben mio d'un altro amante||Anonymous,pdf,1,3
RubricNet,4,0.0,Sheep May Safely Graze (from Cantata No. 208||J.S. Bach,pdf,7,1
RubricNet,4,0.0,"Sonata I, BWV 1001: iii. Siciliana||J.S. Bach",pdf,5,4
RubricNet,4,0.0,"Sonata III, BWV 1005: i. Adagio||J.S. Bach",pdf,4,2
RubricNet,4,0.0,"Sonata III, BWV 1005: iii. Largo||J.S. Bach",pdf,3,2
RubricNet,4,0.0,"Sonata in A Major, L 238/ K 208||Domenico Scarlatti",pdf,2,4
RubricNet,4,0.0,"Sonata in E minor, BWV 1023 - iii.  Gigue||J.S. Bach",pdf,5,4
RubricNet,4,0.0,Sonata Romantica: II||Manuel M. Ponce,pdf,3,5
RubricNet,4,0.0,Sonata: Allemande||Silvius Leopold Weiss,pdf,4,5
RubricNet,4,0.0,"Stuckchen, Op. 68 no. 5||Robert Schumann",pdf,1,1
RubricNet,4,0.0,Study No. 6||Fernando Sor,dada_gp,0,2
RubricNet,4,0.0,"Study, Op. 50 no. 1||Mauro Giuliani",pdf,0,0
RubricNet,4,0.0,"Study, Op. 50 no. 3||Mauro Giuliani",pdf,0,2
RubricNet,4,0.0,"Study, Op. 60 no. 1||Matteo Carcassi",pdf,0,2
RubricNet,4,0.0,"Study, Op. 60 no. 25||Matteo Carcassi",pdf,5,5
RubricNet,4,0.0,"Study, Op. 60 no. 4||Matteo Carcassi",pdf,2,2
RubricNet,4,0.0,"Study, Op. 60 no. 6||Matteo Carcassi",gaps,0,2
RubricNet,4,0.0,"Suite 1 for Cello, BWV 1007: vi. Gigue||J.S. Bach",pdf,3,2
RubricNet,4,0.0,"Suite 3 for Cello, BWV 1009: i. Prelude||J.S. Bach",pdf,4,5
RubricNet,4,0.0,"Suite 5 for Cello, BWV 1011: ii.  Allemande||J.S. Bach",pdf,2,2
RubricNet,4,0.0,"Suite 6 for Cello, BWV 1012: iii.  Courante||J.S. Bach",pdf,2,3
RubricNet,4,0.0,Suite I: i. Passagio-Presto; BWV 996||J.S. Bach,dada_gp,6,4
RubricNet,4,0.0,Suite I: vi. Gigue; BWV 996||J.S. Bach,pdf,7,4
RubricNet,4,0.0,Suite in D Minor: v. Gavotte||Robert de Visee,pdf,1,0
RubricNet,4,0.0,Suite Populaire Bresilienne: 4.  Gavotta - Choro||Heitor Villa-Lobos,pdf,4,4
RubricNet,4,0.0,"Suite, BWV 995: ii. Allemande||J.S. Bach",pdf,5,5
RubricNet,4,0.0,"Suite, BWV 995: vi. Gigue||J.S. Bach",pdf,6,4
RubricNet,4,0.0,"Suite, BWV 997: iv. Gigue||J.S. Bach",pdf,3,2
RubricNet,4,0.0,The Easy Winners (Theme)||Scott Joplin,pdf,2,5
RubricNet,4,0.0,The Round Battle Galliard||John Dowland,pdf,1,2
RubricNet,4,0.0,Tua Imagem||Agustin Barrios Mandore,gaps,4,5
RubricNet,4,0.0,Un tiempo fue Italica famosa||Joaquin Rodrigo,pdf,6,6
RubricNet,4,0.0,Vals||Francisco Tarrega,pdf,3,4
RubricNet,4,0.0,Valse; Op. 69 no. 2||Frederic Chopin,pdf,3,4
RubricNet,4,0.0,Villanos||Gaspar Sanz,pdf,1,0
RubricNet,4,0.0,Waltz (from Six Divertimentos); Op. 8 no. 2||Fernando Sor,pdf,1,1
RubricNet,4,0.0,"Waltz, Op. 241 no. 4||Ferdinando Carulli",pdf,0,2
RubricNet,4,0.0,"Waltz, Op. 39 no. 2||Johannes Brahms",pdf,1,1
RubricNet,4,0.0,"Waltz, Op. 51 no. 8||Napoleon Coste",pdf,3,2
RubricNet,4,0.0,Allegro||W. A. Mozart,pdf,1,0
RubricNet,4,0.0,"Allegro, Op. 40 no. 6||Mauro Giuliani",pdf,2,3
RubricNet,4,0.0,"Cadenzas, Caprices, Rondos & Preludes, Op. 100: 19. Preludi||Mauro Giuliani",pdf,4,3
RubricNet,4,0.0,"Cadenzas, Caprices, Rondos & Preludes, Op. 100: 8. Cadenze||Mauro Giuliani",pdf,1,1
RubricNet,4,0.0,"Cadenzas, Caprices, Rondos & Preludes, Op. 100: 9. Cadenze||Mauro Giuliani",pdf,1,2
RubricNet,4,0.0,Estudios Sencillos: XIX||Leo Brouwer,pdf,3,2
RubricNet,4,0.0,"Goldberg Variations, BWV 988: Variatio 18||J.S. Bach",pdf,5,2
RubricNet,4,0.0,"Goldberg Variations, BWV 988: Variatio 22||J.S. Bach",pdf,6,1
RubricNet,4,0.0,"Goldberg Variations, BWV 988: Variatio 4||J.S. Bach",pdf,3,2
RubricNet,4,0.0,Lesson 24||Dionisio Aguado,pdf,1,3
RubricNet,4,0.0,Lesson 26||Dionisio Aguado,pdf,2,2
RubricNet,4,0.0,Lesson 5 (Waltz)||Dionisio Aguado,pdf,1,1
RubricNet,4,0.0,Partita III: BWV 1006: iii. Gavotte en Rondeau||J.S. Bach,dada_gp,6,4
RubricNet,4,0.0,Twenty-one Lessons: 3||Dionisio Aguado,pdf,0,2
RubricNet,4,0.0,"Andantino, op. 241 no. 19||Ferdinando Carulli",pdf,0,2
RubricNet,4,0.0,"Caprice, Op. 20 no. 2||Luigi Legnani",pdf,3,3
RubricNet,4,0.0,Estudio 16||Fernando Sor,pdf,4,5
RubricNet,4,0.0,Luisito (Minueto)||Agustin Barrios Mandore,pdf,2,4
RubricNet,4,0.0,The Prince's Toys: The Tin Soldiers||Nikita Koshkin,pdf,7,5
RubricNet,4,0.0,Danza Mora||Francisco Tarrega,dada_gp,7,6
RubricNet,4,0.0,Fuga No. 1||Leo Brouwer,pdf,5,5
RubricNet,4,0.0,"24 Caprices, Op. 1: 2||Niccolo Paganini",pdf,7,6
RubricNet,4,0.0,"Jesu, Joy of Man's Desiring (from Cantata No. 147)||J.S. Bach",pdf,7,2
RubricNet,4,0.0,"Suite IV, BWV 1006a: iii. Gavotte en rondeau||J.S. Bach",pdf,6,4
RubricNet,4,1.0,A Coy Toy||John Dowland,pdf,2,1
RubricNet,4,1.0,"Agitato, Op. 38 no. 7||Napoleon Coste",pdf,2,3
RubricNet,4,1.0,Air||John Dowland,pdf,2,2
RubricNet,4,1.0,Aires Mudejares||Agustin Barrios Mandore,pdf,5,4
RubricNet,4,1.0,"Allegretto, Op. 38 no. 13||Napoleon Coste",pdf,2,2
RubricNet,4,1.0,Andante||Dionisio Aguado,dada_gp,0,0
RubricNet,4,1.0,"Andante Allegro, Op. 6 no. 2||Fernando Sor",pdf,1,1
RubricNet,4,1.0,"Andante, Op. 45 no. 5||Fernando Sor",pdf,4,4
RubricNet,4,1.0,Branle Gay||Jean Baptiste Besard,pdf,0,0
RubricNet,4,1.0,Cancion Del Emperador||Luys de Narvaez,pdf,2,3
RubricNet,4,1.0,Cancion O Tocata||Santiago de Murcia,pdf,1,1
RubricNet,4,1.0,Canciones||Gaspar Sanz,pdf,0,0
RubricNet,4,1.0,"Caprice, Op. 100 no. 13||Mauro Giuliani",pdf,3,2
RubricNet,4,1.0,Capricho Espanol||Agustin Barrios Mangore,pdf,4,6
RubricNet,4,1.0,Choros||Domingo Semenzato,dada_gp,1,1
RubricNet,4,1.0,Choros No. 1||Heitor Villa-Lobos,pdf,4,4
RubricNet,4,1.0,Cinq Preludes: Prelude No.  4||Heitor Villa-Lobos,dada_gp,4,5
RubricNet,4,1.0,Clarin de las mosqueteros del rey de Francia (Bugle from the French King's Musketeers)||Gaspar Sanz,pdf,0,0
RubricNet,4,1.0,"Divertimento, Op. 40 no. 12||Mauro Giuliani",pdf,2,1
RubricNet,4,1.0,Dos Temas Populares Cubanos - Les Yeux Sorciers - Ojos Brujos||Leo Brouwer,pdf,4,4
RubricNet,4,1.0,Dos trompetas de la reina de Suecia (Two Trumpets of the Swedish Queen)||Gaspar Sanz,pdf,0,1
RubricNet,4,1.0,Einleitende Etuden (Introductory Studies); Op. 60 no. 16||Fernando Sor,pdf,2,1
RubricNet,4,1.0,Einleitende Etuden (Introductory Studies); Op. 60 no. 19||Fernando Sor,pdf,0,0
RubricNet,4,1.0,Einleitende Etuden (Introductory Studies); Op. 60 no. 2||Fernando Sor,pdf,0,0
RubricNet,4,1.0,Einleitende Etuden (Introductory Studies); Op. 60 no. 20||Fernando Sor,pdf,0,2
RubricNet,4,1.0,Einleitende Etuden (Introductory Studies); Op. 60 no. 5||Fernando Sor,pdf,0,1
RubricNet,4,1.0,El Decameron Negro: I. La Arpa Del Guerrero||Leo Brouwer,pdf,5,6
RubricNet,4,1.0,Etude||Mauro Giuliani,pdf,3,2
RubricNet,4,1.0,Etude||Napoleon Coste,pdf,2,1
RubricNet,4,1.0,"Etude, Op. 38 no. 7???||Napoleon Coste",pdf,2,3
RubricNet,4,1.0,"Etude, Op. 48 no. 2||Mauro Giuliani",pdf,2,1
RubricNet,4,1.0,"Etude, Op. 6 no. 11||Fernando Sor",gaps,2,2
RubricNet,4,1.0,Four Easy Studies: No. 2 in E||Dionisio Aguado,pdf,0,1
RubricNet,4,1.0,Fugue in C||Johann Pachelbel,pdf,2,2
RubricNet,4,1.0,Gigue||Lodovico Roncalli,pdf,2,2
RubricNet,4,1.0,Hark! The Herald Angels Sing||Felix Mendelssohn,pdf,1,2
RubricNet,4,1.0,Hommage a Tarrega: II. Solearas||Joaquin Turina,pdf,5,5
RubricNet,4,1.0,"In Dulci Jubilo, BWV 751||J.S. Bach",pdf,5,3
RubricNet,4,1.0,La Catedral - ii. Andante Religioso||Agustin Barrios Mandore,pdf,3,3
RubricNet,4,1.0,Le Fandango||Dionisio Aguado,pdf,6,5
RubricNet,4,1.0,Madronos||Federico Moreno Torroba,pdf,4,5
RubricNet,4,1.0,Mallorca||Isaac Albeniz,pdf,7,6
RubricNet,4,1.0,Matachin||Gaspar Sanz,pdf,1,1
RubricNet,4,1.0,Menuett||Johann Krieger,pdf,0,0
RubricNet,4,1.0,Milonga del Angel (Milonga)||Astor Piazzolla,dada_gp,5,5
RubricNet,4,1.0,Miniature No. 12: Prelude||Alain Reiher,dada_gp,2,2
RubricNet,4,1.0,"Minuet I, BWV 1007||J.S. Bach",pdf,3,1
RubricNet,4,1.0,Moderato||Dionisio Aguado,dada_gp,0,0
RubricNet,4,1.0,Monotonia||Rodrigo Riera,pdf,1,1
RubricNet,4,1.0,"Nocturne, Op. 4 no. 1||Johann Kaspar Mertz",pdf,3,3
RubricNet,4,1.0,Oriental||Isaac Albeniz,pdf,6,6
RubricNet,4,1.0,Partita II: BWV 1004: iv. Giga||J.S. Bach,pdf,6,5
RubricNet,4,1.0,Partita III: BWV 1006: ii. Loure||J.S. Bach,pdf,5,2
RubricNet,4,1.0,"Partita No. 1, BWV 825: ii. Allemande||J.S. Bach",pdf,5,5
RubricNet,4,1.0,Passacaglia||Lodvico Roncalli,pdf,4,4
RubricNet,4,1.0,Passacaille||Robert de Visee,pdf,2,1
RubricNet,4,1.0,Petite Piece||Wolfgang Amadeus Mozart,pdf,1,0
RubricNet,4,1.0,Pictures at an Exhibition: X.  The Bohatyr Gate of Kiev||Modest Mussorgsky,pdf,6,6
RubricNet,4,1.0,Prelude 2||Francisco Tarrega,pdf,2,3
RubricNet,4,1.0,Primavera Portena (Tango)||Astor Piazzolla,pdf,6,6
RubricNet,4,1.0,"Rondeau, Op. 14, No. 5||Mauro Giuliani",pdf,0,2
RubricNet,4,1.0,Rondo||Napoleon Coste,pdf,2,1
RubricNet,4,1.0,"Rondo, Op. 48||Fernando Sor",pdf,4,3
RubricNet,4,1.0,Sarabande (from Great Suite #7 for Harpsichord)||George Friedrich Handel,pdf,3,4
RubricNet,4,1.0,"Sarabande, BWV 996||J.S. Bach",pdf,5,3
RubricNet,4,1.0,Se io m'accorgo ben mio d'un altro amante||Anonymous,pdf,1,2
RubricNet,4,1.0,Sheep May Safely Graze (from Cantata No. 208||J.S. Bach,pdf,7,1
RubricNet,4,1.0,"Sonata I, BWV 1001: iii. Siciliana||J.S. Bach",pdf,5,4
RubricNet,4,1.0,"Sonata III, BWV 1005: i. Adagio||J.S. Bach",pdf,4,3
RubricNet,4,1.0,"Sonata III, BWV 1005: iii. Largo||J.S. Bach",pdf,3,3
RubricNet,4,1.0,"Sonata in A Major, L 238/ K 208||Domenico Scarlatti",pdf,2,4
RubricNet,4,1.0,"Sonata in E minor, BWV 1023 - iii.  Gigue||J.S. Bach",pdf,5,4
RubricNet,4,1.0,Sonata Romantica: II||Manuel M. Ponce,pdf,3,5
RubricNet,4,1.0,Sonata: Allemande||Silvius Leopold Weiss,pdf,4,3
RubricNet,4,1.0,"Stuckchen, Op. 68 no. 5||Robert Schumann",pdf,1,1
RubricNet,4,1.0,Study No. 6||Fernando Sor,dada_gp,0,1
RubricNet,4,1.0,"Study, Op. 50 no. 1||Mauro Giuliani",pdf,0,0
RubricNet,4,1.0,"Study, Op. 50 no. 3||Mauro Giuliani",pdf,0,2
RubricNet,4,1.0,"Study, Op. 60 no. 1||Matteo Carcassi",pdf,0,3
RubricNet,4,1.0,"Study, Op. 60 no. 25||Matteo Carcassi",pdf,5,5
RubricNet,4,1.0,"Study, Op. 60 no. 4||Matteo Carcassi",pdf,2,3
RubricNet,4,1.0,"Study, Op. 60 no. 6||Matteo Carcassi",gaps,0,2
RubricNet,4,1.0,"Suite 1 for Cello, BWV 1007: vi. Gigue||J.S. Bach",pdf,3,2
RubricNet,4,1.0,"Suite 3 for Cello, BWV 1009: i. Prelude||J.S. Bach",pdf,4,6
RubricNet,4,1.0,"Suite 5 for Cello, BWV 1011: ii.  Allemande||J.S. Bach",pdf,2,2
RubricNet,4,1.0,"Suite 6 for Cello, BWV 1012: iii.  Courante||J.S. Bach",pdf,2,5
RubricNet,4,1.0,Suite I: i. Passagio-Presto; BWV 996||J.S. Bach,dada_gp,6,5
RubricNet,4,1.0,Suite I: vi. Gigue; BWV 996||J.S. Bach,pdf,7,4
RubricNet,4,1.0,Suite in D Minor: v. Gavotte||Robert de Visee,pdf,1,1
RubricNet,4,1.0,Suite Populaire Bresilienne: 4.  Gavotta - Choro||Heitor Villa-Lobos,pdf,4,5
RubricNet,4,1.0,"Suite, BWV 995: ii. Allemande||J.S. Bach",pdf,5,4
RubricNet,4,1.0,"Suite, BWV 995: vi. Gigue||J.S. Bach",pdf,6,5
RubricNet,4,1.0,"Suite, BWV 997: iv. Gigue||J.S. Bach",pdf,3,3
RubricNet,4,1.0,The Easy Winners (Theme)||Scott Joplin,pdf,2,5
RubricNet,4,1.0,The Round Battle Galliard||John Dowland,pdf,1,1
RubricNet,4,1.0,Tua Imagem||Agustin Barrios Mandore,gaps,4,4
RubricNet,4,1.0,Un tiempo fue Italica famosa||Joaquin Rodrigo,pdf,6,6
RubricNet,4,1.0,Vals||Francisco Tarrega,pdf,3,3
RubricNet,4,1.0,Valse; Op. 69 no. 2||Frederic Chopin,pdf,3,3
RubricNet,4,1.0,Villanos||Gaspar Sanz,pdf,1,1
RubricNet,4,1.0,Waltz (from Six Divertimentos); Op. 8 no. 2||Fernando Sor,pdf,1,1
RubricNet,4,1.0,"Waltz, Op. 241 no. 4||Ferdinando Carulli",pdf,0,1
RubricNet,4,1.0,"Waltz, Op. 39 no. 2||Johannes Brahms",pdf,1,1
RubricNet,4,1.0,"Waltz, Op. 51 no. 8||Napoleon Coste",pdf,3,3
RubricNet,4,1.0,Allegro||W. A. Mozart,pdf,1,0
RubricNet,4,1.0,"Allegro, Op. 40 no. 6||Mauro Giuliani",pdf,2,3
RubricNet,4,1.0,"Cadenzas, Caprices, Rondos & Preludes, Op. 100: 19. Preludi||Mauro Giuliani",pdf,4,3
RubricNet,4,1.0,"Cadenzas, Caprices, Rondos & Preludes, Op. 100: 8. Cadenze||Mauro Giuliani",pdf,1,1
RubricNet,4,1.0,"Cadenzas, Caprices, Rondos & Preludes, Op. 100: 9. Cadenze||Mauro Giuliani",pdf,1,1
RubricNet,4,1.0,Estudios Sencillos: XIX||Leo Brouwer,pdf,3,1
RubricNet,4,1.0,"Goldberg Variations, BWV 988: Variatio 18||J.S. Bach",pdf,5,2
RubricNet,4,1.0,"Goldberg Variations, BWV 988: Variatio 22||J.S. Bach",pdf,6,1
RubricNet,4,1.0,"Goldberg Variations, BWV 988: Variatio 4||J.S. Bach",pdf,3,2
RubricNet,4,1.0,Lesson 24||Dionisio Aguado,pdf,1,2
RubricNet,4,1.0,Lesson 26||Dionisio Aguado,pdf,2,2
RubricNet,4,1.0,Lesson 5 (Waltz)||Dionisio Aguado,pdf,1,1
RubricNet,4,1.0,Partita III: BWV 1006: iii. Gavotte en Rondeau||J.S. Bach,dada_gp,6,4
RubricNet,4,1.0,Twenty-one Lessons: 3||Dionisio Aguado,pdf,0,1
RubricNet,4,1.0,"Andantino, op. 241 no. 19||Ferdinando Carulli",pdf,0,1
RubricNet,4,1.0,"Caprice, Op. 20 no. 2||Luigi Legnani",pdf,3,3
RubricNet,4,1.0,Estudio 16||Fernando Sor,pdf,4,4
RubricNet,4,1.0,Luisito (Minueto)||Agustin Barrios Mandore,pdf,2,4
RubricNet,4,1.0,The Prince's Toys: The Tin Soldiers||Nikita Koshkin,pdf,7,6
RubricNet,4,1.0,Danza Mora||Francisco Tarrega,dada_gp,7,5
RubricNet,4,1.0,Fuga No. 1||Leo Brouwer,pdf,5,5
RubricNet,4,1.0,"24 Caprices, Op. 1: 2||Niccolo Paganini",pdf,7,6
RubricNet,4,1.0,"Jesu, Joy of Man's Desiring (from Cantata No. 147)||J.S. Bach",pdf,7,2
RubricNet,4,1.0,"Suite IV, BWV 1006a: iii. Gavotte en rondeau||J.S. Bach",pdf,6,4
RubricNet,4,2.0,A Coy Toy||John Dowland,pdf,2,1
RubricNet,4,2.0,"Agitato, Op. 38 no. 7||Napoleon Coste",pdf,2,2
RubricNet,4,2.0,Air||John Dowland,pdf,2,2
RubricNet,4,2.0,Aires Mudejares||Agustin Barrios Mandore,pdf,5,2
RubricNet,4,2.0,"Allegretto, Op. 38 no. 13||Napoleon Coste",pdf,2,2
RubricNet,4,2.0,Andante||Dionisio Aguado,dada_gp,0,0
RubricNet,4,2.0,"Andante Allegro, Op. 6 no. 2||Fernando Sor",pdf,1,0
RubricNet,4,2.0,"Andante, Op. 45 no. 5||Fernando Sor",pdf,4,4
RubricNet,4,2.0,Branle Gay||Jean Baptiste Besard,pdf,0,0
RubricNet,4,2.0,Cancion Del Emperador||Luys de Narvaez,pdf,2,3
RubricNet,4,2.0,Cancion O Tocata||Santiago de Murcia,pdf,1,1
RubricNet,4,2.0,Canciones||Gaspar Sanz,pdf,0,0
RubricNet,4,2.0,"Caprice, Op. 100 no. 13||Mauro Giuliani",pdf,3,3
RubricNet,4,2.0,Capricho Espanol||Agustin Barrios Mangore,pdf,4,5
RubricNet,4,2.0,Choros||Domingo Semenzato,dada_gp,1,1
RubricNet,4,2.0,Choros No. 1||Heitor Villa-Lobos,pdf,4,4
RubricNet,4,2.0,Cinq Preludes: Prelude No.  4||Heitor Villa-Lobos,dada_gp,4,5
RubricNet,4,2.0,Clarin de las mosqueteros del rey de Francia (Bugle from the French King's Musketeers)||Gaspar Sanz,pdf,0,0
RubricNet,4,2.0,"Divertimento, Op. 40 no. 12||Mauro Giuliani",pdf,2,1
RubricNet,4,2.0,Dos Temas Populares Cubanos - Les Yeux Sorciers - Ojos Brujos||Leo Brouwer,pdf,4,4
RubricNet,4,2.0,Dos trompetas de la reina de Suecia (Two Trumpets of the Swedish Queen)||Gaspar Sanz,pdf,0,1
RubricNet,4,2.0,Einleitende Etuden (Introductory Studies); Op. 60 no. 16||Fernando Sor,pdf,2,1
RubricNet,4,2.0,Einleitende Etuden (Introductory Studies); Op. 60 no. 19||Fernando Sor,pdf,0,0
RubricNet,4,2.0,Einleitende Etuden (Introductory Studies); Op. 60 no. 2||Fernando Sor,pdf,0,0
RubricNet,4,2.0,Einleitende Etuden (Introductory Studies); Op. 60 no. 20||Fernando Sor,pdf,0,1
RubricNet,4,2.0,Einleitende Etuden (Introductory Studies); Op. 60 no. 5||Fernando Sor,pdf,0,1
RubricNet,4,2.0,El Decameron Negro: I. La Arpa Del Guerrero||Leo Brouwer,pdf,5,5
RubricNet,4,2.0,Etude||Mauro Giuliani,pdf,3,3
RubricNet,4,2.0,Etude||Napoleon Coste,pdf,2,2
RubricNet,4,2.0,"Etude, Op. 38 no. 7???||Napoleon Coste",pdf,2,2
RubricNet,4,2.0,"Etude, Op. 48 no. 2||Mauro Giuliani",pdf,2,1
RubricNet,4,2.0,"Etude, Op. 6 no. 11||Fernando Sor",gaps,2,3
RubricNet,4,2.0,Four Easy Studies: No. 2 in E||Dionisio Aguado,pdf,0,0
RubricNet,4,2.0,Fugue in C||Johann Pachelbel,pdf,2,2
RubricNet,4,2.0,Gigue||Lodovico Roncalli,pdf,2,1
RubricNet,4,2.0,Hark! The Herald Angels Sing||Felix Mendelssohn,pdf,1,1
RubricNet,4,2.0,Hommage a Tarrega: II. Solearas||Joaquin Turina,pdf,5,4
RubricNet,4,2.0,"In Dulci Jubilo, BWV 751||J.S. Bach",pdf,5,3
RubricNet,4,2.0,La Catedral - ii. Andante Religioso||Agustin Barrios Mandore,pdf,3,3
RubricNet,4,2.0,Le Fandango||Dionisio Aguado,pdf,6,5
RubricNet,4,2.0,Madronos||Federico Moreno Torroba,pdf,4,5
RubricNet,4,2.0,Mallorca||Isaac Albeniz,pdf,7,6
RubricNet,4,2.0,Matachin||Gaspar Sanz,pdf,1,1
RubricNet,4,2.0,Menuett||Johann Krieger,pdf,0,0
RubricNet,4,2.0,Milonga del Angel (Milonga)||Astor Piazzolla,dada_gp,5,5
RubricNet,4,2.0,Miniature No. 12: Prelude||Alain Reiher,dada_gp,2,3
RubricNet,4,2.0,"Minuet I, BWV 1007||J.S. Bach",pdf,3,1
RubricNet,4,2.0,Moderato||Dionisio Aguado,dada_gp,0,0
RubricNet,4,2.0,Monotonia||Rodrigo Riera,pdf,1,0
RubricNet,4,2.0,"Nocturne, Op. 4 no. 1||Johann Kaspar Mertz",pdf,3,3
RubricNet,4,2.0,Oriental||Isaac Albeniz,pdf,6,6
RubricNet,4,2.0,Partita II: BWV 1004: iv. Giga||J.S. Bach,pdf,6,5
RubricNet,4,2.0,Partita III: BWV 1006: ii. Loure||J.S. Bach,pdf,5,1
RubricNet,4,2.0,"Partita No. 1, BWV 825: ii. Allemande||J.S. Bach",pdf,5,5
RubricNet,4,2.0,Passacaglia||Lodvico Roncalli,pdf,4,4
RubricNet,4,2.0,Passacaille||Robert de Visee,pdf,2,1
RubricNet,4,2.0,Petite Piece||Wolfgang Amadeus Mozart,pdf,1,0
RubricNet,4,2.0,Pictures at an Exhibition: X.  The Bohatyr Gate of Kiev||Modest Mussorgsky,pdf,6,6
RubricNet,4,2.0,Prelude 2||Francisco Tarrega,pdf,2,2
RubricNet,4,2.0,Primavera Portena (Tango)||Astor Piazzolla,pdf,6,6
RubricNet,4,2.0,"Rondeau, Op. 14, No. 5||Mauro Giuliani",pdf,0,2
RubricNet,4,2.0,Rondo||Napoleon Coste,pdf,2,1
RubricNet,4,2.0,"Rondo, Op. 48||Fernando Sor",pdf,4,4
RubricNet,4,2.0,Sarabande (from Great Suite #7 for Harpsichord)||George Friedrich Handel,pdf,3,4
RubricNet,4,2.0,"Sarabande, BWV 996||J.S. Bach",pdf,5,2
RubricNet,4,2.0,Se io m'accorgo ben mio d'un altro amante||Anonymous,pdf,1,2
RubricNet,4,2.0,Sheep May Safely Graze (from Cantata No. 208||J.S. Bach,pdf,7,1
RubricNet,4,2.0,"Sonata I, BWV 1001: iii. Siciliana||J.S. Bach",pdf,5,3
RubricNet,4,2.0,"Sonata III, BWV 1005: i. Adagio||J.S. Bach",pdf,4,3
RubricNet,4,2.0,"Sonata III, BWV 1005: iii. Largo||J.S. Bach",pdf,3,2
RubricNet,4,2.0,"Sonata in A Major, L 238/ K 208||Domenico Scarlatti",pdf,2,4
RubricNet,4,2.0,"Sonata in E minor, BWV 1023 - iii.  Gigue||J.S. Bach",pdf,5,4
RubricNet,4,2.0,Sonata Romantica: II||Manuel M. Ponce,pdf,3,5
RubricNet,4,2.0,Sonata: Allemande||Silvius Leopold Weiss,pdf,4,4
RubricNet,4,2.0,"Stuckchen, Op. 68 no. 5||Robert Schumann",pdf,1,0
RubricNet,4,2.0,Study No. 6||Fernando Sor,dada_gp,0,1
RubricNet,4,2.0,"Study, Op. 50 no. 1||Mauro Giuliani",pdf,0,0
RubricNet,4,2.0,"Study, Op. 50 no. 3||Mauro Giuliani",pdf,0,1
RubricNet,4,2.0,"Study, Op. 60 no. 1||Matteo Carcassi",pdf,0,2
RubricNet,4,2.0,"Study, Op. 60 no. 25||Matteo Carcassi",pdf,5,5
RubricNet,4,2.0,"Study, Op. 60 no. 4||Matteo Carcassi",pdf,2,2
RubricNet,4,2.0,"Study, Op. 60 no. 6||Matteo Carcassi",gaps,0,3
RubricNet,4,2.0,"Suite 1 for Cello, BWV 1007: vi. Gigue||J.S. Bach",pdf,3,1
RubricNet,4,2.0,"Suite 3 for Cello, BWV 1009: i. Prelude||J.S. Bach",pdf,4,5
RubricNet,4,2.0,"Suite 5 for Cello, BWV 1011: ii.  Allemande||J.S. Bach",pdf,2,3
RubricNet,4,2.0,"Suite 6 for Cello, BWV 1012: iii.  Courante||J.S. Bach",pdf,2,4
RubricNet,4,2.0,Suite I: i. Passagio-Presto; BWV 996||J.S. Bach,dada_gp,6,4
RubricNet,4,2.0,Suite I: vi. Gigue; BWV 996||J.S. Bach,pdf,7,4
RubricNet,4,2.0,Suite in D Minor: v. Gavotte||Robert de Visee,pdf,1,0
RubricNet,4,2.0,Suite Populaire Bresilienne: 4.  Gavotta - Choro||Heitor Villa-Lobos,pdf,4,4
RubricNet,4,2.0,"Suite, BWV 995: ii. Allemande||J.S. Bach",pdf,5,5
RubricNet,4,2.0,"Suite, BWV 995: vi. Gigue||J.S. Bach",pdf,6,3
RubricNet,4,2.0,"Suite, BWV 997: iv. Gigue||J.S. Bach",pdf,3,3
RubricNet,4,2.0,The Easy Winners (Theme)||Scott Joplin,pdf,2,5
RubricNet,4,2.0,The Round Battle Galliard||John Dowland,pdf,1,1
RubricNet,4,2.0,Tua Imagem||Agustin Barrios Mandore,gaps,4,4
RubricNet,4,2.0,Un tiempo fue Italica famosa||Joaquin Rodrigo,pdf,6,6
RubricNet,4,2.0,Vals||Francisco Tarrega,pdf,3,3
RubricNet,4,2.0,Valse; Op. 69 no. 2||Frederic Chopin,pdf,3,4
RubricNet,4,2.0,Villanos||Gaspar Sanz,pdf,1,1
RubricNet,4,2.0,Waltz (from Six Divertimentos); Op. 8 no. 2||Fernando Sor,pdf,1,1
RubricNet,4,2.0,"Waltz, Op. 241 no. 4||Ferdinando Carulli",pdf,0,1
RubricNet,4,2.0,"Waltz, Op. 39 no. 2||Johannes Brahms",pdf,1,1
RubricNet,4,2.0,"Waltz, Op. 51 no. 8||Napoleon Coste",pdf,3,1
RubricNet,4,2.0,Allegro||W. A. Mozart,pdf,1,0
RubricNet,4,2.0,"Allegro, Op. 40 no. 6||Mauro Giuliani",pdf,2,2
RubricNet,4,2.0,"Cadenzas, Caprices, Rondos & Preludes, Op. 100: 19. Preludi||Mauro Giuliani",pdf,4,2
RubricNet,4,2.0,"Cadenzas, Caprices, Rondos & Preludes, Op. 100: 8. Cadenze||Mauro Giuliani",pdf,1,0
RubricNet,4,2.0,"Cadenzas, Caprices, Rondos & Preludes, Op. 100: 9. Cadenze||Mauro Giuliani",pdf,1,0
RubricNet,4,2.0,Estudios Sencillos: XIX||Leo Brouwer,pdf,3,1
RubricNet,4,2.0,"Goldberg Variations, BWV 988: Variatio 18||J.S. Bach",pdf,5,2
RubricNet,4,2.0,"Goldberg Variations, BWV 988: Variatio 22||J.S. Bach",pdf,6,1
RubricNet,4,2.0,"Goldberg Variations, BWV 988: Variatio 4||J.S. Bach",pdf,3,2
RubricNet,4,2.0,Lesson 24||Dionisio Aguado,pdf,1,1
RubricNet,4,2.0,Lesson 26||Dionisio Aguado,pdf,2,3
RubricNet,4,2.0,Lesson 5 (Waltz)||Dionisio Aguado,pdf,1,1
RubricNet,4,2.0,Partita III: BWV 1006: iii. Gavotte en Rondeau||J.S. Bach,dada_gp,6,4
RubricNet,4,2.0,Twenty-one Lessons: 3||Dionisio Aguado,pdf,0,1
RubricNet,4,2.0,"Andantino, op. 241 no. 19||Ferdinando Carulli",pdf,0,1
RubricNet,4,2.0,"Caprice, Op. 20 no. 2||Luigi Legnani",pdf,3,2
RubricNet,4,2.0,Estudio 16||Fernando Sor,pdf,4,4
RubricNet,4,2.0,Luisito (Minueto)||Agustin Barrios Mandore,pdf,2,3
RubricNet,4,2.0,The Prince's Toys: The Tin Soldiers||Nikita Koshkin,pdf,7,5
RubricNet,4,2.0,Danza Mora||Francisco Tarrega,dada_gp,7,5
RubricNet,4,2.0,Fuga No. 1||Leo Brouwer,pdf,5,5
RubricNet,4,2.0,"24 Caprices, Op. 1: 2||Niccolo Paganini",pdf,7,6
RubricNet,4,2.0,"Jesu, Joy of Man's Desiring (from Cantata No. 147)||J.S. Bach",pdf,7,2
RubricNet,4,2.0,"Suite IV, BWV 1006a: iii. Gavotte en rondeau||J.S. Bach",pdf,6,4
Fuzzy Complete Search,4,,A Coy Toy||John Dowland,pdf,2,2
Fuzzy Complete Search,4,,"Agitato, Op. 38 no. 7||Napoleon Coste",pdf,2,2
Fuzzy Complete Search,4,,Air||John Dowland,pdf,2,2
Fuzzy Complete Search,4,,Aires Mudejares||Agustin Barrios Mandore,pdf,5,0
Fuzzy Complete Search,4,,"Allegretto, Op. 38 no. 13||Napoleon Coste",pdf,2,2
Fuzzy Complete Search,4,,Andante||Dionisio Aguado,dada_gp,0,0
Fuzzy Complete Search,4,,"Andante Allegro, Op. 6 no. 2||Fernando Sor",pdf,1,2
Fuzzy Complete Search,4,,"Andante, Op. 45 no. 5||Fernando Sor",pdf,4,2
Fuzzy Complete Search,4,,Branle Gay||Jean Baptiste Besard,pdf,0,0
Fuzzy Complete Search,4,,Cancion Del Emperador||Luys de Narvaez,pdf,2,2
Fuzzy Complete Search,4,,Cancion O Tocata||Santiago de Murcia,pdf,1,1
Fuzzy Complete Search,4,,Canciones||Gaspar Sanz,pdf,0,0
Fuzzy Complete Search,4,,"Caprice, Op. 100 no. 13||Mauro Giuliani",pdf,3,4
Fuzzy Complete Search,4,,Capricho Espanol||Agustin Barrios Mangore,pdf,4,6
Fuzzy Complete Search,4,,Choros||Domingo Semenzato,dada_gp,1,0
Fuzzy Complete Search,4,,Choros No. 1||Heitor Villa-Lobos,pdf,4,5
Fuzzy Complete Search,4,,Cinq Preludes: Prelude No.  4||Heitor Villa-Lobos,dada_gp,4,4
Fuzzy Complete Search,4,,Clarin de las mosqueteros del rey de Francia (Bugle from the French King's Musketeers)||Gaspar Sanz,pdf,0,0
Fuzzy Complete Search,4,,"Divertimento, Op. 40 no. 12||Mauro Giuliani",pdf,2,1
Fuzzy Complete Search,4,,Dos Temas Populares Cubanos - Les Yeux Sorciers - Ojos Brujos||Leo Brouwer,pdf,4,4
Fuzzy Complete Search,4,,Dos trompetas de la reina de Suecia (Two Trumpets of the Swedish Queen)||Gaspar Sanz,pdf,0,0
Fuzzy Complete Search,4,,Einleitende Etuden (Introductory Studies); Op. 60 no. 16||Fernando Sor,pdf,2,2
Fuzzy Complete Search,4,,Einleitende Etuden (Introductory Studies); Op. 60 no. 19||Fernando Sor,pdf,0,0
Fuzzy Complete Search,4,,Einleitende Etuden (Introductory Studies); Op. 60 no. 2||Fernando Sor,pdf,0,0
Fuzzy Complete Search,4,,Einleitende Etuden (Introductory Studies); Op. 60 no. 20||Fernando Sor,pdf,0,0
Fuzzy Complete Search,4,,Einleitende Etuden (Introductory Studies); Op. 60 no. 5||Fernando Sor,pdf,0,0
Fuzzy Complete Search,4,,El Decameron Negro: I. La Arpa Del Guerrero||Leo Brouwer,pdf,5,4
Fuzzy Complete Search,4,,Etude||Mauro Giuliani,pdf,3,1
Fuzzy Complete Search,4,,Etude||Napoleon Coste,pdf,2,1
Fuzzy Complete Search,4,,"Etude, Op. 38 no. 7???||Napoleon Coste",pdf,2,2
Fuzzy Complete Search,4,,"Etude, Op. 48 no. 2||Mauro Giuliani",pdf,2,0
Fuzzy Complete Search,4,,"Etude, Op. 6 no. 11||Fernando Sor",gaps,2,1
Fuzzy Complete Search,4,,Four Easy Studies: No. 2 in E||Dionisio Aguado,pdf,0,1
Fuzzy Complete Search,4,,Fugue in C||Johann Pachelbel,pdf,2,2
Fuzzy Complete Search,4,,Gigue||Lodovico Roncalli,pdf,2,2
Fuzzy Complete Search,4,,Hark! The Herald Angels Sing||Felix Mendelssohn,pdf,1,4
Fuzzy Complete Search,4,,Hommage a Tarrega: II. Solearas||Joaquin Turina,pdf,5,2
Fuzzy Complete Search,4,,"In Dulci Jubilo, BWV 751||J.S. Bach",pdf,5,4
Fuzzy Complete Search,4,,La Catedral - ii. Andante Religioso||Agustin Barrios Mandore,pdf,3,6
Fuzzy Complete Search,4,,Le Fandango||Dionisio Aguado,pdf,6,5
Fuzzy Complete Search,4,,Madronos||Federico Moreno Torroba,pdf,4,4
Fuzzy Complete Search,4,,Mallorca||Isaac Albeniz,pdf,7,6
Fuzzy Complete Search,4,,Matachin||Gaspar Sanz,pdf,1,0
Fuzzy Complete Search,4,,Menuett||Johann Krieger,pdf,0,0
Fuzzy Complete Search,4,,Milonga del Angel (Milonga)||Astor Piazzolla,dada_gp,5,4
Fuzzy Complete Search,4,,Miniature No. 12: Prelude||Alain Reiher,dada_gp,2,2
Fuzzy Complete Search,4,,"Minuet I, BWV 1007||J.S. Bach",pdf,3,1
Fuzzy Complete Search,4,,Moderato||Dionisio Aguado,dada_gp,0,1
Fuzzy Complete Search,4,,Monotonia||Rodrigo Riera,pdf,1,0
Fuzzy Complete Search,4,,"Nocturne, Op. 4 no. 1||Johann Kaspar Mertz",pdf,3,2
Fuzzy Complete Search,4,,Oriental||Isaac Albeniz,pdf,6,6
Fuzzy Complete Search,4,,Partita II: BWV 1004: iv. Giga||J.S. Bach,pdf,6,0
Fuzzy Complete Search,4,,Partita III: BWV 1006: ii. Loure||J.S. Bach,pdf,5,5
Fuzzy Complete Search,4,,"Partita No. 1, BWV 825: ii. Allemande||J.S. Bach",pdf,5,6
Fuzzy Complete Search,4,,Passacaglia||Lodvico Roncalli,pdf,4,3
Fuzzy Complete Search,4,,Passacaille||Robert de Visee,pdf,2,2
Fuzzy Complete Search,4,,Petite Piece||Wolfgang Amadeus Mozart,pdf,1,0
Fuzzy Complete Search,4,,Pictures at an Exhibition: X.  The Bohatyr Gate of Kiev||Modest Mussorgsky,pdf,6,6
Fuzzy Complete Search,4,,Prelude 2||Francisco Tarrega,pdf,2,2
Fuzzy Complete Search,4,,Primavera Portena (Tango)||Astor Piazzolla,pdf,6,6
Fuzzy Complete Search,4,,"Rondeau, Op. 14, No. 5||Mauro Giuliani",pdf,0,2
Fuzzy Complete Search,4,,Rondo||Napoleon Coste,pdf,2,2
Fuzzy Complete Search,4,,"Rondo, Op. 48||Fernando Sor",pdf,4,4
Fuzzy Complete Search,4,,Sarabande (from Great Suite #7 for Harpsichord)||George Friedrich Handel,pdf,3,2
Fuzzy Complete Search,4,,"Sarabande, BWV 996||J.S. Bach",pdf,5,5
Fuzzy Complete Search,4,,Se io m'accorgo ben mio d'un altro amante||Anonymous,pdf,1,2
Fuzzy Complete Search,4,,Sheep May Safely Graze (from Cantata No. 208||J.S. Bach,pdf,7,2
Fuzzy Complete Search,4,,"Sonata I, BWV 1001: iii. Siciliana||J.S. Bach",pdf,5,3
Fuzzy Complete Search,4,,"Sonata III, BWV 1005: i. Adagio||J.S. Bach",pdf,4,2
Fuzzy Complete Search,4,,"Sonata III, BWV 1005: iii. Largo||J.S. Bach",pdf,3,2
Fuzzy Complete Search,4,,"Sonata in A Major, L 238/ K 208||Domenico Scarlatti",pdf,2,3
Fuzzy Complete Search,4,,"Sonata in E minor, BWV 1023 - iii.  Gigue||J.S. Bach",pdf,5,4
Fuzzy Complete Search,4,,Sonata Romantica: II||Manuel M. Ponce,pdf,3,4
Fuzzy Complete Search,4,,Sonata: Allemande||Silvius Leopold Weiss,pdf,4,4
Fuzzy Complete Search,4,,"Stuckchen, Op. 68 no. 5||Robert Schumann",pdf,1,4
Fuzzy Complete Search,4,,Study No. 6||Fernando Sor,dada_gp,0,0
Fuzzy Complete Search,4,,"Study, Op. 50 no. 1||Mauro Giuliani",pdf,0,0
Fuzzy Complete Search,4,,"Study, Op. 50 no. 3||Mauro Giuliani",pdf,0,5
Fuzzy Complete Search,4,,"Study, Op. 60 no. 1||Matteo Carcassi",pdf,0,2
Fuzzy Complete Search,4,,"Study, Op. 60 no. 25||Matteo Carcassi",pdf,5,4
Fuzzy Complete Search,4,,"Study, Op. 60 no. 4||Matteo Carcassi",pdf,2,2
Fuzzy Complete Search,4,,"Study, Op. 60 no. 6||Matteo Carcassi",gaps,0,1
Fuzzy Complete Search,4,,"Suite 1 for Cello, BWV 1007: vi. Gigue||J.S. Bach",pdf,3,1
Fuzzy Complete Search,4,,"Suite 3 for Cello, BWV 1009: i. Prelude||J.S. Bach",pdf,4,5
Fuzzy Complete Search,4,,"Suite 5 for Cello, BWV 1011: ii.  Allemande||J.S. Bach",pdf,2,5
Fuzzy Complete Search,4,,"Suite 6 for Cello, BWV 1012: iii.  Courante||J.S. Bach",pdf,2,2
Fuzzy Complete Search,4,,Suite I: i. Passagio-Presto; BWV 996||J.S. Bach,dada_gp,6,2
Fuzzy Complete Search,4,,Suite I: vi. Gigue; BWV 996||J.S. Bach,pdf,7,4
Fuzzy Complete Search,4,,Suite in D Minor: v. Gavotte||Robert de Visee,pdf,1,0
Fuzzy Complete Search,4,,Suite Populaire Bresilienne: 4.  Gavotta - Choro||Heitor Villa-Lobos,pdf,4,3
Fuzzy Complete Search,4,,"Suite, BWV 995: ii. Allemande||J.S. Bach",pdf,5,5
Fuzzy Complete Search,4,,"Suite, BWV 995: vi. Gigue||J.S. Bach",pdf,6,4
Fuzzy Complete Search,4,,"Suite, BWV 997: iv. Gigue||J.S. Bach",pdf,3,2
Fuzzy Complete Search,4,,The Easy Winners (Theme)||Scott Joplin,pdf,2,4
Fuzzy Complete Search,4,,The Round Battle Galliard||John Dowland,pdf,1,2
Fuzzy Complete Search,4,,Tua Imagem||Agustin Barrios Mandore,gaps,4,6
Fuzzy Complete Search,4,,Un tiempo fue Italica famosa||Joaquin Rodrigo,pdf,6,7
Fuzzy Complete Search,4,,Vals||Francisco Tarrega,pdf,3,4
Fuzzy Complete Search,4,,Valse; Op. 69 no. 2||Frederic Chopin,pdf,3,5
Fuzzy Complete Search,4,,Villanos||Gaspar Sanz,pdf,1,2
Fuzzy Complete Search,4,,Waltz (from Six Divertimentos); Op. 8 no. 2||Fernando Sor,pdf,1,3
Fuzzy Complete Search,4,,"Waltz, Op. 241 no. 4||Ferdinando Carulli",pdf,0,0
Fuzzy Complete Search,4,,"Waltz, Op. 39 no. 2||Johannes Brahms",pdf,1,0
Fuzzy Complete Search,4,,"Waltz, Op. 51 no. 8||Napoleon Coste",pdf,3,4
Fuzzy Complete Search,4,,Allegro||W. A. Mozart,pdf,1,1
Fuzzy Complete Search,4,,"Allegro, Op. 40 no. 6||Mauro Giuliani",pdf,2,4
Fuzzy Complete Search,4,,"Cadenzas, Caprices, Rondos & Preludes, Op. 100: 19. Preludi||Mauro Giuliani",pdf,4,2
Fuzzy Complete Search,4,,"Cadenzas, Caprices, Rondos & Preludes, Op. 100: 8. Cadenze||Mauro Giuliani",pdf,1,0
Fuzzy Complete Search,4,,"Cadenzas, Caprices, Rondos & Preludes, Op. 100: 9. Cadenze||Mauro Giuliani",pdf,1,0
Fuzzy Complete Search,4,,Estudios Sencillos: XIX||Leo Brouwer,pdf,3,1
Fuzzy Complete Search,4,,"Goldberg Variations, BWV 988: Variatio 18||J.S. Bach",pdf,5,2
Fuzzy Complete Search,4,,"Goldberg Variations, BWV 988: Variatio 22||J.S. Bach",pdf,6,2
Fuzzy Complete Search,4,,"Goldberg Variations, BWV 988: Variatio 4||J.S. Bach",pdf,3,3
Fuzzy Complete Search,4,,Lesson 24||Dionisio Aguado,pdf,1,3
Fuzzy Complete Search,4,,Lesson 26||Dionisio Aguado,pdf,2,2
Fuzzy Complete Search,4,,Lesson 5 (Waltz)||Dionisio Aguado,pdf,1,1
Fuzzy Complete Search,4,,Partita III: BWV 1006: iii. Gavotte en Rondeau||J.S. Bach,dada_gp,6,4
Fuzzy Complete Search,4,,Twenty-one Lessons: 3||Dionisio Aguado,pdf,0,1
Fuzzy Complete Search,4,,"Andantino, op. 241 no. 19||Ferdinando Carulli",pdf,0,1
Fuzzy Complete Search,4,,"Caprice, Op. 20 no. 2||Luigi Legnani",pdf,3,4
Fuzzy Complete Search,4,,Estudio 16||Fernando Sor,pdf,4,4
Fuzzy Complete Search,4,,Luisito (Minueto)||Agustin Barrios Mandore,pdf,2,3
Fuzzy Complete Search,4,,The Prince's Toys: The Tin Soldiers||Nikita Koshkin,pdf,7,6
Fuzzy Complete Search,4,,Danza Mora||Francisco Tarrega,dada_gp,7,6
Fuzzy Complete Search,4,,Fuga No. 1||Leo Brouwer,pdf,5,3
Fuzzy Complete Search,4,,"24 Caprices, Op. 1: 2||Niccolo Paganini",pdf,7,7
Fuzzy Complete Search,4,,"Jesu, Joy of Man's Desiring (from Cantata No. 147)||J.S. Bach",pdf,7,1
Fuzzy Complete Search,4,,"Suite IV, BWV 1006a: iii. Gavotte en rondeau||J.S. Bach",pdf,6,4
Fuzzy Pattern Tree,4,,A Coy Toy||John Dowland,pdf,2,0
Fuzzy Pattern Tree,4,,"Agitato, Op. 38 no. 7||Napoleon Coste",pdf,2,4
Fuzzy Pattern Tree,4,,Air||John Dowland,pdf,2,1
Fuzzy Pattern Tree,4,,Aires Mudejares||Agustin Barrios Mandore,pdf,5,7
Fuzzy Pattern Tree,4,,"Allegretto, Op. 38 no. 13||Napoleon Coste",pdf,2,7
Fuzzy Pattern Tree,4,,Andante||Dionisio Aguado,dada_gp,0,0
Fuzzy Pattern Tree,4,,"Andante Allegro, Op. 6 no. 2||Fernando Sor",pdf,1,7
Fuzzy Pattern Tree,4,,"Andante, Op. 45 no. 5||Fernando Sor",pdf,4,0
Fuzzy Pattern Tree,4,,Branle Gay||Jean Baptiste Besard,pdf,0,0
Fuzzy Pattern Tree,4,,Cancion Del Emperador||Luys de Narvaez,pdf,2,3
Fuzzy Pattern Tree,4,,Cancion O Tocata||Santiago de Murcia,pdf,1,0
Fuzzy Pattern Tree,4,,Canciones||Gaspar Sanz,pdf,0,0
Fuzzy Pattern Tree,4,,"Caprice, Op. 100 no. 13||Mauro Giuliani",pdf,3,7
Fuzzy Pattern Tree,4,,Capricho Espanol||Agustin Barrios Mangore,pdf,4,6
Fuzzy Pattern Tree,4,,Choros||Domingo Semenzato,dada_gp,1,0
Fuzzy Pattern Tree,4,,Choros No. 1||Heitor Villa-Lobos,pdf,4,4
Fuzzy Pattern Tree,4,,Cinq Preludes: Prelude No.  4||Heitor Villa-Lobos,dada_gp,4,7
Fuzzy Pattern Tree,4,,Clarin de las mosqueteros del rey de Francia (Bugle from the French King's Musketeers)||Gaspar Sanz,pdf,0,0
Fuzzy Pattern Tree,4,,"Divertimento, Op. 40 no. 12||Mauro Giuliani",pdf,2,0
Fuzzy Pattern Tree,4,,Dos Temas Populares Cubanos - Les Yeux Sorciers - Ojos Brujos||Leo Brouwer,pdf,4,7
Fuzzy Pattern Tree,4,,Dos trompetas de la reina de Suecia (Two Trumpets of the Swedish Queen)||Gaspar Sanz,pdf,0,2
Fuzzy Pattern Tree,4,,Einleitende Etuden (Introductory Studies); Op. 60 no. 16||Fernando Sor,pdf,2,0
Fuzzy Pattern Tree,4,,Einleitende Etuden (Introductory Studies); Op. 60 no. 19||Fernando Sor,pdf,0,0
Fuzzy Pattern Tree,4,,Einleitende Etuden (Introductory Studies); Op. 60 no. 2||Fernando Sor,pdf,0,0
Fuzzy Pattern Tree,4,,Einleitende Etuden (Introductory Studies); Op. 60 no. 20||Fernando Sor,pdf,0,0
Fuzzy Pattern Tree,4,,Einleitende Etuden (Introductory Studies); Op. 60 no. 5||Fernando Sor,pdf,0,0
Fuzzy Pattern Tree,4,,El Decameron Negro: I. La Arpa Del Guerrero||Leo Brouwer,pdf,5,7
Fuzzy Pattern Tree,4,,Etude||Mauro Giuliani,pdf,3,0
Fuzzy Pattern Tree,4,,Etude||Napoleon Coste,pdf,2,2
Fuzzy Pattern Tree,4,,"Etude, Op. 38 no. 7???||Napoleon Coste",pdf,2,4
Fuzzy Pattern Tree,4,,"Etude, Op. 48 no. 2||Mauro Giuliani",pdf,2,0
Fuzzy Pattern Tree,4,,"Etude, Op. 6 no. 11||Fernando Sor",gaps,2,0
Fuzzy Pattern Tree,4,,Four Easy Studies: No. 2 in E||Dionisio Aguado,pdf,0,0
Fuzzy Pattern Tree,4,,Fugue in C||Johann Pachelbel,pdf,2,0
Fuzzy Pattern Tree,4,,Gigue||Lodovico Roncalli,pdf,2,2
Fuzzy Pattern Tree,4,,Hark! The Herald Angels Sing||Felix Mendelssohn,pdf,1,7
Fuzzy Pattern Tree,4,,Hommage a Tarrega: II. Solearas||Joaquin Turina,pdf,5,5
Fuzzy Pattern Tree,4,,"In Dulci Jubilo, BWV 751||J.S. Bach",pdf,5,7
Fuzzy Pattern Tree,4,,La Catedral - ii. Andante Religioso||Agustin Barrios Mandore,pdf,3,7
Fuzzy Pattern Tree,4,,Le Fandango||Dionisio Aguado,pdf,6,6
Fuzzy Pattern Tree,4,,Madronos||Federico Moreno Torroba,pdf,4,4
Fuzzy Pattern Tree,4,,Mallorca||Isaac Albeniz,pdf,7,4
Fuzzy Pattern Tree,4,,Matachin||Gaspar Sanz,pdf,1,0
Fuzzy Pattern Tree,4,,Menuett||Johann Krieger,pdf,0,0
Fuzzy Pattern Tree,4,,Milonga del Angel (Milonga)||Astor Piazzolla,dada_gp,5,4
Fuzzy Pattern Tree,4,,Miniature No. 12: Prelude||Alain Reiher,dada_gp,2,4
Fuzzy Pattern Tree,4,,"Minuet I, BWV 1007||J.S. Bach",pdf,3,3
Fuzzy Pattern Tree,4,,Moderato||Dionisio Aguado,dada_gp,0,0
Fuzzy Pattern Tree,4,,Monotonia||Rodrigo Riera,pdf,1,1
Fuzzy Pattern Tree,4,,"Nocturne, Op. 4 no. 1||Johann Kaspar Mertz",pdf,3,3
Fuzzy Pattern Tree,4,,Oriental||Isaac Albeniz,pdf,6,7
Fuzzy Pattern Tree,4,,Partita II: BWV 1004: iv. Giga||J.S. Bach,pdf,6,6
Fuzzy Pattern Tree,4,,Partita III: BWV 1006: ii. Loure||J.S. Bach,pdf,5,4
Fuzzy Pattern Tree,4,,"Partita No. 1, BWV 825: ii. Allemande||J.S. Bach",pdf,5,4
Fuzzy Pattern Tree,4,,Passacaglia||Lodvico Roncalli,pdf,4,4
Fuzzy Pattern Tree,4,,Passacaille||Robert de Visee,pdf,2,0
Fuzzy Pattern Tree,4,,Petite Piece||Wolfgang Amadeus Mozart,pdf,1,0
Fuzzy Pattern Tree,4,,Pictures at an Exhibition: X.  The Bohatyr Gate of Kiev||Modest Mussorgsky,pdf,6,6
Fuzzy Pattern Tree,4,,Prelude 2||Francisco Tarrega,pdf,2,7
Fuzzy Pattern Tree,4,,Primavera Portena (Tango)||Astor Piazzolla,pdf,6,7
Fuzzy Pattern Tree,4,,"Rondeau, Op. 14, No. 5||Mauro Giuliani",pdf,0,3
Fuzzy Pattern Tree,4,,Rondo||Napoleon Coste,pdf,2,0
Fuzzy Pattern Tree,4,,"Rondo, Op. 48||Fernando Sor",pdf,4,4
Fuzzy Pattern Tree,4,,Sarabande (from Great Suite #7 for Harpsichord)||George Friedrich Handel,pdf,3,7
Fuzzy Pattern Tree,4,,"Sarabande, BWV 996||J.S. Bach",pdf,5,3
Fuzzy Pattern Tree,4,,Se io m'accorgo ben mio d'un altro amante||Anonymous,pdf,1,1
Fuzzy Pattern Tree,4,,Sheep May Safely Graze (from Cantata No. 208||J.S. Bach,pdf,7,7
Fuzzy Pattern Tree,4,,"Sonata I, BWV 1001: iii. Siciliana||J.S. Bach",pdf,5,3
Fuzzy Pattern Tree,4,,"Sonata III, BWV 1005: i. Adagio||J.S. Bach",pdf,4,7
Fuzzy Pattern Tree,4,,"Sonata III, BWV 1005: iii. Largo||J.S. Bach",pdf,3,4
Fuzzy Pattern Tree,4,,"Sonata in A Major, L 238/ K 208||Domenico Scarlatti",pdf,2,4
Fuzzy Pattern Tree,4,,"Sonata in E minor, BWV 1023 - iii.  Gigue||J.S. Bach",pdf,5,3
Fuzzy Pattern Tree,4,,Sonata Romantica: II||Manuel M. Ponce,pdf,3,4
Fuzzy Pattern Tree,4,,Sonata: Allemande||Silvius Leopold Weiss,pdf,4,4
Fuzzy Pattern Tree,4,,"Stuckchen, Op. 68 no. 5||Robert Schumann",pdf,1,0
Fuzzy Pattern Tree,4,,Study No. 6||Fernando Sor,dada_gp,0,0
Fuzzy Pattern Tree,4,,"Study, Op. 50 no. 1||Mauro Giuliani",pdf,0,0
Fuzzy Pattern Tree,4,,"Study, Op. 50 no. 3||Mauro Giuliani",pdf,0,0
Fuzzy Pattern Tree,4,,"Study, Op. 60 no. 1||Matteo Carcassi",pdf,0,7
Fuzzy Pattern Tree,4,,"Study, Op. 60 no. 25||Matteo Carcassi",pdf,5,7
Fuzzy Pattern Tree,4,,"Study, Op. 60 no. 4||Matteo Carcassi",pdf,2,0
Fuzzy Pattern Tree,4,,"Study, Op. 60 no. 6||Matteo Carcassi",gaps,0,3
Fuzzy Pattern Tree,4,,"Suite 1 for Cello, BWV 1007: vi. Gigue||J.S. Bach",pdf,3,3
Fuzzy Pattern Tree,4,,"Suite 3 for Cello, BWV 1009: i. Prelude||J.S. Bach",pdf,4,4
Fuzzy Pattern Tree,4,,"Suite 5 for Cello, BWV 1011: ii.  Allemande||J.S. Bach",pdf,2,0
Fuzzy Pattern Tree,4,,"Suite 6 for Cello, BWV 1012: iii.  Courante||J.S. Bach",pdf,2,5
Fuzzy Pattern Tree,4,,Suite I: i. Passagio-Presto; BWV 996||J.S. Bach,dada_gp,6,4
Fuzzy Pattern Tree,4,,Suite I: vi. Gigue; BWV 996||J.S. Bach,pdf,7,4
Fuzzy Pattern Tree,4,,Suite in D Minor: v. Gavotte||Robert de Visee,pdf,1,1
Fuzzy Pattern Tree,4,,Suite Populaire Bresilienne: 4.  Gavotta - Choro||Heitor Villa-Lobos,pdf,4,6
Fuzzy Pattern Tree,4,,"Suite, BWV 995: ii. Allemande||J.S. Bach",pdf,5,4
Fuzzy Pattern Tree,4,,"Suite, BWV 995: vi. Gigue||J.S. Bach",pdf,6,7
Fuzzy Pattern Tree,4,,"Suite, BWV 997: iv. Gigue||J.S. Bach",pdf,3,7
Fuzzy Pattern Tree,4,,The Easy Winners (Theme)||Scott Joplin,pdf,2,4
Fuzzy Pattern Tree,4,,The Round Battle Galliard||John Dowland,pdf,1,0
Fuzzy Pattern Tree,4,,Tua Imagem||Agustin Barrios Mandore,gaps,4,5
Fuzzy Pattern Tree,4,,Un tiempo fue Italica famosa||Joaquin Rodrigo,pdf,6,7
Fuzzy Pattern Tree,4,,Vals||Francisco Tarrega,pdf,3,5
Fuzzy Pattern Tree,4,,Valse; Op. 69 no. 2||Frederic Chopin,pdf,3,3
Fuzzy Pattern Tree,4,,Villanos||Gaspar Sanz,pdf,1,3
Fuzzy Pattern Tree,4,,Waltz (from Six Divertimentos); Op. 8 no. 2||Fernando Sor,pdf,1,0
Fuzzy Pattern Tree,4,,"Waltz, Op. 241 no. 4||Ferdinando Carulli",pdf,0,0
Fuzzy Pattern Tree,4,,"Waltz, Op. 39 no. 2||Johannes Brahms",pdf,1,0
Fuzzy Pattern Tree,4,,"Waltz, Op. 51 no. 8||Napoleon Coste",pdf,3,4
Fuzzy Pattern Tree,4,,Allegro||W. A. Mozart,pdf,1,0
Fuzzy Pattern Tree,4,,"Allegro, Op. 40 no. 6||Mauro Giuliani",pdf,2,4
Fuzzy Pattern Tree,4,,"Cadenzas, Caprices, Rondos & Preludes, Op. 100: 19. Preludi||Mauro Giuliani",pdf,4,2
Fuzzy Pattern Tree,4,,"Cadenzas, Caprices, Rondos & Preludes, Op. 100: 8. Cadenze||Mauro Giuliani",pdf,1,1
Fuzzy Pattern Tree,4,,"Cadenzas, Caprices, Rondos & Preludes, Op. 100: 9. Cadenze||Mauro Giuliani",pdf,1,0
Fuzzy Pattern Tree,4,,Estudios Sencillos: XIX||Leo Brouwer,pdf,3,1
Fuzzy Pattern Tree,4,,"Goldberg Variations, BWV 988: Variatio 18||J.S. Bach",pdf,5,7
Fuzzy Pattern Tree,4,,"Goldberg Variations, BWV 988: Variatio 22||J.S. Bach",pdf,6,0
Fuzzy Pattern Tree,4,,"Goldberg Variations, BWV 988: Variatio 4||J.S. Bach",pdf,3,3
Fuzzy Pattern Tree,4,,Lesson 24||Dionisio Aguado,pdf,1,7
Fuzzy Pattern Tree,4,,Lesson 26||Dionisio Aguado,pdf,2,5
Fuzzy Pattern Tree,4,,Lesson 5 (Waltz)||Dionisio Aguado,pdf,1,7
Fuzzy Pattern Tree,4,,Partita III: BWV 1006: iii. Gavotte en Rondeau||J.S. Bach,dada_gp,6,7
Fuzzy Pattern Tree,4,,Twenty-one Lessons: 3||Dionisio Aguado,pdf,0,0
Fuzzy Pattern Tree,4,,"Andantino, op. 241 no. 19||Ferdinando Carulli",pdf,0,7
Fuzzy Pattern Tree,4,,"Caprice, Op. 20 no. 2||Luigi Legnani",pdf,3,7
Fuzzy Pattern Tree,4,,Estudio 16||Fernando Sor,pdf,4,4
Fuzzy Pattern Tree,4,,Luisito (Minueto)||Agustin Barrios Mandore,pdf,2,3
Fuzzy Pattern Tree,4,,The Prince's Toys: The Tin Soldiers||Nikita Koshkin,pdf,7,6
Fuzzy Pattern Tree,4,,Danza Mora||Francisco Tarrega,dada_gp,7,4
Fuzzy Pattern Tree,4,,Fuga No. 1||Leo Brouwer,pdf,5,4
Fuzzy Pattern Tree,4,,"24 Caprices, Op. 1: 2||Niccolo Paganini",pdf,7,6
Fuzzy Pattern Tree,4,,"Jesu, Joy of Man's Desiring (from Cantata No. 147)||J.S. Bach",pdf,7,0
Fuzzy Pattern Tree,4,,"Suite IV, BWV 1006a: iii. Gavotte en rondeau||J.S. Bach",pdf,6,7
