validated,Title,Composer,Difficulty,Reading,Max Position,Era,status,source,pdf_path,token_path,gp_path,scorehash,xml_path,file_path,barre_ratio,avg_chord_stretch,max_chord_stretch,avg_position_shift,fret_change_rate,arpeggio_density,avg_string_jump,max_string_jump,special_technique_ratio,avg_polyphony,total_notes,tempo_bpm,log_total_notes,avg_fret,p90_fret,high_position_ratio,open_string_ratio,p90_chord_stretch,chord_ratio,avg_string_span,unique_shape_rate,shift_rate,max_position_shift,std_position_shift,fret_entropy,string_entropy,repetition_ratio,max_avg_chord_stretch_window,p95_position_shift_window,max_note_density_window,avg_stretch_velocity_beats,p90_stretch_velocity_beats,avg_position_shift_speed_beats,max_position_shift_speed_beats,polyphonic_arpeggio_intensity_beats,has_rhythm,m21_DiminishedSeventhSimultaneityPrevalence,m21_DiminishedTriadSimultaneityPrevalence,m21_DominantSeventhSimultaneityPrevalence,m21_IncorrectlySpelledTriadPrevalence,m21_MajorTriadSimultaneityPrevalence,m21_MinorTriadSimultaneityPrevalence,m21_MostCommonNoteQuarterLength,m21_MostCommonNoteQuarterLengthPrevalence,m21_MostCommonPitchClassSetSimultaneityPrevalence,m21_MostCommonSetClassSimultaneityPrevalence,m21_Quality,m21_RangeOfNoteQuarterLengths,m21_TonalCertainty,m21_TriadSimultaneityPrevalence,m21_UniqueNoteQuarterLengths,m21_UniquePitchClassSetSimultaneities,m21_UniqueSetClassSimultaneities
1,24 Piezas Sudamericanas: 1. Cueca Chilena,Jorge Cardoso,9,6,XII,Modern,found,pdf,pdf-20260524T103936Z-3-001/pdf/Cueca Chilena by Jorge Cardoso.pdf,,,,verified_pieces/pdf/xml/Cueca Chilena by Jorge Cardoso.musicxml,,0.002061855670103,1.2204301075268815,20,2.3337465564738293,0.5602094240837696,0.5513513513513514,0.6714876033057852,5,0.0,1.577319587628866,765,112.0,6.641182169740591,2.6562091503267973,7.0,0.1176470588235294,0.3176470588235294,2.0,0.4041237113402062,2.816326530612245,0.4948979591836734,0.2995867768595041,22.0,3.0199719444889017,2.872922817942781,2.438344324033665,0.0805785123966942,2.272727272727273,20.7,5.8125,2.788159588159588,7.199999999999989,6.438406795224976,76.0,6.1800229681745575,True,0.0,0.0022321428571428,0.0111607142857142,0.0,0.1361607142857142,0.1584821428571428,0.5,0.6205357142857143,0.1071428571428571,0.59375,0.0,2.75,1.1726868126645744,0.0401785714285714,6.0,55.0,15.0
1,24 Piezas Sudamericanas: 2. Chacarera,Jorge Cardoso,12,8,All,Modern,found,pdf,pdf-20260524T103936Z-3-001/pdf/Chacarera by Jorge Cardoso.pdf,,,,verified_pieces/pdf/xml/Chacarera by Jorge Cardoso.musicxml,,0.0215439856373429,1.1865284974093264,4,1.439748201438849,0.4815983175604627,0.3108614232209737,0.4514388489208633,5,0.0,1.7091561938958708,952,138.0,6.859614903654202,2.96218487394958,7.0,0.111344537815126,0.190126050420168,2.0,0.3500897666068223,2.6923076923076925,0.6410256410256411,0.1834532374100719,8.333333333333334,1.232386625662042,3.1284131107009707,2.448510504105957,0.1438848920863309,2.333333333333333,5.333333333333333,5.3125,2.78125,4.0,5.01603717026379,72.0,5.213029063961134,True,0.0271398747390396,0.0041753653444676,0.0062630480167014,0.1363636363636363,0.0292275574112734,0.0563674321503131,0.5,0.569937369519833,0.127348643006263,0.6680584551148225,1.0,2.8125,1.4923501994739734,0.0396659707724425,9.0,93.0,28.0
1,24 Piezas Sudamericanas: 24. Milonga,Jorge Cardoso,8,5,VIII,Modern,found,dada_gp,,"datasets/DadaGP-v1.1/C/Cardoso, Jorge/Cardoso, Jorge - Milonga in d minor.gp3.tokens.txt","datasets/DadaGP-v1.1/C/Cardoso, Jorge/Cardoso, Jorge - Milonga in d minor.gp3",,"verified_pieces/dada/xml/Cardoso, Jorge - Milonga in d minor.musicxml",,0.0,0.8985507246376812,3,2.665818490245971,0.7295597484276729,0.9144981412639404,1.5826972010178118,5,0.00836820083682,1.2131979695431472,478,56.0,6.171700597410915,3.1297071129707112,7.0,0.1694560669456067,0.2740585774058577,2.0,0.1852791878172588,1.7671232876712328,0.5342465753424658,0.3486005089058524,10.0,2.496902092777982,3.054161846278089,2.4221608182517147,0.0,1.4285714285714286,10.0,5.125,3.246376811594203,8.0,10.434973141080013,40.0,5.38198263982946,True,0.0,0.0,0.0,0.3333333333333333,0.0558375634517766,0.0532994923857868,0.25,0.9517766497461928,0.1675126903553299,0.8197969543147208,1.0,0.4375,1.4613615173957937,0.0050761421319796,4.0,38.0,13.0
1,24 Piezas Sudamericanas: 4. Vals Venezolano,Jorge Cardoso,9,5,VII,Modern,found,pdf,pdf-20260524T103936Z-3-001/pdf/Vals Venezolano by Jorge Cardoso.pdf,,,,verified_pieces/pdf/xml/Vals Venezolano by Jorge Cardoso.musicxml,,0.0155440414507772,1.3350515463917525,4,1.59031560743623,0.4058219178082192,0.5567010309278351,0.8443579766536965,5,0.0,1.5142487046632125,1169,120.0,7.064759027791802,3.4910179640718564,7.0,0.1659538066723695,0.1479897348160821,2.0,0.2590673575129533,2.48,0.285,0.1712062256809338,22.0,3.0844039858068206,3.217227485046919,2.36988585624846,0.3060959792477302,2.6666666666666665,21.0,7.75,8.178756476683938,28.800000000000185,5.038694336359706,160.0,5.965144855101248,True,0.0,0.0122377622377622,0.0052447552447552,-0.1,0.0349650349650349,0.0646853146853146,0.5,0.9615384615384616,0.1590909090909091,0.7814685314685315,1.0,2.75,0.842402309916175,0.0769230769230769,5.0,60.0,14.0
1,24 Piezas Sudamericanas: 8. Polo Margariteno,Jorge Cardoso,12,6,IX,Modern,found,pdf,pdf-20260524T103936Z-3-001/pdf/Polo Margariteno by Jorge Cardoso.pdf,,,,verified_pieces/pdf/xml/Polo Margariteno by Jorge Cardoso.musicxml,,0.0,0.75,3,2.5446236559139783,0.6902404526166902,0.8326530612244898,1.4903225806451612,5,0.0,1.140096618357488,708,160.0,6.563855526532128,3.1129943502824857,7.0,0.1016949152542373,0.1991525423728813,2.0,0.1256038647342995,2.9871794871794872,0.6666666666666666,0.2290322580645161,22.0,4.272272206285748,2.8442356254268844,2.546093785564722,0.0451612903225806,3.0,21.75,2.75,1.192488262910798,4.0,5.068458781362007,64.0,2.404135236923608,True,0.0,0.0,0.0,0.5,0.0336700336700336,0.0336700336700336,0.5,0.867003367003367,0.1531986531986532,0.9006734006734006,1.0,2.6875,1.1907627100688858,0.0016835016835016,5.0,30.0,9.0
1,A Coy Toy,John Dowland,7,6,V,Renaissance,found,pdf,pdf-20260524T103936Z-3-001/pdf/dowland-coy-toy.pdf,,,,verified_pieces/pdf/xml/dowland-coy-toy.musicxml,,0.0,0.75,3,1.5163398692810457,0.5426829268292683,0.3555555555555555,0.4411764705882353,4,0.0,1.6019417475728157,165,144.0,5.111987788356544,1.9212121212121207,4.0,0.0424242424242424,0.296969696969697,2.0,0.3883495145631068,2.75,0.55,0.196078431372549,7.0,1.336701180409786,2.5007280025608174,2.2955416858324167,0.1078431372549019,1.2142857142857142,5.5,4.0625,2.504273504273504,4.800000000000011,4.216230936819173,28.0,5.809239304384935,True,0.0,0.0,0.0,0.0,0.1397849462365591,0.0967741935483871,0.5,0.4408602150537634,0.1505376344086021,0.6559139784946236,1.0,0.8125,1.487108740391035,0.075268817204301,6.0,26.0,6.0
1,A mi madre (Sonatina),Agustin Barrios Mangore,12,8,All,Romantic,found,pdf,pdf-20260524T103936Z-3-001/pdf/A Mi Madre Sonatina by Agustin Barrios Mangore.pdf,,,,verified_pieces/pdf/xml/A Mi Madre Sonatina by Agustin Barrios Mangore.musicxml,,0.0057526366251198,1.3392857142857142,4,2.335572616762636,0.5407348242811502,0.5929411764705882,0.8992322456813819,5,0.0,1.2013422818791946,1253,68.0,7.134093721192866,6.0654429369513165,12.0,0.4948124501197127,0.1779728651237031,3.0,0.1140939597315436,2.7142857142857144,0.5294117647058824,0.2869481765834933,22.0,3.5855953814090507,3.669675352149514,2.400435104101581,0.2562380038387716,3.0,22.0,4.5625,5.892964392964393,16.0,9.504438579654511,352.0,3.385984825968521,True,0.0,0.0037735849056603,0.0025157232704402,0.0,0.0289308176100628,0.0251572327044025,0.5,0.7610062893081762,0.1345911949685534,0.8918238993710692,0.0,2.8125,1.0047771858347136,0.0289308176100628,10.0,51.0,17.0
1,Abri la Puerta mi China,Agustin Barrios Mandore,11,5,XII,Romantic,found,pdf,pdf-20260524T103936Z-3-001/pdf/Abri La Puerta Mi China by Augustin Barrios Mangore.pdf,,,,verified_pieces/pdf/xml/Abri La Puerta Mi China by Augustin Barrios Mangore.musicxml,,0.003003003003003,1.107255520504732,3,0.9416040100250626,0.3067961165048544,0.2966666666666667,0.2481203007518796,4,0.0,1.548048048048048,1031,96.0,6.939253946041508,10.276430649854513,14.0,0.8981571290009699,0.0106692531522793,2.0,0.4759759759759759,1.4479495268138802,0.1419558359621451,0.1428571428571428,9.0,1.430298740287075,3.30508000918336,2.022045656849379,0.4345864661654135,2.0,6.0,7.375,7.800210304942166,16.0,5.140100250626566,96.0,8.869955054046754,True,0.0,0.0042016806722689,0.0,0.0,0.157563025210084,0.1092436974789916,0.25,0.5756302521008403,0.1407563025210084,0.5462184873949579,0.0,1.1875,0.9421832779496226,0.0168067226890756,10.0,33.0,8.0
1,Adagio,Robert Schumann,3,2,IV,Romantic,found,dada_gp,,datasets/DadaGP-v1.1/R/Robert Schumann/Robert Schumann - Adagio.gp3.tokens.txt,datasets/DadaGP-v1.1/R/Robert Schumann/Robert Schumann - Adagio.gp3,,verified_pieces/dada/xml/Robert Schumann - Adagio.musicxml,,0.0,0.4470588235294118,4,1.4698795180722892,0.2670967741935484,0.0,0.6546184738955824,5,0.0,3.104,776,60.0,6.655440350367647,1.5618556701030928,4.0,0.0,0.345360824742268,1.0,1.0,0.752,0.2,0.1887550200803212,5.0,1.2258313878603282,2.280978605765146,2.445618890166121,0.0160642570281124,1.1666666666666667,4.0,8.125,0.8470588235294118,2.0,2.889558232931727,10.0,18.891796078431373,True,0.008,0.016,0.008,0.125,0.08,0.12,0.5,0.976,0.24,0.64,1.0,0.5,1.1636748957436045,0.056,2.0,33.0,11.0
1,Adagio from Pathetique Sonata,Ludwig van Beethoven,11,7,XII,Classical,found,gaps,,,,jc1wc,datasets/gaps_v1/readable_musicxml/Ludwig Van Beethoven - Opus 13 Sonata Pathetique.xml,,0.0110344827586206,1.0124223602484472,5,1.4203038674033148,0.4460251046025104,0.5,0.5483425414364641,3,0.0,1.6496551724137931,1196,100.0,7.087573705557973,3.8603678929765888,9.0,0.2023411371237458,0.1588628762541806,3.0,0.4551724137931034,2.309090909090909,0.4787878787878787,0.1961325966850828,9.0,1.578002502093985,3.262521755623719,2.401632840679764,0.1795580110497237,2.333333333333333,7.0,12.1875,5.244911972454733,12.00480192076915,8.099502623755978,95.92326139090652,13.606810939357906,True,0.0041322314049586,0.0165289256198347,0.0068870523415977,0.1118881118881118,0.2066115702479339,0.1818181818181818,0.1666666666666666,0.4504692387904067,0.0771349862258953,0.1763085399449036,0.0,2.0,1.2224486321061927,0.174931129476584,15.0,98.0,27.0
1,"Adagio, Aria, and Fugue; BWV 992: iii. Fugue",J.S. Bach,13,7,IX,Baroque,found,pdf,pdf-20260524T103936Z-3-001/pdf/bach-bwv992-iii-adagissimo.pdf,,,,verified_pieces/pdf/xml/bach-bwv992-iii-adagissimo.musicxml,,0.0,1.2717391304347827,4,1.81530612244898,0.5320197044334976,0.4742268041237113,0.7020408163265306,5,0.0,1.6544715447154472,407,50.0,6.0112671744041615,3.493857493857494,7.0,0.1867321867321867,0.1695331695331695,3.0,0.3861788617886179,2.705263157894737,0.8526315789473684,0.2448979591836734,10.0,1.7887239295966617,3.123077513330962,2.4811723476264147,0.0857142857142857,2.090909090909091,7.5,4.8125,2.3241758241758244,6.0,4.068197278911565,64.0,5.10128726287263,True,0.0041322314049586,0.024793388429752,0.0,0.12,0.0785123966942148,0.1322314049586777,0.5,0.8925619834710744,0.0991735537190082,0.640495867768595,1.0,1.8125,1.2745832824099326,0.0909090909090909,7.0,55.0,15.0
1,"Agitato, Op. 38 no. 7",Napoleon Coste,7,4,X,Romantic,found,pdf,pdf-20260524T103936Z-3-001/pdf/Opus 38 No 7 by Napoleon Coste.pdf,,,,verified_pieces/pdf/xml/Opus 38 No 7 by Napoleon Coste.musicxml,gaps_v1/musicxml/Opus 38 No 1 by Napoleon Coste.xml,0.0035087719298245,0.7391304347826086,3,1.6954225352112675,0.5683760683760684,0.5666666666666667,0.6232394366197183,3,0.0,1.6456140350877193,469,120.0,6.152732694704104,2.2217484008528783,5.0,0.0597014925373134,0.3091684434968017,2.0,0.4105263157894737,2.829059829059829,0.6324786324786325,0.2253521126760563,10.0,1.3179513913560308,2.7315213081007976,2.469846253437011,0.0387323943661971,1.4,5.375,7.1875,2.8596491228070176,8.0,6.720363849765259,40.0,10.42963489805595,True,0.0035714285714285,0.0107142857142857,0.0071428571428571,0.0,0.0857142857142857,0.175,0.25,0.975,0.1357142857142857,0.625,1.0,1.25,1.0151828118729664,0.0678571428571428,4.0,50.0,17.0
1,"Agitato, Op. 51 no. 3",Mauro Giuliani,5,3,II,Classical,found,pdf,pdf-20260524T103936Z-3-001/pdf/Opus 51 No 3 by Mauro Giuliani.pdf,,,,verified_pieces/pdf/xml/Opus 51 No 3 by Mauro Giuliani.musicxml,,0.0,0.4035087719298245,2,1.3376168224299063,0.6845878136200717,0.9789473684210528,1.383177570093458,5,0.0,1.302325581395349,280,120.0,5.638354669333745,1.5964285714285715,3.0,0.0,0.2964285714285714,2.0,0.2837209302325581,2.7540983606557377,0.639344262295082,0.1495327102803738,4.0,0.9892404444386954,2.1911995293738,2.53326483816426,0.0,1.0,4.0,2.875,0.7678571428571429,4.0,2.669392523364486,8.0,3.376399655469423,True,0.0,0.0,0.0,0.0,0.027906976744186,0.0186046511627906,0.5,0.986046511627907,0.1302325581395348,0.7302325581395349,1.0,1.5,1.362079705527743,0.0093023255813953,3.0,38.0,8.0
1,Air,John Dowland,6,3,IV,Renaissance,found,pdf,pdf-20260524T103936Z-3-001/pdf/Air In E by John Dowland.pdf,,,,verified_pieces/pdf/xml/Air In E by John Dowland.musicxml,,0.03,1.4090909090909092,3,1.5370370370370372,0.4536082474226804,0.4516129032258064,0.5555555555555556,5,0.0,1.95,195,72.0,5.278114659230517,2.7384615384615385,5.0,0.0666666666666666,0.2205128205128205,3.0,0.44,3.3181818181818183,0.7045454545454546,0.202020202020202,5.666666666666667,1.1828615163044065,2.3660305375469126,2.416191552791308,0.0808080808080808,2.076923076923077,3.9625,3.8125,2.0568181818181817,5.400000000000006,3.2525252525252526,16.0,5.591911764705882,True,0.0,0.0108695652173913,0.0,0.0,0.3043478260869565,0.0326086956521739,1.0,0.4347826086956521,0.1304347826086956,0.5869565217391305,0.0,2.75,1.2606537377458582,0.2717391304347826,7.0,25.0,9.0
1,Air on a G String,J. S. Bach,9,6,V,Baroque,found,pdf,pdf-20260524T103936Z-3-001/pdf/BWV 1068 Air on G String by Johann Sebastian Bach.pdf,,,,verified_pieces/pdf/xml/BWV 1068 Air on G String by Johann Sebastian Bach.musicxml,,0.0,0.8532110091743119,20,1.4464524765729585,0.58,0.5652173913043478,0.5863453815261044,4,0.0,1.604,401,35.0,5.996452088619021,1.7481296758104738,3.0,0.0024937655860349,0.2967581047381546,2.0,0.456,2.8508771929824563,0.7543859649122807,0.2048192771084337,12.0,1.3606553558513088,2.311519901873212,2.5399424392565098,0.0321285140562249,2.0,3.799999999999997,5.875,2.9444444444444446,8.0,5.231593038821954,48.0,7.916356923076924,True,0.0,0.0041152263374485,0.0,0.0,0.1193415637860082,0.1069958847736625,0.25,0.7325102880658436,0.0987654320987654,0.5802469135802469,0.0,1.75,1.165107146014588,0.0411522633744856,6.0,65.0,16.0
1,"Aire de Zamba (from the ""Suite Andina"")",Agustin Barrios Mandore,10,7,XII,Romantic,found,pdf,pdf-20260524T103936Z-3-001/pdf/Suite Andina (Aire de Zamba) by Agustin Barrios Mangore.pdf,,,,verified_pieces/pdf/xml/Suite Andina (Aire de Zamba) by Agustin Barrios Mangore.musicxml,,0.0023419203747072,1.1813471502590671,3,1.917136150234742,0.4853556485355648,0.3006993006993007,0.8708920187793427,5,0.0,1.6814988290398127,718,105.0,6.577861357721047,5.289693593314763,10.0,0.3356545961002785,0.1253481894150417,2.0,0.4519906323185012,1.979274611398964,0.3730569948186528,0.3192488262910798,13.0,2.0872660317894485,3.4218824228308544,2.4153076602515293,0.136150234741784,1.9230769230769231,10.0,4.625,2.036458333333333,4.0,7.207198748043818,192.0,5.668150982397115,True,0.0,0.0053763440860215,0.010752688172043,0.125,0.0887096774193548,0.0967741935483871,0.5,0.5860215053763441,0.1290322580645161,0.5188172043010753,1.0,0.8125,1.3767585221483416,0.075268817204301,6.0,51.0,15.0
1,Aires Andaluces,Agustin Barrios Mandore,13,4,X,Romantic,found,pdf,pdf-20260524T103936Z-3-001/pdf/barrios-andaluces.pdf,,,,verified_pieces/pdf/xml/barrios-andaluces.musicxml,,0.0256930358350236,1.2406015037593985,7,1.7691700496165987,0.4628623188405797,0.3834841628959276,0.6278755074424899,4,0.0,1.4935767410412442,2209,170.0,7.700747794511798,4.943866002716161,10.0,0.3196016296966953,0.1928474422815753,3.0,0.2697768762677485,2.421052631578948,0.2631578947368421,0.2584573748308525,11.0,2.120248171967447,3.4887102583130747,2.3873668827042107,0.2631935047361299,3.75,10.683333333333334,6.5625,4.253888490069395,10.0,7.07294015937453,176.0,5.282595450351419,True,0.0,0.0042992261392949,0.0103181427343078,0.0093457943925233,0.0842648323301805,0.0619088564058469,0.5,0.4256233877901977,0.1994840928632846,,1.0,2.8125,1.1746350150114813,0.0911435941530524,10.0,43.0,16.0
1,Aires Criollos,Agustin Barrios Mandore,15,8,X,Romantic,found,pdf,pdf-20260524T103936Z-3-001/pdf/barrios-aires-criollos.pdf,,,,verified_pieces/pdf/xml/barrios-aires-criollos.musicxml,,0.0107334525939177,1.2863070539419088,4,1.1190860215053762,0.2858536585365853,0.2972972972972973,0.3369175627240143,4,0.0,1.8354203935599285,1026,130.0,6.934397209928558,3.61598440545809,9.0,0.2134502923976608,0.1803118908382066,2.0,0.4364937388193202,2.4631147540983607,0.3114754098360656,0.1810035842293906,8.833333333333334,1.5825863234888793,3.2316116660674057,2.407947851932561,0.4426523297491039,2.066666666666667,7.249999999999989,7.0625,8.300396825396826,32.0,6.667941059338909,141.33333333333334,7.647274411340047,True,0.0,0.005813953488372,0.0174418604651162,0.0135135135135135,0.125,0.1540697674418604,1.0,0.4215116279069767,0.1337209302325581,0.5784883720930233,1.0,2.9375,1.41551426300262,0.2122093023255813,9.0,37.0,10.0
1,Aires Mudejares,Agustin Barrios Mandore,12,5,VIII,Romantic,found,pdf,pdf-20260524T103936Z-3-001/pdf/barrios-aires-mudejares.pdf,,,,verified_pieces/pdf/xml/barrios-aires-mudejares.musicxml,,0.0,0.0,0,2.9365079365079363,0.8650793650793651,0.7619047619047619,1.0952380952380951,5,0.0,1.0,127,125.0,4.852030263919617,4.543307086614173,9.0,0.3937007874015748,0.2677165354330709,0.0,0.0,0.0,0.0,0.3571428571428571,13.0,2.978084053697845,3.249972954876013,2.259766097971019,0.0555555555555555,0.0,13.0,4.0,0.0,0.0,15.306878306878303,208.0,3.791044776119403,True,0.0,0.0,0.0,,0.0,0.0,0.25,0.925,0.1916666666666666,1.0,1.0,0.75,0.800360787271833,0.0,5.0,11.0,1.0
1,"Allegretto in E Minor, Op. 47 no. 4",Fernando Sor,7,5,VII,Classical,found,pdf,pdf-20260524T103936Z-3-001/pdf/sor-op47-4.pdf,,,,verified_pieces/pdf/xml/sor-op47-4.musicxml,,0.0,0.7555555555555555,3,1.2661498708010337,0.3814898419864559,0.4137931034482758,0.4341085271317829,5,0.0,1.7142857142857142,444,52.0,6.09807428216624,2.099099099099099,6.0,0.0968468468468468,0.4211711711711711,2.0,0.3938223938223938,3.088235294117647,0.4411764705882353,0.1744186046511628,8.0,1.521578125276506,2.588557777501326,2.402030258704474,0.2984496124031007,2.125,5.699999999999999,7.625,3.071161048689139,6.0,6.470284237726099,68.0,9.014275140107856,True,0.0,0.0158730158730158,0.0,-0.0454545454545454,0.1216931216931216,0.1587301587301587,0.5,0.5608465608465608,0.2486772486772486,0.5925925925925926,1.0,0.8125,0.8372423054411605,0.1216931216931216,5.0,40.0,14.0
1,"Allegretto, Op. 114 no. 9",Ferdinando Carulli,2,3,V,Classical,found,pdf,pdf-20260524T103936Z-3-001/pdf/Opus 114 No 9 Prelude by Ferdinando Carulli.pdf,,,,verified_pieces/pdf/xml/Opus 114 No 9 Prelude by Ferdinando Carulli.musicxml,,0.0,0.2,1,5.861111111111111,0.6745762711864407,0.8409090909090909,1.1720430107526882,4,0.0,1.0571428571428572,296,120.0,5.6937321388027,3.885135135135135,22.0,0.1554054054054054,0.4256756756756756,1.0,0.0357142857142857,1.5,0.5,0.4157706093189964,22.0,8.066409076922424,2.294924148318424,2.113769630410361,0.1254480286738351,1.0,22.0,3.5,0.074074074074074,0.1333333333333334,16.91696535244922,88.0,3.160750360750361,True,0.0,0.0,0.0,0.0,0.0293040293040293,0.0,0.25,0.8498168498168498,0.2014652014652014,0.9633699633699634,0.0,1.25,0.9378829980486272,0.0073260073260073,3.0,12.0,4.0
1,"Allegretto, Op. 241 no. 14",Ferdinando Carulli,5,3,II,Classical,found,pdf,pdf-20260524T103936Z-3-001/pdf/Opus 241 No 14 Andantino Grazioso by Ferdinando Carulli.pdf,,,,verified_pieces/pdf/xml/Opus 241 No 14 Andantino Grazioso by Ferdinando Carulli.musicxml,gaps_v1/musicxml/Andantino in G Major by Ferdinando Carulli.xml,0.0,0.1833333333333333,2,1.936842105263158,0.5585585585585585,0.8974358974358975,0.4894736842105263,3,0.0,1.7486910994764395,334,100.0,5.814130531825066,1.7754491017964071,3.0,0.0089820359281437,0.3682634730538922,0.1000000000000085,0.6910994764397905,2.409090909090909,0.1818181818181818,0.1684210526315789,19.33333333333333,2.659109791171098,2.3137981044748,2.227666691528895,0.0210526315789473,1.6666666666666667,19.05,5.125,0.4666666666666667,0.4000000000000341,5.890643274853801,77.33333333333333,7.300785340314135,True,0.0,0.0,0.0,0.0,0.0641711229946524,0.4064171122994652,0.5,0.5508021390374331,0.2406417112299465,0.46524064171123,1.0,1.25,1.529651285826072,0.0427807486631016,4.0,20.0,8.0
1,"Allegretto, Op. 35 no. 22",Fernando Sor,4,3,V,Classical,found,pdf,pdf-20260524T103936Z-3-001/pdf/Opus 35 No 22 in B minor by Fernando Sor.pdf,,,,verified_pieces/pdf/xml/Opus 35 No 22 in B minor by Fernando Sor.musicxml,gaps_v1/musicxml/Opus 35 No 17 in D by Fernando Sor.xml,0.0,0.8947368421052632,2,1.2767857142857142,0.7807308970099668,0.9710743801652892,1.1107142857142858,4,0.0,1.0747330960854091,302,80.0,5.713732805509369,2.5927152317880795,4.0,0.009933774834437,0.162251655629139,2.0,0.0711743772241993,3.25,0.85,0.0678571428571428,7.0,1.09021476773887,2.3572764251484344,2.1254597073945942,0.0,2.0,7.0,2.4375,1.6666666666666667,4.0,2.55,14.0,2.301910602963076,True,0.0,0.0,0.0,,0.0284697508896797,0.0213523131672597,0.5,0.98932384341637,0.192170818505338,0.9430604982206404,1.0,1.5,1.745879518673894,0.0,3.0,22.0,5.0
1,"Allegretto, Op. 35 no. 8",Fernando Sor,4,2,IV,Classical,found,pdf,pdf-20260524T103936Z-3-001/pdf/sor-op35-8.pdf,,,,verified_pieces/pdf/xml/sor-op35-8.musicxml,gaps_v1/musicxml/Opus 35 No 17 in D by Fernando Sor.xml,0.0,0.1323529411764706,1,1.295346628679962,0.5174013921113689,0.556,0.7749287749287749,4,0.0,1.2272727272727273,432,50.0,6.07073772800249,1.8888888888888888,5.0,0.037037037037037,0.3564814814814814,1.0,0.1931818181818181,2.764705882352941,0.3088235294117647,0.1937321937321937,6.5,1.3840018402590106,2.439264653639372,2.2411248085200324,0.2934472934472934,0.4,5.0,6.0625,0.2537313432835821,2.0,6.28584995251662,80.0,5.562563338301043,True,0.0,0.0,0.0,,0.0687022900763358,0.0572519083969465,0.25,0.5419847328244275,0.2480916030534351,0.8244274809160306,0.0,0.8125,0.964136598439386,0.0,5.0,22.0,6.0
1,"Allegretto, Op. 38 no. 13",Napoleon Coste,7,3,VIII,Romantic,found,pdf,pdf-20260524T103936Z-3-001/pdf/Opus 38 No 13 by Napoleon Coste.pdf,,,,verified_pieces/pdf/xml/Opus 38 No 13 by Napoleon Coste.musicxml,gaps_v1/musicxml/Opus 38 No 1 by Napoleon Coste.xml,0.0033557046979865,1.0555555555555556,9,1.554433221099888,0.4663023679417122,0.5909090909090909,0.441077441077441,3,0.0,1.845637583892617,550,120.0,6.311734809152915,1.7727272727272727,3.0,0.0327272727272727,0.34,2.0,0.4328859060402684,3.108527131782946,0.5348837209302325,0.2222222222222222,10.0,1.665300221703664,2.4608308168674986,2.430493389257019,0.0841750841750841,8.333333333333334,9.0,4.0,1.5093333333333332,4.0,2.9002992891881783,32.0,5.05496755003269,True,0.0,0.0212765957446808,0.0212765957446808,0.0,0.1453900709219858,0.0957446808510638,0.5,0.4822695035460992,0.1134751773049645,0.599290780141844,0.0,1.75,0.989249484167368,0.1453900709219858,6.0,52.0,15.0
1,"Allegretto, Op. 5 no. 12",Matteo Carcassi,4,2,IX,Classical,found,dada_gp,,"datasets/DadaGP-v1.1/C/Carcassi, Mateo/Carcassi, Mateo - Allegretto Op5 No_12.gp3.tokens.txt","datasets/DadaGP-v1.1/C/Carcassi, Mateo/Carcassi, Mateo - Allegretto Op5 No_12.gp3",,"verified_pieces/dada/xml/Carcassi, Mateo - Allegretto Op5 No_12.musicxml",,0.0,0.3422818791946309,2,1.928360724820902,0.6956956956956957,0.5557768924302788,0.7610619469026548,5,0.0,1.2626262626262623,1000,100.0,6.90875477931522,2.752,7.0,0.12,0.326,1.0,0.2209595959595959,2.6342857142857143,0.1771428571428571,0.2869785082174462,10.0,1.5283050245355478,2.8094242247939567,2.170862769875064,0.0316055625790139,0.9473684210526316,9.2,4.6875,0.727069351230425,2.0,7.362831858407079,64.0,5.030383516439293,True,0.0,0.0,0.0,0.0,0.0585241730279898,0.0330788804071246,0.25,0.7201017811704835,0.1793893129770992,0.8155216284987278,0.0,2.25,1.3478340610888826,0.0025445292620865,8.0,25.0,7.0
1,"Allegretto, Op. 50 no. 22",Mauro Giuliani,3,2,II,Classical,found,pdf,pdf-20260524T103936Z-3-001/pdf/Opus 50 No 22 by Mauro Giuliani.pdf,,,,verified_pieces/pdf/xml/Opus 50 No 22 by Mauro Giuliani.musicxml,,0.0,0.0277777777777777,1,1.84375,0.7589285714285714,0.5045871559633027,0.5217391304347826,4,0.0,1.2162162162162162,225,90.0,5.420534999272286,1.8133333333333328,4.0,0.0,0.36,0.0,0.2054054054054054,3.0,0.3157894736842105,0.2880434782608695,5.0,1.2137578918831775,2.0817863023163947,2.0869818316137803,0.0,1.0,5.0,4.875,0.0,0.0,7.239130434782608,20.0,5.822311673375504,True,0.0,0.0,0.0,0.0,0.081081081081081,0.0,0.25,0.972972972972973,0.1891891891891892,0.8648648648648649,0.0,0.75,1.5420628442731972,0.0054054054054054,3.0,16.0,6.0
1,"Allegretto, Op. 51 no. 15",Mauro Giuliani,5,2,II,Classical,found,pdf,pdf-20260524T103936Z-3-001/pdf/Opus 51 No 15 by Mauro Giuliani.pdf,,,,verified_pieces/pdf/xml/Opus 51 No 15 by Mauro Giuliani.musicxml,,0.0,0.8888888888888888,3,1.7266949152542372,0.8,0.7095588235294118,0.9717514124293786,4,0.0,1.143661971830986,406,115.0,6.008813185442595,1.4039408866995071,3.0,0.0024630541871921,0.3620689655172414,2.0,0.1211267605633802,3.0232558139534884,0.7209302325581395,0.2090395480225988,22.0,1.8248676393847247,2.185128699563778,2.422052720059607,0.0056497175141242,3.0,21.5,4.8125,3.3238095238095235,8.0,6.721751412429379,88.0,5.102491874322861,True,0.0,0.0,0.0,0.0,0.0283286118980169,0.0254957507082152,0.25,0.9886685552407932,0.1529745042492918,0.8980169971671388,1.0,1.75,1.371693374778546,0.0056657223796034,4.0,32.0,8.0
1,"Allegretto, Op. 60 no. 7",Fernando Sor,3,3,I,Classical,found,pdf,pdf-20260524T103936Z-3-001/pdf/Opus 60 No 7 by Fernando Sor.pdf,,,,verified_pieces/pdf/xml/Opus 60 No 7 by Fernando Sor.musicxml,,0.0,0.5833333333333334,2,1.2653927813163484,0.7248677248677249,0.8288288288288288,0.9426751592356688,4,0.0,1.2025316455696202,190,108.0,5.25227342804663,1.4210526315789471,3.0,0.0,0.2473684210526315,2.0,0.1835443037974683,2.206896551724138,0.6206896551724138,0.0764331210191082,3.0,0.7842115540495829,1.9857765623266364,2.108383320697296,0.0955414012738853,2.0,3.0,3.75,0.9565217391304348,3.6000000000000014,3.968152866242038,16.0,3.8725595365801326,True,0.0,0.0,0.0,,0.0649350649350649,0.0324675324675324,0.25,0.4805194805194805,0.3181818181818182,0.8636363636363636,0.0,0.8125,1.0846531117448248,0.0,5.0,21.0,6.0
1,"Allegretto, Op. 60 no. 8",Fernando Sor,1,1,I,Classical,found,pdf,pdf-20260524T103936Z-3-001/pdf/Opus 60 No 8 by Fernando Sor.pdf,,,,verified_pieces/pdf/xml/Opus 60 No 8 by Fernando Sor.musicxml,,0.0,0.631578947368421,2,1.6916666666666669,0.7,0.9583333333333334,1.5,4,0.0,1.3278688524590163,81,135.0,4.406719247264253,1.123456790123457,3.0,0.0,0.4444444444444444,2.0,0.3278688524590163,1.2,0.5,0.3666666666666666,3.0,1.025067748438555,1.822731819757304,2.286483674226877,0.0,1.5,3.0,1.5625,0.7222222222222222,2.0,1.6916666666666669,3.0,1.7347964040190371,True,0.0,0.0,0.0,,0.1475409836065573,0.0655737704918032,1.0,0.918032786885246,0.3278688524590163,0.6885245901639344,0.0,1.5,1.4784497067961335,0.0,3.0,15.0,5.0
1,"Allegro in D Major, Op. 50 no. 26",Mauro Giuliani,6,3,VII,Classical,found,pdf,pdf-20260524T103936Z-3-001/pdf/Opus 50 No 26 by Mauro Giuliani.pdf,,,,verified_pieces/pdf/xml/Opus 50 No 26 by Mauro Giuliani.musicxml,,0.0,0.5121951219512195,3,2.0549645390070923,0.7114285714285714,0.5153061224489796,0.7411347517730497,4,0.0,1.2402826855123674,351,90.0,5.863631175598097,2.022792022792023,5.0,0.0569800569800569,0.3789173789173789,3.0,0.1766784452296819,3.3,0.44,0.301418439716312,12.0,1.7829645944323778,2.430452605757961,2.34771468551087,0.0248226950354609,3.0,9.15,5.5,1.2,4.200000000000003,8.085697399527186,48.0,5.882962467768121,True,0.0,0.0,0.0,0.0,0.0251798561151079,0.0071942446043165,0.25,0.9532374100719424,0.2194244604316546,0.89568345323741,0.0,0.75,0.904418901878926,0.0179856115107913,3.0,23.0,9.0
1,"Allegro Moderato, Op. 38 no. 23",Napoleon Coste,9,4,XII,Romantic,found,pdf,pdf-20260524T103936Z-3-001/pdf/Opus 38 No 23 by Napoleon Coste.pdf,,,,verified_pieces/pdf/xml/Opus 38 No 23 by Napoleon Coste.musicxml,gaps_v1/musicxml/Opus 38 No 1 by Napoleon Coste.xml,0.0,0.4968152866242038,3,1.7276383526383523,0.7012417823228634,0.9897172236503856,1.2094594594594594,3,0.0,1.321118611378978,1370,92.0,7.223295679562314,2.0686131386861315,5.0,0.0321167883211678,0.3175182481751825,2.0,0.313404050144648,2.646153846153846,0.2861538461538461,0.2567567567567567,10.0,1.3505797250784235,2.5769741781254067,2.3222383187568005,0.0019305019305019,2.0,9.166666666666666,5.375,1.9233226837060704,8.0,6.880067567567568,40.0,6.753479468616417,True,0.0,0.0,0.0009643201542912,0.0,0.0810028929604628,0.0887174541947926,0.25,0.987463837994214,0.2343297974927676,0.7107039537126326,0.0,3.75,1.2398137562079374,0.0009643201542912,5.0,53.0,9.0
1,"Allemande, BWV 996",J.S. Bach,9,6,VII,Baroque,found,pdf,pdf-20260524T103936Z-3-001/pdf/BWV 996 Allemande by Johann Sebastian Bach.pdf,,,,verified_pieces/pdf/xml/BWV 996 Allemande by Johann Sebastian Bach.musicxml,,0.0,0.9295774647887324,3,1.9166666666666667,0.7060301507537688,0.5652173913043478,0.6942675159235668,5,0.0,1.2666666666666666,399,70.0,5.991464547107982,3.3508771929824563,7.0,0.137844611528822,0.1954887218045112,2.0,0.2476190476190476,2.448717948717949,0.7051282051282052,0.2898089171974522,9.0,1.4295962985357014,3.150670230138009,2.411485608286508,0.0286624203821656,1.2727272727272727,6.0,5.375,3.6857142857142855,8.0,7.51167728237792,36.0,6.3175,True,0.0,0.0,0.0,0.0,0.0551948051948051,0.1038961038961039,0.25,0.974025974025974,0.1915584415584415,0.7954545454545454,1.0,0.75,1.0824731778553471,0.0097402597402597,4.0,40.0,7.0
1,Alman,Robert Johnson,8,4,II,Renaissance,found,dada_gp,,"datasets/DadaGP-v1.1/J/Johnson, Robert/Johnson, Robert - Alman.gp3.tokens.txt","datasets/DadaGP-v1.1/J/Johnson, Robert/Johnson, Robert - Alman.gp3",,"verified_pieces/dada/xml/Johnson, Robert - Alman.musicxml",,0.0,0.6428571428571429,3,1.5542813455657492,0.7009966777408638,0.5357142857142857,0.7660550458715596,5,0.0,1.3789954337899544,302,70.0,5.713732805509369,1.880794701986755,5.0,0.0364238410596026,0.3178807947019867,2.0,0.2694063926940639,3.067796610169492,0.5423728813559322,0.1972477064220183,5.833333333333333,0.9907752493108188,2.525021126443743,2.4443260173499075,0.0045871559633027,2.0,5.541666666666666,5.0,1.5636363636363635,4.0,5.89296636085627,23.33333333333333,6.407024938531788,True,0.0,0.0,0.0,0.0,0.0825688073394495,0.073394495412844,0.25,0.7706422018348624,0.1651376146788991,0.7981651376146789,1.0,1.875,1.5357049992832992,0.0412844036697247,6.0,26.0,5.0
1,Alman,John Dowland,4,2,IV,Renaissance,found,pdf,pdf-20260524T103936Z-3-001/pdf/Lady Hunsdon Alman by John Dowland.pdf,,,,verified_pieces/pdf/xml/Lady Hunsdon Alman by John Dowland.musicxml,,0.0,0.8351648351648352,2,1.901373283395755,0.572463768115942,0.4181818181818181,0.4681647940074906,5,0.0,1.5485074626865671,415,66.0,6.030685260261263,2.575903614457831,5.0,0.0578313253012048,0.3108433734939759,2.0,0.3582089552238806,3.6875,0.34375,0.3370786516853932,7.0,1.3559068334117017,2.528330812168731,2.409770084580607,0.0786516853932584,1.4545454545454546,5.299999999999997,4.0625,1.8058608058608057,4.0,5.732001664585934,28.0,5.539918939783839,True,0.0,0.0,0.0,0.0,0.0901960784313725,0.0274509803921568,0.25,0.5764705882352941,0.1490196078431372,0.6705882352941176,0.0,0.75,0.9381082485028924,0.0313725490196078,4.0,29.0,10.0
1,Altair,Agustin Barrios Mandore,10,5,IX,Romantic,found,pdf,pdf-20260524T103936Z-3-001/pdf/barrios-altair.pdf,,,,verified_pieces/pdf/xml/barrios-altair.musicxml,,0.0186915887850467,1.3113207547169812,5,1.8380281690140847,0.4945054945054945,0.4461538461538462,0.6948356807511737,5,0.0,1.705607476635514,365,160.0,5.902633333401366,4.704109589041096,9.0,0.3287671232876712,0.1041095890410958,2.0,0.514018691588785,2.5454545454545454,0.5454545454545454,0.2488262910798122,14.0,1.9826559838711848,3.290660380121132,2.502393571637116,0.107981220657277,2.5,10.0,2.875,1.5888888888888888,2.8666666666666694,3.029212310902452,40.0,3.603743727768235,True,0.0,0.0048780487804878,0.0097560975609756,0.0,0.0975609756097561,0.073170731707317,1.0,0.6731707317073171,0.1365853658536585,0.5707317073170731,0.0,2.75,1.1231980725977575,0.0341463414634146,7.0,47.0,19.0
1,An Malvina,Johann Kaspar Mertz,8,4,X,Romantic,found,gaps,,,,NY1wc,datasets/gaps_v1/readable_musicxml/Johann Kaspar Mertz - An Malvina.xml,,0.0009746588693957,0.5471698113207547,9,1.7517560975609756,0.5905068382944489,0.9911167512690356,1.1482926829268292,3,0.0,1.2124756335282652,1244,100.0,7.126890808898808,1.8737942122186493,5.0,0.0353697749196141,0.4405144694533762,2.0,0.1286549707602339,2.507575757575758,0.4545454545454545,0.2721951219512195,12.0,1.765384917798743,2.4147873297381115,2.326727055581056,0.0039024390243902,4.5,8.0,6.1875,1.298650887210827,3.0003000300030047,7.204012513043067,128.0,5.386856028961293,True,0.0,0.0155642023346303,0.0019455252918287,0.1581920903954802,0.2412451361867704,0.1264591439688716,0.25,0.6788511749347258,0.0992217898832684,0.1712062256809338,0.0,5.0,1.186299819092512,0.1449416342412451,14.0,107.0,24.0
1,Andante,Dionisio Aguado,1,1,II,Classical,found,dada_gp,,"datasets/DadaGP-v1.1/A/Aguado, Dionso/Aguado, Dionso - Andante.gp3.tokens.txt","datasets/DadaGP-v1.1/A/Aguado, Dionso/Aguado, Dionso - Andante.gp3",,"verified_pieces/dada/xml/Aguado, Dionso - Andante.musicxml",,0.0,0.0,0,1.3388429752066116,0.9008264462809916,1.0,1.4545454545454546,4,0.0,1.0,122,120.0,4.812184355372417,1.0737704918032789,3.0,0.0,0.3934426229508196,0.0,0.0,0.0,0.0,0.1487603305785124,4.0,0.8677292395640785,1.931795570920816,1.9645488376178235,0.0,0.0,3.0,3.8125,0.0,0.0,5.305785123966942,16.0,3.935483870967742,True,0.0,0.0,0.0,,0.0,0.0,0.25,0.9836065573770492,0.2704918032786885,1.0,1.0,0.75,1.4491622765303669,0.0,2.0,9.0,1.0
1,"Andante Allegro, Op. 6 no. 2",Fernando Sor,4,3,V,Classical,found,pdf,pdf-20260524T103936Z-3-001/pdf/Opus 6 No 2 by Fernando Sor.pdf,,,,verified_pieces/pdf/xml/Opus 6 No 2 by Fernando Sor.musicxml,,0.0,0.6142857142857143,2,6.78,0.5647058823529412,0.0,0.78,3,0.0,1.693069306930693,171,120.0,5.147494476813453,3.900584795321637,7.0,0.1228070175438596,0.239766081871345,2.0,0.693069306930693,1.5,0.4142857142857143,0.45,21.5,8.405450612548979,2.7293135814138103,2.284122730536854,0.02,0.8333333333333334,21.35,3.3125,1.2463768115942029,4.0,10.91,43.0,5.124156663453956,True,0.0,0.0,0.0,,0.22,0.25,0.5,0.86,0.14,0.34,0.0,0.5,1.019664510466329,0.0,2.0,21.0,6.0
1,"Andante, Op. 241 no. 17",Ferdinando Carulli,3,2,III,Classical,found,pdf,pdf-20260524T103936Z-3-001/pdf/carulli-op241-17.pdf,,,,verified_pieces/pdf/xml/carulli-op241-17.musicxml,gaps_v1/musicxml/Andantino in G Major by Ferdinando Carulli.xml,0.0,1.0638297872340423,2,1.2771535580524345,0.4733333333333333,0.6428571428571429,0.6404494382022472,3,0.0,1.6777777777777778,151,66.0,5.0238805208462765,1.5165562913907285,3.0,0.0,0.2781456953642384,2.0,0.5333333333333333,2.458333333333333,0.3541666666666667,0.1348314606741573,3.0,0.8790614036864179,1.9461739099262048,2.2185073397349098,0.146067415730337,2.0,3.0,3.4375,1.8478260869565213,4.0,2.554307116104869,6.0,5.3335672514619885,True,0.0,0.0,0.0,0.0,0.1777777777777777,0.1111111111111111,0.5,0.9333333333333332,0.2444444444444444,0.5777777777777777,0.0,0.5,0.9543445169665432,0.1,2.0,17.0,8.0
1,"Andante, Op. 241 no. 5",Ferdinando Carulli,1,1,II,Classical,found,gaps,,,,cV1wc,datasets/gaps_v1/readable_musicxml/Ferdinando Carulli - Opus 241 No. 5.xml,gaps_v1/musicxml/Andantino in G Major by Ferdinando Carulli.xml,0.0,0.2647058823529412,1,1.6196581196581197,0.656441717791411,0.8484848484848485,1.3846153846153846,4,0.0,1.3898305084745763,164,100.0,5.10594547390058,1.2621951219512195,3.0,0.0,0.4390243902439024,1.0,0.3898305084745763,1.6304347826086956,0.3695652173913043,0.2905982905982906,3.0,0.9374669741181691,1.8367112225572388,2.49316448825535,0.0,0.6923076923076923,3.0,2.75,0.4696969696969697,2.0,3.1923076923076925,6.0,3.6763258611262986,True,0.0,0.0,0.0,,0.2016806722689075,0.1932773109243697,0.5,0.7195121951219512,0.1512605042016806,0.3529411764705882,0.0,1.5,1.2278138847569884,0.0,4.0,20.0,6.0
1,"Andante, Op. 35 no. 13",Fernando Sor,3,2,III,Classical,found,pdf,pdf-20260524T103936Z-3-001/pdf/Opus 35 No 13 in C by Fernando Sor.pdf,,,,verified_pieces/pdf/xml/Opus 35 No 13 in C by Fernando Sor.musicxml,gaps_v1/musicxml/Opus 35 No 17 in D by Fernando Sor.xml,0.0,1.1147540983606556,21,2.0963541666666665,0.7019607843137254,0.8955223880597015,1.0885416666666667,3,0.0,1.3264248704663213,256,75.0,5.54907608489522,1.671875,3.0,0.01171875,0.39453125,1.0,0.3264248704663212,2.8253968253968256,0.492063492063492,0.3125,22.0,2.685287313845449,2.062597565784268,2.261841848011368,0.0104166666666666,3.2857142857142856,12.5,5.4375,2.4918032786885247,4.0,7.953125,88.0,6.791295336787565,True,0.0,0.0,0.0,,0.082901554404145,0.0880829015544041,0.25,0.9740932642487048,0.3782383419689119,0.7150259067357513,0.0,0.75,1.620866487638505,0.0,3.0,27.0,7.0
1,"Andante, Op. 44 no. 15",Fernando Sor,4,3,V,Classical,found,pdf,pdf-20260524T103936Z-3-001/pdf/Opus 44 No 15 in D Major by Fernando Sor.pdf,,,,verified_pieces/pdf/xml/Opus 44 No 15 in D Major by Fernando Sor.musicxml,,0.0,0.9285714285714286,3,2.00561797752809,0.7086956521739131,0.3762376237623762,0.4775280898876404,4,0.0,1.2905027932960893,231,120.0,5.44673737166631,2.316017316017316,4.0,0.0043290043290043,0.2510822510822511,2.0,0.2793296089385474,1.76,0.66,0.3258426966292135,5.0,1.1695922222802193,2.3329456850731005,2.276323052980091,0.0056179775280898,3.0,5.0,4.25,2.2764227642276422,4.0,6.059925093632959,16.0,4.482799176712732,True,0.0,0.0,0.0,,0.1675977653631284,0.0726256983240223,0.25,0.5251396648044693,0.1340782122905028,0.7430167597765364,0.0,1.25,1.0865165435465394,0.0,4.0,23.0,5.0
1,"Andante, Op. 45 no. 5",Fernando Sor,9,5,V,Classical,found,pdf,pdf-20260524T103936Z-3-001/pdf/Opus 45 No 5 Petite Piece in A by Fernando Sor.pdf,,,,verified_pieces/pdf/xml/Opus 45 No 5 Petite Piece in A by Fernando Sor.musicxml,gaps_v1/musicxml/sor-op45-5.xml,0.0080256821829855,0.5810055865921788,3,1.8336012861736333,0.5609756097560976,0.5838926174496645,0.9485530546623794,5,0.0,1.3836276083467094,862,100.0,6.760414691083428,1.919953596287703,4.0,0.0266821345707656,0.3631090487238979,2.0,0.3113964686998395,2.38659793814433,0.3556701030927835,0.2234726688102893,22.0,3.090888302132786,2.497679316556439,2.3836955489108664,0.1318327974276527,1.380952380952381,20.0,6.125,2.3183520599250933,6.600000000000023,6.721686316541621,88.0,5.629201172365137,True,0.0,0.0036429872495446,0.0018214936247723,0.1764705882352941,0.116575591985428,0.0892531876138433,0.25,0.5100182149362478,0.2040072859744991,0.7176684881602914,0.0,1.9375,1.057377086552751,0.0255009107468123,7.0,49.0,11.0
1,Andantino in C; Op. 35 no. 2,Fernando Sor,1,1,I,Classical,found,pdf,pdf-20260524T103936Z-3-001/pdf/Opus 35 No 2 by Fernando Sor.pdf,,,,verified_pieces/pdf/xml/Opus 35 No 2 by Fernando Sor.musicxml,gaps_v1/musicxml/Opus 35 No 17 in D by Fernando Sor.xml,0.0,0.5333333333333333,2,1.3630136986301369,0.5691056910569106,0.8333333333333334,0.5205479452054794,2,0.0,1.6756756756756757,124,100.0,4.8283137373023015,1.4112903225806452,3.0,0.0,0.3870967741935484,1.6000000000000014,0.6351351351351351,2.5106382978723403,0.4468085106382978,0.1917808219178082,3.0,0.8277633328896484,1.926576344705627,2.378761369449354,0.0,2.0,3.0,3.5625,1.0,2.0,2.9155251141552507,8.0,5.692706405035172,True,0.0,0.0,0.0,,0.3108108108108108,0.1756756756756756,0.5,0.8783783783783784,0.2162162162162162,0.4054054054054054,0.0,0.75,1.2861475811772811,0.0,3.0,19.0,7.0
1,"Andantino, Op. 39 no. 2",Anton Diabelli,2,1,I,Classical,found,pdf,pdf-20260524T103936Z-3-001/pdf/Opus 39 No 2 by Anton Diabelli.pdf,,,,verified_pieces/pdf/xml/Opus 39 No 2 by Anton Diabelli.musicxml,,0.0,0.8,2,2.392592592592593,0.6231884057971014,0.9333333333333332,1.022222222222222,4,0.0,1.5217391304347827,70,140.0,4.262679877041316,1.6857142857142855,3.0,0.0142857142857142,0.3571428571428571,2.0,0.217391304347826,3.1,1.0,0.2,21.0,4.0465128342771655,2.0067963503817787,2.4159717838336663,0.0,2.0,20.775,1.4375,0.3333333333333333,1.0,2.218518518518519,21.0,1.77536231884058,True,0.0,0.0,0.0,0.0,0.0869565217391304,0.0217391304347826,1.0,0.6956521739130435,0.1739130434782608,0.782608695652174,0.0,3.0,1.2463596884053878,0.0652173913043478,3.0,19.0,8.0
1,"Andantino, Op. 44 no. 3",Fernando Sor,4,2,II,Classical,found,pdf,pdf-20260524T103936Z-3-001/pdf/Op 44 No 3 (Waltz of the Robins) by Fernando Sor.pdf,,,,verified_pieces/pdf/xml/Op 44 No 3 (Waltz of the Robins) by Fernando Sor.musicxml,,0.0,0.62,2,1.49,0.6618357487922706,0.7857142857142857,0.8466666666666667,4,0.0,1.3774834437086092,208,140.0,5.342334251964811,1.4423076923076923,3.0,0.0,0.3653846153846153,1.0,0.3774834437086092,2.4035087719298245,0.3859649122807017,0.2333333333333333,4.0,0.9924212815130476,1.990332909172456,2.360559339143224,0.0066666666666666,2.0,3.25,2.125,0.78,2.0,2.1133333333333333,8.0,2.407702153709166,True,0.0,0.0,0.0,,0.152317880794702,0.0993377483443708,1.0,0.5894039735099338,0.1986754966887417,0.6423841059602649,0.0,0.5,1.3493350364707524,0.0,2.0,24.0,6.0
1,"Andantino, Op. 44 no. 9",Fernando Sor,3,2,II,Classical,found,pdf,pdf-20260524T103936Z-3-001/pdf/sor-op44-9.pdf,,,,verified_pieces/pdf/xml/sor-op44-9.musicxml,,0.0,0.9642857142857144,3,1.6619047619047616,0.4596774193548387,0.4615384615384615,0.4428571428571428,3,0.0,1.7605633802816902,125,116.0,4.836281906951478,1.4,4.0,0.0,0.48,2.0,0.5633802816901409,1.825,0.65,0.3428571428571428,4.0,1.2408303123092932,2.1193726738843752,2.2084943566356467,0.0428571428571428,2.0,4.0,1.9375,0.9642857142857144,2.0,1.6619047619047616,4.0,3.143863179074447,True,0.0,0.0140845070422535,0.0,0.0,0.2816901408450704,0.2112676056338028,1.0,0.9859154929577464,0.1549295774647887,0.4507042253521127,0.0,1.0,1.4699663652756212,0.0845070422535211,2.0,24.0,8.0
1,"Andantino, Op. 6 no. 8",Fernando Sor,6,2,V,Classical,found,pdf,pdf-20260524T103936Z-3-001/pdf/Opus 6 No 8 by Fernando Sor.pdf,,,,verified_pieces/pdf/xml/Opus 6 No 8 by Fernando Sor.musicxml,,0.0,1.211111111111111,3,1.3259803921568627,0.4523809523809524,0.5,0.2573529411764705,3,0.0,2.153284671532847,295,100.0,5.69035945432406,1.88135593220339,4.0,0.0,0.2542372881355932,2.0,0.6861313868613139,2.5319148936170213,0.7340425531914894,0.1764705882352941,4.666666666666667,0.9360402899726772,2.3857973011195512,2.3448253098491887,0.0073529411764705,2.0,3.733333333333332,3.75,1.5333333333333334,3.0,1.7406045751633987,7.0,5.487852942567515,True,0.0,0.0514705882352941,0.0,0.0344827586206896,0.2426470588235294,0.2058823529411764,1.0,0.7205882352941176,0.0735294117647058,0.3382352941176471,0.0,0.75,0.9956732393025324,0.2058823529411764,4.0,44.0,12.0
1,"Andantino, Op. 60 no. 21",Matteo Carcassi,7,4,VII,Classical,found,pdf,pdf-20260524T103936Z-3-001/pdf/Opus 60 No 21 in A by Matteo Carcassi.pdf,,,,verified_pieces/pdf/xml/Opus 60 No 21 in A by Matteo Carcassi.musicxml,gaps_v1/musicxml/Opus 60 No 7 in A Minor by Matteo Carcassi.xml,0.0032258064516129,1.0176991150442478,3,1.519417475728155,0.4933837429111531,0.0492957746478873,0.1715210355987055,2,0.0,1.7096774193548387,530,120.0,6.274762021241939,2.230188679245283,5.0,0.0415094339622641,0.2471698113207547,2.0,0.3903225806451613,2.7768595041322315,0.6033057851239669,0.1423948220064725,10.0,1.3724803931035512,2.710034031812908,2.3473202646274967,0.145631067961165,3.0,9.45,4.375,2.1785714285714284,4.0,4.138079827400215,28.0,6.18518110756358,True,0.0,0.0202020202020202,0.0067340067340067,0.1176470588235294,0.1414141414141414,0.0875420875420875,0.5,0.5488215488215489,0.1144781144781144,0.6195286195286195,1.0,1.25,1.2449016294635649,0.1515151515151515,4.0,57.0,12.0
1,"Andantino, Op. 60 no. 8",Matteo Carcassi,4,2,III,Classical,found,pdf,pdf-20260524T103936Z-3-001/pdf/Opus 60 No 8 in E by Matteo Carcassi.pdf,,,,verified_pieces/pdf/xml/Opus 60 No 8 in E by Matteo Carcassi.musicxml,gaps_v1/musicxml/Opus 60 No 7 in A Minor by Matteo Carcassi.xml,0.0,0.0,0,5.463414634146342,0.8414634146341463,0.7134146341463414,1.024390243902439,5,0.0,1.0,165,120.0,5.111987788356544,5.242424242424242,22.0,0.2303030303030303,0.1878787878787878,0.0,0.0,0.0,0.0,0.298780487804878,22.0,7.544494232108765,3.0336046103322087,2.151884068074096,0.024390243902439,0.0,22.0,3.625,0.0,0.0,16.979674796747968,88.0,3.173076923076923,True,0.0,0.0,0.0,,0.0,0.0,0.25,0.8944099378881988,0.1428571428571428,1.0,1.0,0.75,0.3365944232977298,0.0,2.0,12.0,1.0
1,"Anglaise, Op. 121 no. 6",Ferdinando Carulli,1,1,I,Classical,found,pdf,pdf-20260524T103936Z-3-001/pdf/Opus 121 No 6 Anglaise by Ferdinando Carulli.pdf,,,,verified_pieces/pdf/xml/Opus 121 No 6 Anglaise by Ferdinando Carulli.musicxml,,0.0,0.4791666666666667,2,2.0546875,0.6424581005586593,0.6875,1.359375,4,0.0,1.3953488372093024,180,100.0,5.198497031265826,1.4222222222222225,3.0,0.0166666666666666,0.4555555555555555,1.0,0.3953488372093023,2.1372549019607843,0.392156862745098,0.2421875,22.0,3.509604219473152,2.0149568093719186,2.3101770135418325,0.03125,1.1666666666666667,21.0,2.875,0.8085106382978723,2.0,3.8854166666666665,44.0,3.640040444893832,True,0.0,0.0,0.0,,0.088,0.16,0.5,0.928,0.224,0.712,1.0,1.0,1.1267913762527288,0.0,3.0,19.0,6.0
1,Angostura (Valse Venezolano),Antonio Lauro,10,5,XII,Modern,found,pdf,pdf-20260524T103936Z-3-001/pdf/Angostura by Antonio Lauro.pdf,,,,verified_pieces/pdf/xml/Angostura by Antonio Lauro.musicxml,,0.0,0.6547619047619048,3,2.2518518518518515,0.602,0.7967914438502673,1.0583333333333331,5,0.0,1.3878116343490303,501,180.0,6.218600119691729,3.594810379241517,10.0,0.2854291417165668,0.3532934131736527,2.0,0.2659279778393352,2.71875,0.4270833333333333,0.3027777777777777,22.0,3.120205650119841,3.016048617048466,2.452115046096303,0.0111111111111111,2.5,18.683333333333326,3.9375,1.216867469879518,4.0,4.272916666666666,44.0,3.669095666537543,True,0.0,0.0056022408963585,0.0,0.0,0.0672268907563025,0.0644257703081232,0.5,0.9355742296918768,0.1596638655462184,0.7563025210084033,1.0,1.0,1.0730709117113897,0.0588235294117647,3.0,39.0,12.0
1,Arabescos (Estudio No. 4),Agustin Barrios Mandore,11,6,X,Romantic,found,pdf,pdf-20260524T103936Z-3-001/pdf/Arabescos (Estudio No 4) by Agustin Barrios Mangore.pdf,,,,verified_pieces/pdf/xml/Arabescos (Estudio No 4) by Agustin Barrios Mangore.musicxml,,0.0,0.2857142857142857,2,2.17090395480226,0.8755186721991701,0.482532751091703,0.538135593220339,5,0.0,1.0211416490486258,483,120.0,6.182084906716632,6.329192546583851,11.0,0.5113871635610766,0.10351966873706,0.8000000000000007,0.014799154334038,2.2857142857142856,0.7142857142857143,0.336864406779661,12.0,1.773810556672737,3.550746987786264,2.4167519709165943,0.0063559322033898,2.0,8.799999999999997,4.0625,0.5714285714285714,1.6000000000000014,8.36228813559322,48.0,3.8759246875480255,True,0.0,0.0,0.0,,0.0042553191489361,0.0042553191489361,0.25,0.9638297872340426,0.1680851063829787,0.9851063829787234,1.0,0.75,1.4994093605087344,0.0,3.0,17.0,5.0
1,Leyenda (Asturias) from Suite Espanola,Isaac Albeniz,15,4,VII,Romantic,found,pdf,pdf-20260524T103936Z-3-001/pdf/Asturias-Leyenda by Isaac Albeniz.pdf,,,,verified_pieces/pdf/xml/Asturias-Leyenda by Isaac Albeniz.musicxml,,0.0045977011494252,1.5416666666666667,4,3.0259458077709613,0.5420560747663551,0.6284101599247413,1.1357361963190185,5,0.0,1.2306513409961686,1606,120.0,7.382124365737512,5.029887920298879,9.0,0.5286425902864259,0.2708592777085927,3.0,0.1295019157088122,2.668639053254438,0.3076923076923077,0.3834355828220859,12.0,3.477169788692305,3.0316871796835883,2.4511228502971893,0.2875766871165644,4.0,12.0,7.125,3.846797052154195,8.0,17.41652729087545,192.0,4.360564928052613,True,0.0,0.0020833333333333,0.0,0.0,0.0333333333333333,0.015625,0.25,0.4770833333333333,0.4302083333333333,0.9333333333333332,1.0,2.8125,0.8425772590104602,0.03125,9.0,38.0,11.0
1,"Ay, Ay, Ay!...",Agustin Barrios Mangore,9,7,All,Romantic,found,pdf,pdf-20260524T103936Z-3-001/pdf/Ay Ay Ay by Agustin Barrios Mangore.pdf,,,,verified_pieces/pdf/xml/Ay Ay Ay by Agustin Barrios Mangore.musicxml,,0.0045558086560364,0.7058823529411765,4,1.5312024353120242,0.5120567375886524,0.453551912568306,0.8447488584474886,5,0.0,1.6082004555808656,706,85.0,6.561030665896573,3.1643059490084986,7.0,0.1388101983002833,0.2407932011331444,2.0,0.3872437357630979,1.911764705882353,0.2058823529411764,0.2100456621004566,12.5,1.658860111560095,2.926002322152437,2.228859803326654,0.0662100456621004,3.0,12.175,6.75,1.7100591715976332,4.0,5.108447488584475,80.0,7.008577294074636,True,0.0,0.0121951219512195,0.0073170731707317,0.2105263157894736,0.0414634146341463,0.1585365853658536,0.25,0.5975609756097561,0.1902439024390244,0.5926829268292683,0.0,0.8125,1.1789989238836889,0.0365853658536585,6.0,32.0,11.0
1,Bagatelle,Ludwig van Beethoven,5,3,IV,Classical,found,pdf,pdf-20260524T103936Z-3-001/pdf/Bagatelle 1 by Ludwig Van Beethoven.pdf,,,,verified_pieces/pdf/xml/Bagatelle 1 by Ludwig Van Beethoven.musicxml,,0.0104166666666666,1.03921568627451,3,1.2947368421052632,0.4916201117318435,0.45,0.3473684210526316,5,0.0,1.875,180,120.0,5.198497031265826,2.088888888888889,5.0,0.0111111111111111,0.2444444444444444,2.0,0.53125,2.92156862745098,0.8235294117647058,0.1473684210526315,4.0,0.9571071886230946,2.606621170312541,2.484295839030433,0.0421052631578947,2.0,4.0,2.8125,0.99,2.0,2.207894736842105,10.666666666666666,4.326923076923077,True,0.0,0.010752688172043,0.0,0.0526315789473684,0.1720430107526881,0.1182795698924731,0.5,0.4516129032258064,0.1182795698924731,0.5053763440860215,1.0,2.75,0.7745095345762364,0.1935483870967742,6.0,36.0,10.0
1,Ballet,Elias Mertel,6,3,VII,Renaissance,found,pdf,pdf-20260524T103936Z-3-001/pdf/Ballet by Elias Mertel.pdf,,,,verified_pieces/pdf/xml/Ballet by Elias Mertel.musicxml,,0.0,0.7708333333333334,3,2.1355721393034823,0.5728643216080402,0.5,0.5597014925373134,4,0.0,1.4814814814814814,200,110.0,5.303304908059076,2.77,5.0,0.065,0.285,2.0,0.3703703703703703,2.62,0.72,0.291044776119403,20.0,2.771581074840585,2.5661456435426806,2.5547836450386283,0.0895522388059701,1.5,17.79999999999997,3.5,1.375,3.3000000000000043,3.930970149253731,40.0,3.527336860670194,True,0.0,0.0,0.0,0.0,0.1056910569105691,0.048780487804878,0.5,0.5853658536585366,0.1707317073170731,0.6585365853658537,0.0,1.25,1.130116796951783,0.008130081300813,5.0,29.0,10.0
1,Balleto,Jean-Baptiste Besard,6,3,III,Renaissance,found,pdf,pdf-20260524T103936Z-3-001/pdf/Balleto by Jean Baptiste Besard.pdf,,,,verified_pieces/pdf/xml/Balleto by Jean Baptiste Besard.musicxml,,0.0048076923076923,0.6527777777777778,3,1.6235909822866346,0.6024096385542169,0.4155844155844156,0.4541062801932367,4,0.0,1.6009615384615383,333,120.0,5.811140992976701,1.822822822822823,3.0,0.0,0.3273273273273273,2.0,0.3798076923076923,3.0253164556962027,0.4177215189873418,0.1932367149758454,5.0,1.0344263805789318,2.1946175223681674,2.3158270881267167,0.0,1.0,4.65,2.5,0.7394366197183099,2.0,2.628488996242619,8.0,3.417437130177515,True,0.0,0.0,0.0,0.0,0.1634615384615384,0.0865384615384615,0.5,0.6394230769230769,0.125,0.6538461538461539,0.0,3.5,0.954988637373052,0.0961538461538461,5.0,29.0,7.0
1,Batalla (Battle),Gaspar Sanz,3,2,II,Baroque,found,pdf,pdf-20260524T103936Z-3-001/pdf/Batalla by Gaspar Sanz.pdf,,,,verified_pieces/pdf/xml/Batalla by Gaspar Sanz.musicxml,,0.0,0.2142857142857142,2,1.3835978835978835,0.4711538461538461,0.3333333333333333,0.4126984126984127,3,0.0,1.640625,105,120.0,4.663439094112067,1.8857142857142857,5.0,0.0,0.3523809523809524,0.6000000000000014,0.4375,2.571428571428572,0.3571428571428571,0.1746031746031746,4.0,1.1380213190471216,2.030419697043283,2.086293671928493,0.1746031746031746,1.2,4.0,1.75,0.2222222222222222,0.8000000000000043,1.3015873015873014,4.0,2.392578125,True,0.0,0.0,0.0,0.0,0.2909090909090909,0.0181818181818181,1.0,0.7090909090909091,0.1818181818181818,0.6909090909090909,0.0,3.0,1.3080583028513495,0.1272727272727272,3.0,14.0,4.0
1,Be Thou With Me (Bist du bei  mir),J.S. Bach,13,6,VII,Baroque,found,pdf,pdf-20260524T103936Z-3-001/pdf/BWV508 Be Thou with me by Johann Sebastian Bach.pdf,,,,verified_pieces/pdf/xml/BWV508 Be Thou with me by Johann Sebastian Bach.musicxml,,0.0,0.4594594594594595,2,1.640503875968992,0.6384615384615384,0.5714285714285714,0.7209302325581395,5,0.0,1.5086705202312138,261,100.0,5.568344503761097,1.8659003831417624,4.0,0.0229885057471264,0.3601532567049808,2.0,0.4508670520231214,2.551282051282051,0.6153846153846154,0.2325581395348837,6.0,1.068265942249396,2.3542147987419,2.4950923293515483,0.0116279069767441,1.3636363636363635,4.575000000000001,2.8125,0.7123287671232876,2.5333333333333314,2.939437984496124,12.0,3.4540614542135684,True,0.0,0.0,0.0,0.0,0.1461988304093567,0.1111111111111111,0.5,0.47953216374269,0.1520467836257309,0.631578947368421,0.0,2.75,1.1873765205951847,0.0292397660818713,5.0,41.0,9.0
1,Bianco fiore,Cesare Negri,3,2,V,Renaissance,found,pdf,pdf-20260524T103936Z-3-001/pdf/Il Bianco Fiore by Cesare Negri.pdf,,,,verified_pieces/pdf/xml/Il Bianco Fiore by Cesare Negri.musicxml,,0.0,0.5652173913043478,2,1.3888888888888888,0.5918367346938775,0.2916666666666667,0.2166666666666666,2,0.0,1.6229508196721312,99,120.0,4.605170185988092,2.04040404040404,4.0,0.0101010101010101,0.3131313131313131,1.0,0.3770491803278688,3.4347826086956523,0.6956521739130435,0.15,3.0,0.8572494054882024,2.165956540167316,2.2979382607901755,0.0333333333333333,1.0,3.0,2.375,0.7272727272727273,2.0,2.344444444444445,6.0,3.693612210288298,True,0.0,0.0,0.0,0.0,0.0847457627118644,0.1016949152542373,0.5,0.5932203389830508,0.135593220338983,0.6440677966101694,0.0,1.0,1.3382111700927912,0.0677966101694915,3.0,20.0,7.0
1,Branle Gay,Jean Baptiste Besard,1,1,I,Renaissance,found,pdf,pdf-20260524T103936Z-3-001/pdf/Branle Gay by Jean Baptiste Besard.pdf,,,,verified_pieces/pdf/xml/Branle Gay by Jean Baptiste Besard.musicxml,,0.0,0.0,0,1.575,0.8163265306122449,0.3061224489795918,0.2875,1,0.0,1.2222222222222223,99,144.0,4.605170185988092,1.6262626262626263,4.0,0.0,0.3737373737373737,0.0,0.1975308641975308,2.25,0.625,0.1375,4.0,0.9086390922693124,2.156689059293742,2.014189295546628,0.0,0.0,4.0,2.1875,0.0,0.0,2.90625,8.0,2.4693877551020407,True,0.0,0.0,0.0,,0.0,0.037037037037037,0.5,0.7777777777777778,0.1604938271604938,0.8148148148148148,1.0,1.0,0.9057445266460048,0.0,3.0,15.0,6.0
1,Cancion Del Emperador,Luys de Narvaez,7,5,VII,Renaissance,found,pdf,pdf-20260524T103936Z-3-001/pdf/Cancion Del Emperador by Luis de Narvaez.pdf,,,,verified_pieces/pdf/xml/Cancion Del Emperador by Luis de Narvaez.musicxml,,0.0,1.0101010101010102,3,1.7364406779661017,0.5696969696969697,0.3484848484848485,0.3559322033898305,3,0.0,1.6756756756756757,496,108.0,6.208590026096629,2.2419354838709675,5.0,0.0806451612903225,0.3104838709677419,2.0,0.3581081081081081,3.009433962264151,0.6415094339622641,0.2576271186440678,8.666666666666666,1.247522873508628,2.6751471415588566,2.4605146318860966,0.0271186440677966,2.0,7.966666666666665,2.125,0.7193877551020408,2.0,2.323870056497175,10.0,2.663894663894664,True,0.0,0.0033783783783783,0.0,0.0,0.1148648648648648,0.1689189189189189,0.5,0.4256756756756756,0.1216216216216216,0.6554054054054054,1.0,3.5,1.2729617648935276,0.1554054054054054,5.0,29.0,6.0
1,Cancion O Tocata,Santiago de Murcia,4,2,III,Baroque,found,pdf,pdf-20260524T103936Z-3-001/pdf/Cancion O Tocata by Santiago De Murcia.pdf,,,,verified_pieces/pdf/xml/Cancion O Tocata by Santiago De Murcia.musicxml,,0.0,1.0285714285714285,3,1.532258064516129,0.7411167512690355,0.4390243902439024,0.5806451612903226,4,0.0,1.2692307692307692,198,96.0,5.293304824724492,2.414141414141414,5.0,0.0,0.1919191919191919,2.6000000000000014,0.2371794871794871,2.783783783783784,0.6216216216216216,0.1096774193548387,6.0,1.0447164857286608,2.5602002984728034,2.104505057378036,0.0258064516129032,3.0,5.1249999999999964,2.625,1.553921568627451,4.0,3.121326164874552,12.0,3.064727954971857,True,0.0,0.0,0.0,-2.0,0.1025641025641025,0.032051282051282,0.5,0.8846153846153846,0.2051282051282051,0.7948717948717948,1.0,1.75,1.0884111344130192,0.0192307692307692,5.0,25.0,7.0
1,Canciones,Gaspar Sanz,1,2,II,Baroque,found,pdf,pdf-20260524T103936Z-3-001/pdf/Canciones by Gaspar Sanz.pdf,,,,verified_pieces/pdf/xml/Canciones by Gaspar Sanz.musicxml,,0.0,0.1428571428571428,1,1.8222222222222224,0.6176470588235294,0.0,0.2222222222222222,1,0.0,1.5,69,120.0,4.248495242049359,2.0144927536231885,5.0,0.0,0.3623188405797101,1.0,0.5,3.0,0.2608695652173913,0.1777777777777777,4.0,1.0809232450680275,2.119697084437927,1.58487419204941,0.0444444444444444,0.3333333333333333,4.0,2.25,0.15,1.0,3.1333333333333333,8.0,3.136363636363636,True,0.0,0.0,0.0,,0.2608695652173913,0.108695652173913,0.5,0.6304347826086957,0.2608695652173913,0.5869565217391305,0.0,1.0,1.0802308772090634,0.0,3.0,10.0,4.0
1,Cantabile,Dionisio Aguado,2,2,II,Classical,found,dada_gp,,"datasets/DadaGP-v1.1/A/Aguado, Dionso/Aguado, Dionso - Cantabile.gp3.tokens.txt","datasets/DadaGP-v1.1/A/Aguado, Dionso/Aguado, Dionso - Cantabile.gp3",,"verified_pieces/dada/xml/Aguado, Dionso - Cantabile.musicxml",,0.0,1.004566210045662,3,1.899135446685879,0.446372239747634,0.2407407407407407,0.2046109510086455,2,0.0,1.8247126436781609,635,100.0,6.455198563340122,5.234645669291338,9.0,0.4535433070866141,0.1905511811023622,2.0,0.646551724137931,2.435555555555556,0.3466666666666667,0.2622478386167147,12.0,2.255830149991778,3.3980227896331474,2.149523638479497,0.138328530259366,1.318181818181818,9.5,4.125,2.021406727828746,4.0,4.638168427793787,48.0,6.959114286700493,True,0.0,0.0057471264367816,0.0,0.0909090909090909,0.1436781609195402,0.1695402298850574,0.5,0.8247126436781609,0.1408045977011494,0.3936781609195402,1.0,1.375,0.8104444519917003,0.028735632183908,6.0,51.0,15.0
1,Canticum,Leo Brouwer,17,10,X,Modern,found,pdf,pdf-20260524T103936Z-3-001/pdf/Canticum by Leo Brouwer.pdf,,,,verified_pieces/pdf/xml/Canticum by Leo Brouwer.musicxml,,0.0,0.75,4,1.7338154269972454,0.3272727272727272,0.3739612188365651,0.4876033057851239,5,0.0,1.4762886597938143,716,120.0,6.57507584059962,4.465083798882682,9.0,0.2639664804469274,0.3142458100558659,3.0,0.2144329896907216,2.1634615384615383,0.2019230769230769,0.2706611570247934,13.0,2.5371712712382504,2.984310583681356,2.532452663473624,0.4731404958677686,4.0,12.0,5.75,0.5375,1.5,7.590294175521449,208.0,3.798823649280759,True,0.0,0.0,0.0,,0.002932551319648,0.0175953079178885,0.25,0.3361823361823361,0.1407624633431085,0.8299120234604106,0.0,20.0,0.3951839624984082,0.0,36.0,27.0,8.0
1,"Canzonetta from the String Quartet, Op. 12",Felix Mendelssohn,9,5,XIV,Romantic,found,pdf,pdf-20260524T103936Z-3-001/pdf/Canzonetta by Felix Mendelssohn.pdf,,,,verified_pieces/pdf/xml/Canzonetta by Felix Mendelssohn.musicxml,,0.0,1.1666666666666667,4,1.6836158192090396,0.5521472392638037,0.5636363636363636,0.5525423728813559,5,0.0,1.6554054054054057,490,80.0,6.19644412779452,3.871428571428571,9.0,0.2428571428571428,0.1897959183673469,3.0,0.4358108108108108,2.604651162790698,0.627906976744186,0.2101694915254237,11.0,1.6695159021995036,3.343077074466496,2.439629613820493,0.0305084745762711,1.875,9.75,6.0625,3.1587301587301586,8.0,5.821610169491525,44.0,8.193420693420695,True,0.0,0.0,0.0033898305084745,0.0625,0.0915254237288135,0.1389830508474576,0.25,0.7050847457627119,0.1457627118644067,0.688135593220339,1.0,3.25,0.9243849018006636,0.1016949152542373,5.0,48.0,12.0
1,"Caprice, Op. 100 no. 13",Mauro Giuliani,8,5,XII,Classical,found,pdf,pdf-20260524T103936Z-3-001/pdf/giuliani-op100-13.pdf,,,,verified_pieces/pdf/xml/giuliani-op100-13.musicxml,gaps_v1/musicxml/giuliani-opus100-no11.xml,0.0,1.0454545454545454,2,1.630151843817787,0.766260162601626,0.7002341920374707,1.2407809110629069,5,0.0,1.067099567099567,493,160.0,6.202535517187923,2.139959432048681,5.0,0.0851926977687626,0.3651115618661257,2.0,0.0497835497835497,1.7391304347826086,0.391304347826087,0.1561822125813449,12.0,1.6514739944618573,2.654562230500247,2.3407050492907544,0.0281995661605206,2.0,12.0,3.0,2.090909090909091,4.0,3.256326825741142,24.0,2.21974720075986,True,0.0,0.0,0.0,0.0,0.0043290043290043,0.0367965367965368,0.5,0.987012987012987,0.2683982683982684,0.9502164502164502,1.0,2.5,1.2741579249115926,0.0086580086580086,3.0,18.0,6.0
1,"Caprice, Op. 20 no. 7",Luigi Legnani,10,5,X,Classical,found,pdf,pdf-20260524T103936Z-3-001/pdf/Opus 20 No 7 Caprice by Luigi Legnani.pdf,,,,verified_pieces/pdf/xml/Opus 20 No 7 Caprice by Luigi Legnani.musicxml,gaps_v1/musicxml/opus-20-no-7-legnani.xml,0.0344827586206896,2.013215859030837,3,1.8105929763960853,0.3608147429679922,0.5538461538461539,0.5613126079447323,5,0.0,1.7793103448275862,1032,140.0,6.940222469119639,5.2063953488372094,10.0,0.4021317829457364,0.1531007751937984,3.0,0.3913793103448276,2.647577092511013,0.1762114537444934,0.2435233160621761,11.0,2.4948730875210607,3.393792624266669,2.2894358757796422,0.2901554404145077,3.0,10.349999999999998,5.75,4.848082595870207,6.0,6.583765112262522,96.0,7.84302520389565,True,0.0,0.016,0.002,-0.0555555555555555,0.144,0.066,0.5,0.482,0.128,0.692,0.0,1.5,0.850477943469862,0.114,12.0,40.0,10.0
1,Capricho Arabe,Francisco Tarrega,13,7,XII,Romantic,found,dada_gp,,"datasets/DadaGP-v1.1/T/Tarrega, Francisco/Tarrega, Francisco - Capricho Arabe.gp3.tokens.txt","datasets/DadaGP-v1.1/T/Tarrega, Francisco/Tarrega, Francisco - Capricho Arabe.gp3",,"verified_pieces/dada/xml/Tarrega, Francisco - Capricho Arabe.musicxml",,0.014760147601476,0.8181818181818182,3,2.2838669950738915,0.7072490706319703,0.3714953271028037,0.7241379310344828,4,0.1838440111420612,1.3247232472324724,1077,80.0,6.982862751468942,5.695450324976787,10.0,0.4586815227483751,0.1225626740947075,2.0,0.2878228782287823,2.4786324786324787,0.2948717948717949,0.3275862068965517,12.0,1.7863768635635977,3.522365868366217,2.4255270576630075,0.0172413793103448,1.3125,9.725,4.8125,2.310375901618934,6.0,9.22147993341164,60.02400960384575,5.132111285141629,True,,,,,,,,,,,,,,,,,
1,Capricho Espanol,Agustin Barrios Mangore,9,7,X,Romantic,found,pdf,pdf-20260524T103936Z-3-001/pdf/Capricho Espanol by Agustin Barrios Mangore.pdf,,,,verified_pieces/pdf/xml/Capricho Espanol by Agustin Barrios Mangore.musicxml,,0.0048780487804878,1.1647940074906369,4,1.0535665852997018,0.3704856787048567,0.2884615384615384,0.4556550040683482,5,0.0,1.3065040650406503,1607,155.0,7.382746449738912,4.840074673304294,10.0,0.297448662103298,0.1275668948350964,3.0,0.2195121951219512,2.362962962962963,0.3407407407407407,0.145646867371847,11.0,1.5865974746968987,3.35590731167318,2.3725331591523027,0.4784377542717656,3.0,8.0,6.4375,8.74471894020766,32.0,9.018646596148631,176.0,5.3990409065132114,True,0.0,0.0014492753623188,0.0,-0.3333333333333333,0.044927536231884,0.0333333333333333,0.3125,0.381159420289855,0.1768115942028985,0.8217391304347826,1.0,1.9375,1.111814897586758,0.017391304347826,10.0,56.0,15.0
1,Castles of Spain: Alba de Tormes (Trova),F. Moreno-Torroba,7,4,IX,Modern,found,pdf,pdf-20260524T103936Z-3-001/pdf/Castles Of Spain Alba De Tormes Trova by Federico Moreno Torroba.pdf,,,,verified_pieces/pdf/xml/Castles Of Spain Alba De Tormes Trova by Federico Moreno Torroba.musicxml,,0.0582010582010582,0.8360655737704918,2,1.517730496453901,0.496551724137931,0.5569620253164557,1.148936170212766,5,0.0,1.5396825396825398,291,76.0,5.676753802268282,2.219931271477664,5.0,0.0309278350515463,0.2371134020618556,2.0,0.3492063492063492,1.5909090909090908,0.4696969696969697,0.175531914893617,7.0,1.3546540225269526,2.689170293520503,2.429499409056745,0.0106382978723404,2.0,5.0,3.8125,1.6333333333333333,4.0,3.088652482269504,14.0,4.817716333845366,True,0.0,0.0,0.0,0.4193548387096774,0.0372340425531914,0.101063829787234,0.5,0.9680851063829788,0.1702127659574468,0.648936170212766,0.0,0.75,1.45689127627241,0.0957446808510638,3.0,35.0,11.0
1,Castles of Spain: Alcaniz (Festiva),F. Moreno-Torroba,10,7,VII,Modern,found,pdf,pdf-20260524T103936Z-3-001/pdf/Castles Of Spain Alcaniz Festiva by Federico Moreno Torroba.pdf,,,,verified_pieces/pdf/xml/Castles Of Spain Alcaniz Festiva by Federico Moreno Torroba.musicxml,,0.038781163434903,1.1274509803921569,3,1.7599537037037034,0.5567567567567567,0.4829268292682926,0.7388888888888889,5,0.0,1.5401662049861495,556,168.0,6.322565239927284,3.08453237410072,6.0,0.0917266187050359,0.1816546762589928,2.0,0.2908587257617728,2.723809523809524,0.4571428571428571,0.25,7.5,1.496161909961491,2.9307563523454903,2.3837192679494628,0.0944444444444444,1.4705882352941178,7.141666666666667,5.75,3.504950495049505,8.0,6.473765432098766,64.0,6.487366742214388,True,0.0,0.0091185410334346,0.0060790273556231,0.0909090909090909,0.0729483282674772,0.1246200607902735,0.25,0.4984802431610942,0.1428571428571428,0.6930091185410334,0.0,1.3125,1.2911368549097255,0.0911854103343465,9.0,47.0,14.0
1,Castles of Spain: Alcazar de Segovia (Llamada),F. Moreno-Torroba,12,8,IX,Modern,found,pdf,pdf-20260524T103936Z-3-001/pdf/Castles Of Spain Alcazar De Segovia Ilamada by Federico Moreno Torroba.pdf,,,,verified_pieces/pdf/xml/Castles Of Spain Alcazar De Segovia Ilamada by Federico Moreno Torroba.musicxml,,0.0404217926186291,0.8134715025906736,3,1.6525821596244132,0.4139676113360324,0.4487179487179487,0.6426056338028169,5,0.0,1.7381370826010545,989,72.0,6.897704943128636,4.539939332659252,9.0,0.3144590495449949,0.1263902932254803,2.0,0.3427065026362039,2.5846153846153848,0.3333333333333333,0.2306338028169014,16.0,1.8098210013759133,3.245220547988433,2.346340448174144,0.1795774647887324,2.142857142857143,7.0,7.8125,2.762152777777777,4.0,4.785798122065727,48.0,7.320809474335664,True,0.0,0.0094517958412098,0.0037807183364839,0.1025641025641025,0.1568998109640831,0.0586011342155009,0.5,0.5803402646502835,0.0926275992438563,0.6748582230623819,0.0,0.8125,1.0053636726138548,0.1984877126654064,6.0,54.0,17.0
1,Castles of Spain: Manzanares el Real (A la Moca Fermosa),F. Moreno-Torroba,8,5,X,Modern,found,pdf,pdf-20260524T103936Z-3-001/pdf/Castles Of Spain Manzanares El Real by Federico Moreno Torroba.pdf,,,,verified_pieces/pdf/xml/Castles Of Spain Manzanares El Real by Federico Moreno Torroba.musicxml,,0.0039840637450199,1.4444444444444444,3,1.7078666666666669,0.5561224489795918,0.3061224489795918,0.7,5,0.0,1.5657370517928286,393,69.0,5.976350909297934,4.826972010178117,9.0,0.3486005089058524,0.1068702290076335,3.0,0.3745019920318725,2.372340425531915,0.4787234042553192,0.236,11.0,1.625247435520717,3.3603558109348337,2.5018097369132746,0.088,2.7058823529411766,6.5,4.25,2.775280898876405,6.0,3.4440666666666666,22.0,4.807302041832669,True,0.0,0.0,0.0041322314049586,0.6153846153846154,0.0495867768595041,0.0289256198347107,0.5,0.8636363636363636,0.1198347107438016,0.640495867768595,0.0,1.25,0.952631018283814,0.0206611570247933,4.0,35.0,11.0
1,Castles of Spain: Montemayor (Romance de los Pinos),F. Moreno-Torroba,8,4,IX,Modern,found,pdf,pdf-20260524T103936Z-3-001/pdf/Romance De Los Pinos by Frederico Moreno Torroba.pdf,,,,verified_pieces/pdf/xml/Romance De Los Pinos by Frederico Moreno Torroba.musicxml,,0.016,1.0363636363636364,3,1.588709677419355,0.430379746835443,0.3658536585365853,0.2741935483870967,2,0.0,1.904,238,52.0,5.476463551931511,4.189075630252101,7.0,0.2142857142857142,0.134453781512605,2.0,0.44,2.763636363636364,0.4545454545454545,0.282258064516129,6.666666666666667,1.3680683023411166,3.213793409634191,2.38833485118309,0.1290322580645161,1.5833333333333333,5.6,4.25,2.509259259259259,6.800000000000011,5.09744623655914,37.33333333333333,6.840030188679245,True,0.0,0.018348623853211,0.0,0.0,0.2018348623853211,0.128440366972477,0.5,0.4954128440366973,0.128440366972477,0.5963302752293578,1.0,2.8125,0.8182102887862904,0.2844036697247706,7.0,26.0,7.0
1,Castles of Spain: Siguenza (La Infanta Dureme),F. Moreno-Torroba,8,5,VII,Modern,found,pdf,pdf-20260524T103936Z-3-001/pdf/Castles Of Spain Siguenza La Infanta Duerme by Federico Moreno Torroba.pdf,,,,verified_pieces/pdf/xml/Castles Of Spain Siguenza La Infanta Duerme by Federico Moreno Torroba.musicxml,,0.0,1.2837837837837838,4,1.7554054054054054,0.5192307692307693,0.6166666666666667,0.8810810810810811,4,0.0,1.6827956989247312,313,96.0,5.749392985908253,3.0319488817891376,7.0,0.1277955271565495,0.1884984025559105,2.700000000000003,0.4139784946236559,2.3506493506493507,0.5714285714285714,0.2756756756756757,9.0,1.7483070062775046,2.926707438509496,2.5085023768046915,0.0378378378378378,3.0,9.0,4.125,2.8675799086757987,7.599999999999994,4.082432432432433,36.0,5.852389486260455,True,0.0,0.0108108108108108,0.0108108108108108,0.0909090909090909,0.1729729729729729,0.0594594594594594,0.5,0.8216216216216217,0.1567567567567567,0.5891891891891892,1.0,2.75,1.276443701639527,0.1081081081081081,5.0,41.0,13.0
1,Castles of Spain: Torija (Elegia),F. Moreno-Torroba,7,6,IX,Modern,found,pdf,pdf-20260524T103936Z-3-001/pdf/Castles Of Spain Torija Elegia by Federico Moreno Torroba.pdf,,,,verified_pieces/pdf/xml/Castles Of Spain Torija Elegia by Federico Moreno Torroba.musicxml,,0.0287081339712918,0.9714285714285714,4,1.8681891025641024,0.5,0.6078431372549019,0.7548076923076923,5,0.0,1.5741626794258374,329,120.0,5.799092654460526,4.683890577507599,9.0,0.3951367781155015,0.2066869300911854,2.0,0.3349282296650718,3.0285714285714285,0.4428571428571428,0.2740384615384615,10.333333333333334,1.8618180735578185,3.39041920431258,2.51920279144104,0.125,1.7272727272727273,7.5,3.5,1.7971014492753623,4.0,3.432291666666667,20.666666666666668,4.35209681958908,True,0.0,0.0,0.0049019607843137,0.6,0.0245098039215686,0.0833333333333333,0.5,0.8529411764705882,0.1323529411764706,0.6764705882352942,0.0,2.0,1.0493999370535445,0.0098039215686274,4.0,39.0,14.0
1,Castles of Spain: Turegano (Serranilla),F. Moreno-Torroba,11,7,X,Modern,found,pdf,pdf-20260524T103936Z-3-001/pdf/Castles Of Spain Turegano by Federico Moreno Torroba.pdf,,,,verified_pieces/pdf/xml/Castles Of Spain Turegano by Federico Moreno Torroba.musicxml,,0.0136570561456752,1.0320512820512822,3,2.261803444782168,0.5448275862068965,0.42643391521197,0.5942249240121581,5,0.0,1.5417298937784525,1016,168.0,6.92461239604856,4.526574803149607,9.0,0.3543307086614173,0.1938976377952755,2.0,0.2412746585735963,3.5220125786163523,0.3836477987421384,0.3100303951367781,12.166666666666666,2.473418800742244,3.2966112917233,2.501283505114023,0.1063829787234042,2.2,11.558333333333332,3.9375,1.3720430107526882,3.5999999999999943,5.544427558257345,112.0,4.022205288599345,True,0.0,0.0110759493670886,0.0174050632911392,0.0277777777777777,0.0933544303797468,0.050632911392405,0.5,0.7120253164556962,0.1503164556962025,0.75,0.0,2.75,1.3149428170137558,0.110759493670886,7.0,55.0,15.0
1,Choros,Domingo Semenzato,5,3,VII,Modern,found,dada_gp,,"datasets/DadaGP-v1.1/S/Semenzato, Domingos/Semenzato, Domingos - Choros.gp4.tokens.txt","datasets/DadaGP-v1.1/S/Semenzato, Domingos/Semenzato, Domingos - Choros.gp4",,"verified_pieces/dada/xml/Semenzato, Domingos - Choros.musicxml",,0.0043103448275862,0.3939393939393939,1,1.4336219336219338,0.6199376947040498,0.7317073170731707,0.8311688311688312,3,0.0496894409937888,1.387931034482759,322,120.0,5.777652323222656,1.8198757763975155,3.0,0.0496894409937888,0.2639751552795031,1.0,0.3146551724137931,2.684931506849315,0.4246575342465753,0.1688311688311688,7.0,1.1177575010223764,2.411852925928063,2.5253383745544498,0.0606060606060606,0.7777777777777778,5.383333333333334,2.9375,0.6060606060606061,2.0,2.7561327561327564,14.0,3.464448008553863,True,,,,,,,,,,,,,,,,,
1,Choros No. 1,Heitor Villa-Lobos,10,6,VIII,Modern,found,pdf,pdf-20260524T103936Z-3-001/pdf/Choros No 1 by Heitor Villa-Lobos.pdf,,,,verified_pieces/pdf/xml/Choros No 1 by Heitor Villa-Lobos.musicxml,,0.0163170163170163,1.3478260869565215,4,1.4411214953271028,0.382034632034632,0.6554054054054054,0.5887850467289719,4,0.0,2.156177156177156,925,90.0,6.83087423464618,2.5243243243243243,5.0,0.0637837837837837,0.2172972972972973,2.0,0.4965034965034965,2.807511737089202,0.5023474178403756,0.2009345794392523,9.0,1.4146725341225337,2.871101195808911,2.4704087632576184,0.0607476635514018,1.75,5.224999999999998,7.5,4.024154589371981,8.0,5.125467289719626,36.0,14.095151020946076,True,0.0072289156626506,0.0433734939759036,0.036144578313253,0.14,0.0987951807228915,0.0650602409638554,0.25,0.7228915662650602,0.0987951807228915,0.5180722891566265,1.0,1.25,1.3047846859440375,0.2072289156626506,5.0,82.0,27.0
1,Cinco Piezas para guitarra: I. Campero,Astor Piazzolla,12,7,All,Modern,found,pdf,pdf-20260524T103936Z-3-001/pdf/Cinco Piezas Para Guitarra I Campero by Astor Piazzolla.pdf,,,,verified_pieces/pdf/xml/Cinco Piezas Para Guitarra I Campero by Astor Piazzolla.musicxml,,0.0,1.4563758389261745,5,2.443907675791733,0.694047619047619,0.6550724637681159,0.8760064412238325,5,0.0,1.3520900321543408,841,92.0,6.735780014242327,5.529131985731272,10.0,0.441141498216409,0.1379310344827586,3.0,0.2443729903536977,2.394736842105264,0.5723684210526315,0.3349436392914653,12.0,2.293474841483301,3.566439290442509,2.461996151722629,0.0225442834138486,3.0,12.0,4.0625,2.6655480984340043,6.0,5.05823939881911,44.0,3.525915401680002,True,0.0,0.0032840722495894,0.0,0.1724137931034483,0.0722495894909688,0.0246305418719211,0.5,0.8325123152709359,0.180623973727422,0.7848932676518884,1.0,2.25,1.047613104859082,0.0394088669950738,6.0,69.0,16.0
1,Cinco Piezas para guitarra: II. Romantico,Astor Piazzolla,11,7,X,Modern,found,pdf,pdf-20260524T103936Z-3-001/pdf/Romantico by Astor Piazzolla.pdf,,,,verified_pieces/pdf/xml/Romantico by Astor Piazzolla.musicxml,,0.007532956685499,1.6666666666666667,4,2.0036163522012576,0.4699331848552338,0.5214007782101168,0.5509433962264151,3,0.0,1.6930320150659133,899,100.0,6.802394763324311,6.279199110122359,10.200000000000044,0.5494994438264739,0.0934371523915461,3.0,0.3728813559322034,2.686868686868687,0.7171717171717171,0.2754716981132075,18.0,2.4017112661296736,3.6161201897976207,2.42663710332745,0.1113207547169811,2.75,10.799999999999995,6.625,3.4851190476190474,8.0,4.677669212339024,40.0,5.853983775170216,True,0.0,0.004,0.008,0.0526315789473684,0.032,0.03,0.5,0.594,0.104,0.678,1.0,1.75,0.8958028677377652,0.036,6.0,113.0,30.0
1,Cinco Piezas para guitarra: III. Acentuado,Astor Piazzolla,14,8,XIII,Modern,found,pdf,pdf-20260524T103936Z-3-001/pdf/Acentuado by Astor Piazzolla.pdf,,,,verified_pieces/pdf/xml/Acentuado by Astor Piazzolla.musicxml,,0.0,1.4301675977653632,5,2.9603798297315,0.5891472868217055,0.5914396887159533,1.0766208251473477,5,0.0,1.5196078431372548,775,120.0,6.654152520183219,5.695483870967742,12.0,0.4090322580645161,0.144516129032258,3.0,0.3529411764705882,1.8888888888888888,0.4777777777777778,0.4675834970530452,13.0,2.658347326521742,3.545733673601585,2.4626582420064795,0.0392927308447937,3.2,11.5,4.75,2.205905826017558,6.0,6.130812049770792,40.0,4.022873026238676,True,0.0,0.002020202020202,0.0,0.0476190476190476,0.0828282828282828,0.0404040404040404,0.5,0.6222222222222222,0.1919191919191919,0.696969696969697,1.0,3.75,1.0767254262694017,0.0404040404040404,9.0,62.0,16.0
1,Cinco Piezas para guitarra: IV. Triston,Astor Piazzolla,13,7,XII,Modern,found,pdf,pdf-20260524T103936Z-3-001/pdf/Triston by Astor Piazzolla.pdf,,,,verified_pieces/pdf/xml/Triston by Astor Piazzolla.musicxml,,0.0932835820895522,1.7745098039215683,4,1.2147315855181025,0.1957070707070707,0.0952380952380952,0.149812734082397,2,0.0,2.958955223880597,793,80.0,6.677083461247136,5.392181588902901,10.0,0.4224464060529634,0.180327868852459,3.0,0.7835820895522388,2.9380952380952383,0.5095238095238095,0.2059925093632958,8.666666666666668,1.754852199752604,3.5148661659376645,2.499702250980835,0.2846441947565543,3.0,7.749999999999998,3.75,1.7619047619047616,3.0,1.3394090719933416,28.0,8.626659899034241,True,0.0,0.0,0.0,0.128,0.0423076923076923,0.3384615384615385,1.0,0.8576923076923076,0.1269230769230769,0.473076923076923,1.0,3.75,0.9459330447367054,0.4192307692307692,7.0,63.0,18.0
1,Cinco Piezas para guitarra: V. Compadre,Astor Piazzolla,11,7,X,Modern,found,pdf,pdf-20260524T103936Z-3-001/pdf/Compadre by Astor Piazzolla.pdf,,,,verified_pieces/pdf/xml/Compadre by Astor Piazzolla.musicxml,,0.0439276485788113,1.1333333333333333,3,1.2611039241052178,0.3185840707964602,0.3621867881548975,0.4734799482535575,4,0.0,1.607235142118863,1244,120.0,7.126890808898808,4.548231511254019,9.0,0.2636655948553054,0.1342443729903537,2.0,0.3294573643410852,2.125490196078432,0.2627450980392157,0.1824062095730918,17.0,1.968731775550572,3.456325860922474,2.454911454506816,0.4424320827943079,3.0,11.299999999999995,7.0,7.576631046119234,27.20000000000028,5.970430604324524,144.0,4.454868161639584,True,0.0,0.0,0.0022471910112359,0.1176470588235294,0.0516853932584269,0.0089887640449438,0.25,0.3775280898876405,0.1168539325842696,0.7595505617977528,1.0,32.1875,0.7836092321739092,0.0337078651685393,24.0,61.0,19.0
1,Cinq Preludes: Prelude No.  1,Heitor Villa-Lobos,9,7,All,Modern,found,pdf,pdf-20260524T103936Z-3-001/pdf/Prelude No 1 E Minor by Heitor Villa Lobos.pdf,,,,verified_pieces/pdf/xml/Prelude No 1 E Minor by Heitor Villa Lobos.musicxml,,0.0209973753280839,0.746031746031746,3,2.4026281208935614,0.2816349384098544,0.3,0.480946123521682,3,0.0,2.3451443569553807,1787,120.0,7.488852955733459,3.384443200895356,10.0,0.2977056519306099,0.4874090654728595,2.0,0.6443569553805775,2.258655804480652,0.1792260692464358,0.3127463863337713,14.0,3.3402015901506275,2.807470052914403,2.328405114323904,0.2956636005256242,2.1666666666666665,14.0,7.125,1.826455026455026,4.0,5.310651189954738,56.0,11.387970015976263,True,0.0,0.0441400304414003,0.0076103500761035,0.1035714285714285,0.0471841704718417,0.2968036529680365,0.5,0.6925418569254186,0.2602739726027397,0.3835616438356164,1.0,1.25,1.401455395299979,0.3820395738203957,5.0,66.0,22.0
1,Cinq Preludes: Prelude No.  4,Heitor Villa-Lobos,9,6,XII,Modern,found,dada_gp,,"datasets/DadaGP-v1.1/V/Villa/Villa-Lobos, Heitor - Prelude n-4 in Em.gp4.tokens.txt","datasets/DadaGP-v1.1/V/Villa/Villa-Lobos, Heitor - Prelude n-4 in Em.gp4",,"verified_pieces/dada/xml/Villa-Lobos, Heitor - Prelude n-4 in Em.musicxml",,0.0366748166259168,0.6111111111111112,3,2.740359477124183,0.5881294964028777,0.8535031847133758,1.161764705882353,5,0.0071813285457809,1.3618581907090463,557,60.0,6.324358962381311,3.928186714542192,11.0,0.2998204667863555,0.3662477558348294,2.0,0.1173594132029339,3.6666666666666665,0.2083333333333333,0.3186274509803921,14.0,3.1472045003578164,3.013990898579726,2.4607195337133514,0.017156862745098,3.0,12.0,4.25,0.7619047619047619,2.6666666666666665,9.214256537712242,56.0,4.831560587419992,True,,,,,,,,,,,,,,,,,
1,Clair de Lune,Claude Debussy,14,7,All,Modern,found,pdf,pdf-20260524T103936Z-3-001/pdf/Clair de Lune by Claude Debussy.pdf,,,,verified_pieces/pdf/xml/Clair de Lune by Claude Debussy.musicxml,,0.0,1.0096153846153846,3,0.8157407407407408,0.292803970223325,0.3900709219858156,0.3962962962962963,4,0.0,1.4907749077490775,404,55.0,6.003887067106539,2.527227722772277,6.0,0.0544554455445544,0.2079207920792079,2.0,0.3985239852398524,1.6666666666666667,0.25,0.1444444444444444,7.5,1.212343989652088,2.67768917185816,2.3515953303955786,0.5185185185185185,2.0,3.3999999999999915,7.0,8.433656957928802,16.0,8.994753086419754,120.0,7.647911907690506,True,0.0,0.0,0.0,0.0,0.0616438356164383,0.1301369863013698,0.3125,0.5958904109589042,0.1232876712328767,0.6438356164383562,0.0,2.6875,1.3667814869163983,0.0136986301369863,8.0,27.0,11.0
1,Clarin de las mosqueteros del rey de Francia (Bugle from the French King's Musketeers),Gaspar Sanz,2,2,III,Baroque,found,pdf,pdf-20260524T103936Z-3-001/pdf/Clarin de los Mosqueteros del Rey de Francia by Gaspar Sanz.pdf,,,,verified_pieces/pdf/xml/Clarin de los Mosqueteros del Rey de Francia by Gaspar Sanz.musicxml,,0.0,0.3103448275862069,2,1.2282608695652173,0.5974025974025974,0.3333333333333333,0.4347826086956521,2,0.0,1.6595744680851063,78,120.0,4.3694478524670215,1.4102564102564104,3.0,0.0,0.4358974358974359,1.1999999999999993,0.6595744680851063,2.5806451612903225,0.4193548387096774,0.0869565217391304,3.0,0.6892538635864213,2.0946610809410893,2.233008967400276,0.0,0.625,2.8,1.375,0.1904761904761904,1.0,1.0615942028985506,4.0,2.054711246200608,True,0.0,0.0,0.0,,0.0851063829787234,0.2127659574468085,1.0,0.6595744680851063,0.1489361702127659,0.4680851063829787,1.0,2.5,0.9586652519091466,0.0,5.0,19.0,5.0
1,"Clarines y trompetas con canciones muy curiosas Espanolas y de estranjeras naciones (Bugles and Trumpets with Very Interesting Spanish Songs, as well as Songs from Other Foreign Countries)",Gaspar Sanz,3,2,VII,Baroque,found,pdf,pdf-20260524T103936Z-3-001/pdf/Clarines Y Trompetas by Gaspar Sanz.pdf,,,,verified_pieces/pdf/xml/Clarines Y Trompetas by Gaspar Sanz.musicxml,,0.0,0.1481481481481481,3,1.929530201342282,0.6759776536312849,0.2826086956521739,0.3221476510067114,3,0.0,1.2,180,120.0,5.198497031265826,3.2333333333333334,7.0,0.1833333333333333,0.3111111111111111,0.0,0.2,1.9666666666666663,0.3666666666666666,0.4026845637583892,6.5,1.472362998524294,2.585920800463396,2.136545402168567,0.1610738255033557,3.0,5.525,1.8125,0.0384615384615384,0.0,2.498322147651007,8.0,1.6875,True,0.0,0.0,0.0,,0.0536912751677852,0.0,1.0,0.6375838926174496,0.3758389261744966,0.906040268456376,0.0,2.5,0.8928803042507626,0.0,4.0,12.0,3.0
1,Confesion,Agustin Barrios Mandore,10,7,XI,Romantic,found,pdf,pdf-20260524T103936Z-3-001/pdf/barrios-confesion.pdf,,,,verified_pieces/pdf/xml/barrios-confesion.musicxml,,0.005607476635514,1.04421768707483,5,1.83458177278402,0.484304932735426,0.6867469879518072,1.0561797752808988,4,0.0,1.669158878504673,893,110.0,6.795705775173514,4.634938409854423,10.0,0.3191489361702128,0.1858902575587906,3.0,0.5981308411214953,1.496875,0.353125,0.2921348314606741,11.0,2.0574756111363737,3.4701780627714114,2.358779598343721,0.149812734082397,3.032258064516129,11.0,4.4375,2.271899886234357,4.0,3.943580940491053,80.0,5.153185405374841,True,0.0,0.0,0.0,0.05,0.1232032854209445,0.190965092402464,0.5,0.7659137577002053,0.0718685831622176,0.4229979466119096,0.0,0.8125,0.9281381128574728,0.0390143737166324,6.0,62.0,12.0
1,Cordoba from Antos de Espana,Isaac Albeniz,16,9,All,Romantic,found,pdf,pdf-20260524T103936Z-3-001/pdf/Cordoba by Issac Albeniz.pdf,,,,verified_pieces/pdf/xml/Cordoba by Issac Albeniz.musicxml,,0.0530209617755857,1.6623853211009174,5,2.192263374485597,0.3264992311635059,0.704225352112676,0.6604938271604939,3,0.0,2.406905055487053,1952,120.0,7.577121930876679,5.063012295081967,10.0,0.3140368852459016,0.1173155737704918,3.0,0.6806411837237978,2.592391304347826,0.3858695652173913,0.3259259259259259,15.5,2.646894773429389,3.502279298989765,2.4803645453383107,0.1666666666666666,3.125,15.5,6.0625,2.4494485294117645,4.0,4.140493827160494,32.0,8.629601503038874,True,0.0025974025974025,0.009090909090909,0.0012987012987012,0.1917808219178082,0.0909090909090909,0.1311688311688311,0.5,0.6480519480519481,0.1077922077922077,0.361038961038961,1.0,2.75,1.058244680846562,0.1532467532467532,6.0,99.0,27.0
1,Courante,Silvius Leopold Weiss,6,3,III,Baroque,found,dada_gp,,"datasets/DadaGP-v1.1/W/Weiss, Silvius Leopold/Weiss, Silvius Leopold - Courante.gp3.tokens.txt","datasets/DadaGP-v1.1/W/Weiss, Silvius Leopold/Weiss, Silvius Leopold - Courante.gp3",,"verified_pieces/dada/xml/Weiss, Silvius Leopold - Courante.musicxml",,0.0088495575221238,0.875,2,1.5669642857142858,0.6830985915492958,0.5151515151515151,0.5803571428571429,3,0.0139860139860139,1.2654867256637168,143,90.0,4.969813299576001,2.8181818181818183,7.0,0.1328671328671328,0.2447552447552447,2.0,0.2123893805309734,2.7916666666666665,0.9166666666666666,0.2232142857142857,7.0,1.3334653620324612,2.742203392118955,2.1649751456903905,0.0803571428571428,2.0,6.5,2.5,1.6521739130434785,4.0,2.9375,14.0,2.9911504424778763,True,0.0,0.0,0.0,0.0,0.0707964601769911,0.0707964601769911,0.5,0.905982905982906,0.1592920353982301,0.8053097345132744,1.0,2.0,1.2674213819048246,0.0176991150442477,5.0,22.0,8.0
1,"Courante from Cello Suite No. III, BWV 1009",J.S. Bach,9,4,IX,Baroque,found,pdf,pdf-20260524T103936Z-3-001/pdf/BWV 1009 Courante by Johann Sebastian Bach.pdf,,,,verified_pieces/pdf/xml/BWV 1009 Courante by Johann Sebastian Bach.musicxml,,0.0,1.2,3,3.194156293222683,0.8482490272373541,0.6188340807174888,0.7883817427385892,4,0.0,1.0662525879917184,515,120.0,6.246106765481563,4.444660194174757,8.0,0.2660194174757281,0.1805825242718446,3.0,0.041407867494824,4.0,0.6,0.3547717842323651,22.0,4.188701331900354,3.337952484679594,2.204978791814819,0.0228215767634854,3.0,21.0,2.4375,1.675438596491228,4.399999999999999,6.090248962655601,44.0,2.174733001250436,True,0.0,0.0,0.0,0.0,0.0188284518828451,0.00418410041841,0.5,0.9414225941422594,0.1610878661087866,0.9644351464435148,0.0,2.25,0.9868613060635258,0.00418410041841,6.0,21.0,7.0
1,Dance,Hans Neusidler,1,1,I,Renaissance,found,pdf,pdf-20260524T103936Z-3-001/pdf/Italian Dance by Hans Neusidler.pdf,,,,verified_pieces/pdf/xml/Italian Dance by Hans Neusidler.musicxml,,0.0,0.640625,2,1.425595238095238,0.5444839857651246,0.3,0.244047619047619,3,0.0,1.668639053254438,282,120.0,5.645446897643238,1.4929078014184398,3.0,0.0,0.3652482269503546,2.0,0.378698224852071,2.9375,0.203125,0.1607142857142857,4.0,1.0217555647273953,2.167781090522252,2.333669287916348,0.0773809523809523,1.4615384615384617,3.1875,3.3125,0.9523809523809524,2.0,2.763392857142857,8.0,5.087094194786503,True,0.0,0.0,0.0,0.0,0.1446540880503144,0.0691823899371069,0.5,0.8238993710691824,0.1257861635220125,0.6855345911949685,1.0,0.5,1.4714576090640334,0.1823899371069182,2.0,17.0,6.0
1,Dance de las hachas (Dance of the Axes),Gaspar Sanz,3,1,I,Baroque,found,pdf,pdf-20260524T103936Z-3-001/pdf/Dance de las Hachas by Gapsar Sanz.pdf,,,,verified_pieces/pdf/xml/Dance de las Hachas by Gapsar Sanz.musicxml,,0.0,0.6666666666666666,2,1.4428571428571428,0.7368421052631579,0.3333333333333333,0.4142857142857143,2,0.0,1.352112676056338,96,140.0,4.574710978503383,1.2708333333333333,3.0,0.0,0.375,2.0,0.2535211267605634,2.7777777777777777,0.5555555555555556,0.1428571428571428,3.0,0.8479132715671889,2.042742981206788,2.3572313828747555,0.0,1.0,3.0,1.8125,0.6111111111111112,2.0,2.1357142857142857,6.0,2.093593820990459,True,0.0,0.0,0.0,0.0,0.1126760563380281,0.0140845070422535,1.0,0.4647887323943662,0.1830985915492957,0.8169014084507042,1.0,1.5,1.4138331601716536,0.028169014084507,3.0,15.0,5.0
1,Dance of the Miller from The Three-Cornered Hat,Manuel de Falla,8,4,VIII,Modern,found,pdf,pdf-20260524T103936Z-3-001/pdf/Dance of the miller by Manual de Falla.pdf,,,,verified_pieces/pdf/xml/Dance of the miller by Manual de Falla.musicxml,,0.131578947368421,1.0384615384615383,3,0.863359173126615,0.1649746192893401,0.1652542372881356,0.1767441860465116,3,0.0,3.051083591331269,1971,120.0,7.586803535162581,2.6352105530187724,6.0,0.0816844241501775,0.2709284627092846,2.0,0.5696594427244582,3.793478260869565,0.1277173913043478,0.1007751937984496,8.0,1.214566804675141,2.8089304882212733,2.5508060799791425,0.4217054263565891,3.0,7.099999999999998,16.5,4.59366391184573,8.0,3.5676098191214467,72.0,17.12995765287928,True,0.0,0.0,0.0112994350282485,0.040983606557377,0.1845574387947269,0.0112994350282485,1.0,0.35969868173258,0.0922787193973634,0.4048964218455744,1.0,2.75,0.7343864143198283,0.2203389830508474,12.0,43.0,15.0
1,Danza,Anonymous,5,3,V,Renaissance,found,pdf,pdf-20260524T103936Z-3-001/pdf/Danza Cubana by Anonymous.pdf,,,,verified_pieces/pdf/xml/Danza Cubana by Anonymous.musicxml,,0.0,0.6538461538461539,2,1.494047619047619,0.597037037037037,0.8188679245283019,1.386904761904762,5,0.0,1.3386138613861387,676,88.0,6.517671272912275,1.7751479289940828,4.0,0.0458579881656804,0.3816568047337278,2.0,0.2574257425742574,3.015384615384616,0.2153846153846154,0.1944444444444444,12.0,1.4698122897311057,2.388920228762698,2.4484118734617777,0.0178571428571428,2.0,8.533333333333331,6.1875,2.333333333333333,8.0,5.713293650793651,48.0,6.429150765875877,True,0.0,0.0,0.0,0.0,0.044,0.05,0.25,0.948,0.158,0.788,1.0,1.0,1.5046495700452898,0.038,4.0,28.0,8.0
1,Danza Espanola No. 3 (Fandango),Enrique Granados,8,5,XII,Romantic,found,pdf,pdf-20260524T103936Z-3-001/pdf/Danza Espanola No 3 Zarabanda by Enrique Granados.pdf,,,,verified_pieces/pdf/xml/Danza Espanola No 3 Zarabanda by Enrique Granados.musicxml,,0.0,1.0416666666666667,3,1.7016036655211912,0.4306442251886245,0.2514619883040935,0.3711340206185567,3,0.0,1.9725400457665905,1724,170.0,7.45298232946546,3.4541763341067284,9.0,0.1908352668213457,0.2563805104408352,3.0,0.6121281464530892,2.8598130841121496,0.1626168224299065,0.2451317296678121,9.0,1.6366146992794992,3.062508473404156,2.492835104779549,0.138602520045819,3.0,7.699999999999996,5.25,2.018744674808293,6.0,3.38275695921744,28.0,6.845815881029898,True,0.0,0.0129366106080207,0.0181112548512289,0.0666666666666666,0.0983182406209573,0.1254851228978007,0.5,0.55627425614489,0.1216041397153945,0.5420439844760673,0.0,2.75,0.8630649806188122,0.0724450194049159,6.0,51.0,18.0
1,Danza Guarani,Agustin Barrios Mandore,11,6,XIV,Romantic,found,pdf,pdf-20260524T103936Z-3-001/pdf/Danza Guarani by Augustin Barrios.pdf,,,,verified_pieces/pdf/xml/Danza Guarani by Augustin Barrios.musicxml,,0.0253807106598984,1.0232558139534884,3,2.222363945578232,0.4379084967320261,0.28,0.6683673469387755,5,0.0,1.5583756345177664,307,90.0,5.730099782973574,5.517915309446254,12.0,0.4657980456026058,0.1986970684039088,2.0,0.4416243654822335,1.9310344827586208,0.4482758620689655,0.3214285714285714,14.5,2.912663943625491,3.346946397538124,2.435016527696234,0.2959183673469387,2.0,13.0,6.6875,5.0549019607843135,14.400000000000034,12.041666666666668,232.0,9.520822284516504,True,0.0,0.0,0.0,0.0,0.1756756756756756,0.2094594594594594,0.25,0.7094594594594594,0.1418918918918918,0.5608108108108109,0.0,1.0,1.1883345122810711,0.0337837837837837,9.0,25.0,7.0
1,Danza Paraguaya,Agustin Barrios Mandore,10,5,X,Romantic,found,pdf,pdf-20260524T103936Z-3-001/pdf/Danza Paraguaya No 1 by Agustin Barrios Mangore.pdf,,,,verified_pieces/pdf/xml/Danza Paraguaya No 1 by Agustin Barrios Mangore.musicxml,,0.0,1.1531531531531531,4,2.6134304207119734,0.6660649819494585,0.7454545454545455,1.2742718446601942,5,0.0,1.3438256658595642,555,60.0,6.320768294250582,5.504504504504505,10.0,0.4720720720720721,0.1693693693693693,3.0,0.2687651331719128,1.90990990990991,0.3423423423423423,0.3907766990291262,14.0,2.6744279835354945,3.344579875958112,2.542939512130517,0.029126213592233,3.0,13.624999999999996,3.0,2.145454545454545,4.200000000000017,5.066990291262136,32.0,3.314769975786925,True,0.0,0.0,0.0,0.0,0.1066997518610421,0.0372208436724565,0.5,0.8560794044665012,0.1538461538461538,0.7320099255583127,0.0,1.3125,1.2183413810671206,0.0148883374689826,6.0,37.0,12.0
1,Diana Guarani,Agustin Barrios Mandore,14,8,All,Romantic,found,pdf,pdf-20260524T103936Z-3-001/pdf/barrios-diana.pdf,,,,verified_pieces/pdf/xml/barrios-diana.musicxml,,0.0121515368120085,1.1375545851528384,5,1.2563185503099668,0.3,0.3701923076923077,0.3569384835479256,5,0.0,1.6661901358112938,2331,75.0,7.754481547470383,5.430716430716431,11.0,0.4101244101244101,0.187044187044187,3.0,0.3280914939242316,3.159041394335512,0.3289760348583878,0.1824034334763948,14.0,2.055771767010942,3.629346868862094,2.48093838713832,0.4191702432045779,5.0,11.0,10.8125,7.619985412107951,32.0,7.367002179985012,208.0,9.667428018857812,True,0.0032397408207343,0.0010799136069114,0.0075593952483801,0.1204819277108433,0.1382289416846652,0.050755939524838,0.25,0.5388768898488121,0.1587473002159827,0.6771058315334774,0.0,1.9375,1.4768565240831262,0.0788336933045356,10.0,75.0,18.0
1,"Diferencias Sobre ""Guardame Las Vacas""",Luys de Narvaez,8,5,V,Renaissance,found,pdf,pdf-20260524T103936Z-3-001/pdf/Diferencias Sobre Guardame Las Vacas by Luis de Narvaez.pdf,,,,verified_pieces/pdf/xml/Diferencias Sobre Guardame Las Vacas by Luis de Narvaez.musicxml,,0.0,0.6551724137931034,3,1.884598012646793,0.705050505050505,0.4711111111111111,0.5094850948509485,4,0.0,1.3405405405405406,496,160.0,6.208590026096629,2.2580645161290325,5.0,0.0423387096774193,0.2963709677419355,2.0,0.2405405405405405,3.067415730337079,0.550561797752809,0.2791327913279133,7.0,1.2389632833821471,2.725474155492968,2.513461852409576,0.029810298102981,3.0,7.0,2.5,0.6918604651162791,2.0,3.132452574525745,14.0,2.4810004033884634,True,0.0,0.0,0.0,0.0,0.1055555555555555,0.0777777777777777,0.5,0.625,0.125,0.7916666666666666,1.0,5.5,1.4639017297009862,0.025,4.0,30.0,6.0
1,"Divertimento, Op. 40 no. 12",Mauro Giuliani,7,2,II,Classical,found,pdf,pdf-20260524T103936Z-3-001/pdf/giuliani-op40-12.pdf,,,,verified_pieces/pdf/xml/giuliani-op40-12.musicxml,,0.0,0.7692307692307693,3,1.5887943262411348,0.638728323699422,0.819047619047619,0.9617021276595744,3,0.0,1.4703389830508475,347,52.0,5.8522024797744745,1.2363112391930835,3.0,0.0,0.4265129682997118,2.0,0.3347457627118644,3.329113924050633,0.3924050632911392,0.2042553191489361,4.0,0.8765555374193779,1.974424743418309,2.458093166928413,0.0,2.0,4.0,5.625,2.220779220779221,4.800000000000011,6.147446808510638,16.0,7.730418592706729,True,0.0,0.0169491525423728,0.0042372881355932,0.0,0.1398305084745762,0.1186440677966101,0.25,0.8813559322033898,0.2415254237288135,0.7076271186440678,0.0,1.25,1.4815929974514517,0.0508474576271186,4.0,26.0,8.0
1,Don Perez Freire (Tango),Agustin Barrios Mangore,8,7,All,Romantic,found,pdf,pdf-20260524T103936Z-3-001/pdf/Don Perez Freire Tango by Agustin Barrios Mangore.pdf,,,,verified_pieces/pdf/xml/Don Perez Freire Tango by Agustin Barrios Mangore.musicxml,,0.0,1.1111111111111112,5,2.735923423423423,0.5521064301552107,0.5782312925170068,0.847972972972973,5,0.0,1.5218855218855218,452,80.0,6.115892125483034,5.628318584070796,10.0,0.5221238938053098,0.2146017699115044,3.0,0.3367003367003367,2.73,0.57,0.4087837837837837,14.0,2.794898433824973,3.18821961471217,2.476603397910523,0.0709459459459459,2.0526315789473686,11.75,6.5,3.7142857142857135,9.199999999999989,9.872184684684688,56.0,7.975562387156589,True,0.0,0.0034482758620689,0.0034482758620689,0.0,0.0896551724137931,0.0655172413793103,0.25,0.8206896551724138,0.1758620689655172,0.7,0.0,1.0,1.0536168665036725,0.0482758620689655,4.0,43.0,14.0
1,Dos preludios - I,Joaquin Rodrigo,16,8,XII,Modern,found,pdf,pdf-20260524T103936Z-3-001/pdf/Dos Preludes No 1 by Joaquin Rodrigo.pdf,,,,verified_pieces/pdf/xml/Dos Preludes No 1 by Joaquin Rodrigo.musicxml,,0.0,0.7054263565891473,4,2.247656542932133,0.7073403241182078,0.5585023400936038,0.6220472440944882,5,0.0,1.1797752808988764,1050,56.0,6.957497370876951,4.220952380952381,10.0,0.2819047619047619,0.2733333333333333,2.0,0.1449438202247191,2.7829457364341086,0.5891472868217055,0.2868391451068616,22.0,2.37487508957021,3.302244468707712,2.305839084105937,0.0247469066366704,2.0,13.0,5.125,2.4108527131782944,8.0,8.730783652043495,88.0,4.920611896499783,True,0.0,0.0,0.0,0.0,0.0217391304347826,0.0183066361556064,0.25,0.9576659038901602,0.1762013729977116,0.8695652173913043,1.0,2.5,1.3875808495054267,0.0011441647597254,6.0,47.0,12.0
1,Dos Temas Populares Cubanos - Berceuse - Cancion de Cuna,Leo Brouwer,9,7,V,Modern,found,pdf,pdf-20260524T103936Z-3-001/pdf/Cancion De Cuna by Leo Brouwer.pdf,,,,verified_pieces/pdf/xml/Cancion De Cuna by Leo Brouwer.musicxml,gaps_v1/musicxml/brouwer-berceuse.xml,0.001727115716753,0.6647727272727273,4,1.6877162629757785,0.535924617196702,0.6628352490421456,0.7301038062283737,4,0.0,1.468048359240069,850,90.0,6.746412128573375,2.271764705882353,5.0,0.0176470588235294,0.3235294117647059,2.0,0.3160621761658031,2.66120218579235,0.2240437158469945,0.2993079584775086,7.666666666666667,1.4189678758180693,2.499591144464976,2.5156387280432453,0.0501730103806228,2.0,5.324999999999999,3.375,1.2727272727272727,4.0,3.267301038062284,15.333333333333334,3.83361322689419,True,0.0,0.0,0.0,0.0,0.0175746924428822,0.0281195079086115,0.5,0.8541300527240774,0.2302284710017574,0.7275922671353251,0.0,1.0,1.009934187632088,0.0140597539543057,3.0,43.0,17.0
1,Dos Temas Populares Cubanos - Les Yeux Sorciers - Ojos Brujos,Leo Brouwer,9,7,X,Modern,found,pdf,pdf-20260524T103936Z-3-001/pdf/Les Yeux Sorciers (Ojos Brujos) by Leo Brouwer.pdf,,,,verified_pieces/pdf/xml/Les Yeux Sorciers (Ojos Brujos) by Leo Brouwer.musicxml,,0.0031055900621118,0.6580645161290323,3,1.8722741433021808,0.4613970588235294,0.3870967741935484,0.6884735202492211,5,0.0,1.6925465838509317,545,60.0,6.302618975744905,2.6660550458715595,7.0,0.1082568807339449,0.326605504587156,2.0,0.4937888198757764,2.4339622641509435,0.5094339622641509,0.2990654205607476,12.0,2.1002166694071582,2.9547515185990934,2.5346750526198227,0.1806853582554517,2.0,10.733333333333333,5.875,1.8928571428571428,4.0,5.807632398753894,144.0,6.533424617609617,True,0.0,0.0,0.0,0.2857142857142857,0.0795454545454545,0.0568181818181818,0.5,0.9204545454545454,0.0984848484848484,0.4848484848484848,1.0,1.8125,1.5556532626884083,0.0378787878787878,6.0,68.0,17.0
1,Dos trompetas de la reina de Suecia (Two Trumpets of the Swedish Queen),Gaspar Sanz,2,2,VII,Baroque,found,pdf,pdf-20260524T103936Z-3-001/pdf/Dos Trompetas de la Reina de Suecia by Gaspar Sanz.pdf,,,,verified_pieces/pdf/xml/Dos Trompetas de la Reina de Suecia by Gaspar Sanz.musicxml,,0.0,0.4,2,2.101851851851852,0.5921052631578947,0.0588235294117647,0.1481481481481481,1,0.0,1.4,77,120.0,4.356708826689592,3.4805194805194803,9.0,0.2077922077922078,0.2467532467532467,1.1000000000000014,0.3636363636363636,2.3,0.75,0.3888888888888889,6.5,1.7837476923331894,2.790379549319586,2.392394348452386,0.1481481481481481,1.0,6.15,1.5,0.3166666666666666,1.1000000000000014,2.055555555555556,6.5,1.7966666666666666,True,0.0,0.0,0.0,0.0,0.2363636363636363,0.0545454545454545,1.0,0.8181818181818182,0.1454545454545454,0.6727272727272727,0.0,2.5,1.0263718150263603,0.0181818181818181,4.0,15.0,5.0
1,Douze Etudes - Etude No. 10,Heitor Villa-Lobos,13,7,X,Modern,found,pdf,pdf-20260524T103936Z-3-001/pdf/Etude No 10 by Heitor Villa-Lobos.pdf,,,,verified_pieces/pdf/xml/Etude No 10 by Heitor Villa-Lobos.musicxml,,0.0,0.8228571428571428,2,2.628064275037369,0.6134185303514377,0.1857835218093699,0.2780269058295964,5,0.0,1.4031354983202688,1253,85.0,7.134093721192866,4.340782122905028,9.0,0.2841181165203512,0.2593774940143655,2.0,0.1959686450167973,2.6514285714285712,0.3085714285714285,0.3834080717488789,14.0,2.2587324899686374,3.2272125129232743,2.496020881119214,0.116591928251121,2.0,8.0,7.5625,2.735632183908046,8.0,10.10198056801196,36.0,6.10593889088881,True,0.0,0.0,0.0011534025374855,0.0,0.0149942329873125,0.0046136101499423,0.25,0.7635524798154556,0.1764705882352941,0.8235294117647058,1.0,4.0,0.901962667808318,0.0138408304498269,6.0,45.0,16.0
1,Douze Etudes - Etude No. 12,Heitor Villa-Lobos,14,8,XII,Modern,found,pdf,pdf-20260524T103936Z-3-001/pdf/Etude No 12 In Am by Heitor Villa-Lobos.pdf,,,,verified_pieces/pdf/xml/Etude No 12 In Am by Heitor Villa-Lobos.musicxml,,0.0625850340136054,0.8724489795918368,6,1.240213442325159,0.1777408637873754,0.4915254237288136,0.1198910081743869,2,0.0,2.458503401360544,1807,180.0,7.4999765409521215,4.625345877144438,11.0,0.3154399557277255,0.2324294410625345,2.0,0.8122448979591836,2.0268006700167502,0.1139028475711892,0.167574931880109,14.0,2.348408702312726,3.536524609889729,2.4757167047609627,0.547683923705722,5.863636363636363,14.0,9.625,2.389551391254969,6.0,4.196321525885558,58.66666666666667,13.6929782970788,True,0.0,0.0,0.0013888888888888,0.296,0.1361111111111111,0.1611111111111111,0.5,0.7027777777777777,0.1375,0.3472222222222222,1.0,1.75,0.8330256079155425,0.2444444444444444,8.0,57.0,17.0
1,Douze Etudes - Etude No. 3,Heitor Villa-Lobos,14,7,XII,Modern,found,pdf,pdf-20260524T103936Z-3-001/pdf/Etude No 3 by Heitor Villa-Lobos.pdf,,,,verified_pieces/pdf/xml/Etude No 3 by Heitor Villa-Lobos.musicxml,,0.0237154150197628,1.0434782608695652,3,1.883267195767196,0.673972602739726,0.2471264367816092,0.2222222222222222,2,0.0,1.4466403162055337,366,108.0,5.905361848054571,4.03551912568306,9.5,0.2076502732240437,0.1693989071038251,3.0,0.1818181818181818,3.239130434782609,0.8260869565217391,0.242063492063492,8.0,1.423657276073681,3.39321817565506,2.4779758326961883,0.0,2.333333333333333,7.5,5.75,3.111111111111111,8.0,7.307208994708994,32.0,7.6734834163945695,True,0.0,0.0039525691699604,0.0039525691699604,0.0,0.0513833992094861,0.0079051383399209,0.25,0.91699604743083,0.1106719367588932,0.8260869565217391,0.0,1.75,1.10057327992856,0.067193675889328,4.0,41.0,19.0
1,Douze Etudes - Etude No. 4,Heitor Villa-Lobos,12,9,All,Modern,found,pdf,pdf-20260524T103936Z-3-001/pdf/Etude No 4 in G by Heitor Villa Lobos.pdf,,,,verified_pieces/pdf/xml/Etude No 4 in G by Heitor Villa Lobos.musicxml,,0.1475972540045766,1.338095238095238,20,0.5888697976326841,0.0791822631730492,0.0,0.0011454753722794,1,0.0,3.9748283752860414,3474,44.0,8.153349757998892,3.885434657455383,9.0,0.2193436960276338,0.2864133563615429,2.0,0.9725400457665904,3.3494117647058825,0.2141176470588235,0.0927835051546391,9.25,1.260258360220095,3.361184023472698,2.496153878663278,0.6471935853379153,2.380952380952381,6.25,20.25,4.99761620977354,8.0,2.30307369224895,37.0,61.6453293559987,True,0.0584192439862542,0.0332187857961053,0.0767468499427262,0.16,0.0733104238258877,0.0343642611683848,0.25,0.9896907216494846,0.0446735395189003,0.2050400916380297,0.0,1.75,1.4381869634106883,0.120274914089347,4.0,127.0,44.0
1,Douze Etudes - Etude No. 5,Heitor Villa-Lobos,11,7,XII,Modern,found,pdf,pdf-20260524T103936Z-3-001/pdf/Bachiana Brasileiras No 5 by Heitor Villa Lobos.pdf,,,,verified_pieces/pdf/xml/Bachiana Brasileiras No 5 by Heitor Villa Lobos.musicxml,,0.0,0.9693877551020408,5,1.2298404484691676,0.4351279788172992,0.7474120082815735,0.944372574385511,4,0.0,1.4651162790697674,1134,38.0,7.034387929915503,2.8527336860670194,7.0,0.1225749559082892,0.281305114638448,2.0,0.276485788113695,2.425233644859813,0.2616822429906542,0.1849935316946959,7.0,1.3947997900587104,2.934565495495805,2.424228277064155,0.2496765847347994,2.0,6.0,12.9375,8.7966472303207,16.0,7.972170886465841,101.33333333333331,9.538238165569378,True,0.0,0.0,0.0016051364365971,0.0,0.0609951845906902,0.0706260032102728,0.25,0.7207062600321027,0.1444622792937399,0.8073836276083467,1.0,1.6875,0.8063585953071494,0.0770465489566613,8.0,50.0,18.0
1,Douze Etudes - Etude No. 6,Heitor Villa-Lobos,9,8,XII,Modern,found,pdf,pdf-20260524T103936Z-3-001/pdf/Etude No 6 in Em by Heitor Villa Lobos.pdf,,,,verified_pieces/pdf/xml/Etude No 6 in Em by Heitor Villa Lobos.musicxml,,0.0165745856353591,3.660944206008584,21,2.7424746075715607,0.351578947368421,0.7142857142857143,1.451523545706371,4,0.0,2.62707182320442,951,100.0,6.858565034791365,4.643533123028392,10.0,0.2660357518401682,0.1808622502628812,19.80000000000001,0.6629834254143646,2.645833333333333,0.5541666666666667,0.4376731301939058,12.333333333333334,2.643736449483772,3.538107748944765,2.476950368151312,0.038781163434903,10.05,11.333333333333334,9.0,7.483547925608012,20.0,8.938935056940597,49.333333333333336,17.648355347407705,True,0.1034482758620689,0.0402298850574712,0.057471264367816,0.2394366197183098,0.0402298850574712,0.0718390804597701,0.25,0.5747126436781609,0.1293103448275862,0.3477011494252873,1.0,1.75,0.7548027668275404,0.1551724137931034,5.0,90.0,27.0
1,Douze Etudes - Etude No. 7,Heitor Villa-Lobos,13,7,All,Modern,found,pdf,pdf-20260524T103936Z-3-001/pdf/Etude No 7 in E by Heitor Villa Lobos.pdf,,,,verified_pieces/pdf/xml/Etude No 7 in E by Heitor Villa Lobos.musicxml,,0.0772797527047913,1.1304347826086956,6,2.377554179566564,0.5641821946169773,0.5427927927927928,0.7368421052631579,3,0.0,1.4945904173106646,967,120.0,6.875232087276577,4.334022750775595,9.0,0.2378490175801448,0.1623578076525336,3.0,0.2148377125193199,3.3309352517985613,0.4532374100719424,0.3034055727554179,13.0,2.697855402671604,3.445877120966617,2.4420304408528617,0.0557275541795665,5.5,13.0,5.75,3.214285714285714,8.0,9.057619539043689,208.0,6.534134765931224,True,0.0016313213703099,0.0,0.0,0.3,0.0146818923327895,0.0456769983686786,0.25,0.7781402936378466,0.1092985318107667,0.8156606851549756,0.0,2.75,0.6731966618347142,0.0456769983686786,9.0,58.0,17.0
1,Douze Etudes - Etude No. 8,Heitor Villa-Lobos,12,8,X,Modern,found,pdf,pdf-20260524T103936Z-3-001/pdf/Etude No 8 in E by Heitor Villa-Lobos.pdf,,,,verified_pieces/pdf/xml/Etude No 8 in E by Heitor Villa-Lobos.musicxml,,0.0164835164835164,1.2826086956521738,3,1.4969696969696968,0.5027624309392266,0.6383928571428571,0.6666666666666666,3,0.0,1.4945054945054943,544,80.0,6.300785794663244,5.150735294117647,9.0,0.375,0.1158088235294117,3.0,0.2554945054945055,2.5806451612903225,0.5913978494623656,0.1928374655647383,7.0,1.6791401920363245,3.158559586514266,2.503545113837191,0.1349862258953168,3.0,7.0,6.375,3.8985507246376807,8.0,5.4648301193755735,48.0,5.495638286512811,True,0.0,0.0,0.0157232704402515,0.125,0.0754716981132075,0.0345911949685534,0.25,0.4716981132075472,0.1289308176100629,0.7232704402515723,0.0,1.9375,0.9534966781670204,0.0440251572327044,9.0,56.0,15.0
1,Dove son quei fieri occhi?,Anonymous,5,3,V,Renaissance,found,pdf,pdf-20260524T103936Z-3-001/pdf/Dove Son Quei Fieri Occhi by Anonymous.pdf,,,,verified_pieces/pdf/xml/Dove Son Quei Fieri Occhi by Anonymous.musicxml,,0.0571428571428571,1.0851063829787233,2,1.1280193236714977,0.3475609756097561,0.3,0.1159420289855072,2,0.0,2.357142857142857,165,100.0,5.111987788356544,1.7212121212121212,4.0,0.0121212121212121,0.2666666666666666,2.0,0.6714285714285714,2.425531914893617,0.5319148936170213,0.144927536231884,4.0,1.0730729000873882,2.405383329805716,2.2575802726699776,0.1739130434782608,1.5454545454545454,3.866666666666665,3.125,1.2173913043478262,3.0,1.6304347826086956,8.0,5.71953781512605,True,0.0,0.0147058823529411,0.0,0.0,0.3382352941176471,0.25,1.0,0.4705882352941176,0.1176470588235294,0.4117647058823529,1.0,3.5,1.4882152603664252,0.4264705882352941,4.0,27.0,8.0
1,Einleitende Etuden (Introductory Studies); Op. 60 no. 1,Fernando Sor,1,1,I,Classical,found,pdf,pdf-20260524T103936Z-3-001/pdf/Opus 60 No 1 by Fernando Sor.pdf,,,,verified_pieces/pdf/xml/Opus 60 No 1 by Fernando Sor.musicxml,,0.0,0.0,0,1.6436781609195403,0.8225806451612904,0.6666666666666666,0.9827586206896552,5,0.0,1.0677966101694916,63,150.0,4.158883083359672,1.1746031746031746,3.0,0.0,0.4444444444444444,0.0,0.0338983050847457,2.0,1.0,0.3103448275862069,3.0,1.0299389353723118,1.8300263952353129,2.268881474994745,0.0,0.0,3.0,1.125,0.0,0.0,1.6178160919540232,3.0,1.1028063350930817,True,0.0,0.0,0.0,0.0,0.0338983050847457,0.0,1.0,0.9491525423728814,0.2711864406779661,0.9661016949152542,0.0,1.0,1.521435923227085,0.0338983050847457,2.0,10.0,2.0
1,Einleitende Etuden (Introductory Studies); Op. 60 no. 10,Fernando Sor,2,1,I,Classical,found,pdf,pdf-20260524T103936Z-3-001/pdf/Opus 60 No 10 by Fernando Sor.pdf,,,,verified_pieces/pdf/xml/Opus 60 No 10 by Fernando Sor.musicxml,,0.0,0.0,0,1.5304347826086957,0.7983193277310925,0.8715596330275229,1.7826086956521738,5,0.0,1.0344827586206895,120,120.0,4.795790545596741,1.2583333333333333,3.0,0.0,0.4166666666666667,0.0,0.0258620689655172,3.333333333333333,1.0,0.2521739130434782,3.0,1.0514729968658236,1.874237731705636,2.4413253927799228,0.0260869565217391,0.0,3.0,2.125,0.0,0.0,2.869565217391304,6.0,1.9704433497536944,True,0.0,0.0,0.0,,0.0086206896551724,0.0086206896551724,0.5,0.896551724137931,0.2844827586206896,0.9741379310344828,0.0,0.5,1.5120493047278554,0.0,2.0,12.0,4.0
1,Einleitende Etuden (Introductory Studies); Op. 60 no. 11,Fernando Sor,3,2,III,Classical,found,pdf,pdf-20260524T103936Z-3-001/pdf/Opus 60 No 11 by Fernando Sor.pdf,,,,verified_pieces/pdf/xml/Opus 60 No 11 by Fernando Sor.musicxml,,0.0,0.5,1,1.4941176470588236,0.7687861271676301,0.891566265060241,1.2058823529411764,3,0.0,1.0175438596491229,174,120.0,5.1647859739235145,1.3218390804597702,3.0,0.0,0.4540229885057471,0.9,0.0116959064327485,2.0,1.0,0.2117647058823529,5.0,1.2150868224777889,2.0758492839960163,1.9216272485431825,0.0,1.0,4.0,2.0,0.3333333333333333,0.6,2.909803921568628,10.0,1.873572820941242,True,0.0,0.0,0.0,,0.0116959064327485,0.0,0.5,0.9415204678362572,0.3508771929824561,0.9883040935672516,0.0,1.0,1.3159199935590942,0.0,3.0,12.0,2.0
1,Einleitende Etuden (Introductory Studies); Op. 60 no. 13,Fernando Sor,3,2,I,Classical,found,pdf,pdf-20260524T103936Z-3-001/pdf/Opus 60 No 13 by Fernando Sor.pdf,,,,verified_pieces/pdf/xml/Opus 60 No 13 by Fernando Sor.musicxml,,0.0,0.5740740740740741,2,1.4928315412186377,0.5297619047619048,0.6,0.5806451612903226,2,0.0,1.797872340425532,169,100.0,5.135798437050262,1.2958579881656804,3.0,0.0,0.4023668639053254,1.0,0.7340425531914894,2.217391304347826,0.2898550724637681,0.2150537634408602,3.0,0.8658232656934919,1.9009487242769672,2.257810367393154,0.021505376344086,1.5,3.0,3.875,1.1320754716981132,2.0,2.980286738351254,6.0,6.464689904934359,True,0.0,0.0,0.0,0.0,0.4042553191489361,0.2872340425531915,0.5,0.9893617021276596,0.2127659574468085,0.3617021276595745,0.0,0.5,1.543082287308034,0.0425531914893617,2.0,18.0,6.0
1,Einleitende Etuden (Introductory Studies); Op. 60 no. 14,Fernando Sor,3,3,III,Classical,found,pdf,pdf-20260524T103936Z-3-001/pdf/Opus 60 No 14 in E Minor by Fernando Sor.pdf,,,,verified_pieces/pdf/xml/Opus 60 No 14 in E Minor by Fernando Sor.musicxml,,0.0,0.7352941176470589,9,1.3015873015873016,0.4758620689655172,0.6666666666666666,0.5952380952380952,4,0.0,1.7176470588235293,146,120.0,4.990432586778736,1.1164383561643836,3.0,0.0068493150684931,0.4726027397260274,1.6999999999999993,0.5176470588235295,2.340909090909091,0.6818181818181818,0.1428571428571428,4.333333333333333,1.0097003689070465,1.9191332697627403,2.4318571053523894,0.0119047619047619,4.5,4.25,2.75,0.7647058823529411,2.0,1.8538359788359788,10.0,3.4352941176470586,True,0.0,0.0,0.0,0.0909090909090909,0.1764705882352941,0.2588235294117647,1.0,0.6705882352941176,0.1529411764705882,0.4823529411764706,1.0,1.75,1.0447358395428052,0.1176470588235294,5.0,27.0,7.0
1,Einleitende Etuden (Introductory Studies); Op. 60 no. 15,Fernando Sor,3,3,II,Classical,found,pdf,pdf-20260524T103936Z-3-001/pdf/Opus 60 No 15 by Fernando Sor.pdf,,,,verified_pieces/pdf/xml/Opus 60 No 15 by Fernando Sor.musicxml,,0.0,0.7142857142857143,5,1.3010752688172045,0.625,0.8787878787878788,1.2903225806451613,4,0.0,1.202127659574468,113,120.0,4.736198448394496,1.5575221238938053,4.0,0.0088495575221238,0.336283185840708,1.0,0.1489361702127659,1.6428571428571428,0.5714285714285714,0.064516129032258,5.5,1.0623507174673077,2.0223089163294614,2.4240750519843184,0.032258064516129,5.0,4.224999999999998,2.125,0.5641025641025641,1.7333333333333345,2.193548387096774,8.0,1.9268145465519844,True,0.0,0.0,0.0,0.0,0.0638297872340425,0.0319148936170212,0.5,0.7340425531914894,0.2127659574468085,0.8617021276595744,0.0,1.0,1.365235121189941,0.0106382978723404,3.0,15.0,6.0
1,Einleitende Etuden (Introductory Studies); Op. 60 no. 16,Fernando Sor,6,3,VII,Classical,found,pdf,pdf-20260524T103936Z-3-001/pdf/Opus 60 No 16 by Fernando Sor.pdf,,,,verified_pieces/pdf/xml/Opus 60 No 16 by Fernando Sor.musicxml,,0.0,0.7941176470588235,3,1.568870523415978,0.5495750708215298,0.4545454545454545,0.7024793388429752,4,0.0,1.4567901234567902,354,70.0,5.872117789475416,1.6412429378531073,4.0,0.0028248587570621,0.403954802259887,2.0,0.3703703703703703,1.7333333333333334,0.4111111111111111,0.2975206611570248,5.0,1.2197053305731889,2.217458646593757,2.2625251012273413,0.0950413223140495,1.125,4.166666666666666,4.0,1.6176470588235294,4.0,4.421487603305785,48.0,4.733941055226196,True,0.0,0.0258620689655172,0.0,0.0,0.1767241379310344,0.1163793103448275,0.5,0.8103448275862069,0.2241379310344827,0.625,0.0,0.9375,1.235820564144474,0.0344827586206896,5.0,33.0,10.0
1,Einleitende Etuden (Introductory Studies); Op. 60 no. 17,Fernando Sor,4,2,II,Classical,found,pdf,pdf-20260524T103936Z-3-001/pdf/Opus 60 No 17 by Fernando Sor.pdf,,,,verified_pieces/pdf/xml/Opus 60 No 17 by Fernando Sor.musicxml,,0.0,0.0,0,1.4883720930232558,0.8009259259259259,0.976525821596244,2.2232558139534886,5,0.0,1.0046296296296295,217,110.0,5.384495062789089,1.3225806451612905,3.0,0.0,0.3686635944700461,0.0,0.0046296296296296,1.0,1.0,0.2325581395348837,3.0,1.0526178445490373,1.9784979446983144,2.458687899630112,0.0,0.0,3.0,4.0,0.0,0.0,5.869767441860465,12.0,3.9637205387205374,True,0.0,0.0,0.0,,0.0,0.0,0.25,0.9814814814814816,0.2407407407407407,1.0,0.0,0.75,1.5160421432203257,0.0,3.0,9.0,1.0
1,Einleitende Etuden (Introductory Studies); Op. 60 no. 18,Fernando Sor,4,3,II,Classical,found,pdf,pdf-20260524T103936Z-3-001/pdf/Opus 60 No 18 by Fernando Sor.pdf,,,,verified_pieces/pdf/xml/Opus 60 No 18 by Fernando Sor.musicxml,,0.0,0.5769230769230769,2,1.176079734219269,0.673352435530086,0.9882352941176472,1.4318936877076411,4,0.0,1.1589403973509933,350,108.0,5.860786223465865,1.4142857142857144,3.0,0.0,0.2771428571428571,1.5,0.086092715231788,3.5384615384615383,0.3846153846153846,0.1196013289036544,4.0,0.9505365520173756,2.0937075127112688,2.3794643540114286,0.0066445182724252,2.0,3.0,3.375,0.7307692307692307,1.0,3.801079734219269,12.0,3.1444119307972684,True,0.0,0.0,0.0,0.0,0.0333333333333333,0.01,0.25,0.7566666666666667,0.18,0.92,1.0,3.75,1.0400193315190132,0.0233333333333333,6.0,21.0,7.0
1,Einleitende Etuden (Introductory Studies); Op. 60 no. 19,Fernando Sor,3,2,III,Classical,found,pdf,pdf-20260524T103936Z-3-001/pdf/Opus 60 No 19 by Fernando Sor.pdf,,,,verified_pieces/pdf/xml/Opus 60 No 19 by Fernando Sor.musicxml,,0.0,0.8333333333333334,4,1.4014675052410903,0.4953271028037383,0.234375,0.710691823899371,2,0.0,1.34375,215,120.0,5.375278407684165,1.1255813953488372,3.0,0.0046511627906976,0.5581395348837209,1.8999999999999984,0.30625,1.9387755102040816,0.4489795918367347,0.2830188679245283,5.0,1.3822542375576128,1.9624825376466328,2.1863267381912044,0.270440251572327,1.8571428571428568,5.0,2.875,1.6666666666666667,3.799999999999997,2.8029350104821806,10.0,3.5888975155279503,True,0.0,0.01875,0.0,0.0,0.10625,0.175,0.5,0.99375,0.4375,0.69375,0.0,1.0,1.2517445365554414,0.01875,2.0,19.0,5.0
1,Einleitende Etuden (Introductory Studies); Op. 60 no. 2,Fernando Sor,1,1,I,Classical,found,pdf,pdf-20260524T103936Z-3-001/pdf/Opus 60 No 2 by Fernando Sor.pdf,,,,verified_pieces/pdf/xml/Opus 60 No 2 by Fernando Sor.musicxml,,0.0,0.75,2,1.5078125,0.7985074626865671,0.5702479338842975,0.75,3,0.0,1.0465116279069768,135,150.0,4.912654885736052,1.162962962962963,3.0,0.0,0.4074074074074074,1.7000000000000002,0.0465116279069767,2.333333333333333,1.0,0.203125,3.0,0.9921259823448584,1.827846426386988,1.8110328528713773,0.0390625,2.0,3.0,1.375,0.3333333333333333,0.8,1.91015625,6.0,1.2075134168157424,True,0.0,0.0,0.0,,0.0232558139534883,0.0155038759689922,1.0,0.6821705426356589,0.2015503875968992,0.9612403100775194,0.0,1.5,1.32840725216946,0.0,3.0,14.0,3.0
1,Einleitende Etuden (Introductory Studies); Op. 60 no. 20,Fernando Sor,3,2,III,Classical,found,pdf,pdf-20260524T103936Z-3-001/pdf/Opus 60 No 20 by Fernando Sor.pdf,,,,verified_pieces/pdf/xml/Opus 60 No 20 by Fernando Sor.musicxml,,0.0,0.0,0,5.22911051212938,0.7762803234501348,0.692722371967655,0.935309973045822,3,0.0,1.0,372,80.0,5.921578419643816,4.693548387096774,22.0,0.1451612903225806,0.282258064516129,0.0,0.0,0.0,0.0,0.4824797843665768,22.0,7.253500986923616,2.2957455207979005,1.796362936857166,0.1590296495956873,0.0,22.0,3.8125,0.0,0.0,16.22911051212938,88.0,3.1,True,0.0,0.0,0.0,,0.0,0.0,0.25,0.8735955056179775,0.2752808988764045,1.0,1.0,0.75,0.9028943725481184,0.0,4.0,12.0,1.0
1,Einleitende Etuden (Introductory Studies); Op. 60 no. 21,Fernando Sor,8,4,X,Classical,found,pdf,pdf-20260524T103936Z-3-001/pdf/Opus 60 No 21 by Fernando Sor.pdf,,,,verified_pieces/pdf/xml/Opus 60 No 21 by Fernando Sor.musicxml,,0.0,1.32,11,1.566137566137566,0.4906367041198501,0.2790697674418604,0.6349206349206349,2,0.0,1.4105263157894736,268,120.0,5.594711379601839,1.2761194029850746,3.0,0.0149253731343283,0.5111940298507462,2.0,0.2736842105263158,2.25,0.5,0.2539682539682539,6.5,1.5908338123710175,2.022701271030641,2.0971731359837045,0.2751322751322751,4.0,6.5,3.3125,2.586666666666667,4.0,3.1252204585537915,13.0,3.958335629650041,True,0.0,0.0,0.0,0.0,0.1421052631578947,0.0736842105263157,0.5,0.9947368421052633,0.5894736842105263,0.7368421052631579,0.0,1.0,1.1498223953782896,0.0210526315789473,2.0,28.0,9.0
1,Einleitende Etuden (Introductory Studies); Op. 60 no. 23,Fernando Sor,8,4,VI,Classical,found,pdf,pdf-20260524T103936Z-3-001/pdf/Opus 60 No 23 by Fernando Sor.pdf,,,,verified_pieces/pdf/xml/Opus 60 No 23 by Fernando Sor.musicxml,,0.0,1.0,2,2.4038461538461537,0.675531914893617,0.9130434782608696,1.5,5,0.0,1.2038216560509554,189,90.0,5.247024072160486,2.417989417989418,7.0,0.1164021164021164,0.4021164021164021,2.0,0.2038216560509554,2.53125,0.53125,0.4038461538461538,10.0,2.264635721410915,2.763312952781562,2.162215348393638,0.0512820512820512,1.2352941176470589,8.649999999999997,5.125,4.0,8.0,9.57051282051282,40.0,5.112860516710799,True,0.0,0.0,0.0,,0.0718954248366013,0.0915032679738562,0.25,0.9281045751633988,0.2745098039215686,0.8104575163398693,0.0,2.0,0.8992966991451473,0.0,4.0,22.0,4.0
1,Einleitende Etuden (Introductory Studies); Op. 60 no. 24,Fernando Sor,5,3,V,Classical,found,pdf,pdf-20260524T103936Z-3-001/pdf/Opus 60 No 24 by Fernando Sor.pdf,,,,verified_pieces/pdf/xml/Opus 60 No 24 by Fernando Sor.musicxml,,0.0,1.3902439024390243,6,1.7601246105919002,0.6863468634686347,0.9370629370629372,1.0934579439252337,4,0.0,1.2651162790697674,272,100.0,5.60947179518496,1.8602941176470589,3.0,0.0110294117647058,0.2610294117647059,3.0,0.2093023255813953,2.355555555555556,0.4888888888888889,0.2336448598130841,5.5,1.2328106937784171,2.333385202024753,2.090953011657619,0.014018691588785,3.0,5.0,2.75,1.3902439024390243,3.0,5.034657320872274,16.0,3.1001047559187094,True,0.0,0.0093023255813953,0.0,0.0,0.0511627906976744,0.0837209302325581,0.25,0.6604651162790698,0.2325581395348837,0.8093023255813954,1.0,1.75,1.3332895117962946,0.027906976744186,4.0,22.0,9.0
1,Einleitende Etuden (Introductory Studies); Op. 60 no. 25,Fernando Sor,7,5,II,Classical,found,pdf,pdf-20260524T103936Z-3-001/pdf/Opus 60 No 25 by Fernando Sor.pdf,,,,verified_pieces/pdf/xml/Opus 60 No 25 by Fernando Sor.musicxml,,0.0091743119266055,0.6829268292682927,3,1.8410493827160497,0.4467005076142132,0.4791666666666667,0.3981481481481481,2,0.0,1.81651376146789,198,60.0,5.293304824724492,1.5454545454545454,4.0,0.0101010101010101,0.4494949494949495,2.0,0.3761467889908257,3.2195121951219514,0.4634146341463415,0.3055555555555556,6.5,1.3431131033017791,2.076941173767349,2.479928910810369,0.1018518518518518,1.1,4.3666666666666645,4.8125,1.7154471544715446,4.0,5.308127572016462,16.0,7.229542206445069,True,0.0,0.0194174757281553,0.1067961165048543,0.0,0.087378640776699,0.029126213592233,0.25,0.4271844660194174,0.1553398058252427,0.6699029126213593,0.0,0.75,1.130403470333416,0.087378640776699,4.0,26.0,10.0
1,Einleitende Etuden (Introductory Studies); Op. 60 no. 3,Fernando Sor,1,1,II,Classical,found,pdf,pdf-20260524T103936Z-3-001/pdf/Opus 60 No 3 by Fernando Sor.pdf,,,,verified_pieces/pdf/xml/Opus 60 No 3 by Fernando Sor.musicxml,,0.0,0.0,0,2.1043478260869564,0.9565217391304348,0.4869565217391304,0.6260869565217392,3,0.0,1.0,116,150.0,4.762173934797756,1.7413793103448276,3.5,0.0,0.3362068965517241,0.0,0.0,0.0,0.0,0.3304347826086956,4.0,0.9359850708905868,2.0860832925278894,1.9114343769326512,0.008695652173913,0.0,4.0,1.4375,0.0,0.0,2.9217391304347826,8.0,1.2473118279569892,True,0.0,0.0,0.0,,0.0,0.0,1.0,0.6347826086956522,0.1826086956521739,1.0,0.0,0.5,1.2007885381010022,0.0,2.0,11.0,1.0
1,Einleitende Etuden (Introductory Studies); Op. 60 no. 4,Fernando Sor,1,2,I,Classical,found,pdf,pdf-20260524T103936Z-3-001/pdf/Opus 60 No 4 by Fernando Sor.pdf,,,,verified_pieces/pdf/xml/Opus 60 No 4 by Fernando Sor.musicxml,,0.0,0.0,0,1.5725806451612905,0.8387096774193549,0.4112903225806452,0.5483870967741935,3,0.0,1.0,125,150.0,4.836281906951478,1.536,3.0,0.0,0.296,0.0,0.0,0.0,0.0,0.2419354838709677,4.0,1.0863774302311848,2.045713442404688,2.141946792943626,0.1370967741935483,0.0,4.0,2.0625,0.0,0.0,3.360215053763441,16.0,1.7667844522968197,True,0.0,0.0,0.0,,0.0,0.0,0.5,0.3486238532110092,0.2201834862385321,1.0,1.0,0.75,1.2685616830264537,0.0,4.0,11.0,1.0
1,Einleitende Etuden (Introductory Studies); Op. 60 no. 5,Fernando Sor,2,2,II,Classical,found,pdf,pdf-20260524T103936Z-3-001/pdf/Opus 60 No 5 by Fernando Sor.pdf,,,,verified_pieces/pdf/xml/Opus 60 No 5 by Fernando Sor.musicxml,,0.0,2.5,5,1.6956521739130437,0.8009478672985783,0.7286432160804021,1.5072463768115942,5,0.0,1.0192307692307692,212,120.0,5.3612921657094255,1.19811320754717,3.0,0.0047169811320754,0.4669811320754717,4.5,0.0192307692307692,2.75,0.75,0.251207729468599,5.0,1.17198804415206,2.018755229857068,2.238851975281134,0.038647342995169,5.0,5.0,2.0625,5.0,9.0,3.256038647342995,10.0,1.823433950016228,True,0.0,0.0,0.0,,0.0,0.0,0.5,0.9278846153846154,0.2451923076923076,0.9903846153846154,0.0,1.0,1.041385072439559,0.0,2.0,12.0,2.0
1,Einleitende Etuden (Introductory Studies); Op. 60 no. 6,Fernando Sor,2,2,I,Classical,found,pdf,pdf-20260524T103936Z-3-001/pdf/Opus 60 No 6 by Fernando Sor.pdf,,,,verified_pieces/pdf/xml/Opus 60 No 6 by Fernando Sor.musicxml,,0.0,0.4,2,1.3923076923076922,0.7304964539007093,0.7339449541284404,1.3692307692307693,5,0.0,1.083969465648855,142,70.0,4.962844630259907,1.1267605633802815,3.0,0.0,0.4577464788732394,1.0999999999999996,0.0839694656488549,2.363636363636364,0.9090909090909092,0.2,4.0,1.084833584161849,1.8676355303183267,2.335354623477849,0.0538461538461538,1.0,4.0,2.3125,0.8,2.2,3.2153846153846155,48.0,2.423994710584841,True,0.0,0.0,0.0,,0.0310077519379844,0.0155038759689922,0.5,0.9844961240310076,0.2093023255813953,0.937984496124031,0.0,0.3125,0.9062186043192304,0.0,3.0,16.0,4.0
1,Einleitende Etuden (Introductory Studies); Op. 60 no. 9,Fernando Sor,3,2,I,Classical,found,pdf,pdf-20260524T103936Z-3-001/pdf/Opus 60 No 9 by Fernando Sor.pdf,,,,verified_pieces/pdf/xml/Opus 60 No 9 by Fernando Sor.musicxml,,0.0,2.0,5,1.576271186440678,0.7364341085271318,0.9375,1.2033898305084745,4,0.0,1.092436974789916,130,120.0,4.875197323201151,1.0615384615384615,3.0,0.0153846153846153,0.5384615384615384,4.2,0.0924369747899159,1.3636363636363635,0.7272727272727273,0.2966101694915254,5.5,1.2865456289115724,1.911479177004024,2.011627389106459,0.0,4.0,5.35,2.25,4.0,8.4,3.042372881355932,11.0,2.290593656817565,True,0.0,0.0,0.0,,0.0168067226890756,0.0168067226890756,0.5,0.9411764705882352,0.3697478991596639,0.9495798319327732,0.0,0.5,1.0519211077185162,0.0,2.0,13.0,4.0
1,El Amable,Jose Ferrer,4,2,II,Romantic,found,pdf,pdf-20260524T103936Z-3-001/pdf/El Amable by Jose Ferrer.pdf,,,,verified_pieces/pdf/xml/El Amable by Jose Ferrer.musicxml,,0.0278745644599303,0.4545454545454545,9,2.377622377622377,0.4855233853006681,0.3039215686274509,0.7552447552447552,5,0.0,1.56794425087108,450,84.0,6.111467339502679,1.991111111111111,3.0,0.0288888888888888,0.3244444444444444,1.0,0.4564459930313589,1.8396946564885497,0.2900763358778626,0.1678321678321678,22.0,4.589266177057235,2.087745850977228,2.454035232158194,0.1503496503496503,3.0,21.816666666666663,4.625,0.8833333333333333,4.0,5.507825507825508,88.0,5.655911125386662,True,0.0,0.0,0.0,0.0625,0.1992481203007518,0.056390977443609,0.5,0.6654135338345865,0.1954887218045112,0.5488721804511278,0.0,2.75,1.1915543227844687,0.056390977443609,5.0,32.0,11.0
1,El Decameron Negro: I. La Arpa Del Guerrero,Leo Brouwer,12,7,IX,Modern,found,pdf,pdf-20260524T103936Z-3-001/pdf/El Decameron Negro by Leo Brouwer.pdf,,,,verified_pieces/pdf/xml/El Decameron Negro by Leo Brouwer.musicxml,,0.0,1.8235294117647056,4,2.134172387490465,0.6545820745216515,0.6035578144853876,1.0812356979405031,5,0.0,1.136,994,200.0,6.902742737158593,3.754527162977867,8.0,0.2193158953722334,0.2293762575452716,3.0,0.0594285714285714,3.4615384615384617,0.5384615384615384,0.3821510297482837,11.0,2.141894692418359,3.325483857480762,2.4421216127521927,0.1327231121281464,3.0,10.0,3.125,2.2133333333333334,4.0,4.181432748538011,96.0,2.171507692307692,True,0.0,0.0,0.0,0.0,0.0036496350364963,0.0012165450121654,0.5,0.9038929440389294,0.1532846715328467,0.9452554744525548,0.0,4.3125,1.2985726784950762,0.0182481751824817,10.0,36.0,17.0
1,El Marabino (Valse Venezolano),Antonio Lauro,12,5,All,Modern,found,pdf,pdf-20260524T103936Z-3-001/pdf/El Marabino by Antonio Lauro.pdf,,,,verified_pieces/pdf/xml/El Marabino by Antonio Lauro.musicxml,,0.024390243902439,0.7931034482758621,3,2.1877551020408164,0.6224188790560472,0.65,0.9387755102040816,4,0.0,1.3821138211382114,340,156.0,5.831882477283517,3.194117647058824,7.0,0.1705882352941176,0.2676470588235294,2.0,0.2560975609756097,2.746031746031746,0.5555555555555556,0.3142857142857143,10.5,2.206593848373624,2.9681915694522454,2.444691424165865,0.0448979591836734,3.0,10.491666666666667,2.875,1.1695906432748535,4.0,4.228798185941042,64.0,3.165768078733419,True,0.0,0.0,0.0084388185654008,0.0,0.0548523206751054,0.0379746835443038,0.5,0.7848101265822784,0.1687763713080168,0.8016877637130801,0.0,1.1875,1.2075717267140509,0.0295358649789029,4.0,33.0,12.0
1,Endecha,Francisco Tarrega,6,6,X,Romantic,found,pdf,pdf-20260524T103936Z-3-001/pdf/tarrega-endecha.pdf,,,,verified_pieces/pdf/xml/tarrega-endecha.musicxml,,0.074074074074074,1.3333333333333333,3,1.7767295597484274,0.4,0.2941176470588235,0.1698113207547169,1,0.0,2.240740740740741,121,55.0,4.804021044733257,5.1735537190082646,10.0,0.4380165289256198,0.1322314049586777,3.0,0.5555555555555556,3.1333333333333333,0.8333333333333334,0.2264150943396226,5.666666666666667,1.372152433997085,3.369645573498098,2.484200111312298,0.0754716981132075,1.7692307692307692,5.324999999999999,4.625,2.2988505747126435,4.399999999999999,3.317610062893082,11.333333333333334,8.88949605343048,True,0.0,0.02,0.0,0.2142857142857142,0.12,0.1,0.5,0.74,0.12,0.5,1.0,1.25,1.256375903274347,0.22,5.0,25.0,11.0
1,Entree De Luth,Robert Ballard,11,6,VII,Renaissance,found,pdf,pdf-20260524T103936Z-3-001/pdf/Entree de luth by Robert Ballard.pdf,,,,verified_pieces/pdf/xml/Entree de luth by Robert Ballard.musicxml,,0.0196078431372549,1.2456140350877194,4,2.24561403508772,0.5384615384615384,0.6,0.6644736842105263,4,0.0,1.7058823529411764,261,63.0,5.568344503761097,3.367816091954023,8.0,0.21455938697318,0.2758620689655172,3.0,0.4052287581699346,2.870967741935484,0.8709677419354839,0.3026315789473684,12.0,2.208659969919995,3.053316941504593,2.4326845951901204,0.0131578947368421,2.0,10.299999999999995,3.125,1.6754385964912282,4.0,3.6025219298245608,20.0,4.122549019607843,True,0.0,0.0,0.0,0.0,0.119205298013245,0.1854304635761589,0.5,0.5827814569536424,0.1589403973509933,0.6026490066225165,1.0,1.75,1.1825433386580513,0.1390728476821192,5.0,41.0,9.0
1,Escala y Preludio,Agustin Barrios Mangore,7,6,XII,Romantic,found,pdf,pdf-20260524T103936Z-3-001/pdf/barrios-escala.pdf,,,,verified_pieces/pdf/xml/barrios-escala.musicxml,,0.0058309037900874,0.95,4,1.7383040935672514,0.7741116751269036,0.5864661654135338,0.7397660818713451,4,0.0,1.151603498542274,395,90.0,5.981414211254481,5.243037974683545,10.0,0.3873417721518987,0.1012658227848101,3.0,0.1166180758017492,3.2,0.9,0.2339181286549707,8.5,1.3036198100985918,3.4047788224977094,2.474284559805685,0.0058479532163742,2.0,5.349999999999994,5.125,3.4615384615384617,12.0,7.097953216374269,64.0,5.169129340047707,True,0.0,0.0,0.0029239766081871,1.0,0.0,0.0350877192982456,0.25,0.97953216374269,0.175438596491228,0.8830409356725146,1.0,1.9375,1.6456084220289977,0.0,5.0,31.0,8.0
1,Estilo Uruguayo,Agustin Barrios Mangore,7,6,X,Romantic,found,pdf,pdf-20260524T103936Z-3-001/pdf/Estilo Uruguayo by Agustin Barrios Mangore.pdf,,,,verified_pieces/pdf/xml/Estilo Uruguayo by Agustin Barrios Mangore.musicxml,,0.0180722891566265,1.0847457627118644,3,1.451560926485398,0.5088062622309197,0.2,0.4984894259818731,3,0.0,1.5421686746987953,512,94.0,6.240275845170769,3.669921875,8.0,0.189453125,0.150390625,2.0,0.3614457831325301,1.9583333333333333,0.6,0.1812688821752265,10.0,1.335277439880614,3.1401398136144647,2.437624519815456,0.1933534743202417,1.8571428571428568,6.999999999999989,4.6875,2.687220187220187,4.0,5.994566729007817,64.0,5.077751520551661,True,0.0,0.0111111111111111,0.0074074074074074,0.125,0.0629629629629629,0.1555555555555555,0.5,0.3851851851851852,0.1222222222222222,0.6407407407407407,1.0,1.8125,1.5455860573443445,0.0518518518518518,10.0,50.0,14.0
1,Estudio de Concierto,Agustin Barrios Mandore,8,4,XII,Romantic,found,pdf,pdf-20260524T103936Z-3-001/pdf/Estudio De Concierto by Agustin Barrios Mangore.pdf,,,,verified_pieces/pdf/xml/Estudio De Concierto by Agustin Barrios Mangore.musicxml,gaps_v1/musicxml/barrios-estudio-concierto2.xml,0.0,2.5,3,1.464945424013434,0.78625,0.8409090909090909,1.0025188916876575,4,0.0,1.0075471698113208,801,120.0,6.687108607866515,4.119850187265918,7.0,0.1672908863920099,0.0724094881398252,2.9,0.0025157232704402,3.5,1.0,0.1335012594458438,10.0,1.348438204131132,3.151883784050121,2.43724960823206,0.0025188916876574,3.0,9.933333333333334,4.1875,3.0,3.0,5.814441645675902,40.0,4.0151506617854125,True,0.0,0.0,0.0,0.0,0.0012578616352201,0.0,0.25,0.9962264150943396,0.1685534591194968,0.99874213836478,0.0,1.75,1.1184950060640846,0.0012578616352201,3.0,13.0,2.0
1,Estudio en Arpegio,Agustin Barrios Mandore,7,3,VIII,Romantic,found,pdf,pdf-20260524T103936Z-3-001/pdf/Estudio en Arpegio by Agustin Barrios Mangore.pdf,,,,verified_pieces/pdf/xml/Estudio en Arpegio by Agustin Barrios Mangore.musicxml,,0.0,1.1090909090909091,3,1.5420875420875422,0.6675977653631285,0.8978494623655914,0.9427609427609428,2,0.0,1.2046979865771812,359,120.0,5.886104031450156,4.111420612813371,8.0,0.1782729805013927,0.1058495821727019,3.0,0.1912751677852349,3.9649122807017534,0.4385964912280701,0.202020202020202,19.0,1.894477289871487,2.986061518293362,2.430087525498059,0.0168350168350168,2.0,6.0,5.4375,4.209876543209877,12.0,5.897867564534231,76.0,5.653419309558275,True,0.0,0.0,0.0,,0.0604026845637583,0.0671140939597315,0.25,0.9865771812080536,0.2248322147651006,0.8657718120805369,0.0,1.25,1.1779798410450997,0.0,4.0,19.0,5.0
1,Estudio en Sol Menor,Agustin Barrios Mangore,7,6,X,Romantic,found,pdf,pdf-20260524T103936Z-3-001/pdf/Estudio En Sol Menor by Agustin Barrios Mangore.pdf,,,,verified_pieces/pdf/xml/Estudio En Sol Menor by Agustin Barrios Mangore.musicxml,,0.0,0.0,0,1.927710843373494,0.8313253012048193,0.6385542168674698,1.036144578313253,5,0.0,1.0,167,80.0,5.123963979403259,3.2335329341317367,6.0,0.0718562874251497,0.1616766467065868,0.0,0.0,0.0,0.0,0.2951807228915662,9.0,1.5192193027612642,2.907751630479189,2.486995517505981,0.036144578313253,0.0,8.25,4.0,0.0,0.0,7.40562248995984,36.0,3.5531914893617023,True,0.0,0.0,0.0,,0.0,0.0,0.25,0.9503105590062112,0.1677018633540372,1.0,1.0,1.75,1.0015136766438166,0.0,3.0,12.0,1.0
1,Estudio Inconcluso,Agustin Barrios Mandore,7,3,X,Romantic,found,pdf,pdf-20260524T103936Z-3-001/pdf/Estudio Inconcluso by Augustin Barrios Mangore.pdf,,,,verified_pieces/pdf/xml/Estudio Inconcluso by Augustin Barrios Mangore.musicxml,,0.0,0.6052631578947368,4,1.4598765432098766,0.6363636363636364,0.4242424242424242,0.3991769547325103,2,0.0,1.1762295081967211,287,120.0,5.662960480135946,3.0696864111498257,7.0,0.1533101045296167,0.2682926829268293,2.0,0.1680327868852459,3.4878048780487805,0.7317073170731707,0.2263374485596707,6.5,1.3172975458356375,3.0670537860928992,2.1948197814492936,0.1316872427983539,1.4166666666666667,4.899999999999999,4.875,2.391891891891892,8.0,5.796296296296297,26.0,5.193505674653216,True,0.0,0.0,0.0,,0.0245901639344262,0.0163934426229508,0.25,0.9836065573770492,0.180327868852459,0.8770491803278688,1.0,1.75,1.532316612811608,0.0,3.0,30.0,8.0
1,Etude,Mauro Giuliani,8,4,IV,Classical,found,pdf,pdf-20260524T103936Z-3-001/pdf/Etude in A Minor by Mauro Giuliani.pdf,,,,verified_pieces/pdf/xml/Etude in A Minor by Mauro Giuliani.musicxml,,0.0,0.4782608695652174,2,1.724737532808399,0.7304075235109718,0.564935064935065,0.7204724409448819,5,0.0,1.2549019607843137,320,120.0,5.771441123130016,1.459375,3.0,0.003125,0.390625,2.0,0.2117647058823529,3.111111111111111,0.5370370370370371,0.1968503937007874,20.0,1.8639009310830472,2.170597790333088,2.5249904366262035,0.0039370078740157,1.5714285714285714,19.65,2.5625,0.7444444444444445,2.0,3.3279199475065617,38.0,2.941894706600589,True,0.0,0.0,0.0,0.0,0.0551181102362204,0.0905511811023622,0.5,0.9566929133858268,0.1417322834645669,0.8307086614173228,1.0,1.5,1.5399685830815069,0.0118110236220472,3.0,29.0,6.0
1,Etude,Napoleon Coste,7,3,X,Romantic,found,pdf,pdf-20260524T103936Z-3-001/pdf/Study in A Minor by Napoleon Coste.pdf,,,,verified_pieces/pdf/xml/Study in A Minor by Napoleon Coste.musicxml,gaps_v1/musicxml/Etude 24 by Napoleon Coste.xml,0.0,0.2272727272727272,1,2.315104166666667,0.6521739130434783,0.3214285714285714,0.40625,4,0.0,1.4307692307692308,93,90.0,4.543294782270004,2.7311827956989245,8.0,0.2043010752688172,0.3548387096774194,1.0,0.3692307692307692,3.25,0.7083333333333334,0.375,8.0,1.7485403603940868,2.826818546399792,2.215643727729928,0.0,1.0,7.0,3.3125,0.3809523809523809,2.0,4.588541666666667,16.0,4.032167832167833,True,0.0,0.0,0.0,,0.0615384615384615,0.1692307692307692,0.5,0.9692307692307692,0.1538461538461538,0.7076923076923077,1.0,1.0,1.53163102059961,0.0,3.0,17.0,6.0
1,"Etude, Op. 38 no. 1",Napoleon Coste,7,5,VII,Romantic,found,pdf,pdf-20260524T103936Z-3-001/pdf/Opus 38 No 1 by Napoleon Coste.pdf,,,,verified_pieces/pdf/xml/Opus 38 No 1 by Napoleon Coste.musicxml,gaps_v1/musicxml/Opus 38 No 1 by Napoleon Coste.xml,0.007168458781362,0.7288135593220338,3,1.98800959232614,0.593952483801296,0.8918918918918919,1.712230215827338,5,0.0,1.6630824372759856,464,85.0,6.142037405587356,2.125,5.0,0.0474137931034482,0.3060344827586206,2.0,0.4623655913978494,1.744186046511628,0.3178294573643411,0.3201438848920863,9.0,1.7608735260228645,2.730811959359009,2.457018639293887,0.0,1.3571428571428572,7.0,4.1875,1.5384615384615383,4.0,5.051558752997602,36.0,5.845986749212555,True,0.0,0.03584229390681,0.0,0.0,0.1039426523297491,0.1326164874551971,0.5,0.8745519713261649,0.1792114695340501,0.5519713261648745,1.0,1.75,1.1421466170257712,0.1146953405017921,4.0,39.0,11.0
1,"Etude, Op. 38 no. 23",Napoleon Coste,9,4,XII,Romantic,found,pdf,pdf-20260524T103936Z-3-001/pdf/coste-opus38-no23.pdf,,,,verified_pieces/pdf/xml/coste-opus38-no23.musicxml,gaps_v1/musicxml/Opus 38 No 1 by Napoleon Coste.xml,0.0,0.5263157894736842,3,1.6496296296296296,0.6579520697167756,0.9918367346938776,1.2148148148148148,3,0.0,1.3594674556213018,919,150.0,6.824373670043086,2.437431991294886,5.0,0.0696409140369967,0.3122959738846572,2.0,0.3284023668639053,2.572072072072072,0.3918918918918919,0.2444444444444444,10.0,1.3221435810206164,2.788531826307953,2.345755970133946,0.0059259259259259,2.0,8.833333333333332,5.75,1.999198717948718,8.0,6.561234567901234,40.0,7.048522379215664,True,0.0,0.0,0.0014836795252225,0.0,0.0816023738872403,0.1053412462908011,0.25,0.9807121661721068,0.2062314540059347,0.6988130563798219,0.0,1.75,1.327105627212343,0.0074183976261127,4.0,53.0,12.0
1,"Etude, Op. 38 no. 7???",Napoleon Coste,7,4,X,Romantic,found,pdf,pdf-20260524T103936Z-3-001/pdf/coste-opus38-7.pdf,,,,verified_pieces/pdf/xml/coste-opus38-7.musicxml,gaps_v1/musicxml/Opus 38 No 1 by Napoleon Coste.xml,0.0,0.6407766990291263,3,1.7327044025157234,0.6345679012345679,0.6352941176470588,0.690566037735849,3,0.0,1.5263157894736843,406,60.0,6.008813185442595,2.0591133004926108,5.0,0.0295566502463054,0.2955665024630542,2.0,0.4022556390977443,2.878504672897196,0.5607476635514018,0.2339622641509434,7.0,1.1414570218575526,2.6175712422279585,2.492685412612845,0.0075471698113207,1.32,4.083333333333329,6.375,2.450980392156863,8.0,6.834067085953879,28.0,8.606725146198832,True,0.0,0.0075757575757575,0.0,0.2,0.1022727272727272,0.1477272727272727,0.25,0.9696969696969696,0.1136363636363636,0.6401515151515151,1.0,1.75,1.26193793833568,0.0303030303030303,5.0,43.0,13.0
1,"Etude, Op. 48 no. 2",Mauro Giuliani,7,3,XI,Classical,found,pdf,pdf-20260524T103936Z-3-001/pdf/Opus 48 No 2 by Mauro Giuliani.pdf,,,,verified_pieces/pdf/xml/Opus 48 No 2 by Mauro Giuliani.musicxml,,0.0,0.0,0,7.590277777777778,0.8888888888888888,1.0,1.7916666666666667,4,0.0,1.0,145,120.0,4.983606621708336,7.441379310344828,13.0,0.6827586206896552,0.3172413793103448,0.0,0.0,0.0,0.0,0.6875,15.0,5.216710855037083,2.5811419498078747,2.011189793554647,0.0,0.0,15.0,4.0,0.0,0.0,30.36111111111111,60.0,4.027777777777778,True,0.0,0.0,0.0,,0.0,0.0,0.25,0.993103448275862,0.3517241379310344,1.0,1.0,1.75,1.1451916372671316,0.0,2.0,8.0,1.0
1,"Etude, Op. 6 no. 11",Fernando Sor,7,3,V,Classical,found,gaps,,,,Tf1wc,datasets/gaps_v1/readable_musicxml/Fernando Sor - Opus 6 No 11 in E minor.xml,,0.0,0.4773869346733668,4,1.241745283018868,0.6579194001874414,0.9645390070921984,1.168632075471698,5,0.0,1.2579505300353355,1068,100.0,6.974478911025045,2.128277153558052,4.0,0.0177902621722846,0.2172284644194756,2.0,0.2520612485276796,2.3411214953271027,0.4018691588785046,0.0955188679245283,8.0,1.0528164254442924,2.527354505307396,2.328711456781906,0.0106132075471698,1.5,5.050000000000001,3.375,1.3668341708542713,4.0,3.830778301886793,28.0,3.90549757580738,True,0.0,0.0163487738419618,0.0,0.3032258064516129,0.1607629427792915,0.1316984559491371,0.25,0.6292134831460674,0.0926430517711171,0.1852861035422343,0.0,3.75,1.245956665372899,0.0980926430517711,5.0,106.0,18.0
1,"Etude, Op. 60 no. 19",Matteo Carcassi,7,2,VII,Classical,found,pdf,pdf-20260524T103936Z-3-001/pdf/carcassi-op60-19.pdf,,,,verified_pieces/pdf/xml/carcassi-op60-19.musicxml,gaps_v1/musicxml/Opus 60 No 7 in A Minor by Matteo Carcassi.xml,0.0,0.2258064516129032,2,1.1346153846153846,0.6299559471365639,0.9971098265895952,1.0048076923076923,2,0.0,1.091127098321343,455,105.0,6.1224928095143865,1.3296703296703296,3.0,0.0483516483516483,0.4857142857142857,1.0,0.0863309352517985,4.444444444444445,0.5277777777777778,0.110576923076923,9.0,1.2113858267710478,2.173434098814816,2.0709197628213194,0.0,1.0,8.0,4.5,0.9032258064516128,4.0,4.466346153846154,32.0,4.728217426059153,True,0.0,0.0,0.0,0.0,0.0215827338129496,0.0095923261390887,0.25,0.988009592326139,0.2446043165467626,0.9328537170263788,1.0,1.75,0.8654464846393292,0.0023980815347721,3.0,22.0,8.0
1,"Etude, Op. 60 no. 25",Matteo Carcassi,11,4,XII,Classical,found,pdf,pdf-20260524T103936Z-3-001/pdf/Opus 60 No 25 in A by Matteo Carcassi.pdf,,,,verified_pieces/pdf/xml/Opus 60 No 25 in A by Matteo Carcassi.musicxml,gaps_v1/musicxml/Opus 60 No 7 in A Minor by Matteo Carcassi.xml,0.0,0.7741935483870968,3,3.0208071936428267,0.7676886792452831,0.721399730820996,0.9473023839397742,5,0.0,1.06390977443609,849,120.0,6.745236349484363,3.438162544169612,9.0,0.1931684334511189,0.3121319199057715,2.0,0.0388471177944862,3.645161290322581,0.4838709677419355,0.3186951066499373,22.0,4.343200201048333,3.092108053529159,2.267807349300594,0.0351317440401505,3.0,22.0,4.8125,2.2634920634920634,8.0,10.64413425345044,88.0,4.027912590841653,True,0.0,0.0,0.0,0.0,0.0239294710327455,0.0050377833753148,0.25,0.9483627204030228,0.2506297229219144,0.964735516372796,0.0,1.75,1.0141764454397753,0.0075566750629722,4.0,21.0,7.0
1,"Etude, Op. 60 no. 5",Matteo Carcassi,8,4,VII,Classical,found,pdf,pdf-20260524T103936Z-3-001/pdf/Opus 60 No 5 in G by Matteo Carcassi.pdf,,,,verified_pieces/pdf/xml/Opus 60 No 5 in G by Matteo Carcassi.musicxml,gaps_v1/musicxml/Opus 60 No 7 in A Minor by Matteo Carcassi.xml,0.0,1.0227272727272727,3,4.486166007905139,0.5882352941176471,0.7386363636363636,0.9565217391304348,4,0.0,1.34251968503937,341,120.0,5.834810737062605,4.331378299120234,10.0,0.2052785923753665,0.2756598240469208,3.0,0.1771653543307086,2.8222222222222224,0.5777777777777777,0.3992094861660079,22.0,6.722066887229341,2.9997255135445045,2.307250666086856,0.1106719367588932,2.6666666666666665,22.0,5.5625,3.6124031007751936,11.200000000000015,13.819499341238473,88.0,5.449990626171728,True,0.00418410041841,0.0,0.0,0.1,0.0669456066945606,0.0251046025104602,0.25,0.8158995815899581,0.1841004184100418,0.8284518828451883,0.0,1.75,0.8977681124994783,0.0376569037656903,5.0,29.0,10.0
1,"Etude, Op. 60 no. 8",Matteo Carcassi,6,3,VII,Classical,found,pdf,pdf-20260524T103936Z-3-001/pdf/carcassi-op60-8.pdf,,,,verified_pieces/pdf/xml/carcassi-op60-8.musicxml,gaps_v1/musicxml/Opus 60 No 7 in A Minor by Matteo Carcassi.xml,0.0,0.0,0,1.5714285714285714,0.8351648351648352,0.8021978021978022,1.2307692307692308,5,0.0,1.0,183,80.0,5.214935757608986,2.300546448087432,4.0,0.0382513661202185,0.2131147540983606,0.0,0.0,0.0,0.0,0.1098901098901098,4.0,1.039260696047199,2.5381323368165427,2.191451245471825,0.0,0.0,4.0,4.0,0.0,0.0,6.285714285714286,16.0,3.9567567567567568,True,0.0,0.0,0.0,,0.0,0.0,0.25,0.989071038251366,0.1693989071038251,1.0,0.0,0.75,1.134449966403149,0.0,2.0,11.0,1.0
1,"Etude, Op. 60 no. 9",Matteo Carcassi,3,2,IV,Classical,found,pdf,pdf-20260524T103936Z-3-001/pdf/Opus 60 No 9 in A by Matteo Carcassi.pdf,,,,verified_pieces/pdf/xml/Opus 60 No 9 in A by Matteo Carcassi.musicxml,gaps_v1/musicxml/Opus 60 No 7 in A Minor by Matteo Carcassi.xml,0.0,0.6981132075471698,3,2.3533988533988537,0.7597535934291582,0.2895622895622896,0.3931203931203931,5,0.0,1.196078431372549,488,120.0,6.192362489474872,4.549180327868853,10.0,0.3237704918032787,0.2274590163934426,2.0,0.1519607843137254,3.064516129032258,0.5645161290322581,0.2899262899262899,12.0,2.3882775862903696,3.430959965997675,2.1760476048617625,0.0589680589680589,3.0,10.849999999999987,4.1875,1.7637362637362637,4.0,7.587837837837838,46.0,4.169187675070028,True,0.0,0.0051150895140664,0.0,0.1111111111111111,0.0255754475703324,0.0434782608695652,0.25,0.6777493606138107,0.1918158567774936,0.8823529411764706,0.0,1.75,1.019441302148114,0.0204603580562659,4.0,32.0,10.0
1,Etude; Op. 10 no. 3,Frederic Chopin,16,8,X,Romantic,found,pdf,pdf-20260524T103936Z-3-001/pdf/Opus 10 No 3 by Frederic Chopin.pdf,,,,verified_pieces/pdf/xml/Opus 10 No 3 by Frederic Chopin.musicxml,,0.0204081632653061,0.6060606060606061,3,1.711167945439045,0.6150870406189555,0.5846153846153846,0.731457800511509,4,0.0,1.3214285714285714,518,30.0,6.251903883165888,2.9208494208494207,7.0,0.11003861003861,0.2316602316602316,2.0,0.1709183673469387,3.283582089552239,0.4776119402985074,0.1918158567774936,20.0,1.997973973786276,2.8231168626865943,2.4570451448989,0.0588235294117647,2.0,11.0,5.875,2.246153846153846,4.0,6.511679454390452,80.0,6.581730769230769,True,0.0,0.0077720207253886,0.0155440414507772,0.0,0.0595854922279792,0.0259067357512953,0.25,0.9689119170984456,0.1917098445595854,0.8497409326424871,0.0,1.75,1.3958888943179812,0.038860103626943,4.0,30.0,11.0
1,Exercise 8,Dionisio Aguado,3,2,II,Classical,found,pdf,pdf-20260524T103936Z-3-001/pdf/Study No 8 by Dionisio Aguado.pdf,,,,verified_pieces/pdf/xml/Study No 8 by Dionisio Aguado.musicxml,,0.0,0.0,0,1.7634730538922156,0.7634730538922155,0.934131736526946,1.062874251497006,4,0.0,1.0,335,120.0,5.817111159963204,3.6686567164179102,7.0,0.1731343283582089,0.2059701492537313,0.0,0.0,0.0,0.0,0.0688622754491018,22.0,3.2298729008833664,2.954405277348048,2.191540594189839,0.0419161676646706,0.0,22.0,4.0,0.0,0.0,6.145708582834331,88.0,3.681318681318681,True,0.0,0.0,0.0,,0.0,0.0,0.25,0.9758308157099698,0.2235649546827794,1.0,0.0,2.75,1.569742311187063,0.0,4.0,12.0,1.0
1,Exercise no. 10,Dionisio Aguado,2,2,III,Classical,found,pdf,pdf-20260524T103936Z-3-001/pdf/Etude No 10 Metodo Primera by Dionisio Aguado.pdf,,,,verified_pieces/pdf/xml/Etude No 10 Metodo Primera by Dionisio Aguado.musicxml,,0.0,0.0,0,4.677966101694915,0.864406779661017,0.864406779661017,1.5932203389830508,5,0.0,1.0,178,90.0,5.187385805840755,3.230337078651685,11.0,0.1067415730337078,0.3932584269662921,0.0,0.0,0.0,0.0,0.327683615819209,22.0,6.912955195542213,2.4288757656445923,2.360922238737624,0.0282485875706214,0.0,21.0,3.5,0.0,0.0,13.693032015065915,88.0,3.1785714285714284,True,0.0,0.0,0.0,,0.0,0.0,0.25,0.896551724137931,0.2873563218390804,1.0,0.0,0.75,0.7728602989322766,0.0,2.0,10.0,1.0
1,Fabiniana,Agustin Barrios Mandore,8,6,XII,Romantic,found,pdf,pdf-20260524T103936Z-3-001/pdf/barrios-fabiniana.pdf,,,,verified_pieces/pdf/xml/barrios-fabiniana.musicxml,,0.0025839793281653,2.0,5,1.4917962003454233,0.4281345565749235,0.3647798742138364,0.4300518134715025,4,0.0,1.6925064599483204,655,115.0,6.486160788944089,5.433587786259542,10.0,0.3923664122137404,0.0900763358778626,3.0,0.3643410852713178,2.851063829787234,0.4326241134751773,0.1968911917098445,13.5,1.914150649553304,3.4070856138845764,2.428277951389378,0.2227979274611398,2.6842105263157894,10.0,6.8125,8.528186274509805,22.0,5.608160621761658,216.0,7.512692799770605,True,0.0,0.0161290322580645,0.0096774193548387,0.4666666666666667,0.0580645161290322,0.064516129032258,0.5,0.6903225806451613,0.1709677419354838,0.6741935483870968,1.0,2.75,0.8237677349337127,0.0516129032258064,6.0,46.0,12.0
1,Fantasia,Anonymous,4,3,V,Renaissance,found,pdf,pdf-20260524T103936Z-3-001/pdf/Fantasia by Anonymous.pdf,,,,verified_pieces/pdf/xml/Fantasia by Anonymous.musicxml,,0.0,0.8387096774193549,3,1.7836538461538465,0.4622641509433962,0.4,0.4230769230769231,3,0.0,2.0285714285714285,213,120.0,5.365976015021851,2.0093896713615025,4.0,0.0469483568075117,0.3568075117370892,2.0,0.6476190476190476,2.4411764705882355,0.6764705882352942,0.3173076923076923,7.0,1.3795824587604015,2.3374708234752903,2.524532040364426,0.0384615384615384,1.8,5.9499999999999975,1.5,0.4262295081967213,1.0,0.9815705128205128,3.5,2.204518950437318,True,0.0,0.0,0.0,0.0,0.1844660194174757,0.3009708737864077,2.0,0.8737864077669902,0.0970873786407767,0.4271844660194174,1.0,3.0,1.6641519276749217,0.233009708737864,4.0,24.0,5.0
1,Fantasia,Alonso de Mudarra,9,6,VIII,Renaissance,found,pdf,pdf-20260524T103936Z-3-001/pdf/Fantasia by Alonso Mudarra.pdf,,,,verified_pieces/pdf/xml/Fantasia by Alonso Mudarra.musicxml,,0.0065359477124183,0.8409090909090909,3,2.594614264919941,0.7457943925233644,0.6775956284153005,0.9978165938864628,5,0.0,1.167755991285403,536,130.0,6.285998094508865,2.792910447761194,7.0,0.1044776119402985,0.2891791044776119,3.0,0.1045751633986928,3.0,0.6041666666666666,0.4061135371179039,11.0,2.153947406857761,2.7083905950570326,2.316092056238162,0.0305676855895196,2.0,11.0,3.125,1.3953488372093024,6.0,4.977711062590975,22.0,2.1145851734087024,True,0.0,0.0,0.0,0.0,0.0413943355119825,0.0196078431372549,0.5,0.681917211328976,0.1742919389978213,0.9084967320261438,1.0,1.75,1.1651654331678571,0.0326797385620915,6.0,25.0,7.0
1,Fantasia,William Byrd,8,4,III,Renaissance,found,pdf,pdf-20260524T103936Z-3-001/pdf/Fantasia by William Byrd.pdf,,,,verified_pieces/pdf/xml/Fantasia by William Byrd.musicxml,,0.0,0.8557692307692307,4,1.4449815837937383,0.6096654275092936,0.3387096774193548,0.4116022099447514,4,0.0,1.4848484848484849,539,76.0,6.29156913955832,1.7031539888682743,3.0,0.0,0.300556586270872,2.0,0.303030303030303,2.7363636363636363,0.4727272727272727,0.1767955801104972,6.0,1.0329442101198312,2.2530316127871908,2.220627772380724,0.0690607734806629,3.0,4.349999999999998,4.6875,1.6019417475728153,4.0,4.586172498465316,24.0,5.335555555555556,True,0.0,0.0,0.0,0.0,0.1091445427728613,0.0973451327433628,0.25,0.5339233038348082,0.1327433628318584,0.7374631268436578,1.0,1.25,1.190069738422845,0.0855457227138643,5.0,35.0,8.0
1,Fantasia (que contrahaze la harpa en la manera de Luduvico),Alonso Mudarra,9,6,III,Renaissance,found,dada_gp,,"datasets/DadaGP-v1.1/M/Mudarra, Alonso/Mudarra, Alonso - Fantasdega Que Contrahaze El Harpa En La Manera De Ludovico.gp3.tokens.txt","datasets/DadaGP-v1.1/M/Mudarra, Alonso/Mudarra, Alonso - Fantasdega Que Contrahaze El Harpa En La Manera De Ludovico.gp3",,"verified_pieces/dada/xml/Mudarra, Alonso - Fantasdega Que Contrahaze El Harpa En La Manera De Ludovico.musicxml",,0.0039603960396039,1.4146341463414631,3,1.6860119047619049,0.7743589743589744,0.3896713615023474,0.6686507936507936,5,0.0204778156996587,1.1603960396039603,586,140.0,6.375024819828097,3.7525597269624575,8.0,0.151877133105802,0.1296928327645051,3.0,0.0811881188118811,3.268292682926829,0.5365853658536586,0.2261904761904762,8.0,1.169661684320114,2.8695674989262883,1.9702916205324736,0.0515873015873015,2.5,6.0,3.125,2.504166666666667,6.0,3.128102590319842,17.996400719856933,2.0237859500235738,True,,,,,,,,,,,,,,,,,
1,Fantasia in Am,George Philip Telemann,6,4,V,Baroque,found,pdf,pdf-20260524T103936Z-3-001/pdf/Fantasia by Georg Philipp Telemann.pdf,,,,verified_pieces/pdf/xml/Fantasia by Georg Philipp Telemann.musicxml,,0.0105820105820105,0.6811594202898551,4,1.6687279151943464,0.607773851590106,0.3738317757009345,0.4328621908127208,4,0.0,1.4991181657848325,850,168.0,6.746412128573375,2.8905882352941177,7.0,0.1317647058823529,0.2329411764705882,2.0,0.3738977072310405,3.297169811320755,0.490566037735849,0.2332155477031802,9.0,1.478105712467875,2.9054775702860365,2.5266826821757715,0.0300353356890459,2.0,7.5,3.0,1.0805016181229774,4.0,2.797850412249705,16.0,3.1776818975488967,True,0.014388489208633,0.0053956834532374,0.0215827338129496,0.0,0.066546762589928,0.0989208633093525,0.5,0.6888489208633094,0.1312949640287769,0.7266187050359713,1.0,5.5,1.296047301501246,0.0179856115107913,6.0,58.0,12.0
1,Four Easy Studies: No. 1 in C,Dionisio Aguado,3,1,III,Classical,found,pdf,pdf-20260524T103936Z-3-001/pdf/Etude No 1 Metodo Primera by Dionisio Aguado.pdf,,,,verified_pieces/pdf/xml/Etude No 1 Metodo Primera by Dionisio Aguado.musicxml,,0.0,1.2857142857142858,2,6.206666666666667,0.610062893081761,0.8142857142857143,0.96,3,0.0,1.0596026490066226,160,95.0,5.081404364984463,4.4125,22.0,0.16875,0.4375,2.0,0.0463576158940397,1.5714285714285714,0.5714285714285714,0.3533333333333333,22.0,8.665292198702181,2.3306475772528192,1.796094737678377,0.0933333333333333,2.0,22.0,3.125,2.020408163265306,4.400000000000002,17.39,88.0,3.0274361400189216,True,0.0,0.0,0.0,,0.0140845070422535,0.0140845070422535,0.25,0.823943661971831,0.1830985915492957,0.971830985915493,1.0,1.75,0.6868132056195297,0.0,3.0,14.0,3.0
1,Four Easy Studies: No. 2 in E,Dionisio Aguado,2,2,II,Classical,found,pdf,pdf-20260524T103936Z-3-001/pdf/Etude No 2 Metodo Primera by Dionisio Aguado.pdf,,,,verified_pieces/pdf/xml/Etude No 2 Metodo Primera by Dionisio Aguado.musicxml,,0.0,0.9333333333333332,2,4.62962962962963,0.596244131455399,0.8688524590163934,0.9281045751633988,3,0.0,1.3896103896103895,214,95.0,5.3706380281276624,2.967289719626168,11.0,0.1074766355140186,0.411214953271028,2.0,0.1948051948051948,2.833333333333333,0.5,0.2745098039215686,22.0,7.539733101648188,2.157566599465848,2.038836022482197,0.0980392156862745,1.2,22.0,3.25,0.9333333333333332,2.0,13.028322440087146,88.0,4.115939423897902,True,0.0,0.0136986301369863,0.0,0.0,0.047945205479452,0.0821917808219178,0.25,0.6643835616438356,0.2328767123287671,0.7945205479452054,1.0,0.75,1.0355064795680866,0.0958904109589041,2.0,19.0,9.0
1,Four Easy Studies: No. 3 in A,Dionisio Aguado,2,1,I,Classical,found,pdf,pdf-20260524T103936Z-3-001/pdf/Etude No 3 Metodo Primera by Dionisio Aguado.pdf,,,,verified_pieces/pdf/xml/Etude No 3 Metodo Primera by Dionisio Aguado.musicxml,,0.0,0.7777777777777778,2,2.2742316784869976,0.3629032258064516,0.4761904761904761,0.7304964539007093,4,0.0,1.3180212014134276,373,90.0,5.924255797414532,3.517426273458445,5.0,0.0831099195710455,0.289544235924933,2.0,0.1590106007067137,2.8666666666666667,0.4888888888888889,0.2234042553191489,22.0,5.137477018436364,2.6113991968472714,2.189652419968936,0.4290780141843971,1.1111111111111112,20.450000000000003,5.6875,1.5555555555555556,4.0,22.483451536643027,352.0,6.834014361455548,True,0.0,0.0493827160493827,0.0,0.0,0.1296296296296296,0.0185185185185185,0.5,0.2901234567901234,0.1975308641975308,0.7222222222222222,0.0,0.8125,0.8961453466732819,0.074074074074074,5.0,26.0,10.0
1,Four Easy Studies: No. 4 in E,Dionisio Aguado,2,2,IV,Classical,found,pdf,pdf-20260524T103936Z-3-001/pdf/Etude No 4 Metodo Primera by Dionisio Aguado.pdf,,,,verified_pieces/pdf/xml/Etude No 4 Metodo Primera by Dionisio Aguado.musicxml,,0.0,0.5,3,1.619565217391304,0.5751633986928104,0.0,0.4565217391304347,1,0.0,1.6559139784946235,154,88.0,5.043425116919247,2.0324675324675323,4.0,0.0129870129870129,0.2662337662337662,2.0,0.5376344086021505,2.4,0.52,0.2608695652173913,6.666666666666667,1.2910707103331038,2.2919093819056884,2.346700792285896,0.0,0.75,6.666666666666667,3.125,1.020408163265306,4.0,3.0434782608695654,13.333333333333334,5.204301075268817,True,0.0,0.0,0.0,0.0,0.1935483870967742,0.053763440860215,0.5,0.9247311827956988,0.1182795698924731,0.5161290322580645,0.0,0.5,0.9921217415820304,0.021505376344086,2.0,27.0,10.0
1,"Fuge in A Minor, BWV 1000",J.S. Bach,17,7,XII,Baroque,found,pdf,pdf-20260524T103936Z-3-001/pdf/Bwv 1000 Fugue In A Minor by Johann Sebastian Bach.pdf,,,,verified_pieces/pdf/xml/Bwv 1000 Fugue In A Minor by Johann Sebastian Bach.musicxml,,0.0016849199663016,1.3633633633633633,4,2.208094435075885,0.6019585253456221,0.59472049689441,0.7495784148397976,5,0.0,1.46335299073294,1737,70.0,7.460490305825338,4.65572826712723,9.0,0.333909038572251,0.1640759930915371,3.0,0.2847514743049705,2.6508875739644973,0.665680473372781,0.2959527824620573,14.0,2.4340834206397024,3.4723515665895803,2.393021250229669,0.0328836424957841,2.8,14.0,6.0,3.299196787148594,6.0,7.952960464680532,60.8,6.387546147078667,True,0.0,0.010204081632653,0.0051020408163265,0.0375,0.0561224489795918,0.1156462585034013,0.25,0.6938775510204082,0.1547619047619047,0.7185374149659864,1.0,1.9375,1.3107499624471752,0.0654761904761904,8.0,90.0,20.0
1,Fugue in C,Johann Pachelbel,7,4,VII,Baroque,found,pdf,pdf-20260524T103936Z-3-001/pdf/Fugue in C Major by Johann Pachelbel.pdf,,,,verified_pieces/pdf/xml/Fugue in C Major by Johann Pachelbel.musicxml,,0.0,1.1833333333333331,4,1.3017031630170317,0.4736842105263157,0.3333333333333333,0.3211678832116788,5,0.0,1.7971014492753623,248,110.0,5.517452896464707,2.0,4.300000000000011,0.0443548387096774,0.2943548387096774,2.0,0.4710144927536231,2.7384615384615385,0.5538461538461539,0.1897810218978102,6.0,1.132857859097705,2.561252809446465,2.452016180855108,0.1240875912408759,2.125,4.224999999999998,5.8125,3.457627118644068,8.0,4.035279805352799,16.0,8.570791527313267,True,0.0,0.0,0.0,0.0,0.2279411764705882,0.0808823529411764,0.25,0.5294117647058824,0.125,0.5441176470588235,0.0,3.75,1.1273780265904196,0.125,4.0,31.0,9.0
1,"Fugue, BWV 1000",J.S. Bach,15,6,XII,Baroque,found,dada_gp,,"datasets/DadaGP-v1.1/B/Bach, Johann Sebastian/Bach, Johann Sebastian - Fugue (G-Moll) BWV 1000.gp4.tokens.txt","datasets/DadaGP-v1.1/B/Bach, Johann Sebastian/Bach, Johann Sebastian - Fugue (G-Moll) BWV 1000.gp4",,"verified_pieces/dada/xml/Bach, Johann Sebastian - Fugue (G-Moll) BWV 1000.musicxml",,0.0034453057708871,1.878531073446328,14,2.0778448275862065,0.6191860465116279,0.5664,0.5137931034482759,5,0.0894828588030215,1.4823428079242034,1721,90.0,7.451241684987676,3.864032539221383,8.0,0.2283556072051133,0.1766414875072632,4.0,0.3092161929371231,2.4930362116991645,0.6545961002785515,0.3137931034482759,12.0,1.8077271484807853,3.3761097974049625,2.2631435399910584,0.0284482758620689,6.666666666666667,10.199999999999996,6.0625,4.3890462700661,8.0,7.726532567049808,64.0,6.6870562842399845,True,0.0017241379310344,0.0103448275862068,0.0025862068965517,0.0864197530864197,0.0551724137931034,0.1163793103448275,0.25,0.6424294268605646,0.1310344827586207,0.7,1.0,2.0,1.330035406082161,0.0637931034482758,8.0,93.0,19.0
1,Gavota al Estilo Antiguo,Agustin Barrios Mandore,6,5,X,Romantic,found,pdf,pdf-20260524T103936Z-3-001/pdf/Gavota al Estilo Antiguo by Agustin Barrios Mangore.pdf,,,,verified_pieces/pdf/xml/Gavota al Estilo Antiguo by Agustin Barrios Mangore.musicxml,,0.0064516129032258,1.1676300578034682,3,1.6709816612729236,0.4704861111111111,0.4230769230769231,0.2621359223300971,2,0.0,1.8612903225806448,577,120.0,6.359573868672378,4.351819757365685,9.0,0.2859618717504332,0.1317157712305026,2.0,0.5709677419354838,2.406779661016949,0.4632768361581921,0.2362459546925566,8.0,1.5542969426720048,3.3310330180526377,2.361498147843085,0.1100323624595469,1.7,6.875,3.3125,1.5365448504983388,3.9000000000000057,2.493360558894539,20.0,4.3924929085032,True,0.0,0.0141342756183745,0.0,-0.0689655172413793,0.1872791519434629,0.2296819787985865,1.0,0.6466431095406361,0.0918727915194346,0.4522968197879858,1.0,1.75,1.448694386275348,0.1095406360424028,6.0,49.0,13.0
1,Gavotte,Lodovico Roncalli,7,4,VIII,Baroque,found,pdf,pdf-20260524T103936Z-3-001/pdf/Gavotte by Lodovico Roncalli.pdf,,,,verified_pieces/pdf/xml/Gavotte by Lodovico Roncalli.musicxml,,0.0,0.7714285714285715,3,1.4829545454545454,0.477124183006536,0.4074074074074074,0.3068181818181818,1,0.0,1.7303370786516854,154,120.0,5.043425116919247,3.0779220779220777,6.700000000000017,0.1038961038961039,0.2337662337662337,2.0,0.4269662921348314,3.210526315789474,0.7105263157894737,0.2272727272727272,6.5,1.2071022392969464,2.8038015023143887,2.3691244863591097,0.0795454545454545,2.0,4.599999999999999,3.375,1.1344537815126048,2.6666666666666665,3.547619047619048,16.0,4.758426966292135,True,0.0,0.0119047619047619,0.0,0.0,0.2023809523809523,0.0595238095238095,0.25,0.3452380952380952,0.1428571428571428,0.6666666666666666,0.0,1.5,1.0983979117696103,0.0833333333333333,6.0,25.0,9.0
1,"Gavotte 1 (from Suite #6 for Violoncello, BWV 1012)",J.S. Bach,6,3,III,Baroque,found,pdf,pdf-20260524T103936Z-3-001/pdf/BWV1012 Gavotte 1 by Johann Sebastian Bach.pdf,,,,verified_pieces/pdf/xml/BWV1012 Gavotte 1 by Johann Sebastian Bach.musicxml,,0.0,0.9672131147540984,2,1.5735815602836878,0.5681818181818182,0.5308641975308642,0.5053191489361702,5,0.0,1.6349206349206349,309,120.0,5.736572297479192,1.4627831715210355,3.0,0.0,0.3689320388349514,2.0,0.3386243386243386,3.15625,0.578125,0.1808510638297872,6.0,0.969073823554852,2.0644492021363705,2.3550396807881127,0.0425531914893617,2.0,4.649999999999997,3.1875,1.45,4.0,2.875,12.0,4.317867317867318,True,0.0,0.0,0.0,0.0,0.1160220994475138,0.0773480662983425,0.5,0.7513812154696132,0.1381215469613259,0.6961325966850829,0.0,1.5,1.501678605345545,0.1325966850828729,3.0,33.0,10.0
1,"Gavotte 2 (from Suite #6 for Violoncello, BWV 1012)",J.S. Bach,5,2,III,Baroque,found,pdf,pdf-20260524T103936Z-3-001/pdf/BWV1012 Gavotte 2 by Johann Sebastian Bach.pdf,,,,verified_pieces/pdf/xml/BWV1012 Gavotte 2 by Johann Sebastian Bach.musicxml,,0.0,1.1363636363636365,19,1.6290322580645162,0.5450980392156862,0.4615384615384615,0.6838709677419355,2,0.0,1.641025641025641,256,140.0,5.54907608489522,1.4296875,3.0,0.00390625,0.41796875,2.0,0.4935897435897436,2.5324675324675323,0.1948051948051948,0.2193548387096774,5.25,0.9855221469785568,1.845195435444855,2.2536467178532784,0.064516129032258,3.0,4.662499999999999,2.875,1.7472527472527473,4.0,2.962903225806452,10.5,4.039447731755424,True,0.0,0.0,0.0,0.0,0.2534246575342466,0.0821917808219178,0.5,0.678082191780822,0.1986301369863013,0.5616438356164384,0.0,3.5,1.413676592876504,0.0684931506849315,4.0,19.0,7.0
1,Gigue,Lodovico Roncalli,7,3,VII,Baroque,found,pdf,pdf-20260524T103936Z-3-001/pdf/Gigue by Lodovico Roncalli.pdf,,,,verified_pieces/pdf/xml/Gigue by Lodovico Roncalli.musicxml,,0.0,0.6666666666666666,2,1.8379953379953384,0.5943396226415094,0.4333333333333333,0.4615384615384615,3,0.0,1.4791666666666667,213,176.0,5.365976015021851,3.596244131455399,7.0,0.1971830985915492,0.2018779342723004,1.6000000000000014,0.3194444444444444,2.239130434782609,0.6739130434782609,0.2027972027972027,10.0,1.5953803812799088,2.996271174592514,2.222500928331674,0.0349650349650349,2.0,7.375,4.0625,1.1439393939393938,2.0,5.430846930846931,80.0,5.000992063492064,True,0.0,0.0,0.0,0.0,0.1560283687943262,0.0921985815602836,0.5,0.5673758865248227,0.1560283687943262,0.7163120567375887,0.0,0.8125,1.2286464169219735,0.0425531914893617,6.0,25.0,8.0
1,Gigue,Johann Anton Losy von Losinthal,1,2,II,Baroque,found,pdf,pdf-20260524T103936Z-3-001/pdf/Gigue in A Minor by Johann Anton Logy.pdf,,,,verified_pieces/pdf/xml/Gigue in A Minor by Johann Anton Logy.musicxml,,0.0,0.6206896551724138,2,2.084507042253521,0.6898395721925134,0.9222222222222224,1.2605633802816902,4,0.0,1.3146853146853146,188,110.0,5.241747015059643,2.026595744680851,5.0,0.0425531914893617,0.3297872340425531,2.0,0.2167832167832167,2.967741935483871,0.6774193548387096,0.2676056338028169,21.0,2.789234732107622,2.6044646361839345,2.404498873088913,0.0,1.5,13.999999999999968,2.875,1.0357142857142858,4.0,3.9166666666666674,42.0,3.209881028062846,True,0.0,0.0,0.0,0.0,0.0909090909090909,0.0419580419580419,0.5,0.9090909090909092,0.1468531468531468,0.7972027972027972,1.0,0.5,1.3449459961593169,0.0279720279720279,2.0,26.0,8.0
1,Gnossienne No. 1 (from Trois Snossiennes),Erik Satie,6,4,II,Modern,found,pdf,pdf-20260524T103936Z-3-001/pdf/Gnossienne 1 by Erik Satie.pdf,,,,verified_pieces/pdf/xml/Gnossienne 1 by Erik Satie.musicxml,,0.0,1.0461538461538462,3,2.851581508515815,0.4985507246376812,0.0769230769230769,0.8345498783454988,4,0.0,1.6771844660194175,691,70.0,6.539585955617669,3.0593342981186686,10.0,0.1852387843704775,0.4934876989869754,3.0,0.5218446601941747,2.246511627906977,0.0744186046511627,0.3795620437956204,14.0,3.2126371791436727,2.5398284111702223,2.141512004072209,0.0413625304136253,2.0,12.299999999999995,2.5,1.4974358974358974,4.0,5.459042984590431,40.0,3.610387744608777,True,0.0,0.0,0.0,0.0,0.1966019417475728,0.174757281553398,1.0,0.2985436893203883,0.145631067961165,0.5461165048543689,1.0,2.75,1.4487601612220142,0.145631067961165,6.0,22.0,8.0
1,Gnossienne No. 2,Erik Satie,7,4,IX,Modern,found,pdf,pdf-20260524T103936Z-3-001/pdf/Gnossienne 2 by Eric Satie.pdf,,,,verified_pieces/pdf/xml/Gnossienne 2 by Eric Satie.musicxml,,0.0209424083769633,1.088,4,0.9431321084864392,0.3105263157894737,0.1407035175879397,0.3517060367454068,4,0.0,1.4947643979057592,571,90.0,6.349138991379798,4.474605954465849,8.0,0.2311733800350262,0.0665499124343257,3.0,0.3429319371727748,2.236641221374046,0.2213740458015267,0.1233595800524934,12.0,1.430593707361524,3.407256745036841,2.304477463739595,0.5039370078740157,2.0,4.399999999999999,5.875,8.903225806451612,43.200000000000045,11.908792650918636,192.0,6.904028078496975,True,0.0,0.0,0.0,0.0833333333333333,0.0926829268292682,0.0536585365853658,0.3125,0.6585365853658537,0.1024390243902439,0.5951219512195122,1.0,1.6875,1.2313627980752302,0.1073170731707317,4.0,32.0,7.0
1,"Grand Solo, Op. 14",Fernando Sor,15,6,X,Classical,found,pdf,pdf-20260524T103936Z-3-001/pdf/Opus 14 Gran Solo by Fernando Sor.pdf,,,,verified_pieces/pdf/xml/Opus 14 Gran Solo by Fernando Sor.musicxml,,0.0079681274900398,1.3678804855275444,22,1.7610869565217393,0.3974947807933194,0.3235294117647059,0.4456521739130434,4,0.0,1.7352408547627671,4791,60.0,8.474703139795285,3.944270507201002,8.0,0.2650803590064705,0.2563139219369651,3.0,0.4009416877942774,2.5356820234869017,0.1851851851851851,0.2797101449275362,19.0,2.1196951560154456,3.2319916747863746,2.458545656496357,0.2735507246376811,5.25,18.39999999999999,10.6875,3.873787271918113,8.0,5.6954478663446055,104.0,7.009729287663085,True,0.0020964360587002,0.010482180293501,0.0171907756813417,0.0185185185185185,0.1136268343815513,0.1014675052410901,0.5,0.4486373165618448,0.1844863731656184,0.6134171907756814,0.0,4.8125,0.8223395603742847,0.0888888888888888,13.0,106.0,27.0
1,"Grand Sonata, Op. 22: iii. Minuet and Trio",Fernando Sor,7,3,V,Classical,found,dada_gp,,"datasets/DadaGP-v1.1/S/Sor, Fernando/Sor, Fernando - Grand Sonata.gp4.tokens.txt","datasets/DadaGP-v1.1/S/Sor, Fernando/Sor, Fernando - Grand Sonata.gp4",,"verified_pieces/dada/xml/Sor, Fernando - Grand Sonata.musicxml",,0.0154241645244215,1.3070866141732282,3,1.2306701030927836,0.3439829605963791,0.08,0.1288659793814432,1,0.125531914893617,2.416452442159383,940,152.0,6.846943139585379,2.3872340425531915,5.0,0.0297872340425531,0.2340425531914893,2.0,0.6529562982005142,3.0078740157480315,0.2401574803149606,0.1469072164948453,5.5,1.069391551742829,2.5407793766678406,2.4835002347637203,0.1134020618556701,2.0,4.299999999999999,5.0625,1.4229249011857708,2.800000000000012,2.2274505175263504,12.0,7.054240048539813,True,0.0,0.0,0.0808625336927223,0.032258064516129,0.2021563342318059,0.0862533692722372,1.0,0.44,0.105121293800539,0.4285714285714285,0.0,3.0,1.4316240419341897,0.1617250673854447,8.0,43.0,16.0
1,Grand Vals,Francisco Tarrega,11,7,X,Romantic,found,dada_gp,,"datasets/DadaGP-v1.1/T/Tarrega, Francisco/Tarrega, Francisco - Gran Vals en La (Grand Waltz in A).gp3.tokens.txt","datasets/DadaGP-v1.1/T/Tarrega, Francisco/Tarrega, Francisco - Gran Vals en La (Grand Waltz in A).gp3",,"verified_pieces/dada/xml/Tarrega, Francisco - Gran Vals en La (Grand Waltz in A).musicxml",,0.0139860139860139,1.5193370165745856,4,1.9134502923976608,0.3364197530864197,0.375,0.3824561403508772,5,0.0554699537750385,2.269230769230769,649,150.0,6.476972362889683,5.269645608628659,10.0,0.4160246533127889,0.1417565485362095,3.0,0.6328671328671329,3.337016574585636,0.5193370165745856,0.3087719298245614,14.0,2.3340045788804287,3.373925870325151,2.4984359485889773,0.1473684210526315,2.7,11.699999999999996,3.5,1.701657458563536,3.0,3.108284600389864,28.0,6.110916054899458,True,0.0,0.004,0.008,0.2,0.108,0.112,1.0,0.456,0.096,0.452,0.0,2.75,1.0803128138333289,0.112,6.0,56.0,18.0
1,"Grazioso, Op. 50 no. 23",Mauro Giuliani,5,3,V,Classical,found,pdf,pdf-20260524T103936Z-3-001/pdf/Opus 50 No 23 (Etude) by Mauro Giuliani.pdf,,,,verified_pieces/pdf/xml/Opus 50 No 23 (Etude) by Mauro Giuliani.musicxml,,0.0058823529411764,0.6304347826086957,2,1.4059171597633136,0.5129151291512916,0.7888888888888889,0.9289940828402368,5,0.0,1.6,272,82.0,5.60947179518496,1.2022058823529411,3.0,0.025735294117647,0.4595588235294117,1.5,0.3058823529411765,3.019230769230769,0.7692307692307693,0.1479289940828402,9.0,1.5579801877196142,2.07277744241895,2.403169066232266,0.0710059171597633,2.0,8.7,4.6875,1.1703703703703705,3.200000000000003,4.61923076923077,36.0,6.217142857142857,True,0.0,0.0,0.0060975609756097,0.0,0.0853658536585365,0.1158536585365853,0.25,0.5,0.1951219512195122,0.75,1.0,1.25,1.1208635047195616,0.1036585365853658,5.0,32.0,9.0
1,Greensleeves,Anonymous,5,2,III,Renaissance,found,dada_gp,,datasets/DadaGP-v1.1/A/Anonymous/Anonymous - Greensleeves (2).gp4.tokens.txt,datasets/DadaGP-v1.1/A/Anonymous/Anonymous - Greensleeves (2).gp4,,verified_pieces/dada/xml/Anonymous - Greensleeves (2).musicxml,,0.0,0.25,2,0.7474747474747475,0.3807106598984771,0.0,0.0909090909090909,1,0.0101010101010101,1.98,198,80.0,5.293304824724492,1.3383838383838385,3.0,0.0,0.4141414141414141,1.0,0.98,2.9183673469387754,0.2142857142857142,0.0,2.0,0.5789826386230907,1.9121243070851115,2.3400496815697363,0.2121212121212121,0.4,1.8999999999999984,4.1875,0.7951807228915663,2.0,1.851851851851852,6.0,7.687058823529411,True,0.0,0.0,0.0,,0.1956521739130435,0.2934782608695652,0.5,0.5108695652173914,0.1847826086956521,0.2934782608695652,1.0,1.75,1.3204900374391662,0.0,5.0,19.0,6.0
1,Gymnopedie No. 1,Erik Satie,6,4,IX,Modern,found,pdf,pdf-20260524T103936Z-3-001/pdf/Gymnopedie No. 1 by Eric Satie.pdf,,,,verified_pieces/pdf/xml/Gymnopedie No. 1 by Eric Satie.musicxml,,0.0382165605095541,1.3942307692307692,20,2.50982905982906,0.3885542168674699,0.0,0.6987179487179487,3,0.0,2.121019108280255,333,80.0,5.811140992976701,4.123123123123123,11.0,0.2162162162162162,0.2582582582582582,3.0,0.7515923566878981,2.694915254237288,0.5847457627118644,0.4423076923076923,12.333333333333334,2.535035747003526,3.2602699712752106,2.4761395862803,0.1217948717948717,5.444444444444445,11.866666666666664,2.5,1.3398058252427183,2.0,2.402991452991453,12.333333333333334,4.20416287534122,True,0.0,0.0144927536231884,0.0,0.0,0.1376811594202898,0.2101449275362318,1.0,0.7971014492753623,0.1666666666666666,0.3768115942028985,0.0,2.0,0.8642863224894733,0.1666666666666666,3.0,47.0,13.0
1,Gymnopedie No. 3,Erik Satie,6,3,VII,Modern,found,pdf,pdf-20260524T103936Z-3-001/pdf/Gymnopedie 3 by Erik Satie.pdf,,,,verified_pieces/pdf/xml/Gymnopedie 3 by Erik Satie.musicxml,,0.0422535211267605,0.8651685393258427,3,2.2700945626477544,0.4436860068259385,1.0,1.0354609929078014,5,0.0,2.0704225352112675,294,68.0,5.68697535633982,3.193877551020408,7.0,0.1700680272108843,0.2346938775510204,2.0,0.6830985915492958,2.814432989690722,0.4329896907216495,0.3687943262411347,8.0,1.971249736327896,2.786574513758628,2.50018427269032,0.0,2.0,7.5,2.0625,0.6534090909090909,2.0,1.9216903073286056,8.0,3.498300145701797,True,0.0,0.0,0.0,0.0,0.1408450704225352,0.204225352112676,1.0,0.7605633802816901,0.0845070422535211,0.380281690140845,1.0,2.0,1.097488455469531,0.2253521126760563,3.0,28.0,12.0
1,Hark! The Herald Angels Sing,Felix Mendelssohn,4,2,III,Romantic,found,pdf,pdf-20260524T103936Z-3-001/pdf/Hark The Herald Angels Sing by Felix Mendelssohn.pdf,,,,verified_pieces/pdf/xml/Hark The Herald Angels Sing by Felix Mendelssohn.musicxml,,0.0211864406779661,2.333333333333333,20,1.974468085106383,0.4692982456140351,0.746031746031746,0.5404255319148936,3,0.0,1.9364406779661016,457,126.0,6.126869184114185,2.803063457330416,5.0,0.0656455142231947,0.2363238512035011,3.0,0.4830508474576271,2.692982456140351,0.5877192982456141,0.251063829787234,21.0,2.7502629383513333,2.532973273395979,2.3280282741203164,0.0382978723404255,7.866666666666666,13.024999999999956,3.8125,2.6608187134502925,4.0,3.831382978723404,42.0,5.841276500531409,True,0.0,0.0084745762711864,0.0211864406779661,0.0,0.2330508474576271,0.097457627118644,0.5,0.6398305084745762,0.1567796610169491,0.5254237288135594,0.0,1.75,1.5334900450332194,0.1906779661016949,5.0,45.0,16.0
1,Hommage a Tarrega: I. Garrotin,Joaquin Turina,12,7,XI,Modern,found,pdf,pdf-20260524T103936Z-3-001/pdf/Hommage A Tarrega 1 Garrotin by Joaquin Turina.pdf,,,,verified_pieces/pdf/xml/Hommage A Tarrega 1 Garrotin by Joaquin Turina.musicxml,,0.0907079646017699,0.5567010309278351,2,1.8935328898743533,0.5103448275862069,0.2915254237288135,0.3813747228381374,5,0.0,1.606194690265487,726,90.0,6.588926477533519,4.31267217630854,10.0,0.2768595041322314,0.199724517906336,2.0,0.2278761061946902,2.7475728155339807,0.4271844660194174,0.2771618625277162,10.0,1.686574579103851,3.349655008372065,2.4291394854698134,0.1108647450110864,1.2222222222222223,9.041666666666668,6.6875,1.2604166666666667,4.0,5.662010347376201,29.33333333333333,6.7796357275159504,True,0.0,0.0022573363431151,0.0,0.1896551724137931,0.0857787810383747,0.0045146726862302,0.25,0.5643340857787811,0.1241534988713318,0.7720090293453724,1.0,1.75,0.9836972316845553,0.1060948081264108,5.0,38.0,11.0
1,Hommage a Tarrega: II. Solearas,Joaquin Turina,11,7,VIII,Modern,found,pdf,pdf-20260524T103936Z-3-001/pdf/Hommage A Tarrega 2 Soleares by Joaquin Turina.pdf,,,,verified_pieces/pdf/xml/Hommage A Tarrega 2 Soleares by Joaquin Turina.musicxml,,0.0306306306306306,0.3095238095238095,2,1.221630565583634,0.5222381635581061,0.5071574642126789,0.6155234657039711,5,0.0,1.2576576576576577,698,175.0,6.54965074223381,3.402578796561605,6.0,0.0673352435530086,0.1489971346704871,1.0,0.0774774774774774,3.651162790697674,0.3720930232558139,0.1245487364620938,8.8,1.318587582869912,2.938765522103193,2.4358255444125545,0.2364620938628159,2.0,5.916666666666666,5.5,0.3902439024390244,2.0,4.76759927797834,108.0,3.5087486187161434,True,0.0,0.0,0.0046838407494145,0.1666666666666666,0.0281030444964871,0.0046838407494145,0.5,0.6861826697892272,0.1709601873536299,0.9344262295081968,1.0,2.6875,0.8196630084696044,0.0351288056206089,6.0,26.0,8.0
1,Humoresque,Agustin Barrios Mandore,7,5,XII,Romantic,found,pdf,pdf-20260524T103936Z-3-001/pdf/humoresque-barrios.pdf,,,,verified_pieces/pdf/xml/humoresque-barrios.musicxml,,0.0,1.127906976744186,5,1.776470588235294,0.4198717948717949,0.25,0.3411764705882353,4,0.0,1.8304093567251465,313,80.0,5.749392985908253,6.476038338658147,11.0,0.5686900958466453,0.0990415335463258,3.0,0.5029239766081871,2.7906976744186047,0.5697674418604651,0.3235294117647059,9.0,1.7729223210068992,3.3193401907730817,2.514610000361746,0.188235294117647,3.0,7.599999999999994,3.625,1.987114845938376,4.0,4.046895424836601,48.0,5.616844398578145,True,0.0,0.006578947368421,0.0,0.1333333333333333,0.1381578947368421,0.1776315789473684,1.0,0.3355263157894737,0.1118421052631579,0.4605263157894737,0.0,2.8125,1.0830814942882387,0.0855263157894736,9.0,38.0,13.0
1,"In Dulci Jubilo, BWV 751",J.S. Bach,12,6,X,Baroque,found,pdf,pdf-20260524T103936Z-3-001/pdf/bach-bwv751.pdf,,,,verified_pieces/pdf/xml/bach-bwv751.musicxml,,0.0,0.7368421052631579,3,1.9514091350826048,0.6161417322834646,0.5220588235294118,0.5626822157434402,2,0.0,1.4796511627906976,509,150.0,6.234410725718371,3.275049115913556,7.0,0.1630648330058939,0.2770137524557957,2.0,0.3546511627906977,3.2131147540983607,0.4672131147540984,0.2798833819241982,11.0,1.634055231105526,2.938367280148371,2.4309289461181587,0.0087463556851311,3.0,11.0,2.0,0.5707964601769911,1.0,1.889698736637512,11.0,2.00837984496124,True,0.0,0.0,0.0,0.0,0.1290322580645161,0.0674486803519061,1.0,0.8856304985337243,0.1202346041055718,0.6627565982404692,0.0,3.5,1.2887549941778849,0.0381231671554252,4.0,35.0,11.0
1,Jha che Valle,Agustin Barrios Mandore,9,6,X,Romantic,found,pdf,pdf-20260524T103936Z-3-001/pdf/barrios-jha-che-valle.pdf,,,,verified_pieces/pdf/xml/barrios-jha-che-valle.musicxml,,0.0,1.2768361581920904,3,0.6809003641178418,0.1596467391304347,0.1324503311258278,0.2740814299900695,5,0.0,1.4613095238095235,1473,120.0,7.295735072749282,3.3163611676849967,7.0,0.2179226069246435,0.3686354378818737,2.0,0.3541666666666667,1.9355742296918768,0.1512605042016806,0.1002979145978153,12.0,1.8041342989308484,2.733324554424112,2.400079627948626,0.7378351539225422,3.0,12.0,6.1875,6.804397679751787,32.0,4.151991614255764,192.0,2.5986676871004946,True,0.0,0.0107142857142857,0.0,0.0,0.1142857142857142,0.1214285714285714,0.5,0.5428571428571428,0.1821428571428571,0.5678571428571428,0.0,83.9375,0.8585876323204717,0.0321428571428571,24.0,40.0,14.0
1,John Dowland's Galliard,John Dowland,5,5,V,Renaissance,found,pdf,pdf-20260524T103936Z-3-001/pdf/Dowlands Galliard by John Dowland.pdf,,,,verified_pieces/pdf/xml/Dowlands Galliard by John Dowland.musicxml,,0.0,0.68,3,1.7140151515151514,0.6176470588235294,0.3181818181818182,0.4659090909090909,5,0.0,1.5393258426966292,137,100.0,4.927253685157205,2.145985401459854,5.0,0.0583941605839416,0.3284671532846715,2.0,0.2808988764044944,3.56,0.88,0.2045454545454545,7.0,1.2061628530398618,2.435469872432769,2.2245620569002176,0.0,1.1,5.083333333333334,3.3125,1.1805555555555556,2.0,3.728219696969697,14.0,4.584513922813874,True,0.0,0.0,0.0,0.0,0.1123595505617977,0.0449438202247191,0.5,0.6629213483146067,0.1573033707865168,0.7640449438202247,1.0,1.75,1.1755816950079023,0.0898876404494382,5.0,21.0,5.0
1,Jota,Agustin Barrios Mandore,12,5,XIV,Romantic,found,pdf,pdf-20260524T103936Z-3-001/pdf/barrios-jota.pdf,,,,verified_pieces/pdf/xml/barrios-jota.musicxml,,0.009014810045074,1.1360544217687074,20,2.177298109965636,0.4485001807011203,0.5550847457627118,1.0264175257731958,5,0.0,1.7823567289117836,2768,102.0,7.926241523170962,4.006502890173411,10.0,0.2828757225433526,0.2980491329479768,3.0,0.4790727623953638,2.538978494623656,0.1948924731182795,0.282860824742268,20.0,2.713737619309742,3.265557684650094,2.462851655548617,0.1688144329896907,3.363636363636364,14.0,9.6875,4.166666666666666,8.0,7.588058419243987,320.0,8.657272955696982,True,0.0,0.0129870129870129,0.0007215007215007,0.0092592592592592,0.202020202020202,0.0533910533910533,0.5,0.5418470418470418,0.2546897546897547,0.5678210678210678,0.0,2.8125,1.4797893300300478,0.1544011544011544,9.0,60.0,20.0
1,"La Catedral - i. Preludio ""Saudade""",Agustin Barrios Mandore,9,6,XII,Romantic,found,pdf,pdf-20260524T103936Z-3-001/pdf/La Catedral (preludio saudade) by Augustin Barrios Mangore.pdf,,,,verified_pieces/pdf/xml/La Catedral (preludio saudade) by Augustin Barrios Mangore.musicxml,,0.0,1.0,2,4.468498659517426,0.8025974025974026,0.981029810298103,1.865951742627345,5,0.0,1.032085561497326,386,50.0,5.958424693029782,6.9067357512953365,12.0,0.582901554404145,0.2176165803108808,2.0,0.0106951871657754,4.0,0.5,0.4128686327077748,15.0,4.987972762235962,3.517981916776411,2.3803819604364427,0.0053619302949061,2.0,14.9,4.25,3.555555555555556,6.933333333333334,17.859919571045577,60.0,4.149844028520499,True,0.0,0.0,0.0026881720430107,,0.0,0.0026881720430107,0.25,0.9919354838709676,0.2365591397849462,0.9946236559139784,1.0,1.75,1.029925969282107,0.0,3.0,14.0,3.0
1,La Catedral - ii. Andante Religioso,Agustin Barrios Mandore,8,6,XI,Romantic,found,pdf,pdf-20260524T103936Z-3-001/pdf/La Catedral (Andante Religioso) by Augustin Barrios Mangore.pdf,,,,verified_pieces/pdf/xml/La Catedral (Andante Religioso) by Augustin Barrios Mangore.musicxml,,0.0,1.338235294117647,3,1.546875,0.3811188811188811,0.3333333333333333,0.265625,4,0.0,2.224806201550388,287,90.0,5.662960480135946,5.006968641114983,10.0,0.3554006968641115,0.1358885017421602,2.0,0.5271317829457365,3.176470588235294,0.75,0.15625,11.25,1.8485621641299428,3.61153943961026,2.501134572085015,0.1171875,2.142857142857143,9.0,5.0625,1.80672268907563,4.0,3.448691716269841,36.0,6.945146211773882,True,0.0,0.024390243902439,0.1463414634146341,0.0,0.089430894308943,0.1788617886178861,1.0,0.3821138211382114,0.1300813008130081,0.4715447154471545,1.0,1.75,1.4645789161177794,0.1788617886178861,7.0,42.0,11.0
1,La Catedral - iii.  Allegro Solemne,Agustin Barrios Mandore,14,6,XIV,Romantic,found,pdf,pdf-20260524T103936Z-3-001/pdf/La Catedral (Allegro Solemne) by Augustin Barrios Mangore.pdf,,,,verified_pieces/pdf/xml/La Catedral (Allegro Solemne) by Augustin Barrios Mangore.musicxml,,0.0,0.5,3,1.811688311688312,0.8452685421994884,0.7506702412868632,1.0454545454545454,4,0.0,1.0155642023346303,783,120.0,6.664409020350408,4.006385696040868,7.0,0.1954022988505747,0.1251596424010217,1.0,0.0155642023346303,0.6666666666666666,0.6666666666666666,0.2454545454545454,10.0,1.5065634779988553,3.142036199729145,2.4134992900398715,0.0155844155844155,2.0,7.899999999999999,4.1875,2.0,4.0,7.234632034632034,40.0,4.083115637627808,True,0.0,0.0,0.0,,0.0025974025974025,0.0012987012987012,0.25,0.9974025974025974,0.1922077922077922,0.9883116883116884,1.0,1.25,1.403320152452105,0.0,2.0,17.0,6.0
1,La Cavalleria de Napoles,Gaspar Sanz,3,4,VII,Baroque,found,pdf,pdf-20260524T103936Z-3-001/pdf/La Cavalleria de Napoles con dos Clarines by Gaspar Sanz.pdf,,,,verified_pieces/pdf/xml/La Cavalleria de Napoles con dos Clarines by Gaspar Sanz.musicxml,,0.0,0.6575342465753424,3,1.5298742138364785,0.441025641025641,0.0,0.0377358490566037,1,0.0,1.83177570093458,196,140.0,5.2832037287379885,2.739795918367347,7.0,0.1428571428571428,0.336734693877551,2.0,0.6822429906542056,1.9315068493150684,0.2191780821917808,0.2735849056603773,9.0,1.4134345612057762,2.5548120546302338,2.130568383175063,0.1698113207547169,1.3636363636363635,5.733333333333328,2.3125,0.6481481481481481,2.0,1.9772012578616351,9.0,3.419314641744548,True,0.0,0.0,0.0,0.0,0.5161290322580645,0.053763440860215,1.0,0.5483870967741935,0.2473118279569892,0.4946236559139785,0.0,2.5,1.1474553741307612,0.021505376344086,5.0,11.0,4.0
1,La minona da Cataluna (The Girl from Catalonia),Gaspar Sanz,1,2,VII,Baroque,found,pdf,pdf-20260524T103936Z-3-001/pdf/La Minona de Cataluna by Gaspar Sanz.pdf,,,,verified_pieces/pdf/xml/La Minona de Cataluna by Gaspar Sanz.musicxml,,0.0,0.0454545454545454,1,2.8606060606060604,0.6470588235294118,0.5,0.2909090909090909,2,0.0,1.5357142857142858,86,120.0,4.465908118654584,2.988372093023256,7.0,0.1860465116279069,0.3953488372093023,0.0,0.5,2.7857142857142856,0.3214285714285714,0.5818181818181818,5.5,1.4173398173843377,2.3516901580609324,2.048627538819708,0.0,0.5,5.1,1.9375,0.0317460317460317,0.0,4.422222222222223,9.0,2.934920634920635,True,0.0,0.0,0.0,0.0,0.1964285714285714,0.0,0.5,0.6428571428571429,0.1428571428571428,0.6071428571428571,0.0,2.5,1.0718731281827467,0.0178571428571428,4.0,13.0,5.0
1,La Muerte Del Angel (Tango),Astor Piazzolla,11,5,X,Modern,found,pdf,pdf-20260524T103936Z-3-001/pdf/Muerte Del Angel by Astor Piazzolla.pdf,,,,verified_pieces/pdf/xml/Muerte Del Angel by Astor Piazzolla.musicxml,,0.056910569105691,2.1073825503355703,4,1.3343410852713178,0.3628370457209847,0.3863636363636363,0.3988372093023256,5,0.0,1.982578397212544,1707,160.0,7.443078374348516,4.224956063268893,9.0,0.2636203866432337,0.1915641476274165,4.0,0.3472706155632984,3.270903010033445,0.2775919732441471,0.1465116279069767,11.0,1.6240295110166827,3.445418407717704,2.404401077130464,0.2046511627906976,3.933333333333333,10.333333333333334,17.5,7.4563892897226225,16.0,5.037015503875969,116.0,9.188559508683012,True,0.0012690355329949,0.0,0.0,-4.0,0.016497461928934,0.016497461928934,0.25,0.4505076142131979,0.1205583756345177,0.6713197969543148,1.0,5.0,1.369796828963319,0.0380710659898477,14.0,74.0,28.0
1,La Samaritana,Agustin Barrios Mandore,8,5,XIII,Romantic,found,pdf,pdf-20260524T103936Z-3-001/pdf/barrios-samaritana.pdf,,,,verified_pieces/pdf/xml/barrios-samaritana.musicxml,,0.0,1.0388349514563109,4,1.846278317152104,0.446551724137931,0.4794520547945205,0.5825242718446602,3,0.0,1.8741935483870968,581,57.0,6.366470447731438,5.700516351118761,10.0,0.4750430292598967,0.1549053356282272,2.0,0.6645161290322581,2.033980582524272,0.5388349514563107,0.2783171521035599,14.0,1.893043908453284,3.3813238642035115,2.4914671262580987,0.1067961165048543,1.8333333333333333,8.616666666666658,5.25,2.63739837398374,7.199999999999989,5.130579955822674,56.0,8.202685134560477,True,0.0,0.0180505415162454,0.003610108303249,0.217391304347826,0.1083032490974729,0.151624548736462,0.5,0.5090252707581228,0.0902527075812274,0.407942238267148,1.0,1.75,1.403395595915427,0.0649819494584837,4.0,64.0,15.0
1,Lachrimae Pavan,John Dowland,16,8,VII,Renaissance,found,pdf,pdf-20260524T103936Z-3-001/pdf/Lachrimae Pavan by John Dowland.pdf,,,,verified_pieces/pdf/xml/Lachrimae Pavan by John Dowland.musicxml,,0.0227670753064798,0.8913043478260869,3,1.8485380116959065,0.6152073732718893,0.4391025641025641,0.6,5,0.0,1.521891418563923,869,45.0,6.76849321164863,1.805523590333717,4.0,0.0080552359033371,0.3383199079401611,2.0,0.2679509632224168,3.241830065359477,0.4313725490196078,0.2736842105263158,7.0,1.1676323518059788,2.315504636600412,2.4473069853827707,0.031578947368421,1.75,5.324999999999996,4.75,1.8941605839416056,4.0,5.25219298245614,28.0,4.8622192747501805,True,0.0,0.0054249547920434,0.0,0.0,0.1356238698010849,0.0922242314647378,0.25,0.5027124773960217,0.1555153707052441,0.7305605786618445,1.0,2.75,1.4313286765743911,0.0994575045207956,7.0,36.0,9.0
1,Lady Hammond's Alman,John Dowland,8,4,IV,Renaissance,found,pdf,pdf-20260524T103936Z-3-001/pdf/Lady Hammonds Alman by John Dowland.pdf,,,,verified_pieces/pdf/xml/Lady Hammonds Alman by John Dowland.musicxml,,0.0,0.75,3,1.9444444444444444,0.5475113122171946,0.5531914893617021,0.7906976744186046,5,0.0,1.7076923076923076,222,66.0,5.407171771460119,2.3378378378378377,5.0,0.045045045045045,0.3063063063063063,3.0,0.3692307692307692,4.0625,0.3333333333333333,0.2713178294573643,7.0,1.3368144694155644,2.212259268039783,2.192704208185795,0.0465116279069767,1.1428571428571428,5.0,4.6875,1.8333333333333333,6.0,5.922480620155039,16.0,7.857154244719012,True,0.0,0.0,0.0,0.0,0.168,0.04,0.25,0.504,0.144,0.648,0.0,0.75,1.4759724300189996,0.152,3.0,18.0,6.0
1,Lantururu,Gaspar Sanz,4,3,VII,Baroque,found,pdf,pdf-20260524T103936Z-3-001/pdf/Lantururu by Gaspar Sanz.pdf,,,,verified_pieces/pdf/xml/Lantururu by Gaspar Sanz.musicxml,,0.0,0.0526315789473684,1,1.9444444444444444,0.6056338028169014,0.3333333333333333,0.2916666666666667,3,0.0,1.469387755102041,72,120.0,4.290459441148391,2.8194444444444446,7.0,0.1944444444444444,0.4027777777777778,0.0,0.4489795918367347,2.863636363636364,0.4545454545454545,0.3541666666666667,5.5,1.499356858007566,2.4599804718437857,1.954662376929293,0.0416666666666666,0.1666666666666666,5.5,1.5625,0.0277777777777777,0.0,2.220486111111111,11.0,2.159100374843815,True,0.0,0.0,0.0,,0.2040816326530612,0.0204081632653061,1.0,0.5714285714285714,0.2040816326530612,0.7346938775510204,0.0,3.5,1.0255170365890076,0.0,4.0,11.0,4.0
1,Larghetto,Matteo Carcassi,5,3,IX,Classical,found,dada_gp,,"datasets/DadaGP-v1.1/C/Carcassi, Mateo/Carcassi, Mateo - Sonatina II Larghetto.gp3.tokens.txt","datasets/DadaGP-v1.1/C/Carcassi, Mateo/Carcassi, Mateo - Sonatina II Larghetto.gp3",,"verified_pieces/dada/xml/Carcassi, Mateo - Sonatina II Larghetto.musicxml",,0.0,0.7304347826086957,10,1.4733893557422968,0.6683006535947712,0.512396694214876,0.6764705882352942,3,0.0,1.2851153039832286,613,69.0,6.419994928147142,2.282218597063621,5.0,0.0456769983686786,0.2430668841761827,2.0,0.2620545073375262,2.224,0.344,0.1764705882352941,7.0,1.3104626721742758,2.494616216411764,2.2082393292209668,0.0336134453781512,1.8571428571428568,6.8666666666666645,6.6875,3.617391304347826,12.0,7.321428571428571,56.0,6.690239331989122,True,0.0,0.0087912087912087,0.0,0.0,0.1362637362637362,0.1076923076923077,0.25,0.575091575091575,0.1274725274725274,0.2813186813186813,0.0,2.875,1.1480742265638777,0.0197802197802197,11.0,55.0,10.0
1,"Larghetto, Op. 50 no. 17",Mauro Giuliani,4,3,III,Classical,found,pdf,pdf-20260524T103936Z-3-001/pdf/Opus 50 No 17 by Mauro Giuliani.pdf,,,,verified_pieces/pdf/xml/Opus 50 No 17 by Mauro Giuliani.musicxml,,0.03,0.4864864864864865,2,1.5218855218855218,0.4418604651162791,0.9387755102040816,0.898989898989899,3,0.0,1.73,173,100.0,5.159055299214529,1.583815028901734,3.0,0.0,0.3815028901734104,1.0,0.37,3.108108108108108,0.6756756756756757,0.3232323232323232,4.0,1.2256280518880498,2.037010593808321,2.416497863367511,0.0909090909090909,2.0,4.0,5.375,0.9537037037037036,3.0,5.637485970819304,16.0,8.675072463768116,True,0.0,0.0204081632653061,0.0,0.375,0.1020408163265306,0.0204081632653061,0.25,0.7551020408163265,0.2551020408163265,0.6530612244897959,1.0,1.25,1.0562777817868023,0.1020408163265306,4.0,23.0,9.0
1,Las Abejas,Agustin Barrios Mandore,10,5,X,Romantic,found,pdf,pdf-20260524T103936Z-3-001/pdf/Las Abejas (The Bees) by Augustin Barrios Mangore.pdf,,,,verified_pieces/pdf/xml/Las Abejas (The Bees) by Augustin Barrios Mangore.musicxml,,0.0028089887640449,1.2857142857142858,3,1.995774647887324,0.8297297297297297,0.8,0.9408450704225352,5,0.0,1.0421348314606742,371,60.0,5.918893854273146,4.862533692722372,9.0,0.3180592991913746,0.105121293800539,3.0,0.0196629213483146,3.4285714285714284,0.5714285714285714,0.2591549295774648,12.0,1.8978257848864333,3.3389132723870074,2.37208169670439,0.0056338028169014,2.25,11.0,2.3125,2.25,6.0,3.991784037558686,24.0,2.142005664664322,True,0.0,0.0,0.0,0.0,0.0,0.0028248587570621,0.5,0.980225988700565,0.1666666666666666,0.9915254237288136,1.0,2.75,1.3954531524526532,0.0028248587570621,3.0,15.0,4.0
1,Las Dos Hermanitas,Francisco Tarrega,9,7,X,Romantic,found,pdf,pdf-20260524T103936Z-3-001/pdf/Las dos Hermanitas by Francisco Tarrega.pdf,,,,verified_pieces/pdf/xml/Las dos Hermanitas by Francisco Tarrega.musicxml,gaps_v1/musicxml/Las dos Hermanitas by Francisco Tarrega.xml,0.0068027210884353,1.0615384615384615,3,2.198236632536973,0.4796747967479675,0.5609756097560976,0.757679180887372,5,0.0,1.6768707482993197,493,170.0,6.202535517187923,4.855983772819473,10.0,0.3387423935091277,0.1541582150101419,3.0,0.4421768707482993,2.623076923076923,0.5846153846153846,0.2969283276450511,12.0,2.4284360384511725,3.448502052004601,2.400246347271373,0.1604095563139931,2.4,12.0,3.5,1.3259505352528609,3.0,4.743390757895877,160.0,3.720719117464144,True,0.0,0.0185873605947955,0.0037174721189591,0.0333333333333333,0.1672862453531598,0.0817843866171003,1.0,0.5018587360594795,0.1301115241635687,0.5799256505576208,0.0,2.75,1.3712997520295886,0.1078066914498141,9.0,52.0,14.0
1,Le Fandango,Dionisio Aguado,13,5,X,Classical,found,pdf,pdf-20260524T103936Z-3-001/pdf/aguado-fandango.pdf,,,,verified_pieces/pdf/xml/aguado-fandango.musicxml,,0.0013328890369876,1.0254691689008042,3,1.2021666666666666,0.3674430128840436,0.3413897280966767,0.57,5,0.0,1.3452182605798066,4037,70.0,8.303504798872783,3.3534803071587813,7.0,0.1624969036413178,0.198662373049294,2.0,0.2585804731756081,1.9845360824742269,0.181701030927835,0.1776666666666666,17.0,1.7741374873650784,3.1450704421790365,2.363746213272984,0.4363333333333333,3.0,9.9,6.5625,5.273601789709172,16.0,6.100240079365079,160.0,3.7185063502961815,True,0.0,0.0089086859688195,0.0016703786191536,0.1666666666666666,0.0601336302895322,0.0946547884187082,0.25,0.3502227171492205,0.2271714922048997,0.782293986636971,1.0,52.5,0.8006957615228579,0.0361915367483296,49.0,71.0,23.0
1,Le Petit-Rien (Rondeau),Francois Couperin,8,3,V,Baroque,found,pdf,pdf-20260524T103936Z-3-001/pdf/Le Petit Rien by Francois Couperin.pdf,,,,verified_pieces/pdf/xml/Le Petit Rien by Francois Couperin.musicxml,,0.0,0.6590909090909091,2,1.2592592592592593,0.5390625,0.4210526315789473,0.382716049382716,2,0.0,1.5731707317073171,129,120.0,4.867534450455582,1.837209302325581,3.0,0.0,0.2480620155038759,2.0,0.573170731707317,3.0,0.4893617021276595,0.1604938271604938,3.0,0.9266663706071706,2.031004408827316,2.485445617759647,0.1358024691358024,1.0,3.0,2.9375,1.0,2.0,2.240740740740741,6.0,3.902673545966229,True,0.0,0.0,0.0,,0.1733333333333333,0.1733333333333333,0.5,0.6533333333333333,0.12,0.5066666666666667,0.0,2.5,1.244785686971587,0.0,3.0,22.0,6.0
1,"Lesson, Op. 139 no. 3",Mauro Giuliani,6,3,V,Classical,found,pdf,pdf-20260524T103936Z-3-001/pdf/giuliani-op139no3.pdf,,,,verified_pieces/pdf/xml/giuliani-op139no3.musicxml,gaps_v1/musicxml/giuliani-op139no3.xml,0.0,0.65625,3,1.7223731884057971,0.5488958990536278,0.5641025641025641,0.6847826086956522,5,0.0,1.718918918918919,318,80.0,5.765191102784844,2.0849056603773586,5.0,0.0471698113207547,0.3490566037735849,2.0,0.5513513513513514,2.294117647058824,0.4117647058823529,0.2826086956521739,6.0,1.231977215014529,2.459713223617545,2.396697460262876,0.0163043478260869,1.6666666666666667,4.0,4.375,1.1789473684210523,4.0,3.272795893719807,12.0,5.3589825119236885,True,0.0,0.0,0.0,0.0,0.2324324324324324,0.1729729729729729,0.5,0.918918918918919,0.1351351351351351,0.5027027027027027,0.0,1.0,1.237961365546021,0.0486486486486486,3.0,30.0,9.0
1,"Lesson, Op. 31 no. 4",Fernando Sor,5,3,V,Classical,found,pdf,pdf-20260524T103936Z-3-001/pdf/sor-op31-4.pdf,,,,verified_pieces/pdf/xml/sor-op31-4.musicxml,,0.0232558139534883,1.0579710144927537,3,1.5078125,0.461864406779661,0.6363636363636364,0.375,3,0.0,1.837209302325581,237,56.0,5.472270673671475,2.573839662447257,5.0,0.0253164556962025,0.1983122362869198,2.0,0.5426356589147286,1.9142857142857144,0.5428571428571428,0.21875,5.0,1.244058688486723,2.434488341871402,2.129439554194408,0.078125,2.0,4.0,4.3125,2.077294685990338,4.0,3.7339409722222223,16.0,6.91140642303433,True,0.0,0.0077519379844961,0.0,0.0,0.1472868217054263,0.2558139534883721,0.5,0.7054263565891473,0.1085271317829457,0.4573643410852713,1.0,1.75,1.142610835252763,0.1085271317829457,5.0,38.0,12.0
1,"Lesson, Op. 60 no. 5",Fernando Sor,2,2,II,Classical,found,dada_gp,,"datasets/DadaGP-v1.1/S/Sor, Fernando/Sor, Fernando - Op. 60 - No 5 (study In A Minor).gp4.tokens.txt","datasets/DadaGP-v1.1/S/Sor, Fernando/Sor, Fernando - Op. 60 - No 5 (study In A Minor).gp4",,"verified_pieces/dada/xml/Sor, Fernando - Op. 60 - No 5 (study In A Minor).musicxml",,0.0,0.4,3,1.5942028985507246,0.7433628318584071,0.7374301675977654,1.3140096618357489,5,0.026431718061674,1.0913461538461535,227,66.0,5.429345628954441,1.193832599118943,3.0,0.0,0.4669603524229075,1.0,0.0913461538461538,3.421052631578948,0.7894736842105263,0.217391304347826,5.0,1.1376580815530646,1.9916575239312508,2.298178139127548,0.038647342995169,3.0,5.0,2.375,0.8,2.0,3.0789049919484706,10.0,2.09059558584875,True,0.0,0.0,0.0,,0.0144230769230769,0.0096153846153846,0.5,0.9230769230769232,0.2259615384615384,0.9230769230769232,0.0,1.0,1.0523057593182954,0.0,3.0,18.0,5.0
1,Leyenda de Espana,Agustin Barrios Mangore,8,6,X,Romantic,found,pdf,pdf-20260524T103936Z-3-001/pdf/Leyenda Espana by Augustin Barrios Mangore.pdf,,,,verified_pieces/pdf/xml/Leyenda Espana by Augustin Barrios Mangore.musicxml,,0.0012919896640826,0.8055555555555556,3,1.868046571798189,0.7416974169741697,0.4686192468619247,0.5834411384217335,4,0.0,1.0516795865633075,814,40.0,6.703188113240863,3.171990171990172,7.700000000000045,0.1572481572481572,0.257985257985258,2.0,0.0465116279069767,1.6666666666666667,0.5277777777777778,0.2703751617076326,14.5,1.6584041311793951,3.0261909243997467,2.233427920790309,0.1177231565329883,2.333333333333333,9.0,4.0,1.5529100529100528,4.0,6.418684161892441,36.0,3.1271860583106204,True,0.0,0.0,0.0,0.0,0.0145888594164456,0.0026525198938992,0.25,0.7506631299734748,0.2440318302387268,0.973474801061008,1.0,2.75,1.144820768411788,0.0053050397877984,10.0,20.0,8.0
1,Libertango,Astor Piazzolla,12,5,IX,Modern,found,pdf,pdf-20260524T103936Z-3-001/pdf/Libertango by Astor Piazzolla.pdf,,,,verified_pieces/pdf/xml/Libertango by Astor Piazzolla.musicxml,gaps_v1/musicxml/Libertango by Astor Piazzolla.xml,0.0060975609756097,0.4166666666666667,2,2.00611620795107,0.5555555555555556,0.4518072289156626,0.7339449541284404,5,0.0,1.3475609756097562,442,100.0,6.093569770045136,3.3122171945701355,8.0,0.1877828054298642,0.2375565610859728,2.0,0.3109756097560975,2.4607843137254903,0.5294117647058824,0.3211009174311927,10.0,2.134962896055917,3.1143828816396044,2.517449695211903,0.2110091743119266,1.3333333333333333,9.1,4.1875,2.0280701754385966,4.0,7.212028542303771,112.0,4.673835811433151,True,0.0,0.0,0.0,0.0,0.0153846153846153,0.0538461538461538,0.5,0.8884615384615384,0.123076923076923,0.7269230769230769,1.0,2.25,1.4607956185422208,0.0076923076923076,6.0,43.0,10.0
1,Libra Sonatine: A. India,Roland Dyens,15,9,X,Modern,found,dada_gp,,"datasets/DadaGP-v1.1/D/Dyens, Roland/Dyens, Roland - Libra Sonatine.gp4.tokens.txt","datasets/DadaGP-v1.1/D/Dyens, Roland/Dyens, Roland - Libra Sonatine.gp4",,"verified_pieces/dada/xml/Dyens, Roland - Libra Sonatine.musicxml",,0.0007824726134585,0.2479784366576819,3,2.261550509005481,0.5091267883571781,0.695067264573991,0.8645262333594361,5,0.1489151873767258,1.5868544600938967,2028,120.0,7.615298339825815,2.113412228796844,7.0,0.1074950690335305,0.5384615384615384,1.0,0.4014084507042254,3.3859649122807016,0.1715399610136452,0.3422083007047768,25.0,2.2765211256571605,2.418497215296962,2.47539370129522,0.047768206734534,1.3333333333333333,24.25,9.75,0.7690893088228724,4.0,8.88527753795078,40.0,9.649597736343097,True,,,,,,,,,,,,,,,,,
1,Little Italian Song (from Album for the Young); Op. 39 no. 15,Peter Ilyitch Tchaikovsky,7,4,IX,Romantic,found,pdf,pdf-20260524T103936Z-3-001/pdf/Opus 39 No 15 Italian Air by Pyotr Ilyich Tchaikovsky.pdf,,,,verified_pieces/pdf/xml/Opus 39 No 15 Italian Air by Pyotr Ilyich Tchaikovsky.musicxml,,0.0,0.4615384615384615,3,2.263803680981595,0.5333333333333333,0.4117647058823529,0.4907975460122699,2,0.0,1.5609756097560976,256,100.0,5.54907608489522,3.9921875,9.0,0.375,0.3671875,2.0,0.5304878048780488,2.586206896551724,0.425287356321839,0.4049079754601227,9.0,1.9654320022132217,2.704767573540353,2.324225144463985,0.0920245398773006,3.0,7.699999999999996,3.9375,0.9090909090909092,4.0,5.646216768916156,36.0,5.40013183915623,True,0.0,0.0,0.0,,0.0920245398773006,0.1226993865030674,0.5,0.7668711656441718,0.2269938650306748,0.5828220858895705,0.0,0.75,0.924721484185834,0.0,3.0,26.0,9.0
1,London Carape,Agustin Barrios Mandore,6,5,XII,Romantic,found,pdf,pdf-20260524T103936Z-3-001/pdf/london-carape-barrios.pdf,,,,verified_pieces/pdf/xml/london-carape-barrios.musicxml,,0.0213675213675213,0.4324324324324324,3,1.9858369098712445,0.4527220630372492,0.3095238095238095,0.4463519313304721,5,0.0,1.4957264957264955,350,120.0,5.860786223465865,5.828571428571428,10.0,0.5371428571428571,0.1971428571428571,1.0,0.329059829059829,2.727272727272727,0.3896103896103896,0.3133047210300429,10.25,2.2569517844392126,3.152383373429674,2.488494473148566,0.2832618025751073,3.0,10.0,6.125,2.114155251141552,7.199999999999989,8.376037195994279,160.0,5.1928508221130665,True,0.0,0.0,0.0,0.0,0.0292397660818713,0.1228070175438596,0.5,0.6842105263157895,0.1929824561403508,0.7192982456140351,0.0,2.75,1.179916128655386,0.0175438596491228,6.0,28.0,13.0
1,Lord Strang's March,John Dowland,11,8,IV,Renaissance,found,pdf,pdf-20260524T103936Z-3-001/pdf/Lord Strangs March by John Dowland.pdf,,,,verified_pieces/pdf/xml/Lord Strangs March by John Dowland.musicxml,,0.0,1.022222222222222,3,1.977459016393443,0.4827586206896552,0.2608695652173913,0.3032786885245901,5,0.0,1.8943089430894309,233,50.0,5.455321115357702,2.6566523605150216,5.0,0.0815450643776824,0.2918454935622318,2.0,0.3739837398373983,4.456521739130435,0.4347826086956521,0.2950819672131147,7.0,1.4361024879124984,2.505907357393529,2.275348019339266,0.0573770491803278,1.8,6.699999999999998,3.125,1.130681818181818,3.0,3.5204918032786883,16.0,4.59764566395664,True,0.0,0.0,0.0,0.0,0.1869918699186991,0.032520325203252,0.5,0.4552845528455284,0.1463414634146341,0.6666666666666666,0.0,3.75,1.3692369418685022,0.1788617886178861,6.0,19.0,6.0
1,Luz Mala,Agustin Barrios Mandore,9,6,XII,Romantic,found,pdf,pdf-20260524T103936Z-3-001/pdf/Luz Mala (Bad Light) by Agustin Barrios Mangore.pdf,,,,verified_pieces/pdf/xml/Luz Mala (Bad Light) by Agustin Barrios Mangore.musicxml,,0.0064935064935064,1.85,4,1.8257080610021783,0.4395973154362416,0.4047619047619047,0.5359477124183006,3,0.0,1.9415584415584413,299,95.0,5.703782474656201,6.076923076923077,12.0,0.4013377926421405,0.0568561872909698,3.0,0.5194805194805194,2.7375,0.5625,0.2679738562091503,9.5,1.7612384099969545,3.6245939806121386,2.5108938107737195,0.0980392156862745,3.0,7.749999999999997,4.5,4.135021097046414,8.0,4.540232389251997,21.33333333333333,7.740346320346321,True,0.0,0.0,0.0,0.125,0.0935251798561151,0.1366906474820144,0.5,0.5035971223021583,0.1151079136690647,0.5107913669064749,0.0,1.3125,1.2807686728139889,0.1007194244604316,7.0,38.0,14.0
1,Mabelita,Agustin Barrios Mandore,8,6,XII,Romantic,found,pdf,pdf-20260524T103936Z-3-001/pdf/Mabelita by Augustin Barrios Mangore.pdf,,,,verified_pieces/pdf/xml/Mabelita by Augustin Barrios Mangore.musicxml,,0.0,1.5757575757575757,3,2.293981481481482,0.4042553191489361,0.3076923076923077,0.3472222222222222,5,0.0,1.9452054794520548,142,50.0,4.962844630259907,5.767605633802817,11.0,0.4436619718309859,0.1267605633802817,3.0,0.4520547945205479,3.0,0.7575757575757576,0.3333333333333333,9.0,2.4923483298262963,3.533624795975321,2.4779059143810525,0.1666666666666666,2.0,8.683333333333334,5.25,4.121212121212121,7.600000000000001,6.413194444444445,36.0,9.20730593607306,True,0.0,0.0307692307692307,0.0153846153846153,0.0,0.1692307692307692,0.0923076923076923,0.5,0.676923076923077,0.1384615384615384,0.5692307692307692,1.0,0.75,1.577885452501638,0.2307692307692307,3.0,25.0,10.0
1,Madrecita,Agustin Barrios Mandore,7,6,XII,Romantic,found,pdf,pdf-20260524T103936Z-3-001/pdf/barrios-madrecita.pdf,,,,verified_pieces/pdf/xml/barrios-madrecita.musicxml,,0.0,1.3943661971830985,3,2.117948717948718,0.4139194139194139,0.2702702702702703,0.2692307692307692,3,0.0,2.0916030534351147,274,110.0,5.616771097666572,6.9416058394160585,11.0,0.6751824817518248,0.1386861313868613,3.0,0.549618320610687,2.9722222222222223,0.7083333333333334,0.3692307692307692,9.333333333333332,1.868594031749489,3.419540272036242,2.4714821404412883,0.1153846153846153,2.1666666666666665,7.208333333333334,3.6875,2.833333333333333,3.1000000000000014,5.179700854700855,48.0,6.178967510956565,True,0.0,0.0168067226890756,0.0252100840336134,0.0263157894736842,0.3193277310924369,0.1176470588235294,1.0,0.5546218487394958,0.1008403361344537,0.4201680672268907,0.0,2.75,0.7914855169768288,0.3109243697478991,7.0,38.0,9.0
1,Madrigal (Gavota),Agustin Barrios Mandore,11,7,XII,Romantic,found,pdf,pdf-20260524T103936Z-3-001/pdf/barrios-madrigal.pdf,,,,verified_pieces/pdf/xml/barrios-madrigal.musicxml,,0.0228426395939086,1.5925925925925926,6,2.17557251908397,0.437094682230869,0.425,0.4249363867684478,4,0.0,1.9593908629441623,772,120.0,6.650279048587422,7.878238341968911,12.0,0.7564766839378239,0.0712435233160621,3.0,0.5482233502538071,2.560185185185185,0.4814814814814814,0.3689567430025445,12.0,2.109984374043472,3.3692760439110425,2.457617932324145,0.094147582697201,3.5454545454545454,10.699999999999996,3.875,2.70874861572536,6.0,4.028837998303647,34.66666666666667,5.7297338870942935,True,0.0,0.005420054200542,0.005420054200542,0.2142857142857142,0.1571815718157181,0.1327913279132791,0.5,0.4525745257452574,0.1056910569105691,0.4769647696476964,1.0,1.75,1.0400791502680264,0.1192411924119241,5.0,64.0,17.0
1,Madronos,Federico Moreno Torroba,10,6,X,Modern,found,pdf,pdf-20260524T103936Z-3-001/pdf/Madronos by Federico Moreno Torroba.pdf,,,,verified_pieces/pdf/xml/Madronos by Federico Moreno Torroba.musicxml,,0.0134730538922155,1.2222222222222223,3,1.7766116941529235,0.5133079847908745,0.25,0.3868065967016492,5,0.0,1.5763473053892216,1053,126.0,6.960347729101308,4.7245963912630575,9.0,0.3000949667616334,0.1092117758784425,3.0,0.2874251497005988,2.6666666666666665,0.40625,0.2533733133433283,12.0,1.7066718633699245,3.434315039119628,2.369010145850352,0.1514242878560719,2.6666666666666665,8.212499999999995,4.8125,2.49645390070922,6.0,4.605072463768115,48.0,5.684567508817981,True,0.0,0.0,0.0,0.0461538461538461,0.0984615384615384,0.0692307692307692,0.5,0.5938461538461538,0.14,0.7153846153846154,0.0,2.8125,0.968602122826978,0.0953846153846153,7.0,63.0,19.0
1,Mallorca,Isaac Albeniz,16,9,All,Romantic,found,pdf,pdf-20260524T103936Z-3-001/pdf/Opus 202 Mallorca by Isaac Albeniz.pdf,,,,verified_pieces/pdf/xml/Opus 202 Mallorca by Isaac Albeniz.musicxml,,0.0106544901065449,1.0731707317073171,5,2.2746443089430897,0.5721153846153846,0.490566037735849,0.6676829268292683,5,0.0,1.5844748858447488,1041,56.0,6.948897222313312,5.88088376560999,10.0,0.4745437079731028,0.1162343900096061,3.0,0.4368340943683409,2.156794425087108,0.4982578397212543,0.3704268292682927,12.0,2.001599515073214,3.553483515450954,2.4443602240558224,0.048780487804878,2.4545454545454546,10.333333333333334,6.625,3.2692307692307687,8.0,8.0258722899729,48.0,7.234378755106945,True,0.0,0.0078125,0.0,0.0,0.0828125,0.05625,0.25,0.79375,0.1265625,0.609375,1.0,2.75,1.1605382802225552,0.0515625,5.0,80.0,21.0
1,March (from the Notebook of Anna Magdalena Bach),C.P.E. Bach,7,4,VII,Baroque,found,dada_gp,,"datasets/DadaGP-v1.1/B/Bach, Johann Sebastian/Bach, Johann Sebastian - March.gp4.tokens.txt","datasets/DadaGP-v1.1/B/Bach, Johann Sebastian/Bach, Johann Sebastian - March.gp4",,"verified_pieces/dada/xml/Bach, Johann Sebastian - March.musicxml",,0.0,0.4714285714285714,3,1.206451612903226,0.5240174672489083,0.4102564102564102,0.4129032258064516,2,0.0,1.4743589743589745,230,130.0,5.442417710521793,1.891304347826087,4.0,0.0043478260869565,0.3173913043478261,2.0,0.4679487179487179,2.767123287671233,0.5616438356164384,0.1354838709677419,4.5,1.0407613478327105,2.2872313389815204,2.5222563777388043,0.1548387096774193,2.0,4.0,3.3125,0.9130434782608696,4.0,2.400806451612904,18.0,3.853438228438229,True,0.0,0.0,0.0,,0.1153846153846153,0.0512820512820512,0.5,0.9294871794871796,0.2371794871794871,0.7051282051282052,0.0,3.75,0.9263334539065344,0.0,5.0,27.0,7.0
1,Matachin,Gaspar Sanz,5,3,IX,Baroque,found,pdf,pdf-20260524T103936Z-3-001/pdf/Matachin by Gaspar Sanz.pdf,,,,verified_pieces/pdf/xml/Matachin by Gaspar Sanz.musicxml,,0.0,0.6363636363636364,3,1.8225806451612905,0.6458333333333334,0.1666666666666666,0.2258064516129032,2,0.0,1.5396825396825398,97,120.0,4.584967478670572,2.288659793814433,5.0,0.0824742268041237,0.3711340206185567,2.900000000000002,0.3809523809523809,3.1666666666666665,0.6666666666666666,0.2580645161290322,4.0,1.0303942627394245,2.4126962610597773,2.097006661448455,0.0,3.0,4.0,1.625,0.3492063492063492,1.3333333333333333,2.074372759856632,6.0,2.164481251437773,True,0.0,0.0,0.0,0.0,0.238095238095238,0.0158730158730158,1.0,0.365079365079365,0.1269841269841269,0.6666666666666666,0.0,2.5,0.8772897267514622,0.0634920634920634,5.0,17.0,6.0
1,Maxixe,Agustin Barrios Mandore,10,5,IX,Romantic,found,pdf,pdf-20260524T103936Z-3-001/pdf/Maxixe by Augustin Barrios Mangore.pdf,,,,verified_pieces/pdf/xml/Maxixe by Augustin Barrios Mangore.musicxml,,0.0,0.6831683168316832,3,1.9639550264550265,0.6719492868462758,0.5308219178082192,0.9742063492063492,5,0.0,1.2514851485148517,632,110.0,6.450470422144176,3.550632911392405,9.0,0.1629746835443038,0.1914556962025316,2.0,0.2297029702970297,2.1724137931034484,0.3620689655172414,0.2698412698412698,12.0,2.013641563730678,3.082878940988008,2.561258331084159,0.1011904761904761,2.0,10.549999999999995,4.6875,2.5,8.0,8.145833333333334,96.0,5.380534788172695,True,0.0,0.0,0.0,0.2857142857142857,0.0351648351648351,0.0637362637362637,0.25,0.6989010989010989,0.1758241758241758,0.8,0.0,0.9375,1.4896359490274873,0.0109890109890109,7.0,32.0,8.0
1,"Mazurka, Op. 67 no. 3",Frederic Chopin,5,3,III,Romantic,found,pdf,pdf-20260524T103936Z-3-001/pdf/Opus 67 No 3 Mazurka by Frederic Chopin.pdf,,,,verified_pieces/pdf/xml/Opus 67 No 3 Mazurka by Frederic Chopin.musicxml,,0.0,0.9633507853403142,5,2.341207349081365,0.4584103512014787,0.6,0.3976377952755905,5,0.0,2.125490196078432,542,144.0,6.297109319933935,6.2250922509225095,10.0,0.5498154981549815,0.1088560885608856,2.0,0.7490196078431373,2.6387434554973823,0.3193717277486911,0.3503937007874015,10.5,2.2310599025104434,3.2867290341334257,2.2097109418825114,0.0078740157480314,2.0,8.924999999999997,3.6875,1.5491228070175438,4.0,3.9897200349956257,18.0,6.857236227824464,True,0.0079051383399209,0.0237154150197628,0.0,0.1111111111111111,0.1739130434782608,0.1976284584980237,0.5,0.5454545454545454,0.0869565217391304,0.3201581027667984,0.0,1.75,1.3987197825485789,0.0948616600790513,7.0,48.0,13.0
1,"Mazurka, Op. 68 no. 3",Frederic Chopin,8,6,X,Romantic,found,pdf,pdf-20260524T103936Z-3-001/pdf/Opus 68 No 3 Mazurka by Frederic Chopin.pdf,,,,verified_pieces/pdf/xml/Opus 68 No 3 Mazurka by Frederic Chopin.musicxml,,0.0214592274678111,1.6435643564356437,5,2.150862068965517,0.3082191780821918,0.5,0.1594827586206896,3,0.0,2.510729613733905,585,132.0,6.373319789577012,4.218803418803419,9.0,0.1264957264957265,0.1076923076923077,3.0,0.8669527896995708,2.4257425742574257,0.2079207920792079,0.3017241379310345,16.0,2.7710772253111,2.943758219271959,2.4825706211591188,0.1939655172413793,3.0,14.866666666666651,3.9375,2.829187396351576,8.0,3.789152298850576,32.0,8.251555191204128,True,0.0,0.0214592274678111,0.0,0.0,0.351931330472103,0.2145922746781116,1.0,0.3261802575107296,0.1072961373390558,0.3648068669527897,0.0,1.75,1.0005191074199962,0.3862660944206008,5.0,30.0,10.0
1,Mazurka; Op. 24 no. 1,Frederic Chopin,10,6,VII,Romantic,found,pdf,pdf-20260524T103936Z-3-001/pdf/Opus 24 No 1 Mazurka by Frederic Chopin.pdf,,,,verified_pieces/pdf/xml/Opus 24 No 1 Mazurka by Frederic Chopin.musicxml,,0.0216216216216216,0.9607843137254902,3,1.81219512195122,0.345679012345679,0.0975609756097561,0.2168021680216802,4,0.0,2.191891891891892,811,76.0,6.699500340161678,3.776818742293465,10.0,0.2589395807644883,0.3008631319358816,3.0,0.5945945945945946,2.9272727272727272,0.3272727272727272,0.3360433604336043,9.333333333333334,1.715386038632697,3.2239185779575856,2.356116940666114,0.2113821138211382,1.7058823529411764,7.0,6.375,1.4532019704433496,4.0,9.44710930442638,112.0,9.107265190262307,True,0.0,0.0067114093959731,0.023489932885906,-0.025,0.0939597315436241,0.1241610738255033,1.0,0.3657718120805369,0.087248322147651,0.4261744966442953,1.0,1.75,0.8563935032416609,0.1375838926174496,6.0,55.0,24.0
1,Mazurka; Op. 24 no. 3,Frederic Chopin,8,6,X,Romantic,found,pdf,pdf-20260524T103936Z-3-001/pdf/Opus 24 No 3 Mazurka by Frederic Chopin.pdf,,,,verified_pieces/pdf/xml/Opus 24 No 3 Mazurka by Frederic Chopin.musicxml,,0.0065573770491803,1.0283687943262412,7,1.3898026315789471,0.3621323529411764,0.2745098039215686,0.3355263157894737,4,0.0,1.786885245901639,545,126.0,6.302618975744905,3.645871559633028,10.0,0.1908256880733945,0.2036697247706422,3.0,0.4918032786885246,2.893333333333333,0.26,0.1809210526315789,12.0,1.8217738140248805,3.0359078222387863,2.440093000148384,0.3322368421052631,2.1666666666666665,7.474999999999998,6.4375,6.3947990543735225,32.0,6.615588450292399,120.0,7.160679845708776,True,0.0238095238095238,0.0238095238095238,0.0047619047619047,0.0,0.1666666666666666,0.0761904761904762,0.5,0.4333333333333333,0.1238095238095238,0.580952380952381,0.0,2.75,1.339695139146417,0.1619047619047619,7.0,34.0,11.0
1,Mazurka; Op. 33 no. 1,Frederic Chopin,10,7,X,Romantic,found,pdf,pdf-20260524T103936Z-3-001/pdf/Opus 33 No 1 Mazurka by Frederic Chopin.pdf,,,,verified_pieces/pdf/xml/Opus 33 No 1 Mazurka by Frederic Chopin.musicxml,,0.0242424242424242,1.131578947368421,3,2.288617886178862,0.4428571428571428,0.2549019607843137,0.2682926829268293,2,0.0,2.1272727272727274,351,80.0,5.863631175598097,4.586894586894587,9.0,0.4472934472934473,0.2279202279202279,2.5,0.5272727272727272,3.0,0.4482758620689655,0.3780487804878049,8.333333333333334,1.950900316879607,3.10613571973328,2.3653038839200864,0.0060975609756097,1.7692307692307692,7.583333333333331,3.5,1.4,3.0,4.137703252032519,33.333333333333336,6.170848985725019,True,0.0,0.0,0.0609756097560975,0.2285714285714285,0.1036585365853658,0.1768292682926829,1.0,0.4573170731707317,0.1158536585365853,0.5304878048780488,1.0,1.75,1.1348586776734797,0.1646341463414634,6.0,29.0,10.0
1,"Menuet (from Pieces de Clavecin, Premier Livre, (Pg. 31)",Jean-Philippe Rameau,4,2,II,Baroque,found,pdf,pdf-20260524T103936Z-3-001/pdf/Menuet Premier Livre by Jean-Philippe Rameau.pdf,,,,verified_pieces/pdf/xml/Menuet Premier Livre by Jean-Philippe Rameau.musicxml,,0.0,0.5434782608695652,3,1.4071428571428573,0.6377551020408163,0.3478260869565217,0.5571428571428572,5,0.0,1.3971631205673758,197,120.0,5.288267030694535,1.517766497461929,3.0,0.0,0.3604060913705584,2.0,0.3829787234042553,2.6481481481481484,0.5925925925925926,0.1857142857142857,5.0,0.9866713779994154,2.2689235857306778,2.3469781398495018,0.0857142857142857,3.0,3.2,3.4375,1.4021739130434785,4.0,3.486904761904761,24.0,4.1703202235117125,True,0.0,0.0,0.0,0.0,0.0153846153846153,0.1307692307692307,0.5,0.7846153846153846,0.2,0.7,1.0,1.75,1.5411216761213131,0.0076923076923076,6.0,31.0,8.0
1,"Menuet, Op. 11 no. 5",Fernando Sor,8,4,VII,Classical,found,pdf,pdf-20260524T103936Z-3-001/pdf/sor-op11-5.pdf,,,,verified_pieces/pdf/xml/sor-op11-5.musicxml,gaps_v1/musicxml/Opus 11 No 6 by Fernando Sor.xml,0.0,1.2911392405063291,3,2.043859649122807,0.4285714285714285,0.4242424242424242,0.5338345864661654,4,0.0,1.9402985074626864,260,80.0,5.564520407322694,3.5961538461538463,8.0,0.2307692307692307,0.2307692307692307,2.0,0.6044776119402985,2.4074074074074074,0.4444444444444444,0.3909774436090225,8.0,1.8539955201733729,2.9727079542364043,2.385546873428782,0.150375939849624,2.0,7.524999999999999,5.625,3.388888888888889,8.0,5.873015873015873,24.0,9.342177998894416,True,0.0,0.0495867768595041,0.0082644628099173,0.0,0.1652892561983471,0.1818181818181818,0.25,0.4545454545454545,0.1239669421487603,0.4214876033057851,0.0,1.75,1.6124080521050836,0.1157024793388429,4.0,30.0,12.0
1,"Menuet, Op. 22",Fernando Sor,7,4,V,Classical,found,pdf,pdf-20260524T103936Z-3-001/pdf/sor-opus22.pdf,,,,verified_pieces/pdf/xml/sor-opus22.musicxml,,0.0081632653061224,1.308411214953271,3,1.6058743169398908,0.4069529652351738,0.2087912087912088,0.3524590163934426,4,0.0,2.0,490,140.0,6.19644412779452,1.953061224489796,5.0,0.0204081632653061,0.2816326530612245,2.0,0.4489795918367347,2.918181818181818,0.3545454545454545,0.2172131147540983,6.25,1.332160382517892,2.466545851436765,2.427143987124095,0.1475409836065573,2.1666666666666665,6.25,4.0625,1.5786163522012575,3.0,2.864981785063752,12.0,5.157894736842105,True,0.0,0.0043668122270742,0.0873362445414847,0.0344827586206896,0.1353711790393013,0.0611353711790393,1.0,0.4759825327510917,0.1353711790393013,0.6244541484716157,0.0,2.75,1.394946468210109,0.1222707423580786,6.0,33.0,12.0
1,Menuett,Johann Krieger,1,1,I,Baroque,found,pdf,pdf-20260524T103936Z-3-001/pdf/Menuett by Johann Krieger.pdf,,,,verified_pieces/pdf/xml/Menuett by Johann Krieger.musicxml,,0.0,0.3928571428571428,2,1.3205128205128205,0.6403508771929824,0.6470588235294118,0.6794871794871795,4,0.0,1.4556962025316456,115,120.0,4.7535901911063645,1.2434782608695651,3.0,0.0,0.417391304347826,1.0,0.4556962025316455,2.1666666666666665,0.5,0.1025641025641025,3.0,0.759446318954866,1.8856114644169664,2.3697757756343267,0.0,1.1666666666666667,3.0,1.8125,0.4814814814814814,1.0,1.6623931623931627,4.0,2.4261603375527425,True,0.0,0.0,0.0,,0.1645569620253164,0.1265822784810126,1.0,0.6708860759493671,0.1392405063291139,0.620253164556962,1.0,2.5,1.1130888288522551,0.0,4.0,18.0,4.0
1,Milonga,Agustin Barrios Mandore,13,4,XIV,Romantic,found,pdf,pdf-20260524T103936Z-3-001/pdf/barrios-milonga.pdf,,,,verified_pieces/pdf/xml/barrios-milonga.musicxml,,0.002680965147453,0.3049853372434017,3,1.9014093959731544,0.4988696307460437,0.2925170068027211,1.1919463087248323,5,0.0,1.7801608579088473,1328,95.0,7.192182058713246,2.469879518072289,9.0,0.1430722891566265,0.3840361445783132,1.0,0.4812332439678284,2.6128133704735377,0.181058495821727,0.261744966442953,12.0,1.7816750608771337,2.581228615650832,2.5431048660113724,0.0510067114093959,3.0,9.099999999999994,8.375,1.1294117647058823,4.0,7.395346756152125,48.0,11.588498133837986,True,0.0,0.0,0.0013495276653171,0.0,0.2712550607287449,0.0850202429149797,0.25,0.9365721997300944,0.1511470985155195,0.5560053981106613,0.0,1.25,1.4148856663425755,0.2469635627530364,5.0,28.0,11.0
1,Milonga del Angel (Milonga),Astor Piazzolla,12,8,VIII,Modern,found,dada_gp,,"datasets/DadaGP-v1.1/P/Piazzola, Astor/Piazzola, Astor - Milonga Del Angel (2).gp3.tokens.txt","datasets/DadaGP-v1.1/P/Piazzola, Astor/Piazzola, Astor - Milonga Del Angel (2).gp3",,"verified_pieces/dada/xml/Piazzola, Astor - Milonga Del Angel (2).musicxml",,0.003683241252302,1.3144654088050314,4,1.7005535055350554,0.5685279187817259,0.5863309352517986,0.8782287822878229,5,0.0380228136882129,1.4530386740331491,789,100.0,6.672032945461067,4.23574144486692,8.0,0.2534854245880862,0.1520912547528517,3.0,0.3001841620626151,3.079754601226994,0.6503067484662577,0.2564575645756458,12.0,1.643691177150241,3.2403294657820285,2.53379442308554,0.03690036900369,3.0,8.0,4.1875,2.5970540091983887,6.0,3.8549963719009472,24.0,4.123911920187607,True,0.003731343283582,0.0093283582089552,0.0,0.125,0.042910447761194,0.0242537313432835,0.5,0.7225325884543762,0.1305970149253731,0.7593283582089553,1.0,2.0,1.2635676019098847,0.0261194029850746,9.0,67.0,18.0
1,Miniature No. 12: Prelude,Alain Reiher,7,4,VII,Modern,found,dada_gp,,"datasets/DadaGP-v1.1/R/Reiher, Alain/Reiher, Alain - Miniature No. 12.gp4.tokens.txt","datasets/DadaGP-v1.1/R/Reiher, Alain/Reiher, Alain - Miniature No. 12.gp4",,"verified_pieces/dada/xml/Reiher, Alain - Miniature No. 12.musicxml",,0.0,0.87409200968523,4,1.0085158150851583,0.4550669216061185,0.0,0.0401459854014598,2,0.0,1.907103825136612,1047,92.0,6.954638864880987,2.123209169054441,5.0,0.0334288443170964,0.3113658070678128,2.800000000000012,0.7814207650273224,1.983682983682984,0.2564102564102564,0.0875912408759124,8.5,0.9467409346581273,2.5167481946676835,2.378829645641024,0.0,2.75,8.5,8.625,3.453995157384988,8.0,3.9557481751824817,30.0,13.67628565012351,True,0.0,0.0,0.0,0.0,0.1020036429872495,0.1493624772313297,0.25,0.9908925318761383,0.1438979963570127,0.3224043715846995,1.0,3.75,0.9034087569096207,0.0018214936247723,3.0,54.0,16.0
1,"Minuet from 'Pensees Melodiques', Op. 38 No. 1",Jose Ferrer,5,3,V,Romantic,found,pdf,pdf-20260524T103936Z-3-001/pdf/Minuet Opus 38 No 1 by Jose Ferrer.pdf,,,,verified_pieces/pdf/xml/Minuet Opus 38 No 1 by Jose Ferrer.musicxml,,0.0,0.7560975609756098,3,1.3758389261744963,0.3652482269503546,0.4047619047619047,0.4899328859060403,4,0.0,1.8866666666666667,283,80.0,5.648974238161206,2.120141342756184,5.0,0.0282685512367491,0.342756183745583,2.0,0.6,2.033333333333333,0.4888888888888889,0.2147651006711409,6.5,1.4699518782568337,2.493639749000584,2.4211018287427866,0.261744966442953,1.5384615384615383,5.899999999999999,4.5625,1.7139917695473248,4.0,3.4942207307979123,80.0,6.591687242798354,True,0.0,0.0,0.0,0.0,0.336,0.176,0.5,0.648,0.136,0.392,0.0,2.8125,1.387239610858154,0.144,9.0,28.0,9.0
1,"Minuet I, BWV 1007",J.S. Bach,8,5,VI,Baroque,found,pdf,pdf-20260524T103936Z-3-001/pdf/BWV1007 Minuet 1 by Johann Sebastian Bach.pdf,,,,verified_pieces/pdf/xml/BWV1007 Minuet 1 by Johann Sebastian Bach.musicxml,,0.0,0.5869565217391305,3,2.7170542635658914,0.6574585635359116,0.6764705882352942,0.6356589147286822,3,0.0,1.4,182,120.0,5.209486152841421,2.802197802197802,5.0,0.0494505494505494,0.2692307692307692,1.5,0.3846153846153846,2.8,0.74,0.2790697674418604,22.0,4.423218272278873,2.506703826531412,2.4439924973603566,0.0232558139534883,1.0,20.93333333333333,2.9375,1.0888888888888888,2.6000000000000014,5.189922480620155,44.0,3.692753623188406,True,0.0,0.0,0.0,,0.1338582677165354,0.1102362204724409,0.5,0.7559055118110236,0.1259842519685039,0.6377952755905512,0.0,2.75,1.3076810583793723,0.0,4.0,29.0,7.0
1,"Minuet II, BWV 1007",J.S. Bach,6,4,V,Baroque,found,pdf,pdf-20260524T103936Z-3-001/pdf/BWV 1007 Minuet 2 by Johann Sebastian Bach.pdf,,,,verified_pieces/pdf/xml/BWV 1007 Minuet 2 by Johann Sebastian Bach.musicxml,,0.0,0.875,3,2.221774193548387,0.7215189873417721,0.5967741935483871,0.7338709677419355,3,0.0,1.272,159,120.0,5.075173815233827,2.880503144654088,6.0,0.0691823899371069,0.2264150943396226,2.0,0.264,2.909090909090909,0.9090909090909092,0.2419354838709677,22.0,3.785212323781616,2.8916791124624344,2.47563230894076,0.0080645161290322,1.625,19.49999999999998,2.625,1.7419354838709675,4.0,3.838709677419355,42.0,2.8892571428571427,True,0.0,0.0,0.0,,0.0483870967741935,0.0241935483870967,0.5,0.8467741935483871,0.1451612903225806,0.75,1.0,1.75,1.459953955553583,0.0,4.0,32.0,6.0
1,Minuet In A Minor,Henry Purcell,6,4,VIII,Baroque,found,pdf,pdf-20260524T103936Z-3-001/pdf/Minuet in A Minor by Henry Purcell.pdf,,,,verified_pieces/pdf/xml/Minuet in A Minor by Henry Purcell.musicxml,,0.0,0.3333333333333333,2,1.2473958333333337,0.6464646464646465,0.3636363636363636,0.375,2,0.0,1.5384615384615383,100,120.0,4.61512051684126,1.15,3.0,0.0,0.39,1.0,0.4461538461538462,2.931034482758621,0.5862068965517241,0.015625,2.75,0.6819486653736196,1.9686811355441567,2.244584898626157,0.0,0.6,2.224999999999999,1.9375,0.5,1.0,1.9075520833333333,11.0,2.699055330634278,True,0.0,0.0,0.0,0.0,0.1846153846153846,0.0923076923076923,1.0,0.5846153846153846,0.1692307692307692,0.6153846153846154,1.0,2.75,1.1598273883626629,0.0615384615384615,6.0,17.0,5.0
1,Minuet In E,Anonymous,6,3,VII,Baroque,found,pdf,pdf-20260524T103936Z-3-001/pdf/Minuet in E by Anonymous.pdf,,,,verified_pieces/pdf/xml/Minuet in E by Anonymous.musicxml,,0.0,1.0,3,2.231981981981982,0.639269406392694,0.3809523809523809,0.5540540540540541,4,0.0,1.476510067114094,220,96.0,5.3981627015177525,3.168181818181818,7.0,0.15,0.2545454545454545,2.8999999999999986,0.348993288590604,3.480769230769231,0.7115384615384616,0.3648648648648648,9.5,1.6232677455828182,2.670560861146807,2.270810989260741,0.027027027027027,2.5,6.1750000000000025,2.6875,1.1442307692307692,3.0,3.6041666666666665,10.0,3.248322147651008,True,0.0,0.0067114093959731,0.0,0.0,0.1879194630872483,0.1140939597315436,0.5,0.6711409395973155,0.1812080536912751,0.6644295302013423,0.0,1.5,1.3526494708048051,0.087248322147651,3.0,22.0,7.0
1,Minueto en La,Agustin Barrios Mangore,6,6,IX,Romantic,found,dada_gp,,"datasets/DadaGP-v1.1/B/Barrios, Agustin/Barrios, Agustin - Minueto En La.gp4.tokens.txt","datasets/DadaGP-v1.1/B/Barrios, Agustin/Barrios, Agustin - Minueto En La.gp4",,"verified_pieces/dada/xml/Barrios, Agustin - Minueto En La.musicxml",,0.0070093457943925,2.685483870967742,11,2.482669789227166,0.6461538461538462,0.2211538461538461,0.2786885245901639,4,0.0,1.5210280373831775,651,120.0,6.480044561926653,3.723502304147465,9.0,0.1981566820276497,0.195084485407066,8.0,0.2897196261682243,2.411290322580645,0.282258064516129,0.3934426229508196,8.666666666666668,1.880003571560997,3.123182852843969,2.158882897182404,0.009367681498829,9.0,7.426666666666662,4.625,6.282258064516129,16.0,8.729864658616025,84.03361344538405,5.598243122750239,True,0.0,0.0117647058823529,0.0211764705882352,0.125,0.2164705882352941,0.1035294117647058,0.5,0.3916349809885932,0.0752941176470588,0.228235294117647,0.0,2.958333333333333,1.3485836283406276,0.0988235294117647,11.0,47.0,20.0
1,Minueto en Mi,Agustin Barrios Mangore,8,6,IX,Romantic,found,pdf,pdf-20260524T103936Z-3-001/pdf/Minueto En Mi by Agustin Barrios Mangore.pdf,,,,verified_pieces/pdf/xml/Minueto En Mi by Agustin Barrios Mangore.musicxml,,0.0,1.5319148936170213,4,2.2273504273504274,0.7489539748953975,0.5197368421052632,0.5743589743589743,5,0.0,1.225063938618926,479,108.0,6.173786103901937,5.701461377870563,10.0,0.4363256784968685,0.0793319415448851,3.0,0.1202046035805626,3.1702127659574466,0.8723404255319149,0.3128205128205128,18.0,2.1411431804916536,3.4904041334362272,2.4995536874197315,0.0102564102564102,2.1538461538461537,10.649999999999991,4.25,3.134751773049645,6.799999999999997,6.794586894586894,68.0,3.822837958296192,True,0.0,0.0076726342710997,0.0025575447570332,0.0,0.0434782608695652,0.0255754475703324,0.25,0.5549872122762148,0.1662404092071611,0.887468030690537,0.0,2.75,1.3187276036059872,0.0434782608695652,6.0,37.0,12.0
1,Minueto en Si Mayor,Agustin Barrios Mangore,8,8,IX,Romantic,found,pdf,pdf-20260524T103936Z-3-001/pdf/Minueto En Si Mayor by Agustin Barrios Mangore.pdf,,,,verified_pieces/pdf/xml/Minueto En Si Mayor by Agustin Barrios Mangore.musicxml,,0.0,1.369047619047619,4,1.7364341085271315,0.5508982035928144,0.4977973568281938,0.4156976744186046,2,0.0,1.4550724637681158,502,120.0,6.220590170099739,4.597609561752988,9.0,0.2888446215139442,0.0876494023904382,2.0,0.2434782608695652,3.202380952380953,0.4880952380952381,0.2441860465116279,11.0,1.6099035625777194,3.269949265624479,2.409247872071281,0.1337209302325581,1.8333333333333333,7.649999999999999,4.4375,3.583049886621316,8.0,6.251003599114064,80.0,5.217474120082816,True,0.0,0.0032467532467532,0.0162337662337662,0.0952380952380952,0.1006493506493506,0.0259740259740259,0.25,0.5941558441558441,0.1363636363636363,0.8084415584415584,0.0,2.8125,1.2287602844237813,0.0616883116883116,11.0,36.0,11.0
1,Moderato,Dionisio Aguado,1,1,I,Classical,found,dada_gp,,"datasets/DadaGP-v1.1/A/Aguado, Dionso/Aguado, Dionso - Moderato.gp3.tokens.txt","datasets/DadaGP-v1.1/A/Aguado, Dionso/Aguado, Dionso - Moderato.gp3",,"verified_pieces/dada/xml/Aguado, Dionso - Moderato.musicxml",,0.0,0.5625,2,0.9310344827586208,0.4126984126984127,0.0,0.0689655172413793,1,0.0,2.1333333333333333,64,200.0,4.174387269895637,1.3125,3.0,0.0,0.390625,1.5,0.6,2.333333333333333,0.6111111111111112,0.0,2.0,0.7382764973574623,1.895251097000556,2.104680893634668,0.0,,,,,,,,,False,0.0,0.0333333333333333,0.0,0.0,0.4,0.0333333333333333,1.0,1.0,0.1666666666666666,0.4,0.0,0.0,1.254655970920297,0.3,1.0,14.0,7.0
1,"Moderato, Op. 31 no. 1",Ferdinando Sor,1,1,I,Classical,found,dada_gp,,"datasets/DadaGP-v1.1/S/Sor, Fernando/Sor, Fernando - Op. 31 - No 1 (Study In C Major).gp4.tokens.txt","datasets/DadaGP-v1.1/S/Sor, Fernando/Sor, Fernando - Op. 31 - No 1 (Study In C Major).gp4",,"verified_pieces/dada/xml/Sor, Fernando - Op. 31 - No 1 (Study In C Major).musicxml",,0.0,0.5740740740740741,2,1.0916030534351144,0.5846153846153846,0.4827586206896552,0.6641221374045801,2,0.0,1.4848484848484849,196,100.0,5.2832037287379885,1.2091836734693877,3.0,0.0,0.4183673469387755,2.0,0.4696969696969697,2.370967741935484,0.2419354838709677,0.099236641221374,3.0,0.9054574288228706,1.886711707497414,2.251893976682119,0.0916030534351145,2.0,3.0,1.6875,0.5031446540880503,1.0,1.052798982188295,3.0,2.0351769442678536,True,0.0,0.0,0.0,,0.2045454545454545,0.1590909090909091,1.0,0.9318181818181818,0.2348484848484848,0.5757575757575758,0.0,1.0,1.6077331290694628,0.0,2.0,16.0,5.0
1,"Moderato, Op. 35 no. 17",Fernando Sor,5,3,V,Classical,found,pdf,pdf-20260524T103936Z-3-001/pdf/Opus 35 No 17 in D by Fernando Sor.pdf,,,,verified_pieces/pdf/xml/Opus 35 No 17 in D by Fernando Sor.musicxml,gaps_v1/musicxml/Opus 35 No 17 in D by Fernando Sor.xml,0.0,0.3333333333333333,2,1.7114624505928853,0.7443609022556391,0.8602620087336245,1.6284584980237151,5,0.0,1.0511811023622046,267,120.0,5.5909869805108565,1.9325842696629207,4.0,0.0037453183520599,0.3033707865168539,1.0,0.0511811023622047,1.7692307692307692,0.7692307692307693,0.2055335968379446,22.0,2.176443012198788,2.306308154113397,2.437711614879294,0.0237154150197628,1.0,15.349999999999971,2.625,0.6666666666666666,2.0,3.38076416337286,44.0,2.192698080708661,True,0.0,0.0,0.0,,0.0198412698412698,0.0238095238095238,0.5,0.9563492063492064,0.2103174603174603,0.9484126984126984,0.0,1.25,1.222269604341462,0.0,4.0,20.0,4.0
1,"Moderato, Op. 39 no. 15",Anton Diabelli,1,1,II,Classical,found,pdf,pdf-20260524T103936Z-3-001/pdf/Opus 39 No 15 by Anton Diabelli.pdf,,,,verified_pieces/pdf/xml/Opus 39 No 15 by Anton Diabelli.musicxml,,0.0,0.0,0,1.7951807228915662,0.8876404494382022,0.4366197183098591,0.7951807228915663,5,0.0,1.0714285714285714,90,120.0,4.51085950651685,1.8888888888888888,3.1000000000000085,0.0,0.2777777777777778,0.0,0.0714285714285714,2.5,0.5,0.216867469879518,5.0,0.9475273610135788,2.198766663661321,2.2411714310520323,0.0240963855421686,0.0,3.35,2.0625,0.0,0.0,3.4457831325301207,7.0,2.119309262166405,True,0.0,0.0,0.0,,0.0365853658536585,0.0,0.5,0.8902439024390244,0.1951219512195122,0.9634146341463414,0.0,1.5,1.2855672967511549,0.0,3.0,10.0,2.0
1,Monotonia,Rodrigo Riera,5,4,III,Modern,found,pdf,pdf-20260524T103936Z-3-001/pdf/Monotonia by Rodrigo Riera.pdf,,,,verified_pieces/pdf/xml/Monotonia by Rodrigo Riera.musicxml,,0.0,0.8888888888888888,2,1.5207619047619048,0.6933962264150944,0.8545454545454545,1.3085714285714285,4,0.0,1.2102272727272727,213,120.0,5.365976015021851,1.6384976525821595,3.0,0.0375586854460093,0.3145539906103286,1.2000000000000002,0.0511363636363636,4.111111111111111,0.5555555555555556,0.1714285714285714,7.0,1.1257311093739235,2.363852034759011,2.296780235721975,0.0514285714285714,2.0,6.719999999999996,3.0625,0.8333333333333333,1.5333333333333332,2.977650793650794,14.0,2.685191761363636,True,0.0,0.0,0.0116279069767441,0.0,0.0,0.005813953488372,0.5,0.9593023255813954,0.1802325581395348,0.9709302325581396,1.0,2.5,1.185319548187294,0.005813953488372,5.0,16.0,4.0
1,Moonlight Sonata,Ludwig van Beethoven,12,7,X,Classical,found,pdf,pdf-20260524T103936Z-3-001/pdf/Moonlight Sonata by Ludwig van beethoven.pdf,,,,verified_pieces/pdf/xml/Moonlight Sonata by Ludwig van beethoven.musicxml,,0.0,1.5353535353535352,21,1.9292252734985489,0.4077490774907749,0.4345193035579107,0.5780308104487609,4,0.0,1.0890227576974565,1627,40.0,7.395107546562485,4.272894898586356,9.0,0.1665642286416717,0.2046711739397664,3.0,0.07429718875502,3.315315315315315,0.3603603603603603,0.174146014735432,22.0,4.463397635397338,3.3842646676067125,2.346314425883217,0.4976557267247153,21.0,21.5,7.4375,3.03061224489796,10.599999999999994,22.872041750390707,352.0,5.977111623103561,True,0.0,0.0,0.0,0.0,0.0197628458498023,0.0131752305665349,0.3125,0.8959156785243741,0.1673254281949934,0.938076416337286,1.0,3.6875,1.1839381797365998,0.0039525691699604,4.0,,8.0
1,Mrs. Anne Harecourt's Galliard,Francis Pilkington,7,4,VII,Renaissance,found,pdf,pdf-20260524T103936Z-3-001/pdf/Mrs Anne Harcourts Galliard by Francis Pilkington.pdf,,,,verified_pieces/pdf/xml/Mrs Anne Harcourts Galliard by Francis Pilkington.musicxml,,0.0,1.0677966101694916,5,2.337301587301587,0.4157894736842105,0.5714285714285714,0.2142857142857142,2,0.0,2.247058823529412,191,120.0,5.2574953720277815,4.204188481675392,8.0,0.3141361256544502,0.1727748691099476,2.0,0.6941176470588235,3.067796610169492,0.7288135593220338,0.4285714285714285,10.666666666666666,2.055645567067652,3.081556211697516,2.268904615730647,0.0595238095238095,1.8571428571428568,10.666666666666666,3.5625,1.310734463276836,2.133333333333335,3.095568783068783,16.0,6.131260504201681,True,0.0,0.024390243902439,0.0,0.0,0.4024390243902439,0.1707317073170731,1.0,0.4512195121951219,0.1097560975609756,0.3292682926829268,0.0,1.75,1.2485217455874935,0.2560975609756097,6.0,29.0,9.0
1,Mrs. Winter's Jump,John Dowland,5,4,IV,Renaissance,found,dada_gp,,"datasets/DadaGP-v1.1/D/Dowland, John/Dowland, John - Mrs Winter_'s Jump.gp3.tokens.txt","datasets/DadaGP-v1.1/D/Dowland, John/Dowland, John - Mrs Winter_'s Jump.gp3",,"verified_pieces/dada/xml/Dowland, John - Mrs Winter_'s Jump.musicxml",,0.0151515151515151,0.3076923076923077,2,1.7692307692307694,0.5825242718446602,0.4782608695652174,0.4615384615384615,5,0.0,1.5757575757575757,104,120.0,4.653960350157523,1.6442307692307692,4.0,0.0096153846153846,0.4038461538461538,1.0,0.4242424242424242,3.5,0.7142857142857143,0.2923076923076923,5.0,1.2440258289058466,2.130407388516028,2.379827166228669,0.0,1.0,5.0,3.1875,0.5733333333333333,2.0,5.013675213675214,24.0,4.750109793588054,True,0.0,0.0151515151515151,0.0,0.0,0.1969696969696969,0.0757575757575757,0.5,0.6363636363636364,0.1818181818181818,0.6363636363636364,0.0,1.375,1.2813795283193117,0.0909090909090909,6.0,20.0,6.0
1,"Nocturne, Op. 4 no. 1",Johann Kaspar Mertz,8,5,VIII,Romantic,found,pdf,pdf-20260524T103936Z-3-001/pdf/mertz-op4-1.pdf,,,,verified_pieces/pdf/xml/mertz-op4-1.musicxml,,0.0029761904761904,0.652027027027027,3,0.7097615499254843,0.2545612510860122,0.1390728476821192,0.1713859910581222,4,0.0,1.7142857142857142,1152,64.0,7.050122520269059,1.6857638888888888,3.900000000000091,0.0364583333333333,0.3289930555555556,2.0,0.4494047619047619,2.377483443708609,0.2251655629139073,0.0879284649776453,10.0,1.259586327969438,2.441745735470429,2.3662999371267768,0.5409836065573771,1.0,4.608333333333331,16.5,5.266666666666667,16.0,8.930907435005796,160.0,13.497528528711785,True,0.0,0.0,0.0,0.0,0.1212121212121212,0.1790633608815427,0.3125,0.7796143250688705,0.140495867768595,0.5840220385674931,1.0,3.75,1.4308910148120917,0.1790633608815427,10.0,42.0,12.0
1,"Nocturne, Op. 4 no. 2",Johann Kaspar Mertz,5,3,III,Romantic,found,pdf,pdf-20260524T103936Z-3-001/pdf/Opus 4 No 2 Part 1 Nocturne by Johann Kaspar Mertz.pdf,,,,verified_pieces/pdf/xml/Opus 4 No 2 Part 1 Nocturne by Johann Kaspar Mertz.musicxml,,0.0,0.6666666666666666,10,0.9636416521233276,0.2322946175637393,0.4102564102564102,0.3717277486910995,4,0.0,1.8466898954703832,1060,63.0,6.966967138613983,1.0660377358490567,3.0,0.0094339622641509,0.4886792452830188,2.0,0.4477351916376306,2.8560311284046693,0.1322957198443579,0.0855148342059336,22.0,2.553985953843203,1.925173014908841,2.332641496975236,0.5322862129144852,2.0,11.0,20.125,6.148305084745763,32.0,12.005962769051774,352.0,19.1558780594359,True,0.0,0.0,0.0068027210884353,0.0,0.227891156462585,0.010204081632653,0.3125,0.9489795918367347,0.1564625850340136,0.5918367346938775,0.0,3.75,1.595852989343291,0.1768707482993197,5.0,36.0,14.0
1,Ode to Joy,Ludwig van Beethoven,2,1,II,Romantic,found,pdf,pdf-20260524T103936Z-3-001/pdf/Ode to Joy by Ludwig van Beethoven.pdf,,,,verified_pieces/pdf/xml/Ode to Joy by Ludwig van Beethoven.musicxml,,0.0,0.4883720930232558,2,1.4210526315789471,0.5986394557823129,0.8571428571428571,1.136842105263158,2,0.0,1.5416666666666667,148,120.0,5.003946305945459,1.0675675675675675,3.0,0.0,0.5067567567567568,1.0,0.4583333333333333,3.1818181818181817,0.5,0.2,3.0,0.7882885841915758,1.7669261010754118,2.415903669093252,0.0,2.0,3.0,3.0,0.8571428571428571,2.0,2.7907894736842107,6.0,4.5633333333333335,True,0.0,0.0,0.0,0.0,0.1354166666666666,0.1145833333333333,0.5,0.9583333333333334,0.40625,0.6354166666666666,0.0,1.5,1.3697982986466233,0.0416666666666666,3.0,21.0,5.0
1,Oracion por Todos,Agustin Barrios Mandore,7,6,VIII,Romantic,found,pdf,pdf-20260524T103936Z-3-001/pdf/Oracion por Todos by Augustin Barrios Mangore.pdf,,,,verified_pieces/pdf/xml/Oracion por Todos by Augustin Barrios Mangore.musicxml,,0.0,0.7551020408163265,3,1.4833333333333332,0.451063829787234,0.0,0.8807692307692307,3,0.0,1.8045977011494247,471,60.0,6.156978985585555,4.503184713375796,9.0,0.3312101910828025,0.1507430997876857,2.0,0.7777777777777778,2.2118226600985222,0.4285714285714285,0.1961538461538461,10.5,1.6854518276260118,3.396741911648038,2.315818127285965,0.1423076923076923,3.0,8.0,6.5625,2.6,8.0,5.783333333333332,36.0,11.038513210927004,True,0.0,0.0,0.0,,0.1705426356589147,0.2209302325581395,0.25,0.8488372093023255,0.0813953488372093,0.2596899224806202,1.0,1.75,1.4700883976813153,0.0,4.0,43.0,8.0
1,Oremus,Francisco Tarrega,6,5,X,Romantic,found,pdf,pdf-20260524T103936Z-3-001/pdf/tarrega-oremus.pdf,,,,verified_pieces/pdf/xml/tarrega-oremus.musicxml,,0.0,0.9,3,2.7857142857142856,0.65,0.9090909090909092,2.1,3,0.0,1.4225352112676055,101,35.0,4.624972813284271,3.792079207920792,10.0,0.2079207920792079,0.2079207920792079,2.0,0.4225352112676056,1.1666666666666667,0.6333333333333333,0.2571428571428571,12.0,3.0385281076903814,3.159005891316778,2.325517750965917,0.0142857142857142,1.0,10.0,5.75,3.6,8.0,11.142857142857142,48.0,7.982003129890454,True,0.0,0.0,0.0,,0.0428571428571428,0.1714285714285714,0.25,0.9857142857142858,0.1714285714285714,0.5714285714285714,1.0,0.75,1.3471448078614796,0.0,2.0,23.0,5.0
1,Oriental,Isaac Albeniz,15,9,All,Romantic,found,pdf,pdf-20260524T103936Z-3-001/pdf/Opus 232 No 2 Oriental by Issac Albeniz.pdf,,,,verified_pieces/pdf/xml/Opus 232 No 2 Oriental by Issac Albeniz.musicxml,,0.0153191489361702,1.4455645161290325,5,1.3049971607041453,0.3534653465346534,0.1283643892339544,0.221465076660988,4,0.0,1.72,2021,64.0,7.611842399580417,7.119247897080653,12.0,0.5878278080158338,0.0851063829787234,3.0,0.4246808510638298,2.338677354709419,0.374749498997996,0.1737649063032368,13.0,1.8116132756226293,3.766578468679098,2.474169222795932,0.3798977853492334,4.333333333333333,11.099999999999998,9.0,10.255026455026456,32.0,9.380068143100512,200.0,10.58783932990672,True,0.0040485829959514,0.0161943319838056,0.0053981106612685,0.2473118279569892,0.0917678812415654,0.0715249662618083,0.25,0.5074224021592443,0.1376518218623481,0.6221322537112011,1.0,2.8125,1.2471406696129936,0.0944669365721997,9.0,96.0,22.0
1,Orlando Sleepeth,John Dowland,4,4,II,Renaissance,found,pdf,pdf-20260524T103936Z-3-001/pdf/Orlando Sleepeth by John Dowland.pdf,,,,verified_pieces/pdf/xml/Orlando Sleepeth by John Dowland.musicxml,,0.0,0.72,2,1.2023809523809523,0.4528301886792453,0.2941176470588235,0.3214285714285714,2,0.0,1.8771929824561404,107,92.0,4.68213122712422,1.4205607476635511,3.0,0.0,0.3738317757009345,2.0,0.4736842105263157,2.7777777777777777,0.6666666666666666,0.1071428571428571,3.5,0.9186743628914512,1.9011814278533712,2.381449305702492,0.125,1.2,3.125,2.5,0.6875,2.0,1.813988095238096,6.0,3.8258980785296575,True,0.0,0.0,0.0,0.0,0.1296296296296296,0.037037037037037,0.5,0.3703703703703703,0.1296296296296296,0.5555555555555556,1.0,2.5,0.8894871943541465,0.0925925925925925,5.0,21.0,6.0
1,Pais de Abanico,Agustin Barrios Mandore,11,8,XII,Romantic,found,pdf,pdf-20260524T103936Z-3-001/pdf/barrios-abanico.pdf,,,,verified_pieces/pdf/xml/barrios-abanico.musicxml,,0.0205949656750572,1.1989795918367347,5,1.4980886850152904,0.3817126269956458,0.1666666666666666,0.3669724770642202,5,0.0,1.5789473684210529,690,115.0,6.53813982376767,6.471014492753623,11.0,0.5507246376811594,0.0797101449275362,3.0,0.448512585812357,2.454081632653061,0.4897959183673469,0.2545871559633027,14.0,1.8769899847735647,3.6827566597835353,2.4764660468418263,0.3807339449541284,3.0,9.775,4.9375,5.695238095238095,16.0,7.945909785932723,144.0,5.395103357278992,True,0.0,0.0145454545454545,0.0,0.0909090909090909,0.069090909090909,0.0618181818181818,1.0,0.3818181818181818,0.0763636363636363,0.5636363636363636,0.0,1.8125,1.5145861859045555,0.0363636363636363,9.0,73.0,14.0
1,"Partita for Lute, BWV 997: Sarabande",J.S. Bach,8,6,VII,Baroque,found,pdf,pdf-20260524T103936Z-3-001/pdf/BWV997 Sarabande by Johann Sebastian Bach.pdf,,,,verified_pieces/pdf/xml/BWV997 Sarabande by Johann Sebastian Bach.musicxml,,0.0030487804878048,0.865546218487395,4,1.5716106014271152,0.5389105058365758,0.3846153846153846,0.418960244648318,4,0.0,1.570121951219512,515,40.0,6.246106765481563,2.130097087378641,5.0,0.0233009708737864,0.2699029126213592,2.0,0.3963414634146341,2.6538461538461537,0.7230769230769231,0.2477064220183486,7.333333333333333,1.3398123123015326,2.6167546347972905,2.469406152318244,0.0948012232415902,3.0,7.083333333333333,5.8125,2.586158192090396,8.0,5.707101597009854,28.0,7.927576518412242,True,0.0031446540880503,0.0062893081761006,0.0,0.0,0.0974842767295597,0.1194968553459119,0.25,0.8050314465408805,0.1163522012578616,0.6352201257861635,1.0,2.75,1.3067824386145626,0.0471698113207547,5.0,63.0,16.0
1,Partita II: BWV 1004: iv. Giga,J.S. Bach,15,7,IX,Baroque,found,pdf,pdf-20260524T103936Z-3-001/pdf/BWV 1004 4 Giga by Johann Sebastian Bach.pdf,,,,verified_pieces/pdf/xml/BWV 1004 4 Giga by Johann Sebastian Bach.musicxml,,0.0,0.0,0,1.721812434141201,0.8735511064278187,0.6164383561643836,0.804004214963119,5,0.0,1.0,950,120.0,6.85751406254539,5.996842105263158,8.0,0.4789473684210526,0.0431578947368421,0.0,0.0,0.0,0.0,0.2318229715489989,9.0,1.164344939734904,2.711490216821752,2.400990128701622,0.0021074815595363,0.0,5.0,4.0,0.0,0.0,6.755883386020373,36.0,3.8114343029087263,True,0.0,0.0,0.0,,0.0,0.0,0.25,0.9536354056902002,0.1759747102212855,1.0,1.0,1.25,1.332795122493318,0.0,5.0,12.0,1.0
1,Partita III: BWV 1006: i. Preludio,J.S. Bach,17,9,X,Baroque,found,pdf,pdf-20260524T103936Z-3-001/pdf/BWV 1006 Preludio by Johann Sebastian Bach.pdf,,,,verified_pieces/pdf/xml/BWV 1006 Preludio by Johann Sebastian Bach.musicxml,,0.0012360939431396,1.0,2,2.735148514851485,0.8776009791921665,0.6079900124843945,0.8985148514851485,4,0.0,1.011124845488257,818,80.0,6.70808408385307,6.167481662591687,11.0,0.4303178484107579,0.1014669926650366,2.0,0.0049443757725587,2.25,0.75,0.3948019801980198,14.0,2.491401495862701,3.4238654429223407,2.295218124392945,0.0383663366336633,2.0,13.799999999999995,4.3125,1.5,3.4000000000000004,10.80156765676568,56.0,3.938572017187592,True,0.0,0.0,0.0012391573729863,0.0,0.0012391573729863,0.0,0.25,0.9789343246592316,0.2912019826517967,0.9962825278810408,0.0,1.75,0.9628746605862276,0.0012391573729863,5.0,15.0,4.0
1,Partita III: BWV 1006: ii. Loure,J.S. Bach,11,8,VI,Baroque,found,pdf,pdf-20260524T103936Z-3-001/pdf/BWV1006a Loure by Johann Sebastian Bach.pdf,,,,verified_pieces/pdf/xml/BWV1006a Loure by Johann Sebastian Bach.musicxml,,0.0112359550561797,1.446808510638298,5,1.6005639097744362,0.48711943793911,0.3277310924369748,0.3082706766917293,3,0.0,1.602996254681648,428,100.0,6.061456918928017,4.240654205607477,7.0,0.1588785046728972,0.0677570093457943,2.0,0.352059925093633,2.6595744680851063,0.6914893617021277,0.1804511278195488,21.0,2.4536409052733914,2.9861038022591098,2.282860279256277,0.18796992481203,2.571428571428572,18.599999999999994,4.0625,5.4214029697900665,28.799999999999955,6.512949039264829,272.0,4.524863294336325,True,0.0,0.0045454545454545,0.009090909090909,0.1739130434782608,0.1136363636363636,0.0909090909090909,0.5,0.3045454545454545,0.1318181818181818,0.6318181818181818,0.0,1.25,1.0482101976485876,0.0863636363636363,6.0,56.0,14.0
1,Partita III: BWV 1006: v. Bourree,J.S. Bach,12,7,VII,Baroque,found,pdf,pdf-20260524T103936Z-3-001/pdf/BWV 1006a Bourree by Johann Sebastian Bach.pdf,,,,verified_pieces/pdf/xml/BWV 1006a Bourree by Johann Sebastian Bach.musicxml,,0.0,0.5111111111111111,3,2.132616487455197,0.7737003058103975,0.6473684210526316,0.7741935483870968,4,0.0,1.1714285714285717,328,160.0,5.796057750765372,3.1554878048780486,7.0,0.1128048780487804,0.2042682926829268,1.0,0.1714285714285714,2.770833333333333,0.6875,0.3440860215053763,7.0,1.543390567651616,2.8228405012972697,2.304885852138275,0.007168458781362,2.0,7.0,2.4375,0.9777777777777776,2.0,4.112903225806452,14.0,2.5445600756859035,True,0.0,0.0,0.0,,0.0678571428571428,0.0392857142857142,0.5,0.9142857142857144,0.1571428571428571,0.8392857142857143,0.0,0.5,1.177688322600885,0.0,2.0,27.0,6.0
1,Partita III: BWV 1006: vi. Gigue,J.S. Bach,14,7,V,Baroque,found,pdf,pdf-20260524T103936Z-3-001/pdf/BWV 1006 Gigue From Partita No 3 by Johann Sebastian Bach.pdf,,,,verified_pieces/pdf/xml/BWV 1006 Gigue From Partita No 3 by Johann Sebastian Bach.musicxml,,0.0,0.0,0,2.226361031518625,0.9054441260744984,0.4097421203438395,0.6103151862464183,5,0.0,1.0,350,120.0,5.860786223465865,4.054285714285714,7.0,0.1657142857142857,0.1028571428571428,0.0,0.0,0.0,0.0,0.3696275071633237,7.0,1.310217154850833,2.7698542963907267,2.3211532847407663,0.0257879656160458,0.0,5.0,3.8125,0.0,0.0,8.25978987583572,28.0,3.3653846153846154,True,0.0,0.0,0.0,,0.0,0.0,0.25,0.8501440922190202,0.1585014409221902,1.0,0.0,0.75,1.1339341991147678,0.0,4.0,10.0,1.0
1,"Partita in A Minor, BWV 1013: i. Allemande",J.S. Bach,12,7,All,Baroque,found,pdf,pdf-20260524T103936Z-3-001/pdf/bach-bwv1013-allemande.pdf,,,,verified_pieces/pdf/xml/bach-bwv1013-allemande.musicxml,,0.0,0.6785714285714286,3,1.4232142857142858,0.5477759472817133,0.4111461619348054,0.5651785714285714,4,0.0,1.0838537020517396,1215,67.0,7.103322062526113,4.642798353909465,10.0,0.3358024691358025,0.1440329218106996,2.0,0.079393398751115,2.764044943820225,0.8202247191011236,0.1857142857142857,17.0,2.03175602017324,3.444733349116574,2.1051540699353306,0.3517857142857143,3.0,10.599999999999998,5.4375,3.380952380952381,8.0,6.535767431972789,160.0,2.284518699759928,True,0.0,0.0,0.0,,0.0343878954607978,0.030261348005502,0.25,0.9724896836313618,0.1513067400275103,0.8940852819807428,1.0,59.6875,0.8089220719104232,0.0,18.0,43.0,8.0
1,"Partita in A Minor, BWV 1013: iii. Sarabande",J.S. Bach,11,7,All,Baroque,found,pdf,pdf-20260524T103936Z-3-001/pdf/BWV1013 Sarabande by Johann Sebastian Bach.pdf,,,,verified_pieces/pdf/xml/BWV1013 Sarabande by Johann Sebastian Bach.musicxml,,0.0,0.7840909090909091,4,0.639539204756596,0.2767695099818512,0.0772870662460567,0.1616499442586399,4,0.0,1.2282850779510022,1103,80.0,7.00669522683704,2.941069809610154,7.0,0.1305530371713508,0.1495920217588395,2.0,0.2048997772828507,2.5869565217391304,0.375,0.0992196209587513,8.0,1.167505622110263,2.9262816261438607,2.2717161112761177,0.6588628762541806,3.0,6.416666666666667,4.0625,3.307619047619048,8.0,2.1665295252251773,56.0,1.490427327810732,True,0.0,0.003257328990228,0.0,0.0,0.0912052117263843,0.0846905537459283,0.5,0.4723127035830619,0.1270358306188925,0.7166123778501629,1.0,77.5625,0.777038649825467,0.0260586319218241,37.0,48.0,11.0
1,"Partita in A Minor, BWV 1013: iv. Bourree Anglaise",J.S. Bach,9,6,VII,Baroque,found,pdf,pdf-20260524T103936Z-3-001/pdf/bach-bwv1013-bourree-anglaise.pdf,,,,verified_pieces/pdf/xml/bach-bwv1013-bourree-anglaise.musicxml,,0.0,0.3835616438356164,3,1.0989345509893456,0.5389876880984952,0.3313840155945419,0.4977168949771689,5,0.0,1.1124620060790271,732,120.0,6.597145701886651,3.209016393442623,7.0,0.1420765027322404,0.1639344262295081,1.0,0.1124620060790273,2.7972972972972974,0.581081081081081,0.1491628614916286,10.0,1.3829629003860808,3.10955006373748,2.215419999738004,0.350076103500761,2.0,6.824999999999999,4.375,1.5342465753424657,4.0,3.95535261288686,40.0,2.142248440512589,True,0.0,0.0,0.0,,0.0432801822323462,0.0478359908883826,0.25,0.6947608200455581,0.1731207289293849,0.8701594533029613,1.0,26.3125,0.8586928525875439,0.0,25.0,32.0,6.0
1,"Partita No. 1, BWV 825: ii. Allemande",J.S. Bach,12,7,IX,Baroque,found,pdf,pdf-20260524T103936Z-3-001/pdf/bach-bwv825-allemande.pdf,,,,verified_pieces/pdf/xml/bach-bwv825-allemande.musicxml,,0.0,0.7718631178707225,4,2.12472497249725,0.6261061946902655,0.6776315789473685,0.6782178217821783,5,0.0,1.4909390444810544,905,75.0,6.80903930604298,3.50828729281768,9.0,0.2132596685082873,0.2232044198895027,2.0,0.4596375617792422,2.695340501792115,0.5878136200716846,0.3531353135313531,11.0,1.7270069099902734,3.120036794923364,2.5149873794518816,0.0148514851485148,2.0,7.75,6.125,2.6259541984732824,8.0,8.024477447744776,44.0,7.167595406402945,True,0.0,0.0,0.0,0.0,0.0953177257525083,0.1488294314381271,0.25,0.9130434782608696,0.0953177257525083,0.568561872909699,0.0,0.75,0.9712381427143778,0.0100334448160535,2.0,66.0,11.0
1,"Partita No. 1, BWV 825: iii. Corrente",J.S. Bach,14,6,VII,Baroque,found,pdf,pdf-20260524T103936Z-3-001/pdf/bach-bwv825-corante.pdf,,,,verified_pieces/pdf/xml/bach-bwv825-corante.musicxml,,0.0,0.7,3,2.3248945147679327,0.6771428571428572,0.6993464052287581,0.7992766726943942,5,0.0,1.2653429602888089,701,100.0,6.553933404025811,3.71469329529244,8.0,0.2211126961483595,0.2125534950071326,2.0,0.2454873646209386,2.5808823529411766,0.6470588235294118,0.3779385171790235,11.0,2.143001260891672,3.124208346265866,2.470353480566102,0.050632911392405,2.0,9.4,4.4375,2.085271317829457,6.400000000000006,7.663954189270644,44.0,4.348065760600269,True,0.0,0.0,0.0,,0.0703422053231939,0.0722433460076045,0.25,0.5988593155893536,0.1216730038022813,0.7642585551330798,0.0,2.25,1.0404065345656184,0.0,5.0,52.0,10.0
1,"Partita No. 1, BWV 825: v.  Minuet I and II",J.S. Bach,8,5,VII,Baroque,found,pdf,pdf-20260524T103936Z-3-001/pdf/bach-bwv825-minuets.pdf,,,,verified_pieces/pdf/xml/bach-bwv825-minuets.musicxml,,0.0,0.8734939759036144,3,1.6418650793650793,0.5291970802919708,0.3125,0.6220238095238095,3,0.0,1.629080118694362,549,170.0,6.309918278226516,3.041894353369764,7.0,0.1293260473588342,0.2076502732240437,2.0,0.5044510385756676,2.911764705882353,0.5411764705882353,0.2351190476190476,9.0,1.6278353246659456,2.8472806201770577,2.4330861615139026,0.1220238095238095,1.6666666666666667,7.249999999999993,4.125,1.6626262626262625,4.0,3.699900793650794,36.0,5.177221332348508,True,0.0,0.0135135135135135,0.0033783783783783,0.0,0.2027027027027027,0.1148648648648648,0.5,0.75,0.1351351351351351,0.5304054054054054,0.0,2.75,0.9877535856202528,0.0472972972972973,5.0,50.0,15.0
1,"Partita, BWV 1002: v. Sarabande",J.S. Bach,7,5,VII,Baroque,found,dada_gp,,"datasets/DadaGP-v1.1/B/Bach, Johann Sebastian/Bach, Johann Sebastian - Sarabande - Bwv 1002.gp4.tokens.txt","datasets/DadaGP-v1.1/B/Bach, Johann Sebastian/Bach, Johann Sebastian - Sarabande - Bwv 1002.gp4",,"verified_pieces/dada/xml/Bach, Johann Sebastian - Sarabande - Bwv 1002.musicxml",,0.0129870129870129,1.2393162393162394,6,1.3050108932461877,0.3819628647214854,0.3157894736842105,0.0718954248366013,1,0.037037037037037,2.4545454545454546,378,56.0,5.937536205082426,2.7169312169312168,6.0,0.082010582010582,0.2301587301587301,3.0,0.7922077922077922,2.8688524590163933,0.7950819672131147,0.1764705882352941,7.0,1.1891882906970663,2.7392433673730574,2.4490581627360304,0.0065359477124183,3.0,6.699999999999996,5.0625,2.192528748048461,6.0,2.401125637792773,14.0,9.976539589442815,True,0.0,0.0522875816993464,0.0196078431372549,0.0,0.2091503267973856,0.2026143790849673,0.5,0.6535947712418301,0.0849673202614379,0.2287581699346405,1.0,2.833333333333333,1.3384657176114958,0.2549019607843137,6.0,59.0,18.0
1,Passacaglia,Lodvico Roncalli,10,5,VII,Baroque,found,pdf,pdf-20260524T103936Z-3-001/pdf/Passacaglia by Lodovico Roncalli.pdf,,,,verified_pieces/pdf/xml/Passacaglia by Lodovico Roncalli.musicxml,,0.0263852242744063,1.373913043478261,3,1.559196271101033,0.5306122448979592,0.1813471502590673,0.1798941798941798,4,0.0,1.683377308707124,638,60.0,6.459904454377535,3.203761755485893,6.0,0.0376175548589341,0.1238244514106583,3.0,0.3034300791556728,2.6608695652173915,0.6260869565217392,0.1719576719576719,8.0,1.1695158111195891,2.761886507755757,2.3161364721502147,0.0767195767195767,2.1666666666666665,4.799999999999997,7.0,3.62280701754386,8.0,5.319412950365332,32.0,8.167260250609468,True,0.0,0.0027777777777777,0.0138888888888888,0.6,0.0361111111111111,0.025,0.25,0.7138888888888889,0.1555555555555555,0.7305555555555555,1.0,2.75,1.192140781223587,0.0444444444444444,6.0,50.0,12.0
1,Passacaille,Robert de Visee,7,4,VII,Baroque,found,pdf,pdf-20260524T103936Z-3-001/pdf/Passacaille by Robert de Visee.pdf,"datasets/DadaGP-v1.1/D/De Visee, Robert/De Visee, Robert - Passacaille En Mi Mineur.gp4.tokens.txt","datasets/DadaGP-v1.1/D/De Visee, Robert/De Visee, Robert - Passacaille En Mi Mineur.gp4",,verified_pieces/pdf/xml/Passacaille by Robert de Visee.musicxml,,0.0,1.2,20,1.5783242258652097,0.425531914893617,0.4693877551020408,0.4371584699453552,4,0.0,2.0489130434782608,377,120.0,5.934894195619588,1.909814323607427,4.0,0.0424403183023872,0.3952254641909814,2.0,0.4728260869565217,3.3908045977011496,0.3793103448275862,0.1912568306010929,7.333333333333333,1.225462547238101,2.3050896426704592,2.4265217896604216,0.0655737704918032,7.0,5.333333333333329,2.5,1.0405405405405408,2.0,1.5074377656344868,6.666666666666667,3.660854110859262,True,0.0,0.0285714285714285,0.0,0.0263157894736842,0.1771428571428571,0.1942857142857142,1.0,0.7542857142857143,0.1714285714285714,0.56,1.0,2.5,1.4303710474882076,0.2114285714285714,5.0,33.0,9.0
1,Passacaille,Silvius Leopold Weiss,11,5,IX,Baroque,found,pdf,pdf-20260524T103936Z-3-001/pdf/Passacaille by Silvius Leopold Weiss.pdf,,,,verified_pieces/pdf/xml/Passacaille by Silvius Leopold Weiss.musicxml,,0.0026385224274406,1.05,4,1.9834214002642008,0.7129337539432177,0.580078125,0.857331571994716,5,0.0,1.2559366754617414,952,85.0,6.859614903654202,3.5021008403361344,7.0,0.1785714285714285,0.2069327731092436,2.0,0.1926121372031662,2.7260273972602738,0.589041095890411,0.3117569352708058,10.0,1.4879204375269428,2.9867827879876647,2.2214254849375314,0.0409511228533685,3.0,7.599999999999987,4.625,2.0599520383693046,4.0,6.590907089387935,40.0,4.416072816397333,True,0.0,0.0054054054054054,0.0,0.0,0.0486486486486486,0.0418918918918918,0.25,0.6905405405405406,0.1675675675675675,0.8256756756756757,0.0,0.75,1.173648430287523,0.0189189189189189,4.0,42.0,15.0
1,Pavan I,Luis Milan,6,3,III,Renaissance,found,pdf,pdf-20260524T103936Z-3-001/pdf/Pavan I by Luys Milan.pdf,,,,verified_pieces/pdf/xml/Pavan I by Luys Milan.musicxml,,0.0443037974683544,1.106666666666667,4,1.5583864118895967,0.3982808022922636,0.4629629629629629,0.4140127388535032,4,0.0,2.2151898734177213,350,130.0,5.860786223465865,1.5771428571428572,3.0,0.0057142857142857,0.3685714285714285,2.0,0.4810126582278481,3.25,0.3684210526315789,0.1847133757961783,18.0,2.1418525361559624,2.242959138008503,2.399920838218242,0.0891719745222929,2.8,16.34999999999999,4.0625,1.3558558558558558,3.700000000000003,3.2014331210191083,72.0,6.683762549105193,True,0.0,0.0,0.0,0.0,0.3333333333333333,0.0733333333333333,0.5,0.54,0.1,0.5333333333333333,1.0,3.75,1.2567993983368675,0.3466666666666667,5.0,27.0,6.0
1,Pavan VI,Luis Milan,6,4,II,Renaissance,found,pdf,pdf-20260524T103936Z-3-001/pdf/Pavana 6 by Luys Milan.pdf,,,,verified_pieces/pdf/xml/Pavana 6 by Luys Milan.musicxml,,0.0094339622641509,0.851063829787234,3,1.6531746031746033,0.5228426395939086,0.2142857142857142,0.238095238095238,1,0.0,1.8679245283018868,198,140.0,5.293304824724492,2.080808080808081,4.0,0.0,0.2575757575757575,2.0,0.4528301886792453,2.833333333333333,0.6458333333333334,0.2095238095238095,5.333333333333333,1.1837817063309817,2.233352931568908,2.400839135596165,0.0095238095238095,1.75,4.766666666666667,1.75,0.5634057971014492,1.25,1.5305555555555557,5.333333333333333,2.6800656275635766,True,0.0,0.0094339622641509,0.0,0.0,0.2641509433962264,0.0754716981132075,1.0,0.7735849056603774,0.1226415094339622,0.5566037735849056,0.0,5.0,1.0497192284220065,0.160377358490566,4.0,24.0,7.0
1,Pavana I,Luis Milan,3,2,III,Renaissance,found,dada_gp,,"datasets/DadaGP-v1.1/M/Milan, Luis/Milan, Luis - Pavana.gp3.tokens.txt","datasets/DadaGP-v1.1/M/Milan, Luis/Milan, Luis - Pavana.gp3",,"verified_pieces/dada/xml/Milan, Luis - Pavana.musicxml",,0.0457516339869281,0.982608695652174,3,0.9866228070175436,0.2681912681912682,0.5714285714285714,0.1578947368421052,3,0.0,3.150326797385621,482,112.0,6.180016653652572,1.329875518672199,3.0,0.0,0.4398340248962655,2.0,0.7777777777777778,3.092436974789916,0.4201680672268907,0.1184210526315789,3.75,0.9068836803980088,2.121274817003979,2.428209067441773,0.0460526315789473,2.076923076923077,3.45,5.4375,1.3333333333333333,3.700000000000003,1.9610745614035088,12.0,13.55765639589169,True,,,,,,,,,,,,,,,,,
1,Pavana VI,Luis Milan,4,2,III,Renaissance,found,gaps,,,,lf1wc,datasets/gaps_v1/readable_musicxml/Luys Milan - Pavana 6.xml,,0.0092592592592592,0.9387755102040816,3,1.5708722741433023,0.4904761904761904,0.2142857142857142,0.1962616822429906,1,0.0,1.953703703703704,211,100.0,5.356586274672012,2.104265402843602,4.0,0.0,0.2511848341232227,2.0,0.4629629629629629,2.82,0.68,0.1962616822429906,5.333333333333333,1.2119496180653224,2.229289288568802,2.3778667927226467,0.02803738317757,1.6,4.766666666666667,1.9375,0.6458333333333334,1.5,1.460669781931464,5.333333333333333,2.9871846484165325,True,0.0,0.036036036036036,0.0,0.0,0.3873873873873873,0.1171171171171171,1.0,0.5095541401273885,0.1081081081081081,0.2972972972972973,0.0,9.0,1.1371423771417768,0.3333333333333333,6.0,39.0,15.0
1,Pavane,Gabriel Faure,11,6,X,Romantic,found,dada_gp,,"datasets/DadaGP-v1.1/F/Faure, Gabriel/Faure, Gabriel - Pavane.gp4.tokens.txt","datasets/DadaGP-v1.1/F/Faure, Gabriel/Faure, Gabriel - Pavane.gp4",,"verified_pieces/dada/xml/Faure, Gabriel - Pavane.musicxml",,0.0010834236186348,1.6194444444444445,12,1.762292118582791,0.616398243045388,0.5777777777777777,0.559652928416486,4,0.0,1.4810400866738895,1367,80.0,7.221105098182496,2.822970007315289,5.0,0.0738844184345281,0.1477688368690563,4.0,0.3954496208017334,2.0904109589041098,0.5780821917808219,0.2342733188720173,12.0,1.555627412154091,2.825748371726168,2.3644163602433697,0.0108459869848156,12.0,9.399999999999991,4.0,3.158325999730889,8.0,4.694022492005445,48.0,4.866783169430787,True,0.0,0.0031982942430703,0.0053304904051172,0.074074074074074,0.1471215351812366,0.1801705756929637,0.5,0.7172926124638878,0.0714285714285714,0.2196162046908315,1.0,7.75,1.2497802935771742,0.0266524520255863,14.0,101.0,21.0
1,Pepita,Agustin Barrios Mangore,12,8,All,Romantic,found,pdf,pdf-20260524T103936Z-3-001/pdf/barrios-pepita.pdf,,,,verified_pieces/pdf/xml/barrios-pepita.musicxml,,0.009594882729211,1.3175803402646502,8,1.9986837424404127,0.428087986463621,0.602803738317757,0.6776947705442903,5,0.0,1.891257995735608,1774,120.0,7.4815557019095165,6.109357384441939,11.0,0.5264937993235626,0.125140924464487,3.0,0.5660980810234542,2.5386064030131825,0.3728813559322034,0.2913553895410886,15.0,2.307197231347047,3.652857684091363,2.483890016159758,0.1323372465314834,5.333333333333333,12.799999999999995,4.0,1.6792929292929295,4.0,3.4564779522623708,64.0,4.745952342936919,True,0.0033003300330033,0.0077007700770077,0.0143014301430143,0.0895522388059701,0.1397139713971397,0.1034103410341034,0.5,0.5236523652365237,0.0891089108910891,0.4895489548954895,0.0,2.75,1.324013915209436,0.0671067106710671,9.0,92.0,18.0
1,Pericon,Agustin Barrios Mangore,13,7,XIII,Romantic,found,pdf,pdf-20260524T103936Z-3-001/pdf/Pericon by Agustin Barrios Mangore.pdf,,,,verified_pieces/pdf/xml/Pericon by Agustin Barrios Mangore.musicxml,,0.002199413489736,1.4497607655502391,6,1.364477867449254,0.4381099126861839,0.5278154681139756,0.8268525311812179,5,0.0,1.4281524926686218,1948,130.0,7.575071699507561,4.762833675564682,10.0,0.303388090349076,0.0759753593429158,3.0,0.3189149560117302,2.586206896551724,0.3379310344827586,0.1672780630961115,22.0,2.0631768618829627,3.443718431878,2.537313180308053,0.3030080704328686,3.6666666666666665,10.449999999999996,11.6875,9.345323741007196,32.0,7.562435803374907,184.0,6.909757356643217,True,0.0,0.0020661157024793,0.0,0.2142857142857142,0.0630165289256198,0.0526859504132231,,0.6270661157024794,0.1353305785123967,0.731404958677686,0.0,2.9375,1.2817703021720148,0.0227272727272727,10.0,73.0,17.0
1,Petite Piece,Wolfgang Amadeus Mozart,4,2,II,Classical,found,pdf,pdf-20260524T103936Z-3-001/pdf/Petite Piece in C by Wolfgang Amadeus Mozart.pdf,,,,verified_pieces/pdf/xml/Petite Piece in C by Wolfgang Amadeus Mozart.musicxml,,0.0,0.6981132075471698,2,1.135135135135135,0.4835164835164835,0.1578947368421052,0.3783783783783784,2,0.0,1.6339285714285714,183,120.0,5.214935757608986,1.5191256830601092,3.0,0.0,0.3224043715846995,2.0,0.5625,2.238095238095238,0.3333333333333333,0.0990990990990991,3.0,0.8514585947039658,2.08068656791118,2.297932094314357,0.1711711711711711,2.0,3.0,3.5625,1.1730769230769231,2.0,2.364864864864865,6.0,4.942296340023613,True,0.0,0.0,0.0,,0.2376237623762376,0.2574257425742574,0.5,0.7425742574257426,0.1386138613861386,0.4851485148514851,0.0,1.25,1.127834233211412,0.0,4.0,21.0,4.0
1,Pezzo Tedesco,Anonymous,3,2,I,Renaissance,found,pdf,pdf-20260524T103936Z-3-001/pdf/Pezzo Tedesco by Anonymous.pdf,,,,verified_pieces/pdf/xml/Pezzo Tedesco by Anonymous.musicxml,,0.0185185185185185,0.8032786885245902,2,1.298286604361371,0.3952569169960474,0.2727272727272727,0.0934579439252336,2,0.0,2.351851851851852,254,120.0,5.541263545158426,1.2244094488188977,3.0,0.0,0.405511811023622,2.0,0.5833333333333334,3.3968253968253967,0.4285714285714285,0.1588785046728972,4.25,1.055202545555412,2.038037294171165,2.4319412453800564,0.0373831775700934,1.1,4.0875,2.875,0.7777777777777778,2.0,1.750908618899273,6.0,5.973703703703703,True,0.0,0.0,0.0,0.0,0.2407407407407407,0.2314814814814814,1.0,0.5740740740740741,0.0925925925925925,0.4166666666666667,1.0,3.5,1.2971229619453726,0.3518518518518518,6.0,25.0,7.0
1,Pictures at an Exhibition: Promenade (Pg. 11),Modest Mussorgsky,18,9,All,Modern,found,pdf,pdf-20260524T103936Z-3-001/pdf/Promenade by Modest Moussorgski.pdf,,,,verified_pieces/pdf/xml/Promenade by Modest Moussorgski.musicxml,,0.0220994475138121,1.7857142857142858,4,1.3833333333333333,0.3904761904761905,0.8571428571428571,0.2944444444444444,2,0.0,2.325966850828729,421,100.0,6.045005314036012,2.574821852731592,5.0,0.009501187648456,0.1235154394299287,3.0,0.7734806629834254,2.6,0.5785714285714286,0.2444444444444444,3.8333333333333335,1.0590075134673251,2.513523306764695,2.471209240487538,0.0,2.888888888888889,3.6583333333333337,3.875,2.597122302158273,4.0,1.940277777777777,7.333333333333334,7.095884378252863,True,0.0,0.0,0.0,0.3269230769230769,0.143646408839779,0.0497237569060773,1.0,0.5359116022099447,0.1381215469613259,0.4751381215469613,0.0,0.5,1.0348726275957805,0.1933701657458563,2.0,41.0,9.0
1,Pictures at an Exhibition: V. Ballet of the Little Chickens,Modest Mussorgsky,16,9,All,Modern,found,pdf,pdf-20260524T103936Z-3-001/pdf/Ballet Of The Little Chickens by Modest Moussorgski.pdf,,,,verified_pieces/pdf/xml/Ballet Of The Little Chickens by Modest Moussorgski.musicxml,,0.0,2.4516129032258065,17,3.250404530744337,0.5319488817891374,0.5179856115107914,0.6286407766990292,4,0.0,1.5181598062953996,627,200.0,6.442540166468199,7.964912280701754,14.0,0.6347687400318979,0.1196172248803827,3.5999999999999943,0.3753026634382566,2.174193548387097,0.4451612903225806,0.3932038834951456,14.5,3.980590191437613,3.9572128085987774,2.2925025396956,0.1723300970873786,9.0,13.0,5.1875,4.521645021645021,6.0,10.35302049622438,144.0,6.181079211345555,True,0.0028901734104046,0.0057803468208092,0.0,0.2291666666666666,0.1676300578034682,0.0491329479768786,0.5,0.569364161849711,0.1358381502890173,0.5809248554913294,1.0,3.5625,0.5061609657468797,0.1069364161849711,8.0,47.0,12.0
1,Pictures at an Exhibition: VII. A Market Place in Limoges,Modest Mussorgsky,15,9,All,Modern,found,pdf,pdf-20260524T103936Z-3-001/pdf/Market At Limoges by Modest Mussorgsky.pdf,,,,verified_pieces/pdf/xml/Market At Limoges by Modest Mussorgsky.musicxml,,0.0058823529411764,1.916107382550336,6,1.7167403043691705,0.5127118644067796,0.4672489082969432,0.625920471281296,5,0.0,1.736764705882353,1181,150.0,7.074963197966044,5.504657070279424,10.0,0.384419983065199,0.0973751058425063,3.0,0.438235294117647,2.251677852348993,0.4093959731543624,0.2385861561119293,10.0,1.71215190843636,3.556987473726952,2.4907444913951533,0.0706921944035346,4.0,9.0,7.1875,6.377104377104377,12.0,6.061282932416954,40.0,7.86622863910665,True,0.001531393568147,0.003062787136294,0.0,0.4166666666666667,0.0398162327718223,0.0490045941807044,0.25,0.7978560490045942,0.0857580398162327,0.5865237366003063,0.0,1.0,0.9020177535115742,0.0535987748851454,4.0,94.0,23.0
1,Pictures at an Exhibition: X.  The Bohatyr Gate of Kiev,Modest Mussorgsky,15,8,All,Modern,found,pdf,pdf-20260524T103936Z-3-001/pdf/The Great Gate At Kiev by Modest Moussorgski.zip,,,,verified_pieces/pdf/xml/The Great Gate At Kiev by Modest Moussorgski.musicxml,,0.0745140388768898,1.7796610169491525,4,1.0694594594594593,0.2150341685649202,0.2352941176470588,0.2205405405405405,3,0.0,2.3714902807775378,2196,145.0,7.69484807238461,15.820127504553732,22.0,0.9590163934426228,0.0132058287795992,3.0,0.7645788336933045,2.110169491525424,0.2330508474576271,0.161081081081081,18.33333333333333,1.6728452167571677,3.8791095808655136,2.40082792183714,0.4735135135135135,2.978723404255319,12.05,17.4375,9.487523540489642,32.0,5.994583869583869,200.0,10.597059965076888,True,0.0,0.0,0.0,0.425531914893617,0.0436432637571157,0.0815939278937381,0.5,0.4060721062618596,0.0740037950664136,0.3870967741935484,0.0,3.75,1.4397127068264333,0.1024667931688804,11.0,62.0,12.0
1,Prelude,Francisco Tarrega,7,5,X,Romantic,found,pdf,pdf-20260524T103936Z-3-001/pdf/Prelude in D Minor by Francisco Tarrega.pdf,,,,verified_pieces/pdf/xml/Prelude in D Minor by Francisco Tarrega.musicxml,gaps_v1/musicxml/Prelude 2 in A Minor by Francisco Tarrega.xml,0.0,1.0,1,4.174603174603175,0.8532110091743119,0.9611650485436892,1.3333333333333333,4,0.0,1.0377358490566038,110,120.0,4.709530201312334,4.6454545454545455,8.0,0.3545454545454545,0.3181818181818182,1.0,0.0188679245283018,2.0,0.5,0.5619047619047619,8.0,3.0377153898315674,2.2496680745345854,1.9739397025491243,0.0476190476190476,1.0,8.0,4.125,1.0,1.0,16.6984126984127,32.0,4.227812718378757,True,0.0,0.0,0.0,,0.0,0.0095238095238095,0.25,0.9904761904761904,0.2952380952380952,0.9904761904761904,1.0,2.75,1.057206164991174,0.0,2.0,10.0,2.0
1,"Prelude (from Suite #1 for Violoncello, BWV 1007)",J.S. Bach,6,4,VII,Baroque,found,pdf,pdf-20260524T103936Z-3-001/pdf/BWV1007 Prelude by Johann Sebastian Bach.pdf,,,,verified_pieces/pdf/xml/BWV1007 Prelude by Johann Sebastian Bach.musicxml,,0.0,0.3508771929824561,3,2.6956521739130435,0.8042049934296978,0.7255244755244755,0.9942028985507246,4,0.0,1.102749638205499,762,70.0,6.637258031284457,3.2913385826771653,7.0,0.2125984251968504,0.2952755905511811,1.0,0.08972503617945,3.338709677419355,0.5483870967741935,0.3405797101449275,14.0,2.737944814079156,3.0204328225852155,2.383997130085056,0.0260869565217391,3.0,12.0,4.5,1.1607142857142858,4.0,10.067391304347824,56.0,3.963656718455616,True,0.0,0.0,0.0,,0.0176470588235294,0.025,0.25,0.9147058823529411,0.1779411764705882,0.9176470588235294,0.0,0.75,0.9281256822919411,0.0,4.0,35.0,9.0
1,Prelude 1,Francisco Tarrega,4,5,X,Romantic,found,pdf,pdf-20260524T103936Z-3-001/pdf/Prelude 1 in D Minor by Francisco Tarrega.pdf,,,,verified_pieces/pdf/xml/Prelude 1 in D Minor by Francisco Tarrega.musicxml,,0.0,1.14,3,1.831858407079646,0.4759615384615384,0.2,0.4778761061946903,3,0.0,1.8333333333333333,209,80.0,5.3471075307174685,3.822966507177033,10.0,0.2248803827751196,0.2440191387559808,3.0,0.4649122807017544,2.3773584905660377,0.8301886792452831,0.247787610619469,12.0,1.814667051277385,3.2233285648601395,2.511221179342279,0.079646017699115,1.6875,8.399999999999991,4.5,2.1564625850340136,6.0,3.544985250737464,24.0,6.18010752688172,True,0.0,0.0,0.0,0.1538461538461538,0.1238095238095238,0.0476190476190476,0.5,0.8285714285714286,0.1238095238095238,0.5714285714285714,1.0,1.5,1.2898387654945944,0.1047619047619047,3.0,38.0,17.0
1,Prelude 2,Francisco Tarrega,7,6,X,Romantic,found,pdf,pdf-20260524T103936Z-3-001/pdf/Prelude 2 in A Minor by Francisco Tarrega.pdf,,,,verified_pieces/pdf/xml/Prelude 2 in A Minor by Francisco Tarrega.musicxml,gaps_v1/musicxml/Prelude 2 in A Minor by Francisco Tarrega.xml,0.0,0.7717391304347826,3,1.8012048192771084,0.5851851851851851,0.5,1.210843373493976,4,0.0,1.622754491017964,271,100.0,5.605802066295998,4.387453874538745,8.0,0.2472324723247232,0.1365313653136531,2.0,0.5748502994011976,1.71875,0.5104166666666666,0.2590361445783132,6.5,1.4133158650804687,3.308067739293904,2.470267750328308,0.0060240963855421,1.3333333333333333,5.575,3.5625,1.6956521739130437,4.0,3.951807228915664,20.0,5.531653673784507,True,0.0,0.0,0.0060240963855421,,0.180722891566265,0.1265060240963855,0.5,0.9036144578313252,0.0783132530120482,0.4578313253012048,0.0,0.75,1.0704997187165066,0.0,3.0,45.0,9.0
1,Prelude 3,Francisco Tarrega,8,4,X,Romantic,found,pdf,pdf-20260524T103936Z-3-001/pdf/Prelude 3 in G by Francsico Tarrega.pdf,,,,verified_pieces/pdf/xml/Prelude 3 in G by Francsico Tarrega.musicxml,,0.0204081632653061,1.870967741935484,4,2.075601374570447,0.4099099099099099,0.4545454545454545,0.3195876288659793,5,0.0,2.2755102040816326,223,100.0,5.41164605185504,6.255605381165919,10.0,0.5605381165919282,0.1121076233183856,3.899999999999999,0.6326530612244898,2.4516129032258065,0.6290322580645161,0.4020618556701031,9.5,1.86765293939668,3.396167960193743,2.201029845989345,0.0412371134020618,2.333333333333333,9.05,5.0625,3.80327868852459,8.0,5.305841924398625,80.0,10.79656969170647,True,0.0,0.0208333333333333,0.03125,0.3214285714285714,0.2708333333333333,0.03125,0.5,0.9791666666666666,0.1041666666666666,0.3645833333333333,0.0,0.3125,1.419090344554097,0.1979166666666666,3.0,31.0,10.0
1,Prelude and Allegro,Santiago de Murcia,5,2,V,Baroque,found,pdf,pdf-20260524T103936Z-3-001/pdf/Prelude and Allegro by Santiago de Murcia.pdf,,,,verified_pieces/pdf/xml/Prelude and Allegro by Santiago de Murcia.musicxml,,0.0047732696897374,0.6666666666666666,3,1.5330940988835726,0.5224625623960066,0.4179894179894179,0.4665071770334928,5,0.0,1.4367541766109786,602,120.0,6.401917196727186,2.3853820598006643,5.0,0.0548172757475083,0.2724252491694352,2.0,0.3460620525059666,2.7241379310344827,0.5241379310344828,0.200956937799043,22.0,1.995674135166276,2.7611905739895044,2.349642670249726,0.200956937799043,2.0,20.4,3.1875,1.1193926846100757,4.0,2.4467627401837926,22.0,3.0671135259567697,True,0.0,0.0,0.0,0.0,0.1037463976945245,0.0979827089337175,1.0,0.5590778097982709,0.1440922190201729,0.6858789625360231,1.0,1.75,1.5658837968233148,0.0288184438040345,8.0,47.0,12.0
1,Prelude No. 13,Francisco Tarrega,6,6,XI,Romantic,found,pdf,pdf-20260524T103936Z-3-001/pdf/Prelude 13 in D by Francisco Tarrega.pdf,,,,verified_pieces/pdf/xml/Prelude 13 in D by Francisco Tarrega.musicxml,,0.0,1.625,3,1.8225806451612905,0.358974358974359,0.25,0.1935483870967742,3,0.0,2.46875,79,120.0,4.382026634673881,3.1772151898734178,7.200000000000003,0.1645569620253164,0.2531645569620253,3.0,0.5,3.4375,0.75,0.2580645161290322,5.0,1.3344655702533874,2.8515184710439883,2.3678435488319347,0.0967741935483871,2.2222222222222223,5.0,3.6875,2.066666666666667,5.199999999999999,3.298387096774193,10.0,9.071220930232558,True,0.0,0.0,0.0689655172413793,0.0,0.2068965517241379,0.0344827586206896,0.5,0.6551724137931034,0.1379310344827586,0.5517241379310345,0.0,2.5,1.4128526140332256,0.2068965517241379,4.0,17.0,6.0
1,Prelude No. 4,Francisco Tarrega,8,6,XII,Romantic,found,pdf,pdf-20260524T103936Z-3-001/pdf/Prelude 4 in E by Francisco Tarrega.pdf,,,,verified_pieces/pdf/xml/Prelude 4 in E by Francisco Tarrega.musicxml,,0.0384615384615384,1.569767441860465,4,1.872168284789644,0.3834586466165413,0.5555555555555556,0.145631067961165,4,0.0,2.5673076923076925,267,60.0,5.5909869805108565,5.790262172284645,11.0,0.4119850187265917,0.0749063670411985,3.0,0.8269230769230769,2.569767441860465,0.6046511627906976,0.3106796116504854,5.666666666666667,1.1760381544950056,3.396002723696148,2.320009623646132,0.0097087378640776,2.16,5.383333333333334,5.6875,3.2705882352941176,6.0,4.11326860841424,13.333333333333334,13.847902097902098,True,0.0,0.0194174757281553,0.0,0.0377358490566037,0.5631067961165048,0.116504854368932,0.5,0.912621359223301,0.203883495145631,0.4854368932038835,0.0,1.25,1.2291275182070902,0.4951456310679611,3.0,33.0,10.0
1,Prelude Opus 28 No. 20,Frederic Chopin,10,7,IX,Romantic,found,pdf,pdf-20260524T103936Z-3-001/pdf/Opus 28 No 20 in C Minor by Frederic Chopin.pdf,,,,verified_pieces/pdf/xml/Opus 28 No 20 in C Minor by Frederic Chopin.musicxml,,0.0579710144927536,2.0,18,1.4948529411764704,0.25,0.0,0.088235294117647,1,0.0,3.2028985507246377,221,50.0,5.402677381872279,5.0588235294117645,9.0,0.2805429864253393,0.0588235294117647,3.0,0.8985507246376812,3.129032258064516,0.7903225806451613,0.25,8.0,1.7386261041430644,3.37299262471184,2.5491588862931525,0.1764705882352941,6.0,7.899999999999999,5.625,3.0952380952380945,8.0,2.6641339869281047,29.333333333333336,14.746678743961354,True,0.0,0.0,0.0,0.2592592592592592,0.1228070175438596,0.2807017543859649,1.0,0.6140350877192983,0.1403508771929824,0.4385964912280701,1.0,1.75,1.3646600740653598,0.3508771929824561,4.0,31.0,14.0
1,"Prelude, Op. 28 no. 7",Frederic Chopin,3,3,VII,Romantic,found,pdf,pdf-20260524T103936Z-3-001/pdf/Opus 28 No 7 Prelude by Frederic Chopin.pdf,,,,verified_pieces/pdf/xml/Opus 28 No 7 Prelude by Frederic Chopin.musicxml,,0.0,1.3255813953488371,3,1.347872340425532,0.2246376811594203,0.0,0.1702127659574468,2,0.0,2.895833333333333,139,93.0,4.941642422609304,3.4964028776978417,8.200000000000003,0.2158273381294964,0.2517985611510791,2.8000000000000043,0.9166666666666666,2.909090909090909,0.6363636363636364,0.2978723404255319,6.75,1.5864512675670095,3.161514545990942,2.4857675511910493,0.2340425531914893,3.0,6.370833333333334,3.3125,1.7976190476190477,3.899999999999999,1.9486997635933805,13.0,8.750452898550725,True,0.0,0.0208333333333333,0.1458333333333333,0.2,0.25,0.25,1.0,0.5,0.1458333333333333,0.2291666666666666,0.0,1.75,1.5311611657830648,0.1666666666666666,4.0,21.0,12.0
1,Prelude; Op. 28 no. 6,Frederic Chopin,10,7,VII,Romantic,found,pdf,pdf-20260524T103936Z-3-001/pdf/Opus 28 No 6 Prelude by Frederic Chopin.pdf,,,,verified_pieces/pdf/xml/Opus 28 No 6 Prelude by Frederic Chopin.musicxml,,0.0379746835443038,1.5632183908045978,4,0.7441613588110404,0.4235294117647059,0.7142857142857143,0.0828025477707006,2,0.0,2.1582278481012658,341,70.0,5.834810737062605,3.5161290322580645,5.0,0.032258064516129,0.0791788856304985,3.0,0.5569620253164557,2.3068181818181817,0.5340909090909091,0.0382165605095541,4.0,0.6990613113762781,2.381173032602596,2.240733575719067,0.019108280254777,3.0,3.15,5.25,3.2413793103448274,6.0,1.583864118895966,8.0,9.620335898072309,True,0.0318471337579617,0.019108280254777,0.0,0.0816326530612244,0.1528662420382165,0.1847133757961783,0.5,0.910828025477707,0.1847133757961783,0.4585987261146497,1.0,1.25,1.1103917424988414,0.286624203821656,4.0,34.0,14.0
1,Preludio No. 1,Francisco Tarrega,6,5,X,Romantic,found,dada_gp,,"datasets/DadaGP-v1.1/T/Tarrega, Francisco/Tarrega, Francisco - Preludio 1.gp3.tokens.txt","datasets/DadaGP-v1.1/T/Tarrega, Francisco/Tarrega, Francisco - Preludio 1.gp3",,"verified_pieces/dada/xml/Tarrega, Francisco - Preludio 1.musicxml",,0.0,1.435483870967742,4,1.8333333333333333,0.5115384615384615,0.2105263157894736,0.5323741007194245,3,0.0613026819923371,1.8642857142857143,261,122.0,5.568344503761097,2.9578544061302683,8.0,0.1494252873563218,0.2413793103448276,3.0,0.4642857142857143,2.3846153846153846,0.676923076923077,0.2733812949640288,8.666666666666666,1.473351074689454,2.919517046317344,2.48394777983559,0.0,1.933333333333333,5.75,3.9375,2.661290322580645,6.0,3.6103117505995206,17.333333333333332,6.40234962406015,True,0.0,0.0142857142857142,0.0,0.0,0.1571428571428571,0.0857142857142857,0.5,0.9285714285714286,0.1428571428571428,0.5928571428571429,1.0,1.5,1.220297396304319,0.15,3.0,36.0,15.0
1,"Preludio, Op. 5 no. 1",Agustin Barrios Mandore,11,7,XII,Romantic,found,dada_gp,,"datasets/DadaGP-v1.1/B/Barrios, Agustin/Barrios, Agustin - PrClude Op 5, No 1.gp3.tokens.txt","datasets/DadaGP-v1.1/B/Barrios, Agustin/Barrios, Agustin - PrClude Op 5, No 1.gp3",,"verified_pieces/dada/xml/Barrios, Agustin - PrClude Op 5, No 1.musicxml",,0.0,0.6666666666666666,3,2.193325661680092,0.8137697516930023,0.8202380952380952,1.2117376294591484,5,0.1713641488162345,1.0195402298850575,887,85.0,6.78897174299217,5.293122886133033,10.0,0.3573844419391206,0.1319052987598647,2.0,0.0172413793103448,3.2,0.9333333333333332,0.3222094361334868,12.0,2.0919653652896906,3.625553115882542,2.443665388745276,0.001150747986191,3.0,12.0,4.3125,2.2857142857142856,8.0,8.756041426927503,48.0,4.148312770220395,True,0.0,0.0,0.0,0.0,0.0022988505747126,0.0034482758620689,0.25,0.9977011494252872,0.2034482758620689,0.9839080459770116,1.0,1.75,1.5594768978536824,0.0011494252873563,3.0,24.0,7.0
1,Primavera Portena (Tango),Astor Piazzolla,14,8,XII,Modern,found,pdf,pdf-20260524T103936Z-3-001/pdf/Primavera Portena by Astor Piazzolla.pdf,,,,verified_pieces/pdf/xml/Primavera Portena by Astor Piazzolla.musicxml,,0.0071942446043165,1.2179487179487178,4,2.1895158063225293,0.5115384615384615,0.532608695652174,0.7647058823529411,5,0.0,1.5599520383693046,1301,160.0,7.171656822768514,4.916986933128363,10.0,0.4811683320522675,0.2428900845503458,3.0,0.2985611510791366,3.048192771084337,0.4979919678714859,0.3169267707082833,13.0,2.400948968226829,3.271549393986585,2.5407515273206887,0.1056422569027611,2.4285714285714284,11.175,5.8125,2.177396280400572,4.0,6.14407763105242,48.0,5.305876083446968,True,0.0074906367041198,0.0,0.0024968789013732,0.24,0.0212234706616729,0.031210986267166,0.25,0.4681647940074906,0.1448189762796504,0.7278401997503121,1.0,3.0,1.1687956774208257,0.0237203495630461,12.0,76.0,26.0
1,Rafaga,Joaquin Turina,12,6,All,Modern,found,pdf,pdf-20260524T103936Z-3-001/pdf/Rafaga by Joaquin Turina.pdf,,,,verified_pieces/pdf/xml/Rafaga by Joaquin Turina.musicxml,,0.0907372400756143,0.9121621621621622,3,1.241919191919192,0.3700707785642063,0.2426035502958579,0.2234848484848484,5,0.0,1.8714555765595464,990,78.0,6.898714534329988,3.097979797979798,7.0,0.1252525252525252,0.2414141414141414,2.0,0.2911153119092627,3.227272727272727,0.2142857142857142,0.1363636363636363,9.0,1.2872954462207291,3.00828003494773,2.493265175598614,0.2803030303030303,3.0,6.543333333333333,12.875,3.870748299319728,8.0,6.456944444444444,80.0,11.203271478723815,True,0.0,0.0,0.0044345898004434,0.0625,0.1441241685144124,0.0155210643015521,0.25,0.5676274944567627,0.1330376940133037,0.70509977827051,1.0,2.25,0.9289215819924004,0.1662971175166297,8.0,33.0,12.0
1,Registro (Prelude),Antonio Lauro,10,6,IX,Modern,found,pdf,pdf-20260524T103936Z-3-001/pdf/Registro by Antonio Lauro.pdf,,,,verified_pieces/pdf/xml/Registro by Antonio Lauro.musicxml,,0.0,0.4705882352941176,2,2.192434210526316,0.7177914110429447,0.8966789667896679,1.1578947368421053,4,0.0,1.0721311475409836,327,80.0,5.793013608384144,2.779816513761468,8.0,0.1498470948012232,0.363914373088685,2.0,0.0655737704918032,3.35,0.6,0.3388157894736842,12.0,2.211366948794671,3.0100510269310288,2.476961687969982,0.0,2.0,11.0,4.5,2.0,8.0,8.769736842105264,48.0,4.612985332182916,True,0.0,0.0,0.0,,0.0,0.0098360655737704,0.25,0.99672131147541,0.1704918032786885,0.9377049180327868,1.0,3.75,1.0851037244884263,0.0,2.0,23.0,6.0
1,Robinson's May,Thomas Robinson,4,3,III,Renaissance,found,pdf,pdf-20260524T103936Z-3-001/pdf/Robinsons May by Thomas Robinson.pdf,,,,verified_pieces/pdf/xml/Robinsons May by Thomas Robinson.musicxml,,0.0,0.2307692307692307,1,1.6495098039215688,0.6594594594594595,0.7640449438202247,1.2279411764705883,5,0.0,1.3576642335766422,186,120.0,5.231108616854587,1.6129032258064515,4.0,0.0,0.3655913978494624,1.0,0.2043795620437956,3.142857142857143,0.6428571428571429,0.1838235294117647,5.0,1.1097881156637914,2.103716977436964,2.3611460441904826,0.0073529411764705,0.5,4.199999999999999,2.25,0.24,1.0,2.819240196078431,8.0,2.6864419940984625,True,0.0,0.0,0.0,0.0,0.1167883211678832,0.0145985401459854,0.5,0.6277372262773723,0.1970802919708029,0.8029197080291971,0.0,1.5,1.2499300619381075,0.0802919708029197,3.0,19.0,6.0
1,Romance,Anonymous,6,5,IX,Romantic,found,dada_gp,,datasets/DadaGP-v1.1/A/Anonymous/Anonymous - Romance (2).gp3.tokens.txt,datasets/DadaGP-v1.1/A/Anonymous/Anonymous - Romance (2).gp3,,verified_pieces/dada/xml/Anonymous - Romance (2).musicxml,,0.0,0.0,0,3.0142857142857142,0.6883116883116883,0.8205128205128205,1.1214285714285714,3,0.0387096774193548,1.099290780141844,155,145.0,5.049856007249537,3.438709677419354,8.0,0.3225806451612903,0.432258064516129,0.0,0.0851063829787234,4.666666666666667,0.6666666666666666,0.4142857142857143,12.0,2.989829699607163,2.617465892836531,2.253854318927813,0.0071428571428571,0.0,10.575,2.1875,0.0,0.0,5.751785714285714,24.0,2.2718676122931445,True,0.0,0.0,0.0,0.0,0.0141843971631205,0.0283687943262411,0.5,0.950354609929078,0.2624113475177305,0.9432624113475178,1.0,1.5,1.1003119031085804,0.0070921985815602,3.0,15.0,5.0
1,"Rondeau, Op. 14, No. 5",Mauro Giuliani,3,2,VII,Classical,found,pdf,pdf-20260524T103936Z-3-001/pdf/Opus 14 No 5 Rondo in D Major by Mauro Giuliani.pdf,,,,verified_pieces/pdf/xml/Opus 14 No 5 Rondo in D Major by Mauro Giuliani.musicxml,,0.0,0.5846153846153846,3,3.862455197132616,0.7117903930131004,0.749034749034749,1.3763440860215057,4,0.0,1.230563002680965,459,120.0,6.131226489483141,3.237472766884532,7.0,0.10239651416122,0.2962962962962963,1.0,0.195710455764075,2.054794520547945,0.4246575342465753,0.336021505376344,22.0,5.769518728758344,2.79840700798454,2.3876951019511874,0.0698924731182795,3.0,22.0,3.0,0.9140625,2.0,6.980846774193548,44.0,2.824142091152815,True,0.0,0.0,0.0,0.0,0.0986301369863013,0.0520547945205479,0.5,0.926027397260274,0.1835616438356164,0.8136986301369863,0.0,1.5,0.899126907430197,0.0164383561643835,4.0,31.0,7.0
1,Rondo,Napoleon Coste,6,4,VII,Romantic,found,pdf,pdf-20260524T103936Z-3-001/pdf/Rondo by Napoleon Coste.pdf,,,,verified_pieces/pdf/xml/Rondo by Napoleon Coste.musicxml,,0.0,0.9113924050632912,2,1.4965811965811968,0.5331325301204819,0.4657534246575342,0.4461538461538462,5,0.0,1.6989795918367347,333,90.0,5.811140992976701,1.720720720720721,4.0,0.039039039039039,0.3363363363363363,2.0,0.4081632653061224,2.8375,0.5125,0.1846153846153846,7.0,1.2215082189151247,2.4661682385499053,2.28671143802526,0.0358974358974358,1.3125,5.324999999999996,5.5625,2.4871794871794872,8.0,5.286324786324786,28.0,8.507672241829063,True,0.0,0.0256410256410256,0.0,0.0,0.1897435897435897,0.0769230769230769,0.25,0.6923076923076923,0.1282051282051282,0.6256410256410256,1.0,1.0,1.1836920355694325,0.1948717948717948,4.0,39.0,11.0
1,Rondo in A Minor,Dionisio Aguado,18,7,All,Classical,found,pdf,pdf-20260524T103936Z-3-001/pdf/rondo-by-dionisio-aguado.pdf,,,,verified_pieces/pdf/xml/rondo-by-dionisio-aguado.musicxml,gaps_v1/musicxml/rondo-by-dionisio-aguado.xml,0.0011282437006393,0.9432773109243696,4,1.1450338600451466,0.4280681150910158,0.3068297655453619,0.4224981188863807,5,0.0,1.2813087626927415,3407,98.0,8.133880887949207,4.870854123862636,10.0,0.3466392720868799,0.1394188435573818,2.0,0.1823993982700263,2.8329896907216496,0.334020618556701,0.1655379984951091,13.0,1.5654024754778384,3.583457745752799,2.3285114366636765,0.4066967644845748,3.0,10.0,8.5625,5.136842105263158,16.0,8.51691121143717,208.0,5.8449124076909404,True,0.0023612750885478,0.0047225501770956,0.0047225501770956,0.0185185185185185,0.0537190082644628,0.0773317591499409,0.25,0.4580873671782762,0.141086186540732,0.7904368358913814,1.0,1.8125,1.4862661637978465,0.0312868949232585,11.0,68.0,16.0
1,"Rondo, Op. 241 no. 34",Ferdinando Carulli,5,2,II,Classical,found,pdf,pdf-20260524T103936Z-3-001/pdf/carulli-op241-34.pdf,,,,verified_pieces/pdf/xml/carulli-op241-34.musicxml,gaps_v1/musicxml/Andantino in G Major by Ferdinando Carulli.xml,0.0,0.3333333333333333,1,1.525943396226415,0.7120921305182342,0.6401673640167364,1.0377358490566038,4,0.0,1.228235294117647,522,63.0,6.259581464064923,1.2088122605363985,3.0,0.0,0.4846743295019157,1.0,0.2188235294117647,2.3870967741935485,0.2365591397849462,0.2311320754716981,4.0,1.0031960984226127,1.896254524940078,2.2542030865906404,0.0070754716981132,0.5,4.0,5.625,1.3333333333333333,4.0,6.045990566037736,16.0,5.789063869340061,True,0.0,0.0,0.0,0.0,0.0611764705882353,0.0894117647058823,0.25,0.9788235294117648,0.1717647058823529,0.8,0.0,0.75,0.9408457515935748,0.0047058823529411,3.0,25.0,7.0
1,"Rondo, Op. 48",Fernando Sor,10,4,X,Classical,found,pdf,pdf-20260524T103936Z-3-001/pdf/Opus 48 Rondo by Fernando Sor.pdf,,,,verified_pieces/pdf/xml/Opus 48 Rondo by Fernando Sor.musicxml,,0.0,1.00374531835206,4,1.5818102697998258,0.5468025949953661,0.5352112676056338,0.5469973890339426,4,0.0,1.4080834419817472,1080,120.0,6.985641817639208,2.912037037037037,7.0,0.1324074074074074,0.2675925925925926,3.0,0.3507170795306388,2.382899628252788,0.2453531598513011,0.2180156657963446,10.0,1.7834359798929398,2.9523729876042624,2.058693289726387,0.1697127937336814,3.0,9.0,3.75,1.7218045112781954,6.0,3.2790107339715693,20.0,3.745640683104155,True,0.0,0.0,0.0,0.0,0.1300813008130081,0.0948509485094851,0.5,0.7452574525745257,0.1233062330623306,0.6802168021680217,0.0,2.75,1.2269977748611214,0.0040650406504065,6.0,46.0,10.0
1,Saltarello,Anonymous,2,1,I,Renaissance,found,dada_gp,,datasets/DadaGP-v1.1/A/Anonymous/Anonymous - Saltarello.gp3.tokens.txt,datasets/DadaGP-v1.1/A/Anonymous/Anonymous - Saltarello.gp3,,verified_pieces/dada/xml/Anonymous - Saltarello.musicxml,,0.0,0.3673469387755102,3,1.96316758747698,0.7032520325203252,0.31,0.3480662983425414,1,0.0404858299595141,1.3571428571428572,247,110.0,5.513428746164983,3.22672064777328,8.0,0.1740890688259109,0.2712550607287449,1.0,0.2692307692307692,2.7346938775510203,0.3265306122448979,0.2375690607734806,10.0,1.445933748376904,2.7457081423958134,1.745617759977458,0.005524861878453,1.6666666666666667,6.299999999999997,3.75,0.53125,2.0,6.35267034990792,40.0,4.243218806509946,True,0.0,0.0,0.0,,0.0223463687150838,0.0111731843575419,0.25,0.4804469273743016,0.2346368715083799,0.8156424581005587,1.0,3.875,0.8916024806047009,0.0,7.0,15.0,6.0
1,Sarabande,Anonymous,4,3,III,Baroque,found,pdf,pdf-20260524T103936Z-3-001/pdf/Sarabande by Anonymous.pdf,,,,verified_pieces/pdf/xml/Sarabande by Anonymous.musicxml,,0.0,0.9583333333333334,4,1.5893719806763285,0.5904761904761905,0.44,0.5362318840579711,3,0.0,1.5142857142857142,106,92.0,4.672828834461906,2.292452830188679,5.0,0.0188679245283018,0.2735849056603773,2.0,0.3428571428571428,3.083333333333333,1.0,0.217391304347826,4.333333333333333,1.1773423598608894,2.5112667703891454,2.4552264448592336,0.0579710144927536,1.8333333333333333,4.05,1.9375,1.2083333333333333,2.7,2.3599033816425123,8.666666666666666,2.631381733021077,True,0.0,0.0,0.0,0.0,0.1285714285714285,0.0714285714285714,1.0,0.7285714285714285,0.1714285714285714,0.6857142857142857,0.0,1.75,1.1063656798280954,0.0571428571428571,5.0,26.0,9.0
1,Sarabande,George Frideric Handel,6,3,VIII,Baroque,found,pdf,pdf-20260524T103936Z-3-001/pdf/Sarabande by George Friedrich Handel.pdf,,,,verified_pieces/pdf/xml/Sarabande by George Friedrich Handel.musicxml,,0.0,0.3636363636363636,3,1.2857142857142858,0.6293706293706294,0.6956521739130435,0.6224489795918368,5,0.0,1.4545454545454546,144,120.0,4.976733742420574,1.5069444444444444,3.0,0.0,0.3680555555555556,1.0,0.4545454545454545,3.0444444444444443,0.7111111111111111,0.1428571428571428,3.5,0.9035079029052512,2.0510766435175865,2.492580995016936,0.0306122448979591,0.8,3.1499999999999995,2.1875,0.3178294573643411,1.0,2.329081632653061,24.0,2.687468105270832,True,0.0,0.0,0.0,,0.1875,0.09375,0.5,0.375,0.125,0.59375,0.0,2.75,1.363739925458315,0.0,8.0,28.0,7.0
1,Sarabande (from BWV 995),J.S. Bach,6,3,V,Baroque,found,pdf,pdf-20260524T103936Z-3-001/pdf/BWV995 Sarabande by Johann Sebastian Bach.pdf,,,,verified_pieces/pdf/xml/BWV995 Sarabande by Johann Sebastian Bach.musicxml,,0.0,1.1111111111111112,3,1.7788161993769471,0.7692307692307693,0.7078651685393258,1.308411214953271,5,0.0,1.0925925925925926,118,60.0,4.77912349311153,3.3983050847457625,7.299999999999997,0.1779661016949152,0.2203389830508474,2.2,0.0833333333333333,3.111111111111111,1.0,0.2336448598130841,7.0,1.6339110970206034,3.193382171544869,2.3335623072858915,0.0093457943925233,2.5,6.899999999999999,2.375,1.851851851851852,4.4,3.3738317757009346,14.0,2.185185185185185,True,0.0,0.0,0.0,,0.0,0.0092592592592592,0.5,0.925925925925926,0.1574074074074074,0.9444444444444444,1.0,2.5,1.2259361397929158,0.0,3.0,18.0,5.0
1,Sarabande (from Great Suite #7 for Harpsichord),George Friedrich Handel,8,5,VII,Baroque,found,pdf,pdf-20260524T103936Z-3-001/pdf/Suite In E Minor 4 Sarabande by Georg Friedrich Handel.pdf,,,,verified_pieces/pdf/xml/Suite In E Minor 4 Sarabande by Georg Friedrich Handel.musicxml,,0.0119331742243436,0.9289617486338798,4,1.737639553429027,0.4833997343957503,0.25,0.4019138755980861,3,0.0,1.7995226730310263,754,84.0,6.626717749249025,2.489389920424403,5.0,0.0862068965517241,0.3196286472148541,2.0,0.4606205250596659,3.1191709844559585,0.5284974093264249,0.2368421052631578,9.0,1.5582074413949236,2.697499370000777,2.5357106559235008,0.0837320574162679,1.6875,8.0,4.625,1.8727106227106225,4.0,4.464447102604997,128.0,6.117058756676896,True,0.0,0.0025575447570332,0.0025575447570332,0.02,0.1662404092071611,0.1534526854219949,0.5,0.7186700767263428,0.1023017902813299,0.5754475703324808,1.0,1.75,1.4510333185721185,0.1253196930946291,7.0,50.0,12.0
1,Sarabande And Variations,George Friedrich Handel,9,4,XII,Baroque,found,pdf,pdf-20260524T103936Z-3-001/pdf/Sarabande And Variations by Georg Friedrich Handel.pdf,,,,verified_pieces/pdf/xml/Sarabande And Variations by Georg Friedrich Handel.musicxml,,0.0155642023346303,1.503875968992248,4,2.014322916666667,0.4737903225806452,0.52,0.45703125,5,0.0,1.933852140077821,497,120.0,6.210600077024653,4.810865191146881,10.0,0.2997987927565392,0.1549295774647887,3.0,0.5019455252918288,3.108527131782946,0.5891472868217055,0.3203125,11.666666666666666,1.8094775258505311,3.368349060055487,2.438657591882118,0.0078125,2.8,10.416666666666664,2.375,1.3940568475452195,3.0,1.985243055555556,11.666666666666666,3.520602613987828,True,0.0,0.0078431372549019,0.0,0.2,0.1647058823529411,0.0941176470588235,1.0,0.9450980392156862,0.1215686274509803,0.5058823529411764,1.0,2.0,1.19250867463552,0.1568627450980392,3.0,46.0,12.0
1,"Sarabande, BWV 996",J.S. Bach,11,7,VII,Baroque,found,pdf,pdf-20260524T103936Z-3-001/pdf/BWV 996 4 Sarabande by Johann Sebastian Bach.pdf,,,,verified_pieces/pdf/xml/BWV 996 4 Sarabande by Johann Sebastian Bach.musicxml,,0.0,1.2659574468085106,3,1.311701081612586,0.4180790960451977,0.2437810945273631,0.336283185840708,4,0.0,1.5647058823529412,532,100.0,6.278521424165844,2.6353383458646618,5.0,0.0733082706766917,0.2368421052631578,2.0,0.2823529411764706,2.71875,0.4895833333333333,0.1799410029498525,7.0,1.3985380379246983,2.750574568880656,2.3540961780816647,0.336283185840708,2.5,4.699999999999999,5.3125,10.235055724417428,32.0,8.582838179519594,112.0,4.573755656108597,True,0.0,0.0088105726872246,0.0,0.0,0.0616740088105726,0.1013215859030837,1.0,0.3436123348017621,0.1233480176211453,0.762114537444934,1.0,2.9375,1.456845236054437,0.0837004405286343,16.0,41.0,12.0
1,Sargento Cabral (Zamba),Agustin Barrios Mandore,8,6,VII,Romantic,found,pdf,pdf-20260524T103936Z-3-001/pdf/Sargento Cabral by Agustin Barrios Mangore.pdf,,,,verified_pieces/pdf/xml/Sargento Cabral by Agustin Barrios Mangore.musicxml,,0.0045871559633027,1.082191780821918,2,1.7734254992319505,0.4957746478873239,0.625,1.0092165898617511,5,0.0,1.6330275229357798,356,100.0,5.877735781779639,2.764044943820225,7.0,0.1404494382022472,0.3230337078651685,2.0,0.3394495412844037,2.391891891891892,0.3648648648648648,0.2626728110599078,7.0,1.694693803694237,2.744544959889668,2.3784921057552486,0.0737327188940092,1.6428571428571428,6.599999999999998,3.875,2.421296296296296,4.0,3.73399897593446,28.0,5.156166724302772,True,0.0,0.0194174757281553,0.0,0.0,0.0048543689320388,0.1310679611650485,0.5,0.6990291262135923,0.1796116504854369,0.6553398058252428,1.0,0.75,1.1741656489205514,0.0728155339805825,4.0,25.0,13.0
1,Sarita (Mazurka),Agustin Barrios Mandore,8,6,X,Romantic,found,pdf,pdf-20260524T103936Z-3-001/pdf/Sarita (Mazurka) by Agustin Barrios Mangore.pdf,,,,verified_pieces/pdf/xml/Sarita (Mazurka) by Agustin Barrios Mangore.musicxml,,0.0068965517241379,1.2135922330097086,4,1.558246828143022,0.5209713024282561,0.4295774647887324,0.6539792387543253,5,0.0,1.5655172413793104,454,120.0,6.12029741895095,4.493392070484582,9.0,0.2511013215859031,0.0947136563876652,3.0,0.3551724137931034,2.6407766990291264,0.5631067961165048,0.2249134948096885,8.666666666666666,1.387062704836982,3.2823650875159536,2.44780138808847,0.1349480968858131,3.5,7.899999999999997,3.875,1.9724919093851128,6.0,3.475490196078431,18.0,4.421429720598488,True,0.0,0.0274509803921568,0.0039215686274509,0.0,0.0392156862745098,0.0901960784313725,0.5,0.4901960784313725,0.1411764705882353,0.7137254901960784,0.0,2.75,1.0466134815394588,0.0549019607843137,7.0,52.0,16.0
1,Se io m'accorgo ben mio d'un altro amante,Anonymous,4,3,V,Renaissance,found,pdf,pdf-20260524T103936Z-3-001/pdf/Se Io maccorgo by Anonymous.pdf,,,,verified_pieces/pdf/xml/Se Io maccorgo by Anonymous.musicxml,,0.087378640776699,1.2820512820512822,20,1.4722222222222223,0.4742268041237113,0.425,0.4509803921568627,3,0.0,1.8932038834951457,195,120.0,5.278114659230517,2.066666666666667,5.0,0.041025641025641,0.2974358974358974,2.0,0.3980582524271844,3.073170731707317,0.5365853658536586,0.2352941176470588,5.5,1.058689876983896,2.5477402977566475,2.426544331481283,0.088235294117647,5.0,5.15,2.5625,1.105263157894737,2.0,1.661764705882353,6.0,3.2962031900138697,True,0.0,0.0,0.0,0.0,0.1546391752577319,0.1134020618556701,1.0,0.6082474226804123,0.134020618556701,0.6391752577319587,1.0,3.5,0.928059916719844,0.1855670103092783,6.0,27.0,7.0
1,Serenata Morisca,Agustin Barrios Mangore,10,6,All,Romantic,found,pdf,pdf-20260524T103936Z-3-001/pdf/Serenata Morisca by Agustin Barrios Mangore.pdf,,,,verified_pieces/pdf/xml/Serenata Morisca by Agustin Barrios Mangore.musicxml,,0.0020470829068577,1.3344947735191637,20,1.810023907103825,0.6298984034833092,0.4522900763358778,0.5778688524590164,4,0.0,1.4114636642784033,1379,120.0,7.22983877815125,4.147933284989122,10.0,0.1943437273386511,0.1907179115300942,3.0,0.3019447287615148,2.620338983050848,0.4847457627118644,0.2581967213114754,12.0,1.5044112010399973,3.3113987795044544,2.45268093384202,0.0358606557377049,20.0,7.399999999999999,4.9375,3.271561771561772,8.0,5.800930669398908,48.0,5.053965317857625,True,0.0,0.0084210526315789,0.0021052631578947,0.1951219512195122,0.0536842105263157,0.0526315789473684,0.25,0.5842105263157895,0.1757894736842105,0.7368421052631579,1.0,1.9375,1.3058983600923293,0.0347368421052631,8.0,61.0,18.0
1,Sheep May Safely Graze (from Cantata No. 208,J.S. Bach,19,9,All,Baroque,found,pdf,pdf-20260524T103936Z-3-001/pdf/BWV208 Sheep May Safely Graze by Johann Sebastian Bach.pdf,,,,verified_pieces/pdf/xml/BWV208 Sheep May Safely Graze by Johann Sebastian Bach.musicxml,,0.0,0.7790697674418605,3,1.5381263616557732,0.4143835616438356,0.3846153846153846,0.2418300653594771,3,0.0,1.9025974025974024,293,105.0,5.683579767338681,1.6860068259385663,3.0,0.0068259385665529,0.3174061433447099,2.0,0.5714285714285714,2.7954545454545454,0.6136363636363636,0.1764705882352941,13.0,2.092344063251032,2.0947256148593043,2.546202753068513,0.1568627450980392,2.0,11.733333333333334,3.375,1.5137254901960784,4.0,2.503449527959332,23.0,5.161676286676286,True,0.0,0.0,0.0075187969924812,0.0,0.1654135338345864,0.0676691729323308,1.0,0.6541353383458647,0.112781954887218,0.518796992481203,0.0,3.75,1.2366245422597313,0.1278195488721804,4.0,39.0,13.0
1,"Sir John Smith, His Almain",John Dowland,10,7,V,Renaissance,found,pdf,pdf-20260524T103936Z-3-001/pdf/Sir John Smith-His Almain by John Dowland.pdf,,,,verified_pieces/pdf/xml/Sir John Smith-His Almain by John Dowland.musicxml,,0.0,0.574468085106383,6,1.5207093253968254,0.6017797552836485,0.2396088019559902,0.2961309523809524,3,0.0,1.337295690936107,900,112.0,6.803505257608338,1.9877777777777776,4.100000000000023,0.0188888888888888,0.3188888888888889,2.0,0.2407132243684992,3.154320987654321,0.3333333333333333,0.1949404761904762,5.0,1.1525272478525903,2.231686969801635,2.1585360991636064,0.1800595238095238,3.0,5.0,7.75,0.9678571428571427,2.1000000000000085,6.685714285714285,72.0,4.18358851824461,True,0.0,0.0,0.0,0.0,0.0755711775043936,0.0351493848857645,0.25,0.4112478031634446,0.1300527240773286,0.7943760984182777,1.0,1.75,0.8951980184207768,0.0298769771528998,7.0,48.0,14.0
1,"Soldatenmarsh, Op. 68 no. 2",Robert Schumann,3,2,III,Romantic,found,pdf,pdf-20260524T103936Z-3-001/pdf/marcha-militar-opus-68-no-2-by-robert-schumann.pdf,,,,verified_pieces/pdf/xml/marcha-militar-opus-68-no-2-by-robert-schumann.musicxml,,0.0,1.7142857142857142,4,2.024122807017544,0.3636363636363636,1.0,0.2105263157894736,3,0.0,2.727272727272727,210,120.0,5.351858133476067,5.5285714285714285,9.0,0.3952380952380952,0.0714285714285714,3.0,0.9090909090909092,3.085714285714286,0.3571428571428571,0.3684210526315789,9.0,1.6082876430580362,3.200180107255492,2.4321389921019785,0.0,3.0,7.299999999999997,3.5625,2.0966183574879227,4.400000000000006,2.854166666666667,12.0,9.237536656891496,True,0.0,0.0389610389610389,0.0779220779220779,0.0,0.4805194805194805,0.0,1.0,0.7012987012987013,0.1818181818181818,0.2987012987012987,0.0,0.75,1.3424936495637072,0.3376623376623376,4.0,16.0,8.0
1,"Sonata I, BWV 1001: iii. Siciliana",J.S. Bach,12,6,VII,Baroque,found,pdf,pdf-20260524T103936Z-3-001/pdf/BWV 1001 Siciliana by Johann Sebastian Bach.pdf,,,,verified_pieces/pdf/xml/BWV 1001 Siciliana by Johann Sebastian Bach.musicxml,,0.003076923076923,0.8921568627450981,3,1.77880658436214,0.6181434599156118,0.4904458598726114,0.6265432098765432,5,0.0,1.4615384615384617,475,70.0,6.16541785423142,2.8526315789473684,5.0,0.0631578947368421,0.1726315789473684,2.0,0.3292307692307692,2.2616822429906542,0.6074766355140186,0.228395061728395,19.0,1.8150940116788348,2.690991262794148,2.467269381498859,0.015432098765432,3.0,6.299999999999997,4.875,1.993399339933993,4.0,5.9830246913580245,72.0,6.268449383573537,True,0.0,0.0030959752321981,0.0123839009287925,0.0,0.0959752321981424,0.1114551083591331,0.25,0.6563467492260062,0.1207430340557275,0.6780185758513931,0.0,0.75,1.1478860510884945,0.0495356037151702,4.0,51.0,15.0
1,Sonata II: BWV 1003: iii. Andante,J.S. Bach,9,6,VII,Baroque,found,pdf,pdf-20260524T103936Z-3-001/pdf/BWV 1003 Andante by Johann Sebastian Bach.pdf,,,,verified_pieces/pdf/xml/BWV 1003 Andante by Johann Sebastian Bach.musicxml,,0.0,1.0333333333333334,19,1.6412121212121211,0.5427927927927928,0.52,0.3163636363636363,3,0.0,1.6123188405797102,445,38.0,6.100318952020064,2.530337078651685,6.0,0.0831460674157303,0.2831460674157303,2.0,0.463768115942029,2.03125,0.640625,0.2254545454545454,12.5,1.680956481405253,2.8483735084111066,2.372142820400493,0.0727272727272727,2.0,6.649999999999992,5.9375,2.8403361344537816,8.0,6.1,50.0,7.325915855090961,True,0.0,0.0037453183520599,0.0074906367041198,0.1333333333333333,0.097378277153558,0.0898876404494382,0.25,0.6966292134831461,0.0936329588014981,0.5805243445692884,0.0,2.9375,1.1180429868232864,0.048689138576779,7.0,59.0,12.0
1,Sonata II: BWV 1003: iv. Allegro,J.S. Bach,14,6,VIII,Baroque,found,pdf,pdf-20260524T103936Z-3-001/pdf/BWV 1003 Allegro by Johann Sebastian Bach.pdf,,,,verified_pieces/pdf/xml/BWV 1003 Allegro by Johann Sebastian Bach.musicxml,,0.0,0.0,0,2.4006376195536663,0.9140127388535032,0.4866879659211927,0.5770456960680127,4,0.0,1.0010615711252655,943,90.0,6.8501261661455,12.50371155885472,17.0,0.943796394485684,0.0190880169671261,0.0,0.0010615711252653,1.0,1.0,0.3379383634431456,16.0,2.1355399652241025,3.806390436527646,1.9476772774192253,0.0127523910733262,0.0,14.0,4.0,0.0,0.0,9.1650726177825,64.0,3.3122844265653524,True,0.0,0.0,0.0,,0.0,0.0,0.25,0.9268817204301076,0.1591397849462365,0.9989247311827956,1.0,1.75,1.132654913980588,0.0,4.0,13.0,2.0
1,"Sonata III, BWV 1005: i. Adagio",J.S. Bach,9,5,V,Baroque,found,pdf,pdf-20260524T103936Z-3-001/pdf/BWV 1005 Adagio by Johann Sebastian Bach.pdf,,,,verified_pieces/pdf/xml/BWV 1005 Adagio by Johann Sebastian Bach.musicxml,,0.0,1.0661764705882353,4,1.4766260162601623,0.511986301369863,0.3529411764705882,0.2530487804878049,2,0.0,1.778115501519757,585,46.0,6.373319789577012,2.203418803418804,5.0,0.0376068376068376,0.2683760683760683,2.0,0.425531914893617,2.7785714285714285,0.5928571428571429,0.198170731707317,7.0,1.127370612084833,2.7059531438935247,2.4562499029935863,0.0609756097560975,1.6666666666666667,4.766666666666666,4.875,2.088888888888889,4.0,5.233909214092141,64.0,6.675957117619304,True,0.0,0.0226537216828478,0.0194174757281553,0.1363636363636363,0.1326860841423948,0.0970873786407767,0.25,0.4627831715210356,0.0841423948220064,0.56957928802589,0.0,2.9375,0.9104551227659744,0.1229773462783171,9.0,62.0,16.0
1,"Sonata III, BWV 1005: ii. Fuga",J.S. Bach,17,6,XII,Baroque,found,pdf,pdf-20260524T103936Z-3-001/pdf/bach-bwv1005-fuga.pdf,,,,verified_pieces/pdf/xml/bach-bwv1005-fuga.musicxml,,0.0,1.0662358642972536,4,0.8745913548855794,0.3432028836251287,0.244360902255639,0.2960406828913912,5,0.0,1.4106753812636166,3885,120.0,8.265135629937385,2.2996138996139,5.0,0.0478764478764478,0.2509652509652509,2.0,0.228395061728395,2.6136724960254374,0.2639109697933227,0.1180530330548492,9.0,1.2185215752610905,2.710881811669439,2.420758572547053,0.4845622956774428,3.0,7.549999999999997,3.5625,1.3697796270611804,4.0,1.6860827149603033,24.0,1.6427047901713452,True,0.00070323488045,0.0077355836849507,0.010548523206751,0.1532258064516129,0.0935302390998593,0.0689170182841068,0.5,0.6244725738396625,0.1209563994374121,0.7587904360056259,0.0,83.75,1.325194415366578,0.0738396624472573,55.0,83.0,16.0
1,"Sonata III, BWV 1005: iii. Largo",J.S. Bach,8,4,V,Baroque,found,pdf,pdf-20260524T103936Z-3-001/pdf/BWV 1005 Largo by Johann Sebastian Bach.pdf,,,,verified_pieces/pdf/xml/BWV 1005 Largo by Johann Sebastian Bach.musicxml,,0.0,0.9298245614035088,3,1.5761374187558033,0.7123287671232876,0.4404761904761904,0.5543175487465181,3,0.0,1.2194444444444446,439,50.0,6.0867747269123065,2.4533029612756265,5.0,0.020501138952164,0.1753986332574031,2.0,0.1583333333333333,1.9824561403508767,0.7543859649122807,0.2395543175487465,6.5,1.1332964922443534,2.604641507378401,2.264915247715986,0.0724233983286908,2.0,4.449999999999999,4.9375,3.202380952380952,8.0,6.621169916434541,80.0,4.624934005279578,True,0.0,0.0,0.0,-0.75,0.0502958579881656,0.0236686390532544,0.25,0.8047337278106509,0.1301775147928994,0.8313609467455622,0.0,1.9375,1.000306087975091,0.0207100591715976,7.0,40.0,13.0
1,"Sonata in A Major, L 238/ K 208",Domenico Scarlatti,6,3,V,Baroque,found,pdf,pdf-20260524T103936Z-3-001/pdf/Sonata L238 by Domenico Scarlatti.pdf,,,,verified_pieces/pdf/xml/Sonata L238 by Domenico Scarlatti.musicxml,,0.0,0.9803921568627452,6,2.0360486891385765,0.7186046511627907,0.6707317073170732,1.098314606741573,5,0.0,1.207282913165266,431,60.0,6.068425588244111,2.5522041763341066,6.0,0.0904872389791183,0.2807424593967517,3.0,0.165266106442577,2.5084745762711864,0.9322033898305084,0.3089887640449438,10.0,1.6845099511155006,2.836523859007687,2.4323265742781635,0.0702247191011236,6.0,7.0,5.5,3.0980392156862746,8.0,8.377652933832708,112.0,4.183629632757626,True,0.002932551319648,0.002932551319648,0.0,0.0,0.032258064516129,0.0351906158357771,0.25,0.7272727272727273,0.1554252199413489,0.844574780058651,0.0,2.9375,1.368293105841444,0.0146627565982404,8.0,49.0,13.0
1,"Sonata in A Major, L 483/ K 322",Domenico Scarlatti,10,5,IX,Baroque,found,pdf,pdf-20260524T103936Z-3-001/pdf/Sonata K322 by Domenico Scarlatti.pdf,,,,verified_pieces/pdf/xml/Sonata K322 by Domenico Scarlatti.musicxml,,0.0,0.5803571428571429,3,1.9710806697108063,0.6929824561403509,0.6885245901639344,0.7602739726027398,5,0.0,1.3006833712984054,571,180.0,6.349138991379798,2.854640980735552,7.0,0.1716287215411558,0.308231173380035,2.0,0.2915717539863325,2.6953125,0.640625,0.2968036529680365,10.0,1.7135493704704967,2.9585655806742004,2.3971121991363944,0.0091324200913242,1.8,8.100000000000001,2.25,0.6981981981981982,2.0,3.234670580560991,16.0,2.264299405522529,True,0.0,0.0,0.0,0.0,0.0593607305936073,0.1050228310502283,0.5,0.5091324200913242,0.1666666666666666,0.7397260273972602,0.0,3.25,0.969096408426006,0.002283105022831,8.0,47.0,8.0
1,"Sonata in E minor, BWV 1023 - ii. Allemande",J.S. Bach,12,8,VII,Baroque,found,pdf,pdf-20260524T103936Z-3-001/pdf/bach-bwv1023-allemande.pdf,,,,verified_pieces/pdf/xml/bach-bwv1023-allemande.musicxml,,0.0,0.7878787878787878,4,0.8555016181229774,0.3455988455988455,0.1129196337741607,0.273462783171521,5,0.0,1.1212611156022636,1387,55.0,7.23561914106675,2.815428983417448,5.0,0.0720980533525594,0.2631578947368421,2.9000000000000057,0.1099434114793856,2.9411764705882355,0.5955882352941176,0.1140776699029126,19.0,1.810987140968887,2.6886109276351084,2.218385937487862,0.6003236245954693,3.0,18.95,5.6875,5.753180661577608,16.0,5.1409076899368165,288.0,1.6324231894932386,True,0.0,0.0,0.0,0.0,0.0694444444444444,0.1031746031746031,0.25,0.7440476190476191,0.121031746031746,0.7738095238095238,1.0,56.9375,0.7083157299140775,0.0099206349206349,29.0,48.0,9.0
1,"Sonata in E minor, BWV 1023 - iii.  Gigue",J.S. Bach,12,7,VII,Baroque,found,pdf,pdf-20260524T103936Z-3-001/pdf/bach-bwv1023-gigue.pdf,,,,verified_pieces/pdf/xml/bach-bwv1023-gigue.musicxml,,0.0043859649122807,0.7280701754385965,4,2.0783882783882786,0.7224080267558528,0.6619718309859155,0.8967032967032967,5,0.0,1.3135964912280702,599,180.0,6.396929655216146,2.4440734557596,7.0,0.1051752921535893,0.2988313856427379,2.0,0.2785087719298245,2.968503937007874,0.5354330708661418,0.3384615384615385,8.0,1.6620421087746289,2.792540078200542,2.512247155678712,0.0087912087912087,2.2857142857142856,8.0,3.0,1.412280701754386,4.0,4.176007326007326,22.0,3.334086009515314,True,0.0,0.0,0.0,0.0,0.1084070796460177,0.1283185840707964,0.5,0.9446902654867256,0.1261061946902655,0.7367256637168141,1.0,2.25,1.4565823197756218,0.0110619469026548,6.0,36.0,7.0
1,Sonata in G (K. 431),Domenico Scarlatti,8,4,VII,Baroque,found,pdf,pdf-20260524T103936Z-3-001/pdf/sonata-k431-l83-scarlatti.pdf,,,,verified_pieces/pdf/xml/sonata-k431-l83-scarlatti.musicxml,,0.0,0.7868852459016393,3,1.2003610108303249,0.3534482758620689,0.3666666666666666,0.4945848375451263,3,0.0,1.2553956834532374,349,120.0,5.857933154483459,4.28080229226361,9.0,0.3209169054441261,0.2378223495702005,2.0,0.2410071942446043,3.194029850746269,0.4029850746268656,0.1841155234657039,10.0,1.862372001657904,3.1136742720663606,2.4281503208228026,0.5126353790613718,1.5789473684210529,6.362499999999994,8.1875,8.39344262295082,32.0,18.75270758122744,160.0,9.511708950343117,True,0.0,0.0,0.0,0.0,0.0588235294117647,0.0514705882352941,0.3125,0.9558823529411764,0.1838235294117647,0.8235294117647058,0.0,0.6875,1.3175392613837658,0.0073529411764705,3.0,22.0,7.0
1,Sonata No. 1,Niccolo Paganini,7,4,VIII,Romantic,found,pdf,pdf-20260524T103936Z-3-001/pdf/Sonata No_ 01 In A by Nicolo Paganini.pdf,,,,verified_pieces/pdf/xml/Sonata No_ 01 In A by Nicolo Paganini.musicxml,,0.0,0.4428571428571428,4,1.7275541795665634,0.5576519916142557,0.4193548387096774,0.934984520123839,5,0.0,1.4753086419753083,478,80.0,6.171700597410915,1.7196652719665273,4.0,0.0146443514644351,0.3702928870292887,1.0,0.4444444444444444,2.770833333333333,0.3055555555555556,0.2848297213622291,6.5,1.5290696441571057,2.4059484333196184,2.44248294510866,0.1176470588235294,1.2,5.599999999999994,5.5625,1.4532374100719423,4.0,6.09391124871001,48.0,6.353130908686464,True,0.0,0.0,0.0,0.0,0.1279461279461279,0.1818181818181818,0.25,0.5521885521885522,0.202020202020202,0.6296296296296297,1.0,1.3125,0.8337542501089259,0.0067340067340067,6.0,37.0,8.0
1,Sonata no. 12: i. Minuetto,Niccolo Paganini,7,3,VII,Romantic,found,pdf,pdf-20260524T103936Z-3-001/pdf/Minuetto in A by Niccolo Paganini.pdf,,,,verified_pieces/pdf/xml/Minuetto in A by Niccolo Paganini.musicxml,,0.0,0.0425531914893617,2,2.154228855721393,0.6854838709677419,0.4049586776859504,0.6467661691542289,5,0.0,1.2326732673267329,249,120.0,5.521460917862246,3.927710843373494,10.0,0.3012048192771084,0.3534136546184739,0.0,0.2326732673267326,3.48936170212766,0.574468085106383,0.308457711442786,20.0,2.4689302228166548,3.00483225621296,2.1735562293608264,0.1044776119402985,0.3333333333333333,10.800000000000011,4.5625,0.1739130434782608,0.0,10.0787728026534,80.0,5.016312867241781,True,0.0,0.0,0.0,,0.0546448087431694,0.0273224043715847,0.25,0.7540983606557377,0.2021857923497267,0.8087431693989071,0.0,0.8125,1.355219195009424,0.0,6.0,23.0,7.0
1,Sonata Romantica: I,Manuel M. Ponce,12,9,VIII,Modern,found,pdf,pdf-20260524T103936Z-3-001/pdf/Sonata Romantica I Allegro Moderato by Manuel Maria Ponce.pdf,,,,verified_pieces/pdf/xml/Sonata Romantica I Allegro Moderato by Manuel Maria Ponce.musicxml,,0.0021037868162692,1.5641592920353982,5,1.2883040935672516,0.4123178185237424,0.2190352020860495,0.3150877192982456,5,0.0,1.4922861150070126,2128,112.0,7.663407664893479,4.573778195488722,9.0,0.3035714285714285,0.131578947368421,3.0,0.3211781206171108,2.458515283842795,0.4388646288209607,0.2182456140350877,11.166666666666666,1.5792821823919465,3.377446415860752,2.393361474440757,0.3614035087719298,3.6666666666666665,7.949999999999999,15.25,9.524020694752402,32.0,7.246851851851852,128.0,5.411007203808175,True,0.0039408866995073,0.0,0.0039408866995073,0.06,0.0541871921182266,0.0551724137931034,0.5,0.3665024630541872,0.1103448275862069,0.6985221674876847,0.0,4.0625,1.2640181781141515,0.0463054187192118,9.0,113.0,22.0
1,Sonata Romantica: II,Manuel M. Ponce,8,9,IX,Modern,found,pdf,pdf-20260524T103936Z-3-001/pdf/Sonata Romantica II Andante Espressivo by Manuel Maria Ponce.pdf,,,,verified_pieces/pdf/xml/Sonata Romantica II Andante Espressivo by Manuel Maria Ponce.musicxml,,0.0214285714285714,2.136363636363636,20,2.12788385043755,0.4524119947848761,0.6039603960396039,0.6157517899761337,4,0.0,1.8285714285714283,768,56.0,6.645090969505644,4.110677083333333,7.0,0.2057291666666666,0.140625,3.0,0.3857142857142857,3.2901234567901234,0.6049382716049383,0.3126491646778043,22.0,2.449355253872516,3.1418704485943096,2.5187681080997253,0.081145584725537,10.25,21.1,4.9375,3.0813881107998755,6.0,4.0494066560594,44.0,4.927518796992481,True,0.0,0.0,0.0101522842639593,0.03125,0.1370558375634517,0.1015228426395939,0.5,0.6903553299492385,0.1319796954314721,0.6598984771573604,0.0,3.75,0.8318682304379935,0.1573604060913705,10.0,61.0,14.0
1,Sonata Romantica: III,Manuel M. Ponce,10,6,IX,Modern,found,pdf,pdf-20260524T103936Z-3-001/pdf/Sonata Romantica III Moment Musical Vivo by Manuel Maria Ponce.pdf,,,,verified_pieces/pdf/xml/Sonata Romantica III Moment Musical Vivo by Manuel Maria Ponce.musicxml,,0.0055555555555555,1.1578947368421053,4,1.765924551638837,0.522956326987682,0.3968253968253968,0.7755102040816326,4,0.0,1.6555555555555554,894,124.0,6.796823718274855,3.423937360178971,8.0,0.2024608501118568,0.2740492170022371,2.0,0.3962962962962963,2.4065420560747666,0.3738317757009345,0.2170686456400742,10.0,1.7466549193278278,3.1277310089495223,2.4828465543406115,0.0315398886827458,2.8,7.983333333333333,3.8125,1.492156862745098,4.0,3.231091527520099,20.0,4.327680311890839,True,0.0018796992481203,0.0,0.018796992481203,0.0208333333333333,0.1221804511278195,0.1221804511278195,0.5,0.8345864661654135,0.1466165413533834,0.6353383458646616,1.0,3.75,1.2113552809321937,0.0883458646616541,8.0,55.0,16.0
1,Sonata Romantica: IV,Manuel M. Ponce,11,8,XII,Modern,found,pdf,pdf-20260524T103936Z-3-001/pdf/Sonata Romantica IV Allegro Non Troppo E Serioso by Manuel Maria Ponce.pdf,,,,verified_pieces/pdf/xml/Sonata Romantica IV Allegro Non Troppo E Serioso by Manuel Maria Ponce.musicxml,,0.0098231827111984,0.9383116883116884,5,1.5358671909130626,0.5764925373134329,0.7942973523421588,0.8892529488859764,5,0.0,1.4047151277013752,2145,104.0,7.671360923190644,3.3496503496503496,8.0,0.1692307692307692,0.2284382284382284,3.0,0.2134905042567125,3.6012269938650308,0.5337423312883436,0.1382699868938401,22.0,2.164782203339509,3.180101140822282,2.460751454556383,0.0399737876802097,3.0,19.0,4.8125,1.339227547696603,4.0,3.97223496432212,44.0,4.243822463266831,True,0.0,0.0,0.0019646365422396,0.037037037037037,0.0582842174197773,0.0563195808775376,0.25,0.5193189259986902,0.1198428290766208,0.7996070726915521,0.0,2.75,1.2004790650493882,0.0340537000654878,7.0,102.0,26.0
1,Sonata: Allemande,Silvius Leopold Weiss,10,5,IX,Baroque,found,pdf,pdf-20260524T103936Z-3-001/pdf/weiss-sonata-34-allemande.pdf,,,,verified_pieces/pdf/xml/weiss-sonata-34-allemande.musicxml,,0.0,1.3846153846153846,4,2.307851239669421,0.5920679886685553,0.7238095238095238,0.9834710743801652,5,0.0,1.4567901234567902,354,70.0,5.872117789475416,4.935028248587571,9.0,0.4350282485875706,0.1864406779661017,3.0,0.3292181069958848,3.2375,0.6,0.359504132231405,11.0,2.248324623038432,3.258375722058771,2.4502794335404103,0.0909090909090909,3.0,8.299999999999999,3.5625,2.871985157699443,6.800000000000011,4.710743801652892,44.0,3.989970628268501,True,0.0,0.0044642857142857,0.0044642857142857,0.0,0.1071428571428571,0.0625,0.5,0.8035714285714286,0.125,0.7321428571428571,1.0,3.25,1.365576911808108,0.0178571428571428,6.0,37.0,11.0
1,"Stuckchen, Op. 68 no. 5",Robert Schumann,4,3,V,Romantic,found,pdf,pdf-20260524T103936Z-3-001/pdf/Opus 68 No 5 Little Piece (Stuckchen) by Robert Schumann.pdf,,,,verified_pieces/pdf/xml/Opus 68 No 5 Little Piece (Stuckchen) by Robert Schumann.musicxml,,0.0,1.532258064516129,21,3.5515873015873014,0.6335078534031413,0.625,0.9761904761904762,2,0.0,1.5118110236220472,192,120.0,5.262690188904886,2.578125,6.0,0.0677083333333333,0.359375,2.0,0.4881889763779528,3.0161290322580645,0.2580645161290322,0.7222222222222222,10.0,2.3761625100410253,2.644739338946419,2.004343772857407,0.0238095238095238,2.6,9.0,3.0625,2.721311475409836,4.0,6.904761904761905,18.0,4.4315681913806575,True,0.0,0.0,0.0,,0.1732283464566929,0.2440944881889764,0.5,0.952755905511811,0.4488188976377952,0.5433070866141733,0.0,0.5,1.4718579246685488,0.0,2.0,17.0,5.0
1,"Studio in Si Minore, Op. 35 no. 22",Fernando Sor,4,3,V,Classical,found,gaps,,,,Z41wc,datasets/gaps_v1/readable_musicxml/Fernando Sor - Opus 35 No 22 in B Minor.xml,gaps_v1/musicxml/Opus 35 No 17 in D by Fernando Sor.xml,0.0,0.1896551724137931,2,1.262990196078431,0.5252293577981652,0.9333333333333332,1.099264705882353,4,0.0,1.6007326007326008,437,100.0,6.082218910376446,2.606407322654462,4.0,0.0137299771167048,0.1624713958810068,1.0,0.4908424908424908,0.6119402985074627,0.3358208955223881,0.0625,7.0,1.1036771781772845,2.365569751725842,2.156568396965107,0.0,2.0,7.0,3.6875,0.3478260869565217,2.0,2.5235294117647062,14.0,5.105986470949975,True,0.0070175438596491,0.0175438596491228,0.0035087719298245,0.2753623188405797,0.1824561403508772,0.2666666666666666,0.5,0.642691415313225,0.1228070175438596,0.2210526315789473,0.0,5.5,1.4757934052071375,0.175438596491228,7.0,50.0,12.0
1,"Study in A, Op. 44 no. 20",Fernando Sor,5,3,V,Classical,found,pdf,pdf-20260524T103936Z-3-001/pdf/Opus 44 No 20 by Fernando Sor.pdf,,,,verified_pieces/pdf/xml/Opus 44 No 20 by Fernando Sor.musicxml,,0.0,2.0,2,5.034730538922156,0.7840236686390533,0.7771084337349398,1.0868263473053892,3,0.0,1.0119402985074626,339,80.0,5.828945617610208,4.740412979351032,22.0,0.1474926253687315,0.2595870206489675,2.0,0.0029850746268656,2.0,1.0,0.4580838323353293,22.0,7.077601746656629,2.399525587871626,1.8479346879269305,0.1317365269461078,2.0,22.0,4.0,8.0,8.0,15.925149700598803,88.0,3.1911419645956265,True,0.0,0.0,0.0,,0.0,0.0,0.25,0.8746081504702194,0.2664576802507837,0.9968652037617556,1.0,0.75,0.8011155225406952,0.0,3.0,13.0,2.0
1,"Study in B Minor, Op. 31 No. 18",Fernando Sor,6,3,VII,Classical,found,pdf,pdf-20260524T103936Z-3-001/pdf/Opus 31 No 18 by Fernando Sor.pdf,,,,verified_pieces/pdf/xml/Opus 31 No 18 by Fernando Sor.musicxml,,0.0,3.727272727272727,20,4.336206896551724,0.7540983606557377,0.8851674641148325,1.043103448275862,4,0.0,1.0515021459227467,245,100.0,5.5053315359323625,5.048979591836734,22.0,0.1510204081632653,0.1142857142857142,20.0,0.0515021459227467,2.833333333333333,0.75,0.2672413793103448,20.0,6.448996133477489,2.606654962722939,2.061993051191337,0.0862068965517241,10.5,19.0,3.75,9.454545454545457,20.0,12.537356321839082,76.0,3.4349070100143058,True,0.0,0.0,0.0,,0.0044052863436123,0.013215859030837,0.25,0.8942731277533039,0.198237885462555,0.9691629955947136,1.0,1.25,0.9990595587006768,0.0,3.0,18.0,5.0
1,"Study in E Minor, Op. 35 no. 18",Fernando Sor,4,2,II,Classical,found,pdf,pdf-20260524T103936Z-3-001/pdf/Opus 35 No 18 by Fernando Sor.pdf,,,,verified_pieces/pdf/xml/Opus 35 No 18 by Fernando Sor.musicxml,gaps_v1/musicxml/Opus 35 No 17 in D by Fernando Sor.xml,0.0,3.3035714285714284,21,4.512195121951219,0.5166666666666667,0.8,1.048780487804878,3,0.0,1.824242424242424,301,120.0,5.71042701737487,3.641196013289037,22.0,0.1162790697674418,0.3787375415282392,20.0,0.7878787878787878,2.546153846153846,0.2384615384615384,0.4024390243902439,21.5,5.020100551242301,2.214003335702417,2.5247757335838,0.0365853658536585,6.904761904761905,21.15,3.4375,4.598214285714286,20.90000000000001,7.668699186991869,43.0,5.936183456183456,True,0.0,0.0062893081761006,0.0,0.0,0.2075471698113207,0.220125786163522,0.5,0.7861635220125787,0.1069182389937107,0.2641509433962264,0.0,0.75,0.8576724306742659,0.0062893081761006,3.0,27.0,8.0
1,Study No. 6,Fernando Sor,3,2,II,Classical,found,dada_gp,,"datasets/DadaGP-v1.1/S/Sor, Fernando/Sor, Fernando - Etude N-6 En Re Majeur.gp4.tokens.txt","datasets/DadaGP-v1.1/S/Sor, Fernando/Sor, Fernando - Etude N-6 En Re Majeur.gp4",,"verified_pieces/dada/xml/Sor, Fernando - Etude N-6 En Re Majeur.musicxml",,0.0,0.3636363636363636,2,1.5793650793650793,0.7575757575757576,0.868995633187773,1.626984126984127,5,0.0226415094339622,1.0474308300395256,265,120.0,5.583496308781699,1.875471698113208,4.0,0.0,0.2981132075471698,1.0,0.0474308300395256,1.9166666666666667,0.75,0.1984126984126984,5.0,1.208292607544719,2.2816008167120634,2.438475395484464,0.0158730158730158,1.0,4.0,2.5,0.7272727272727273,2.0,3.2195767195767195,12.0,2.19422268743458,True,0.0,0.0,0.0,,0.0197628458498023,0.0237154150197628,0.5,0.9683794466403162,0.2094861660079051,0.9525691699604744,0.0,1.75,1.1935636431285446,0.0,4.0,19.0,4.0
1,"Study, 31 no. 17",Fernando Sor,3,1,I,Classical,found,gaps,,,,Bk1wc,datasets/gaps_v1/readable_musicxml/Fernando Sor - Opus 35 No 17 in D.xml,,0.0,0.3636363636363636,2,1.5714285714285714,0.7537878787878788,0.8646288209606987,1.6349206349206349,5,0.0,1.0474308300395256,265,100.0,5.583496308781699,1.8452830188679248,4.0,0.0,0.3056603773584905,1.0,0.0474308300395256,1.9166666666666667,0.75,0.2023809523809523,5.0,1.205500432400174,2.2727365935598285,2.4376562999772404,0.0158730158730158,1.0,4.0,2.5,0.7272727272727273,2.0,3.203703703703704,12.0,2.19422268743458,True,0.0,0.0117647058823529,0.0,0.0,0.2117647058823529,0.2431372549019607,0.5,0.5019607843137255,0.0745098039215686,0.3254901960784314,0.0,1.75,1.2164397706318033,0.0470588235294117,5.0,49.0,11.0
1,"Study, Op. 139 no. 1",Mauro Giuliani,2,1,II,Classical,found,pdf,pdf-20260524T103936Z-3-001/pdf/Opus 139 No 1 by Mauro Giuliani.pdf,,,,verified_pieces/pdf/xml/Opus 139 No 1 by Mauro Giuliani.musicxml,gaps_v1/musicxml/giuliani-op139no3.xml,0.0,0.5925925925925926,2,2.185082872928177,0.5392491467576792,0.8958333333333334,1.0773480662983426,4,0.0,1.6153846153846154,294,150.0,5.68697535633982,1.4183673469387754,3.0,0.0136054421768707,0.4149659863945578,2.0,0.4725274725274725,2.476744186046512,0.4186046511627907,0.3204419889502762,22.0,3.324950094827777,2.0731680245131634,2.417000664083112,0.0497237569060773,2.0,21.85,3.5,0.9125,2.0,3.8918047882136286,43.0,4.397435897435898,True,0.005524861878453,0.0,0.0,-0.0833333333333333,0.2541436464088398,0.1049723756906077,0.5,0.7955801104972375,0.2762430939226519,0.5524861878453039,0.0,1.75,1.4464881776429932,0.0718232044198895,5.0,31.0,8.0
1,"Study, Op. 139 no. 3",Mauro Giuliani,5,3,VII,Classical,found,gaps,,,,fY1wc,datasets/gaps_v1/readable_musicxml/Mauro Giuliani - Opus 139 No. 3.xml,gaps_v1/musicxml/giuliani-op139no3.xml,0.0,0.7037037037037037,3,1.7169117647058822,0.5346260387811634,0.55,0.6176470588235294,5,0.0,1.7658536585365854,362,100.0,5.8944028342648505,2.069060773480663,5.0,0.0524861878453038,0.3646408839779005,2.0,0.5560975609756098,2.3684210526315788,0.4210526315789473,0.2794117647058823,6.0,1.233591076606932,2.486246251834318,2.3931855995686684,0.0196078431372549,1.6666666666666667,4.5,4.375,1.2897196261682242,4.0,3.278730936819172,12.0,5.707491289198607,True,0.0,0.0,0.0,0.0606060606060606,0.4048780487804878,0.1219512195121951,0.5,0.6985294117647058,0.1219512195121951,0.3268292682926829,0.0,1.0,1.2443099861441806,0.1512195121951219,3.0,37.0,11.0
1,"Study, Op. 139 no. 5",Mauro Giuliani,4,3,VII,Classical,found,pdf,pdf-20260524T103936Z-3-001/pdf/Opus 139 No 5 by Mauro Giuliani.pdf,,,,verified_pieces/pdf/xml/Opus 139 No 5 by Mauro Giuliani.musicxml,gaps_v1/musicxml/giuliani-op139no3.xml,0.0376344086021505,0.9438202247191012,3,1.9243243243243244,0.4447513812154696,0.3076923076923077,0.3081081081081081,5,0.0,1.9516129032258065,363,120.0,5.8971538676367405,2.300275482093664,6.0,0.0964187327823691,0.3691460055096419,2.0,0.5053763440860215,2.9574468085106385,0.6595744680851063,0.3135135135135135,10.0,1.7522769168462589,2.6642860638057595,2.470197527109069,0.1135135135135135,1.7,9.45,4.6875,1.4526515151515151,3.299999999999997,4.757057057057057,40.0,6.325316820276497,True,0.0,0.0053763440860215,0.0,0.0789473684210526,0.2258064516129032,0.1075268817204301,0.5,0.5268817204301075,0.2365591397849462,0.521505376344086,0.0,2.75,1.186576615038854,0.1881720430107527,6.0,38.0,15.0
1,"Study, Op. 139 no. 6",Mauro Giuliani,8,4,VII,Classical,found,pdf,pdf-20260524T103936Z-3-001/pdf/Opus 139 No 6 By Mauro Giuliani.pdf,,,,verified_pieces/pdf/xml/Opus 139 No 6 By Mauro Giuliani.musicxml,gaps_v1/musicxml/giuliani-op139no3.xml,0.0,0.8,3,1.7385588558855885,0.5423728813559322,0.3586206896551724,0.4422442244224422,3,0.0,1.555921052631579,473,100.0,6.161207321695077,2.4503171247357294,5.0,0.0718816067653276,0.3128964059196617,2.0,0.3486842105263157,2.9056603773584904,0.4339622641509434,0.2673267326732673,22.0,1.9536218784151604,2.6366679839993754,2.3536266463543147,0.1155115511551155,1.7272727272727273,5.166666666666666,6.0625,2.141414141414142,6.400000000000006,5.959057572423909,76.0,7.509700590762621,True,0.0,0.0,0.0036363636363636,0.0714285714285714,0.1163636363636363,0.029090909090909,0.25,0.7054545454545454,0.1454545454545454,0.7454545454545455,0.0,1.75,1.2432272008791636,0.0472727272727272,5.0,37.0,15.0
1,"Study, Op. 31 no. 16",Fernando Sor,9,3,VI,Classical,found,pdf,pdf-20260524T103936Z-3-001/pdf/Opus 31 No 16 by Fernando Sor.pdf,,,,verified_pieces/pdf/xml/Opus 31 No 16 by Fernando Sor.musicxml,,0.0,1.4545454545454546,4,1.7932263814616758,0.6151202749140894,0.3658536585365853,0.4759358288770053,4,0.0,1.553191489361702,292,90.0,5.680172609017068,2.328767123287671,5.0,0.0410958904109589,0.2465753424657534,2.6000000000000014,0.2925531914893617,2.581818181818182,0.6727272727272727,0.2192513368983957,8.0,1.4130666811879262,2.6644436041746964,2.3051549075188222,0.0,2.0,6.65,6.5,5.818181818181818,10.400000000000006,7.172905525846703,32.0,9.701217430879508,True,0.0,0.0159574468085106,0.0,0.0476190476190476,0.0744680851063829,0.0904255319148936,0.25,0.9946808510638298,0.1808510638297872,0.7074468085106383,1.0,0.25,1.6374556311187578,0.1063829787234042,2.0,38.0,10.0
1,"Study, Op. 35 no. 10",Fernando Sor,2,2,II,Classical,found,pdf,pdf-20260524T103936Z-3-001/pdf/Opus 35 No 10 by Fernando Sor.pdf,,,,verified_pieces/pdf/xml/Opus 35 No 10 by Fernando Sor.musicxml,gaps_v1/musicxml/Opus 35 No 17 in D by Fernando Sor.xml,0.0,0.1698113207547169,1,1.6569696969696968,0.6646884272997032,0.7513227513227513,0.9854545454545456,4,0.0,1.2246376811594204,338,116.0,5.82600010738045,1.813609467455621,5.0,0.0384615384615384,0.378698224852071,1.0,0.1920289855072463,2.8867924528301887,0.3962264150943396,0.24,6.5,1.335190717316061,2.386383512181136,2.248155930758,0.0909090909090909,0.4,5.0,4.25,0.3269230769230769,2.0,6.4763636363636365,80.0,4.267294187957568,True,0.0,0.0,0.0,,0.0684410646387832,0.0570342205323193,0.25,0.5399239543726235,0.247148288973384,0.8250950570342205,0.0,0.8125,0.984277421374539,0.0,5.0,22.0,6.0
1,"Study, Op. 35 no. 14",Fernando Sor,2,2,III,Classical,found,pdf,pdf-20260524T103936Z-3-001/pdf/Opus 35 No 14 by Fernando Sor.pdf,,,,verified_pieces/pdf/xml/Opus 35 No 14 by Fernando Sor.musicxml,gaps_v1/musicxml/Opus 35 No 17 in D by Fernando Sor.xml,0.0,1.018181818181818,19,1.3734177215189871,0.5782608695652174,0.4761904761904761,0.7721518987341772,5,0.0,1.4528301886792452,231,120.0,5.44673737166631,1.2121212121212122,3.0,0.0043290043290043,0.4112554112554112,2.0,0.3710691823899371,2.0,0.5254237288135594,0.1392405063291139,12.5,1.5745291953379146,1.989726036250489,2.3032222919355267,0.1139240506329113,3.0,12.024999999999991,2.8125,1.193939393939394,2.400000000000001,3.651371308016878,50.0,3.270195114103831,True,0.0,0.0201342281879194,0.0,0.0,0.1208053691275167,0.0939597315436241,1.0,0.3892617449664429,0.2147651006711409,0.697986577181208,1.0,1.25,1.435406939212863,0.046979865771812,6.0,27.0,10.0
1,"Study, Op. 39 no. 27",Anton Diabelli,1,1,I,Classical,found,pdf,pdf-20260524T103936Z-3-001/pdf/Opus 39 No 27 by Anton Diabelli.pdf,,,,verified_pieces/pdf/xml/Opus 39 No 27 by Anton Diabelli.musicxml,,0.0,2.0,2,5.381818181818182,0.6962962962962963,0.8857142857142857,1.490909090909091,5,0.0,1.2252252252252251,136,130.0,4.919980925828125,3.632352941176471,12.5,0.1029411764705882,0.1397058823529411,2.0,0.1891891891891892,1.1904761904761905,0.1904761904761904,0.2454545454545454,21.0,7.935801292167056,2.0303494440968337,2.215633201100736,0.0636363636363636,2.0,21.0,2.1875,3.7142857142857135,4.0,9.145454545454545,42.0,2.4504504504504503,True,0.0,0.0,0.0,0.0,0.0277777777777777,0.0555555555555555,0.5,0.7592592592592593,0.3425925925925926,0.8055555555555556,0.0,1.5,1.1517788410475818,0.0277777777777777,3.0,12.0,4.0
1,"Study, Op. 48 no. 23",Mauro Giuliani,9,4,VII,Classical,found,pdf,pdf-20260524T103936Z-3-001/pdf/Opus 48 No 23 by Mauro Giuliani.pdf,,,,verified_pieces/pdf/xml/Opus 48 No 23 by Mauro Giuliani.musicxml,,0.0140845070422535,1.5,3,4.233992467043314,0.7416020671834626,0.7331378299120235,1.0254237288135593,5,0.0,1.0929577464788731,388,100.0,5.963579343618446,4.644329896907217,9.0,0.2139175257731958,0.1829896907216494,2.9000000000000004,0.0338028169014084,3.4166666666666665,0.6666666666666666,0.3022598870056497,22.0,6.569105668434394,2.973802951742785,2.265728454253812,0.0480225988700565,3.0,22.0,4.875,3.1255411255411256,8.0,12.752667922159448,88.0,3.7198912774894985,True,0.0,0.0,0.0,0.0,0.0,0.0261627906976744,0.25,0.8866279069767442,0.1627906976744186,0.9738372093023256,1.0,1.75,1.1657832116759734,0.0203488372093023,5.0,15.0,3.0
1,"Study, Op. 48 no. 24",Mauro Giuliani,11,4,All,Classical,found,pdf,pdf-20260524T103936Z-3-001/pdf/Opus 48 No 24 by Mauro Giuliani.pdf,,,,verified_pieces/pdf/xml/Opus 48 No 24 by Mauro Giuliani.musicxml,,0.0028089887640449,1.2777777777777777,3,4.289389671361502,0.5961904761904762,0.7606837606837606,1.180281690140845,4,0.0,1.4775280898876404,526,100.0,6.267200548541362,5.420152091254753,14.0,0.3365019011406844,0.2908745247148289,3.0,0.2528089887640449,3.466666666666667,0.3666666666666666,0.4845070422535211,22.0,5.568466165242072,3.420474360749641,2.288113084350808,0.1098591549295774,2.375,22.0,5.9375,2.867576243980738,6.0,13.200801475519784,88.0,5.821571350418718,True,0.0,0.0118343195266272,0.0029585798816568,0.0,0.1301775147928994,0.0118343195266272,0.25,0.6538461538461539,0.2189349112426035,0.7751479289940828,0.0,1.75,1.3283799381369086,0.0562130177514792,5.0,25.0,9.0
1,"Study, Op. 50 no. 1",Mauro Giuliani,1,1,I,Classical,found,pdf,pdf-20260524T103936Z-3-001/pdf/Opus 50 No 1 by Mauro Giuliani.pdf,,,,verified_pieces/pdf/xml/Opus 50 No 1 by Mauro Giuliani.musicxml,,0.0,0.4615384615384615,2,1.0875,0.5085714285714286,0.2368421052631578,0.7166666666666667,3,0.0,1.4545454545454546,176,120.0,5.176149732573829,1.1363636363636365,3.0,0.0,0.4488636363636363,1.0,0.4545454545454545,2.2181818181818183,0.3818181818181818,0.1666666666666666,3.0,0.9324307391615386,1.863393080863644,2.210437430192422,0.25,1.0,2.85,2.6875,0.657051282051282,2.0,1.9173611111111115,6.0,2.7379679144385025,True,0.0,0.0,0.0,,0.2066115702479339,0.1487603305785124,0.5,0.7603305785123967,0.3553719008264462,0.5454545454545454,0.0,2.5,1.5048699533352023,0.0,4.0,19.0,5.0
1,"Study, Op. 50 no. 3",Mauro Giuliani,1,1,I,Classical,found,pdf,pdf-20260524T103936Z-3-001/pdf/Opus 50 No 3 by Mauro Giuliani.pdf,,,,verified_pieces/pdf/xml/Opus 50 No 3 by Mauro Giuliani.musicxml,,0.0,1.7878787878787878,8,1.9433497536945807,0.4457831325301205,0.5947712418300654,0.8916256157635468,4,0.0,1.2254901960784317,250,120.0,5.525452939131784,2.372,3.0,0.072,0.448,6.800000000000004,0.1666666666666666,3.264705882352941,0.3529411764705882,0.167487684729064,22.0,4.686177060869217,2.115976651785348,2.379237332130596,0.3251231527093596,3.1666666666666665,22.0,5.75,4.177083333333333,8.0,18.008210180623976,352.0,4.6685340802987865,True,0.0,0.0,0.0,-4.0,0.1285714285714285,0.0071428571428571,0.25,0.3928571428571428,0.3428571428571428,0.8214285714285714,0.0,1.75,1.4371943458708645,0.0357142857142857,5.0,15.0,6.0
1,"Study, Op. 50 no. 5",Mauro Giuliani,1,1,V,Classical,found,pdf,pdf-20260524T103936Z-3-001/pdf/Opus 50 No 5 by Mauro Giuliani.pdf,,,,verified_pieces/pdf/xml/Opus 50 No 5 by Mauro Giuliani.musicxml,,0.0,0.0769230769230769,1,2.280808080808081,0.7912087912087912,0.7761194029850746,1.193939393939394,5,0.0,1.1024096385542168,183,100.0,5.214935757608986,1.7759562841530054,3.0,0.0327868852459016,0.3770491803278688,0.0,0.0963855421686747,3.3125,0.6875,0.2242424242424242,22.0,3.855242879962781,2.189659018818144,2.460199735437428,0.0181818181818181,0.2,20.4,4.5,0.3333333333333333,0.0,7.945454545454545,88.0,4.483132530120481,True,0.0,0.0,0.0,0.0,0.024390243902439,0.024390243902439,0.25,0.9390243902439024,0.2621951219512195,0.9329268292682928,1.0,0.75,1.6527201426460865,0.0060975609756097,3.0,18.0,5.0
1,"Study, Op. 50 no. 7",Mauro Giuliani,5,2,II,Classical,found,pdf,pdf-20260524T103936Z-3-001/pdf/Opus 50 No 7 by Mauro Giuliani.pdf,,,,verified_pieces/pdf/xml/Opus 50 No 7 by Mauro Giuliani.musicxml,,0.0,0.3703703703703703,3,2.1153846153846154,0.7180232558139535,0.7055214723926381,1.0183150183150182,5,0.0,1.2591240875912408,345,100.0,5.846438775057725,1.5971014492753624,3.0,0.008695652173913,0.417391304347826,1.0,0.2116788321167883,3.189655172413793,0.4827586206896552,0.2490842490842491,22.0,3.0363865446430567,2.0955790004032,2.525881044888869,0.0109890109890109,1.0,19.2,5.625,1.169811320754717,4.0,7.607448107448106,88.0,5.850475558504755,True,0.0,0.0,0.0,0.0,0.092250922509225,0.025830258302583,0.25,0.918819188191882,0.2287822878228782,0.8560885608856088,0.0,0.75,1.5086015273589015,0.014760147601476,3.0,26.0,6.0
1,"Study, Op. 60 no. 1",Matteo Carcassi,2,2,VIII,Classical,found,pdf,pdf-20260524T103936Z-3-001/pdf/Opus 60 No 1 in C by Matteo Carcassi.pdf,,,,verified_pieces/pdf/xml/Opus 60 No 1 in C by Matteo Carcassi.musicxml,gaps_v1/musicxml/Opus 60 No 7 in A Minor by Matteo Carcassi.xml,0.0,1.0,2,2.308333333333333,0.8553459119496856,0.5140845070422535,0.6833333333333333,5,0.0,1.0598006644518272,319,120.0,5.768320995793772,2.363636363636364,5.0,0.0721003134796238,0.3166144200626959,2.0,0.0332225913621262,2.4,0.8,0.2466666666666666,22.0,3.164769168342122,2.7499117472414585,2.366891023748342,0.0066666666666666,2.0,15.99999999999998,2.375,0.7777777777777778,2.0,4.310833333333333,44.0,2.1129775747508304,True,0.0,0.0,0.0,0.0,0.0167224080267558,0.0033444816053511,0.5,0.9698996655518396,0.1638795986622073,0.9732441471571908,0.0,3.5,1.197910197053445,0.0100334448160535,4.0,17.0,5.0
1,"Study, Op. 60 no. 10",Matteo Carcassi,4,3,X,Classical,found,pdf,pdf-20260524T103936Z-3-001/pdf/carcassi-op60-10.pdf,,,,verified_pieces/pdf/xml/carcassi-op60-10.musicxml,gaps_v1/musicxml/Opus 60 No 7 in A Minor by Matteo Carcassi.xml,0.0,1.3275862068965518,2,1.265873015873016,0.3550295857988165,0.0,0.0,0,0.0,2.0,170,138.0,5.14166355650266,4.747058823529412,7.0,0.3529411764705882,0.1588235294117647,2.0,0.6823529411764706,2.2413793103448274,0.2758620689655172,0.1309523809523809,5.833333333333334,1.1980250082460582,2.568429242505997,2.0377968062004843,0.2619047619047619,1.5714285714285714,4.024999999999999,4.9375,4.099415204678363,8.0,3.4947089947089944,18.666666666666664,9.251700680272108,True,0.0,0.0,0.0,0.0,0.2142857142857142,0.2857142857142857,0.5,0.5857142857142857,0.1571428571428571,0.3714285714285714,0.0,1.25,1.294379759726528,0.0857142857142857,4.0,19.0,8.0
1,"Study, Op. 60 no. 11",Matteo Carcassi,2,2,III,Classical,found,pdf,pdf-20260524T103936Z-3-001/pdf/Opus 60 No 11 in D Minor by Matteo Carcassi.pdf,,,,verified_pieces/pdf/xml/Opus 60 No 11 in D Minor by Matteo Carcassi.musicxml,gaps_v1/musicxml/Opus 60 No 7 in A Minor by Matteo Carcassi.xml,0.0,0.0,0,1.9196428571428568,0.9333333333333332,0.6756756756756757,1.1919642857142858,4,0.0,1.0044444444444445,226,110.0,5.424950017481403,1.853982300884956,4.0,0.0,0.2920353982300885,0.0,0.0044444444444444,4.0,1.0,0.2678571428571428,5.0,1.0898344636518271,2.4304564603193586,2.2627535788628643,0.0044642857142857,0.0,5.0,4.0625,0.0,0.0,7.678571428571429,20.0,4.053650793650793,True,0.0,0.0,0.0,,0.0044642857142857,0.0,0.25,0.9955357142857144,0.2276785714285714,0.9955357142857144,1.0,0.75,1.7361992494790095,0.0,2.0,12.0,2.0
1,"Study, Op. 60 no. 14",Matteo Carcassi,5,3,IX,Classical,found,pdf,pdf-20260524T103936Z-3-001/pdf/Opus 60 No 14 in D by Matteo Carcassi.pdf,,,,verified_pieces/pdf/xml/Opus 60 No 14 in D by Matteo Carcassi.musicxml,gaps_v1/musicxml/Opus 60 No 7 in A Minor by Matteo Carcassi.xml,0.0,0.2352941176470588,3,2.339527027027027,0.8702064896755162,0.3303964757709251,0.4256756756756756,5,0.0,1.144781144781145,340,90.0,5.831882477283517,2.8794117647058823,9.0,0.1441176470588235,0.3205882352941177,1.0,0.1245791245791245,2.945945945945946,0.5675675675675675,0.3209459459459459,11.0,1.6177097735476849,2.793648141029158,2.266030012052199,0.0,3.0,6.824999999999999,4.6875,0.4242424242424242,1.0,9.206925675675675,44.0,4.990071656738323,True,0.0,0.0,0.0033670033670033,0.0,0.0505050505050505,0.0134680134680134,0.25,0.9831649831649832,0.1481481481481481,0.9057239057239056,0.0,1.75,1.195607130822166,0.0033670033670033,3.0,25.0,7.0
1,"Study, Op. 60 no. 15",Matteo Carcassi,6,4,X,Classical,found,pdf,pdf-20260524T103936Z-3-001/pdf/carcassi-op60-15.pdf,,,,verified_pieces/pdf/xml/carcassi-op60-15.musicxml,gaps_v1/musicxml/Opus 60 No 7 in A Minor by Matteo Carcassi.xml,0.0,1.4285714285714286,2,1.7128712871287128,0.8015267175572519,0.977867203219316,1.3386138613861387,4,0.0,1.0375494071146243,525,115.0,6.26530121273771,3.499047619047619,8.0,0.1866666666666666,0.1809523809523809,2.0,0.0138339920948616,3.7142857142857135,0.5714285714285714,0.2277227722772277,11.0,1.6274205652824605,3.22611350751208,2.223385399354564,0.0158415841584158,2.0,7.875,4.4375,2.7619047619047614,6.0,6.7620933521923625,44.0,4.126616960114983,True,0.0,0.0,0.0,0.0,0.0079365079365079,0.0,0.25,0.9821428571428572,0.2083333333333333,0.992063492063492,0.0,1.75,1.2188236699311128,0.0079365079365079,4.0,13.0,2.0
1,"Study, Op. 60 no. 17",Matteo Carcassi,7,3,VIII,Classical,found,pdf,pdf-20260524T103936Z-3-001/pdf/Opus 60 No 17 in A Minor by Matteo Carcassi.pdf,,,,verified_pieces/pdf/xml/Opus 60 No 17 in A Minor by Matteo Carcassi.musicxml,gaps_v1/musicxml/Opus 60 No 7 in A Minor by Matteo Carcassi.xml,0.0137931034482758,0.875,2,6.558535178777394,0.7087087087087087,0.7769230769230769,1.6228373702422143,5,0.0,1.1517241379310346,334,100.0,5.814130531825066,4.895209580838324,22.0,0.2455089820359281,0.3323353293413174,2.0,0.0827586206896551,2.083333333333333,0.5,0.5190311418685121,22.0,7.520052662637367,3.130630976838084,2.3774677416272505,0.0934256055363321,1.1666666666666667,22.0,5.3125,2.855072463768116,7.200000000000003,20.145905420991923,88.0,3.846758620689655,True,0.0,0.0,0.0036630036630036,0.0,0.0,0.0183150183150183,0.25,0.8351648351648352,0.1868131868131868,0.9267399267399268,1.0,1.75,1.038671150657794,0.0183150183150183,5.0,20.0,6.0
1,"Study, Op. 60 no. 18",Matteo Carcassi,7,4,IX,Classical,found,pdf,pdf-20260524T103936Z-3-001/pdf/Opus 60 No 18 in A by Matteo Carcassi.pdf,,,,verified_pieces/pdf/xml/Opus 60 No 18 in A by Matteo Carcassi.musicxml,gaps_v1/musicxml/Opus 60 No 7 in A Minor by Matteo Carcassi.xml,0.0,0.2352941176470588,2,1.906837606837607,0.7663551401869159,0.5925925925925926,0.8358974358974359,5,0.0,1.096938775510204,215,120.0,5.375278407684165,3.395348837209302,7.0,0.1255813953488372,0.1813953488372093,1.0,0.086734693877551,3.235294117647059,0.7647058823529411,0.2615384615384615,9.0,1.7618169119344718,3.109692967528343,2.2168159331049937,0.0974358974358974,2.0,8.399999999999999,2.3125,0.4705882352941176,2.0,3.6222222222222222,18.0,2.2249229880631494,True,0.0,0.0,0.0,,0.0153846153846153,0.0205128205128205,0.5,0.9487179487179488,0.1794871794871795,0.9282051282051282,0.0,1.0,1.1547072567651644,0.0051282051282051,2.0,22.0,6.0
1,"Study, Op. 60 no. 2",Matteo Carcassi,4,3,X,Classical,found,pdf,pdf-20260524T103936Z-3-001/pdf/Opus 60 No 2 in A minor by Matteo Carcassi.pdf,,,,verified_pieces/pdf/xml/Opus 60 No 2 in A minor by Matteo Carcassi.musicxml,gaps_v1/musicxml/Opus 60 No 7 in A Minor by Matteo Carcassi.xml,0.0,1.0,1,1.943469785575049,0.4046242774566474,0.488235294117647,0.8713450292397661,5,0.0,1.0116618075801749,347,120.0,5.8522024797744745,3.636887608069164,8.0,0.1902017291066282,0.270893371757925,1.0,0.0058309037900874,3.0,1.0,0.1871345029239766,22.0,4.289407134048679,3.136967045497269,1.821445938622413,0.4970760233918128,1.0,21.0,4.25,4.0,4.0,6.706627680311891,88.0,3.847086544989816,True,0.0,0.0,0.0,,0.0,0.002932551319648,0.25,0.967741935483871,0.219941348973607,0.9941348973607038,1.0,0.75,1.1505903361242276,0.0,3.0,12.0,3.0
1,"Study, Op. 60 no. 20",Matteo Carcassi,12,4,XII,Classical,found,pdf,pdf-20260524T103936Z-3-001/pdf/carcassi-opus60-20.pdf,,,,verified_pieces/pdf/xml/carcassi-opus60-20.musicxml,gaps_v1/musicxml/Opus 60 No 7 in A Minor by Matteo Carcassi.xml,0.0,0.0,0,2.232,0.7386666666666667,0.8106666666666666,1.392,5,0.0,1.0,376,210.0,5.932245187448011,2.845744680851064,8.0,0.1941489361702127,0.3404255319148936,0.0,0.0,0.0,0.0,0.3173333333333333,12.0,2.3948923427438933,2.832991709203049,2.3392947984408066,0.0053333333333333,0.0,10.0,2.0625,0.0,0.0,4.490666666666667,24.0,2.0106951871657754,True,0.0,0.0,0.0,,0.0,0.0,0.5,0.9920212765957448,0.2686170212765957,1.0,0.0,0.75,1.3760222340574717,0.0,3.0,11.0,1.0
1,"Study, Op. 60 no. 21",Matteo Carcassi,7,4,VII,Classical,found,pdf,pdf-20260524T103936Z-3-001/pdf/carcassi-opus60-21.pdf,,,,verified_pieces/pdf/xml/carcassi-opus60-21.musicxml,gaps_v1/musicxml/Opus 60 No 7 in A Minor by Matteo Carcassi.xml,0.0028901734104046,0.967741935483871,3,1.0304347826086957,0.3785310734463277,0.02803738317757,0.1072463768115942,2,0.0,1.53757225433526,532,70.0,6.278521424165844,2.142857142857143,5.0,0.0281954887218045,0.2424812030075188,2.0,0.2890173410404624,2.9,0.59,0.0927536231884058,10.0,1.312579900249491,2.59206642293347,2.3090608728944,0.408695652173913,3.0,8.599999999999998,6.0,2.5869565217391304,4.0,8.008051529790661,112.0,7.262938417814503,True,0.0,0.0175438596491228,0.0087719298245614,0.125,0.131578947368421,0.1008771929824561,0.5,0.5570175438596491,0.131578947368421,0.6271929824561403,1.0,1.3125,1.131468729584744,0.1535087719298245,5.0,46.0,11.0
1,"Study, Op. 60 no. 22",Matteo Carcassi,12,4,X,Classical,found,pdf,pdf-20260524T103936Z-3-001/pdf/Opus 60 No 22 in C by Matteo Carcassi.pdf,,,,verified_pieces/pdf/xml/Opus 60 No 22 in C by Matteo Carcassi.musicxml,gaps_v1/musicxml/Opus 60 No 7 in A Minor by Matteo Carcassi.xml,0.0,0.7142857142857143,2,2.263507896924356,0.8878048780487805,0.6005154639175257,0.8478802992518704,5,0.0,1.0223880597014925,411,120.0,6.021023349349527,3.1094890510948905,8.0,0.1654501216545012,0.2360097323600973,1.4000000000000004,0.0199004975124378,1.375,0.75,0.3117206982543641,22.0,2.740832928132408,3.094900183085381,2.430036703542189,0.0174563591022443,1.5,20.69999999999999,4.3125,2.857142857142857,5.600000000000001,8.486284289276808,88.0,4.001918976545842,True,0.0,0.0,0.0,0.0,0.0099750623441396,0.0024937655860349,0.25,0.9825436408977556,0.1571072319201995,0.9825436408977556,0.0,0.75,0.9135992019766512,0.0024937655860349,3.0,17.0,5.0
1,"Study, Op. 60 no. 23",Matteo Carcassi,7,3,X,Classical,found,pdf,pdf-20260524T103936Z-3-001/pdf/Opus 60 No 23 in A by Matteo Carcassi.pdf,,,,verified_pieces/pdf/xml/Opus 60 No 23 in A by Matteo Carcassi.musicxml,gaps_v1/musicxml/Opus 60 No 7 in A Minor by Matteo Carcassi.xml,0.0,0.6808510638297872,2,2.5159420289855072,0.6717171717171717,0.2317073170731707,0.5449275362318841,3,0.0,1.1473988439306355,397,160.0,5.986452005284438,3.667506297229219,9.0,0.3073047858942065,0.3652392947103274,2.0,0.1473988439306358,1.8823529411764703,0.5098039215686274,0.3159420289855073,13.0,2.836696547216002,3.077006701319504,2.173398090553317,0.217391304347826,1.6666666666666667,12.95,2.5625,1.3617021276595744,4.0,5.030434782608696,26.0,2.6104145618364605,True,0.0,0.0,0.0,,0.0550724637681159,0.0463768115942029,0.5,0.9971014492753624,0.272463768115942,0.8666666666666667,1.0,2.5,0.8523489467156833,0.0,2.0,27.0,6.0
1,"Study, Op. 60 no. 24",Matteo Carcassi,11,6,IX,Classical,found,pdf,pdf-20260524T103936Z-3-001/pdf/Opus 60 No 24 in E by Matteo Carcassi.pdf,,,,verified_pieces/pdf/xml/Opus 60 No 24 in E by Matteo Carcassi.musicxml,gaps_v1/musicxml/Opus 60 No 7 in A Minor by Matteo Carcassi.xml,0.0,1.6608695652173913,7,2.066030230708035,0.4657142857142857,0.4344262295081967,0.4152744630071599,5,0.0,1.6690476190476191,701,100.0,6.553933404025811,2.920114122681883,6.0,0.0998573466476462,0.2425106990014265,3.0,0.2785714285714286,3.2564102564102564,0.4871794871794871,0.2983293556085918,18.5,2.449636618588045,2.923991750513032,2.35082686464762,0.1742243436754176,3.5,17.724999999999998,6.6875,5.963768115942029,12.0,8.481384248210023,144.0,8.674716448210425,True,0.0051020408163265,0.0051020408163265,0.0178571428571428,0.1458333333333333,0.0765306122448979,0.0765306122448979,0.25,0.7551020408163265,0.1377551020408163,0.7270408163265306,0.0,1.8125,1.2718465851280785,0.1045918367346938,9.0,40.0,17.0
1,"Study, Op. 60 no. 25",Matteo Carcassi,11,4,XII,Classical,found,pdf,pdf-20260524T103936Z-3-001/pdf/carcassi-op60-25.pdf,,,,verified_pieces/pdf/xml/carcassi-op60-25.musicxml,gaps_v1/musicxml/Opus 60 No 7 in A Minor by Matteo Carcassi.xml,0.0,0.875,3,2.187832310838446,0.7600922722029988,0.7447368421052631,1.007361963190184,5,0.0,1.0637254901960784,868,120.0,6.767343125265392,2.966589861751152,9.0,0.1601382488479262,0.3122119815668203,3.0,0.0392156862745098,3.59375,0.5,0.2920245398773006,14.0,2.2473578073702387,2.967053578625397,2.299205818151938,0.0269938650306748,3.0,10.9,4.8125,2.21505376344086,8.0,8.598108384458078,56.0,4.27460058097313,True,0.0,0.0,0.0,0.0,0.02460024600246,0.004920049200492,0.25,0.971709717097171,0.2607626076260763,0.965559655596556,0.0,1.75,1.24723821172241,0.007380073800738,4.0,20.0,6.0
1,"Study, Op. 60 no. 4",Matteo Carcassi,6,4,XII,Classical,found,pdf,pdf-20260524T103936Z-3-001/pdf/Opus 60 No 4 by Matteo Carcassi.pdf,,,,verified_pieces/pdf/xml/Opus 60 No 4 by Matteo Carcassi.musicxml,gaps_v1/musicxml/Opus 60 No 7 in A Minor by Matteo Carcassi.xml,0.0,0.3333333333333333,1,2.0455153949129854,0.83399209486166,0.6707818930041153,1.108433734939759,4,0.0,1.016,254,120.0,5.541263545158426,3.6535433070866143,8.0,0.2480314960629921,0.2677165354330709,0.8,0.012,3.0,0.6666666666666666,0.1726907630522088,12.0,2.121515693950486,3.0581174446003376,1.9106732680179128,0.036144578313253,1.0,8.749999999999986,4.125,1.3333333333333333,3.2,8.160642570281123,48.0,4.03225,True,0.0,0.0,0.0,0.0,0.0,0.0040485829959514,0.25,0.9919028340080972,0.1862348178137652,0.9878542510121456,0.0,1.25,1.038418956834365,0.0040485829959514,2.0,12.0,3.0
1,"Study, Op. 60 no. 5",Matteo Carcassi,8,4,VII,Classical,found,pdf,pdf-20260524T103936Z-3-001/pdf/carcassi-op60-5.pdf,,,,verified_pieces/pdf/xml/carcassi-op60-5.musicxml,gaps_v1/musicxml/Opus 60 No 7 in A Minor by Matteo Carcassi.xml,0.0,0.9696969696969696,3,1.6156028368794324,0.6254180602006689,0.9106145251396648,1.4170212765957446,5,0.0,1.271186440677966,300,69.0,5.707110264748875,2.9133333333333336,8.0,0.1566666666666666,0.2633333333333333,2.8000000000000007,0.1398305084745762,2.909090909090909,0.6060606060606061,0.2382978723404255,9.0,1.4395806630013688,2.8211970008928167,2.4291494725698777,0.0212765957446808,2.0,5.649999999999999,5.5,2.9166666666666665,8.0,6.089361702127659,20.0,5.778120184899846,True,0.0042553191489361,0.0,0.0,0.0,0.0553191489361702,0.0127659574468085,0.25,0.9063829787234042,0.1702127659574468,0.8723404255319149,0.0,1.75,1.3509500422786471,0.0297872340425531,4.0,24.0,9.0
1,"Study, Op. 60 no. 6",Matteo Carcassi,2,2,V,Classical,found,gaps,,,,Dc1wc,datasets/gaps_v1/readable_musicxml/Matteo Carcassi - Opus 60 No 6 in C.xml,gaps_v1/musicxml/Opus 60 No 7 in A Minor by Matteo Carcassi.xml,0.0033333333333333,0.6666666666666666,3,1.732329988851728,0.6908665105386417,0.3481481481481481,0.5351170568561873,5,0.0,1.4266666666666667,428,100.0,6.061456918928017,1.5350467289719627,3.0,0.0023364485981308,0.3341121495327103,2.0,0.3066666666666666,2.902173913043478,0.5652173913043478,0.2307692307692307,5.0,0.9451920799463324,2.1511182618307365,2.4745641043512574,0.0,2.333333333333333,4.983333333333333,3.5625,1.228405315614618,4.0,3.401520942825291,10.0,3.9141880341880335,True,0.0,0.0033333333333333,0.0,0.1111111111111111,0.2233333333333333,0.1433333333333333,0.5,0.7653061224489796,0.0766666666666666,0.2466666666666666,0.0,1.75,1.307487188855736,0.08,5.0,57.0,14.0
1,"Study, Op. 60 no. 7",Matteo Carcassi,3,2,III,Classical,found,dada_gp,,"datasets/DadaGP-v1.1/C/Carcassi, Mateo/Carcassi, Mateo - Etude op 60 no 7.gp3.tokens.txt","datasets/DadaGP-v1.1/C/Carcassi, Mateo/Carcassi, Mateo - Etude op 60 no 7.gp3",,"verified_pieces/dada/xml/Carcassi, Mateo - Etude op 60 no 7.musicxml",gaps_v1/musicxml/Opus 60 No 7 in A Minor by Matteo Carcassi.xml,0.0183066361556064,0.5094339622641509,8,1.1629969418960244,0.4044213263979194,0.6111111111111112,0.481651376146789,2,0.0467532467532467,1.7620137299771168,770,120.0,6.647688373563329,1.4792207792207792,3.0,0.0103896103896103,0.3519480519480519,1.0,0.3707093821510298,1.938271604938272,0.345679012345679,0.1192660550458715,7.0,1.184970241819078,2.228276243819978,2.263398312042493,0.1972477064220183,2.6666666666666665,6.849999999999987,10.0,2.057142857142857,4.0,4.613761467889908,28.0,12.222978126868288,True,,,,,,,0.25,0.7283866575901974,,,1.0,1.875,1.14445000768373,,5.0,,
1,"Study, Op. 60 no. 8",Matteo Carcassi,6,3,VII,Classical,found,dada_gp,,"datasets/DadaGP-v1.1/C/Carcassi, Mateo/Carcassi, Mateo - Andante nss 8.gp3.tokens.txt","datasets/DadaGP-v1.1/C/Carcassi, Mateo/Carcassi, Mateo - Andante nss 8.gp3",,"verified_pieces/dada/xml/Carcassi, Mateo - Andante nss 8.musicxml",gaps_v1/musicxml/Opus 60 No 7 in A Minor by Matteo Carcassi.xml,0.0,0.391304347826087,2,1.8235294117647056,0.75,0.927536231884058,1.3445378151260503,5,0.0,1.2083333333333333,145,135.0,4.983606621708336,1.0689655172413792,3.0,0.0,0.5310344827586206,1.0,0.2083333333333333,2.68,0.48,0.3277310924369748,4.0,1.0095931356517418,1.7449696445094312,2.265291629671932,0.0,2.0,3.599999999999998,2.3125,0.782608695652174,2.0,3.5588235294117645,8.0,2.737630208333333,True,0.0,0.0,0.0,,0.075,0.0416666666666666,0.5,0.9333333333333332,0.475,0.8166666666666667,0.0,0.5,1.3384143017017325,0.0,2.0,16.0,5.0
1,"Study, Op. 60 no. 9",Matteo Carcassi,11,4,IX,Classical,found,pdf,pdf-20260524T103936Z-3-001/pdf/carcassi-op60-9.pdf,,,,verified_pieces/pdf/xml/carcassi-op60-9.musicxml,gaps_v1/musicxml/Opus 60 No 7 in A Minor by Matteo Carcassi.xml,0.0,0.8571428571428571,3,2.2775641025641025,0.72782874617737,0.2756756756756757,0.3961538461538461,5,0.0,1.2567049808429118,328,105.0,5.796057750765372,3.865853658536585,10.0,0.2469512195121951,0.2591463414634146,2.0,0.1762452107279693,2.891304347826087,0.6521739130434783,0.2807692307692307,12.0,2.2922758738398605,3.332750459957745,2.2940900311770527,0.0653846153846153,1.5714285714285714,10.849999999999987,4.6875,2.761904761904762,7.799999999999997,6.925320512820512,44.0,4.542140316434987,True,0.0,0.0,0.0,-0.1666666666666666,0.0316205533596837,0.0395256916996047,0.25,0.6640316205533597,0.2213438735177865,0.8735177865612648,0.0,1.75,0.9028974544497766,0.0276679841897233,4.0,32.0,11.0
1,"Suite 1 for Cello, BWV 1007: i. Prelude",J.S. Bach,8,5,VII,Baroque,found,pdf,pdf-20260524T103936Z-3-001/pdf/bach-bwv1007-prelude.pdf,,,,verified_pieces/pdf/xml/bach-bwv1007-prelude.musicxml,,0.0,0.3035714285714285,3,2.1435406698564594,0.7965367965367965,0.696078431372549,0.9059011164274322,4,0.0,1.105095541401274,694,70.0,6.543911845564792,3.195965417867435,7.0,0.1959654178674351,0.2752161383285302,1.0,0.0971337579617834,3.3114754098360657,0.5573770491803278,0.2854864433811802,9.0,1.9192096279083617,2.9599287544695447,2.395078430665453,0.0239234449760765,3.0,7.0,4.5,0.9636363636363636,4.0,7.86735778841042,36.0,3.938055485147544,True,0.0,0.0,0.0,,0.0194174757281553,0.0275080906148867,0.25,0.9093851132686084,0.1909385113268608,0.9093851132686084,0.0,0.75,1.0266733045480492,0.0,4.0,35.0,9.0
1,"Suite 1 for Cello, BWV 1007: ii.  Allemande",J.S. Bach,7,4,VII,Baroque,found,pdf,pdf-20260524T103936Z-3-001/pdf/BWV 1007 Allemande by Johann Sebastian Bach.pdf,,,,verified_pieces/pdf/xml/BWV 1007 Allemande by Johann Sebastian Bach.musicxml,,0.0,0.7,4,2.236652236652237,0.8034682080924855,0.4277777777777777,0.5541125541125541,4,0.0,1.123110151187905,520,70.0,6.255750041753367,2.6,5.0,0.0576923076923076,0.2538461538461538,2.0,0.1123110151187904,3.4423076923076925,0.7115384615384616,0.2575757575757575,22.0,2.9637920066959547,2.6118293868999087,2.236373428194576,0.0324675324675324,1.8333333333333333,19.3,4.5625,1.7733333333333332,4.0,8.298821548821548,88.0,4.209133539587103,True,0.0,0.0,0.0,0.0,0.024070021881838,0.0284463894967177,0.25,0.912472647702407,0.1487964989059081,0.8905908096280087,0.0,0.75,1.1915361565985552,0.0065645514223194,4.0,38.0,9.0
1,"Suite 1 for Cello, BWV 1007: iii.  Courante",J.S. Bach,8,4,VII,Baroque,found,pdf,pdf-20260524T103936Z-3-001/pdf/BWV 1007 Courante by Johann Sebastian Bach.pdf,,,,verified_pieces/pdf/xml/BWV 1007 Courante by Johann Sebastian Bach.musicxml,,0.0,0.5128205128205128,2,1.658595641646489,0.8373626373626374,0.6578171091445427,0.87409200968523,5,0.0,1.1014492753623188,456,72.0,6.124683390894205,1.5921052631578947,3.0,0.0,0.3311403508771929,2.0,0.0966183574879227,2.825,0.55,0.2251815980629539,5.0,0.9764179164709306,2.1594100717819043,2.3179077941162647,0.0121065375302663,2.0,4.0,4.375,1.4035087719298245,4.0,6.03591606133979,20.0,3.986197377501725,True,0.0,0.0024390243902439,0.0,0.0,0.024390243902439,0.024390243902439,0.25,0.8317073170731707,0.1609756097560975,0.9317073170731708,0.0,4.75,1.2504630523719895,0.0024390243902439,7.0,24.0,6.0
1,"Suite 1 for Cello, BWV 1007: iv.  Sarabande",J.S. Bach,7,4,V,Baroque,found,pdf,pdf-20260524T103936Z-3-001/pdf/BWV 1007 Sarabande by Johann Sebastian Bach.pdf,,,,verified_pieces/pdf/xml/BWV 1007 Sarabande by Johann Sebastian Bach.musicxml,,0.0,0.6923076923076923,2,1.3726190476190478,0.6280193236714976,0.484375,0.4714285714285714,2,0.0,1.475177304964539,208,40.0,5.342334251964811,1.4230769230769231,3.0,0.0,0.3653846153846153,2.0,0.2978723404255319,2.9761904761904763,0.8095238095238095,0.15,4.5,0.954128604831562,2.1308735796057867,2.4757090728718034,0.0357142857142857,2.0,4.0,4.4375,1.3640350877192984,4.0,4.785119047619047,18.0,5.682164433937483,True,0.0,0.0073529411764705,0.0,0.0,0.1544117647058823,0.0441176470588235,0.25,0.7720588235294118,0.1176470588235294,0.7279411764705882,0.0,3.75,1.0101554937829151,0.1029411764705882,6.0,33.0,9.0
1,"Suite 1 for Cello, BWV 1007: vi. Gigue",J.S. Bach,8,4,V,Baroque,found,pdf,pdf-20260524T103936Z-3-001/pdf/bach-bwv1007-gigue.pdf,,,,verified_pieces/pdf/xml/bach-bwv1007-gigue.musicxml,,0.0047169811320754,0.4745762711864407,3,1.6745655608214849,0.6735395189003437,0.53125,0.5924170616113744,4,0.0,1.3773584905660377,292,115.0,5.680172609017068,2.1575342465753424,5.0,0.0205479452054794,0.2842465753424658,1.0,0.2830188679245283,3.033333333333333,0.7833333333333333,0.2464454976303317,6.0,1.188274625615148,2.4981342932541644,2.3625965438152345,0.0142180094786729,1.0,6.0,3.6875,1.11864406779661,4.0,3.8233280674038967,16.0,3.904744458692068,True,0.0,0.0,0.0,0.25,0.0380952380952381,0.0809523809523809,0.5,0.8142857142857143,0.1380952380952381,0.7571428571428571,0.0,1.25,1.0997732806239249,0.0142857142857142,4.0,44.0,13.0
1,"Suite 2 for Cello, BWV 1008: i. Prelude",J.S. Bach,8,6,VII,Baroque,found,pdf,pdf-20260524T103936Z-3-001/pdf/BWV 1008 Prelude by Johann Sebastian Bach.pdf,,,,verified_pieces/pdf/xml/BWV 1008 Prelude by Johann Sebastian Bach.musicxml,,0.0060150375939849,1.380281690140845,18,2.257279116465864,0.7414448669201521,0.5551330798479087,0.6355421686746988,3,0.0,1.18796992481203,790,60.0,6.673297967767654,3.8443037974683545,9.0,0.2265822784810126,0.2012658227848101,3.0,0.1112781954887218,3.283783783783784,0.8243243243243243,0.2454819277108433,22.0,3.4127272655892296,3.274818160102161,2.341955747568958,0.0346385542168674,18.0,21.349999999999994,5.125,4.2714285714285705,12.0,7.942352744310576,88.0,4.965588574611131,True,0.003062787136294,0.001531393568147,0.001531393568147,0.0,0.0290964777947932,0.0214395099540581,0.25,0.9372128637059725,0.1408882082695252,0.906584992343032,1.0,2.5,1.5417584355753569,0.010719754977029,6.0,47.0,17.0
1,"Suite 2 for Cello, BWV 1008: ii. Allemande",J.S. Bach,6,4,V,Baroque,found,pdf,pdf-20260524T103936Z-3-001/pdf/bach-bwv1008-allemande.pdf,,,,verified_pieces/pdf/xml/bach-bwv1008-allemande.musicxml,,0.0136239782016348,0.7047619047619048,3,1.676457194899818,0.6699029126213593,0.5321637426900585,0.6366120218579235,5,0.0,1.4059945504087197,516,60.0,6.248042874508429,2.2073643410852712,5.0,0.0368217054263565,0.2848837209302325,2.0,0.2942779291553133,2.824074074074074,0.6944444444444444,0.2595628415300546,8.666666666666666,1.2838905131933112,2.7573884449008164,2.3708366077474987,0.0191256830601092,1.2941176470588236,5.699999999999996,5.375,2.451923076923077,8.0,6.3025956284153,48.0,6.409658204403307,True,0.0027777777777777,0.0055555555555555,0.0083333333333333,-0.1111111111111111,0.0694444444444444,0.0805555555555555,0.25,0.8555555555555555,0.125,0.725,1.0,0.9375,1.408615174986406,0.0277777777777777,6.0,57.0,14.0
1,"Suite 2 for Cello, BWV 1008: iii.  Courante",J.S. Bach,8,6,VII,Baroque,found,pdf,pdf-20260524T103936Z-3-001/pdf/bach-bwv1008-courante.pdf,,,,verified_pieces/pdf/xml/bach-bwv1008-courante.musicxml,,0.0087463556851311,0.4666666666666667,3,1.8121345029239768,0.7571428571428571,0.6621004566210046,0.8596491228070176,4,0.0,1.227405247813411,421,80.0,6.045005314036012,2.4346793349168645,6.0,0.0997624703087886,0.2874109263657957,2.0,0.1895043731778425,3.046153846153846,0.6923076923076923,0.2456140350877192,9.0,1.3829762187669914,2.862632161781926,2.3468485320878307,0.0,1.0,5.166666666666667,5.25,1.7627118644067796,4.800000000000011,7.07050032488629,36.0,5.789777135343933,True,0.0,0.0029154518950437,0.0,0.0,0.0612244897959183,0.0641399416909621,0.25,0.967930029154519,0.1545189504373177,0.8279883381924198,1.0,0.75,1.619717610007891,0.0116618075801749,4.0,35.0,8.0
1,"Suite 2 for Cello, BWV 1008: iv. Sarabande",J.S. Bach,7,5,IV,Baroque,found,pdf,pdf-20260524T103936Z-3-001/pdf/bach-bwv1008-sarabande.pdf,,,,verified_pieces/pdf/xml/bach-bwv1008-sarabande.musicxml,,0.0105263157894736,0.6567164179104478,3,1.533068783068783,0.5993031358885017,0.6031746031746031,0.6878306878306878,5,0.0,1.5157894736842106,288,50.0,5.666426688112432,1.9548611111111112,5.0,0.0104166666666666,0.2951388888888889,2.0,0.3631578947368421,2.6666666666666665,0.7246376811594203,0.2116402116402116,6.0,1.1141367220770213,2.578834524254239,2.4711287477635224,0.0476190476190476,1.25,4.775,4.1875,1.4242424242424243,4.0,4.325984714873604,24.0,5.389473684210526,True,0.0,0.0,0.0,0.1818181818181818,0.1049723756906077,0.0994475138121546,0.5,0.4696132596685083,0.0994475138121546,0.6740331491712708,1.0,1.75,1.3412198936236108,0.0497237569060773,6.0,42.0,12.0
1,"Suite 2 for Cello, BWV 1008: vi. Gigue",J.S. Bach,6,4,V,Baroque,found,pdf,pdf-20260524T103936Z-3-001/pdf/bach-bwv1008-gigue.pdf,,,,verified_pieces/pdf/xml/bach-bwv1008-gigue.musicxml,,0.0101522842639593,0.5925925925925926,3,1.839058524173028,0.6642728904847397,0.5,0.5674300254452926,5,0.0,1.416243654822335,558,90.0,6.326149473155099,2.175627240143369,5.0,0.068100358422939,0.3046594982078853,2.0,0.2918781725888325,3.1130434782608694,0.6608695652173913,0.2697201017811705,10.0,1.4726271210029949,2.694256482685309,2.4110945936345303,0.0254452926208651,1.0,6.875,6.25,2.0186915887850465,6.800000000000011,6.882315521628499,40.0,6.842112202518294,True,0.0,0.0026041666666666,0.0026041666666666,0.2,0.09375,0.0729166666666666,0.25,0.8177083333333334,0.1302083333333333,0.75,1.0,0.75,1.449132980742269,0.0416666666666666,3.0,53.0,12.0
1,"Suite 3 for Cello, BWV 1009: i. Prelude",J.S. Bach,9,6,VII,Baroque,found,pdf,pdf-20260524T103936Z-3-001/pdf/BWV 1009 Prelude by Johann Sebastian Bach.pdf,,,,verified_pieces/pdf/xml/BWV 1009 Prelude by Johann Sebastian Bach.musicxml,,0.009453781512605,0.8666666666666667,3,2.4077892489564414,0.7513089005235603,0.708171206225681,1.0347003154574133,5,0.0,1.2048319327731092,1147,100.0,7.045776576879511,3.774193548387097,7.0,0.1935483870967742,0.1743679163034001,3.0,0.1123949579831932,3.149532710280374,0.6635514018691588,0.352260778128286,21.0,2.243215667442797,3.068961438525429,2.346242299768602,0.0273396424815983,3.0,10.0,7.75,2.764423076923077,8.0,9.575704468448947,76.0,5.485258156847457,True,0.0,0.0,0.0032223415682062,0.0,0.0322234156820623,0.0214822771213748,0.25,0.9763694951664876,0.1482277121374865,0.9054779806659506,0.0,2.75,1.1579634566178107,0.0107411385606874,7.0,45.0,14.0
1,"Suite 3 for Cello, BWV 1009: ii. Allemande",J.S. Bach,9,6,IX,Baroque,found,pdf,pdf-20260524T103936Z-3-001/pdf/BWV 1009 Cello Suite In A Major Allemande by Johann Sebastian Bach.pdf,,,,verified_pieces/pdf/xml/BWV 1009 Cello Suite In A Major Allemande by Johann Sebastian Bach.musicxml,,0.005893909626719,0.8492063492063492,3,1.7807742782152234,0.6641104294478528,0.3698113207547169,0.6003937007874016,4,0.0,1.2829076620825148,653,50.0,6.483107351457199,3.4777947932618685,9.0,0.1638591117917305,0.1745788667687595,2.0,0.2573673870333988,2.870229007633588,0.6106870229007634,0.2303149606299212,11.75,1.8286611342660808,3.045996784344234,2.362104400234811,0.1122047244094488,3.0,10.05,4.4375,3.853333333333334,8.0,6.721850393700787,48.0,4.244401283545952,True,0.0,0.0,0.0,0.0,0.0969162995594713,0.1079295154185022,0.25,0.7907488986784141,0.1255506607929515,0.7444933920704846,1.0,8.8125,0.9352832627332116,0.0110132158590308,8.0,36.0,7.0
1,"Suite 3 for Cello, BWV 1009: iii. Courante",J.S. Bach,8,5,VII,Baroque,found,pdf,pdf-20260524T103936Z-3-001/pdf/bach-bwv1009-courante.pdf,,,,verified_pieces/pdf/xml/bach-bwv1009-courante.musicxml,,0.0060240963855421,0.7605633802816901,3,2.166465459423206,0.7687074829931972,0.6481994459833795,0.9476861167002012,5,0.0,1.1827309236947792,589,138.0,6.380122536899765,3.66723259762309,7.0,0.2105263157894736,0.1969439728353141,3.0,0.142570281124498,3.267605633802817,0.7183098591549296,0.3058350100603622,12.0,1.910248918863016,3.1271017622596893,2.4177733512902884,0.0100603621730382,3.0,12.0,3.25,1.3166666666666669,4.0,4.416767270288397,28.0,2.731876525710686,True,0.0,0.0,0.002020202020202,0.0,0.0545454545454545,0.0262626262626262,0.5,0.9676767676767676,0.1434343434343434,0.8686868686868687,0.0,2.25,0.8954016388947041,0.008080808080808,5.0,38.0,9.0
1,"Suite 3 for Cello, BWV 1009: iv. Sarabande",J.S. Bach,9,6,VIII,Baroque,found,pdf,pdf-20260524T103936Z-3-001/pdf/bach-bwv1009-sarabande.pdf,,,,verified_pieces/pdf/xml/bach-bwv1009-sarabande.musicxml,,0.0439560439560439,1.52,4,1.8572744014732965,0.5105740181268882,0.392156862745098,0.3867403314917127,2,0.0,1.824175824175824,332,52.0,5.808142489980444,3.542168674698796,7.900000000000034,0.1716867469879518,0.1566265060240964,3.0,0.4230769230769231,3.168831168831169,0.922077922077922,0.2651933701657458,7.0,1.4495413847544127,3.028884891646251,2.487378139078625,0.0441988950276243,3.0,7.0,5.125,3.2947232947232945,8.0,6.124002455494168,28.0,8.296251693511968,True,0.0057471264367816,0.0114942528735632,0.0229885057471264,0.0909090909090909,0.0862068965517241,0.1206896551724138,0.25,0.5977011494252874,0.1149425287356321,0.5804597701149425,0.0,1.75,1.1006139444093035,0.1149425287356321,5.0,55.0,15.0
1,"Suite 3 for Cello, BWV 1009: vi. Gigue",J.S. Bach,8,5,VII,Baroque,found,pdf,pdf-20260524T103936Z-3-001/pdf/BWV 1009 Cello Suite In A Major Gigue by Johann Sebastian Bach.pdf,,,,verified_pieces/pdf/xml/BWV 1009 Cello Suite In A Major Gigue by Johann Sebastian Bach.musicxml,,0.0043859649122807,0.8095238095238095,9,2.6496703296703297,0.6245791245791246,0.3807531380753138,0.6351648351648351,5,0.0,1.3048245614035088,595,95.0,6.39024066706535,3.515966386554622,7.0,0.1899159663865546,0.2974789915966386,2.0,0.2785087719298245,2.6141732283464565,0.5826771653543307,0.3318681318681318,22.0,3.857476828957637,2.9752225516934105,2.2658573985012604,0.1252747252747252,3.0,22.0,4.6875,2.032,6.0,7.923699633699635,88.0,4.913738063513214,True,0.0,0.0,0.0,0.1428571428571428,0.084090909090909,0.0568181818181818,0.25,0.6363636363636364,0.1954545454545454,0.7568181818181818,0.0,1.75,1.0359570010513868,0.0136363636363636,4.0,48.0,9.0
1,"Suite 4 for Cello, BWV 1010: i. Prelude",J.S. Bach,9,6,V,Baroque,found,pdf,pdf-20260524T103936Z-3-001/pdf/bach-bwv1010-1-prelude.pdf,,,,verified_pieces/pdf/xml/bach-bwv1010-1-prelude.musicxml,,0.0,1.8823529411764703,3,1.7596679277007148,0.8117505995203836,0.7314211212516297,1.10718789407314,5,0.0,1.0516372795969773,835,110.0,6.728628613084702,3.325748502994012,6.0,0.0778443113772455,0.1149700598802395,3.0,0.0214105793450881,3.176470588235294,0.5882352941176471,0.244640605296343,8.0,1.373403918460797,2.9199086156864573,2.3845630967067035,0.0226986128625472,3.0,7.0,4.4375,3.9791666666666665,12.0,4.5116295362197,24.0,2.5160949239641144,True,0.0012853470437017,0.0,0.0,0.0,0.0025706940874035,0.0038560411311053,0.5,0.7390745501285347,0.1478149100257069,0.987146529562982,0.0,2.25,1.1601330949578297,0.0038560411311053,7.0,22.0,8.0
1,"Suite 4 for Cello, BWV 1010: ii. Allemande",J.S. Bach,7,4,VII,Baroque,found,pdf,pdf-20260524T103936Z-3-001/pdf/bach-bwv1010-2-allemande.pdf,,,,verified_pieces/pdf/xml/bach-bwv1010-2-allemande.musicxml,,0.0036231884057971,0.8817204301075269,3,1.7309437386569873,0.7957639939485628,0.4607046070460704,0.6642468239564429,4,0.0,1.1992753623188406,662,85.0,6.496774990185863,2.6797583081570995,5.0,0.0347432024169184,0.1601208459214501,2.0,0.1721014492753623,2.631578947368421,0.6421052631578947,0.190562613430127,5.0,0.9748629495358384,2.650477726340507,2.45172538501596,0.0181488203266787,3.0,4.0,4.75,3.0217391304347827,8.0,6.267090139140956,18.0,4.797101449275362,True,0.0,0.0,0.0,0.0,0.0571955719557195,0.0498154981549815,0.25,0.8062730627306273,0.1254612546125461,0.8357933579335793,0.0,1.75,0.9231180944819242,0.0092250922509225,6.0,43.0,8.0
1,"Suite 4 for Cello, BWV 1010: iv. Sarabande",J.S. Bach,8,5,IV,Baroque,found,pdf,pdf-20260524T103936Z-3-001/pdf/bach-bwv1010-4-sarabande.pdf,,,,verified_pieces/pdf/xml/bach-bwv1010-4-sarabande.musicxml,,0.0,1.108108108108108,4,1.87012987012987,0.6192660550458715,0.6161616161616161,0.7077922077922078,4,0.0,1.4129032258064516,219,60.0,5.393627546352362,2.287671232876712,5.0,0.0319634703196347,0.2237442922374429,2.3999999999999986,0.2451612903225806,2.5526315789473686,0.7894736842105263,0.2532467532467532,7.0,1.3476633555640989,2.5655343510580924,2.396485028257638,0.0324675324675324,2.0,5.0,3.0625,1.4144144144144142,4.0,5.105970418470418,28.0,3.629628228171412,True,0.0,0.0264900662251655,0.0,0.1538461538461538,0.0596026490066225,0.0596026490066225,0.25,0.4635761589403973,0.1324503311258278,0.7814569536423841,0.0,2.75,1.2598892224321054,0.0728476821192053,7.0,34.0,8.0
1,"Suite 5 for Cello, BWV 1011: i. Prelude",J.S. Bach,11,6,VIII,Baroque,found,pdf,pdf-20260524T103936Z-3-001/pdf/bach-bwv1011-i-prelude.pdf,,,,verified_pieces/pdf/xml/bach-bwv1011-i-prelude.musicxml,,0.0,1.0,2,1.401895206243032,0.5564102564102564,0.2760180995475113,0.3277591973244147,5,0.0,1.3033333333333332,391,75.0,5.971261839790462,2.1483375959079285,4.0,0.0127877237851662,0.2429667519181585,2.0,0.1566666666666666,2.5106382978723403,0.6808510638297872,0.1872909698996655,7.0,1.2649661962614622,2.507277600309126,2.3868089759711824,0.2508361204013378,2.0,6.5,3.5,2.0434782608695654,6.0,4.842046238785369,64.0,2.313749527052592,True,0.0044052863436123,0.0,0.0044052863436123,0.0,0.013215859030837,0.052863436123348,0.25,0.5947136563876652,0.1629955947136563,0.8546255506607929,1.0,17.1875,1.1726710315634874,0.0308370044052863,20.0,35.0,15.0
1,"Suite 5 for Cello, BWV 1011: ii.  Allemande",J.S. Bach,6,7,VII,Baroque,found,pdf,pdf-20260524T103936Z-3-001/pdf/bach-bwv1011-ii-allemande.pdf,,,,verified_pieces/pdf/xml/bach-bwv1011-ii-allemande.musicxml,,0.0,0.7419354838709677,3,1.126731301939058,0.3270718232044199,0.1684027777777778,0.2437673130193905,4,0.0,1.2531120331950207,906,70.0,6.810142450115136,1.695364238410596,4.0,0.0165562913907284,0.4028697571743929,2.0,0.1369294605809128,2.6161616161616164,0.4444444444444444,0.1121883656509695,23.0,2.8337749309024094,2.154034373397057,2.2783916014734293,0.5761772853185596,3.0,22.35,4.875,2.621376811594203,8.0,4.641604010025063,320.0,2.1607127433323443,True,0.0,0.006514657980456,0.01628664495114,0.0,0.0456026058631921,0.0390879478827361,0.25,0.5700325732899023,0.1400651465798045,0.8436482084690554,1.0,67.4375,0.8667414658149527,0.0423452768729641,22.0,43.0,12.0
1,"Suite 5 for Cello, BWV 1011: iii. Courante",J.S. Bach,8,6,VII,Baroque,found,pdf,pdf-20260524T103936Z-3-001/pdf/bach-bwv1011-iii-courante.pdf,,,,verified_pieces/pdf/xml/bach-bwv1011-iii-courante.musicxml,,0.0,1.0943396226415094,3,1.2089407191448007,0.3572778827977316,0.3005464480874317,0.3790087463556851,4,0.0,1.5406976744186047,530,60.0,6.274762021241939,2.0452830188679245,4.0,0.0169811320754716,0.269811320754717,2.0,0.3343023255813953,2.791304347826087,0.5391304347826087,0.1253644314868804,21.0,2.610436259622057,2.3494163570224664,2.4189633169199287,0.4198250728862974,2.090909090909091,18.75,4.5625,5.995283018867925,24.0,5.201652089407191,256.0,4.046180327986921,True,0.0,0.0098522167487684,0.0,0.0,0.0886699507389162,0.0541871921182266,0.25,0.6847290640394089,0.1182266009852216,0.7093596059113301,0.0,32.9375,0.8845996875269553,0.0886699507389162,16.0,49.0,12.0
1,"Suite 5 for Cello, BWV 1011: iv.  Sarabande",J.S. Bach,5,4,V,Baroque,found,pdf,pdf-20260524T103936Z-3-001/pdf/bach-bwv1011-iv-sarabande.pdf,,,,verified_pieces/pdf/xml/bach-bwv1011-iv-sarabande.musicxml,,0.0,0.6818181818181818,2,1.6844660194174756,0.6616541353383458,0.8135593220338984,1.174757281553398,5,0.0,1.2884615384615383,134,50.0,4.90527477843843,1.7014925373134329,4.0,0.0074626865671641,0.2835820895522388,2.0,0.2307692307692307,2.625,0.9583333333333334,0.2233009708737864,11.0,1.7016019201282837,2.2768759082518093,2.4815264335196554,0.0097087378640776,1.25,11.0,2.75,1.380952380952381,4.0,3.2605177993527508,22.0,3.029014844804319,True,0.0,0.0,0.0,0.0,0.0288461538461538,0.0384615384615384,0.5,0.8942307692307693,0.1442307692307692,0.7884615384615384,1.0,2.75,1.0595682258771577,0.0096153846153846,4.0,31.0,10.0
1,"Suite 6 for Cello, BWV 1012: i . Prelude",J.S. Bach,9,6,IX,Baroque,found,pdf,pdf-20260524T103936Z-3-001/pdf/bach-bwv1012-prelude.pdf,,,,verified_pieces/pdf/xml/bach-bwv1012-prelude.musicxml,,0.0,0.6176470588235294,5,2.15316144874156,0.7928388746803069,0.6324152542372882,0.7882136279926335,4,0.0,1.0800367985280588,1174,130.0,7.069023426578259,3.279386712095401,7.0,0.1592844974446337,0.2402044293015332,2.0,0.0717571297148114,2.67948717948718,0.6410256410256411,0.3112338858195211,14.0,1.7940634121540244,3.029288004435401,2.468299366743987,0.0294659300184162,5.0,9.5,3.9375,1.0441176470588236,4.0,4.877883013242129,48.0,2.440737635172168,True,0.0,0.0009363295880149,0.0,0.2,0.0121722846441947,0.0046816479400749,0.5,0.75187265917603,0.1638576779026217,0.9428838951310862,0.0,1.5,1.0831573880020515,0.0037453183520599,6.0,41.0,11.0
1,"Suite 6 for Cello, BWV 1012: iii.  Courante",J.S. Bach,7,6,VII,Baroque,found,pdf,pdf-20260524T103936Z-3-001/pdf/bach-bwv1012-courante.pdf,,,,verified_pieces/pdf/xml/bach-bwv1012-courante.musicxml,,0.0,0.0,0,2.018932874354561,0.9122203098106711,0.4423407917383821,0.6540447504302926,5,0.0,1.0,582,30.0,6.368187186350492,2.9948453608247423,5.0,0.0584192439862542,0.1666666666666666,0.0,0.0,0.0,0.0,0.2753872633390705,8.0,1.301919500660401,2.706897061531589,2.452134018655317,0.0223752151462994,0.0,6.599999999999994,3.875,0.0,0.0,6.540447504302926,32.0,2.7681331747919145,True,0.0,0.0,0.0,,0.0,0.0,0.25,0.6393728222996515,0.1602787456445993,1.0,0.0,2.25,0.9767145677043,0.0,4.0,11.0,1.0
1,"Suite 6 for Cello, BWV 1012: iv.  Sarabande",J.S. Bach,6,4,V,Baroque,found,pdf,pdf-20260524T103936Z-3-001/pdf/BWV 1012 Sarabande by Johann Sebastian Bach.pdf,,,,verified_pieces/pdf/xml/BWV 1012 Sarabande by Johann Sebastian Bach.musicxml,,0.0,1.0449438202247192,3,1.6749539594843463,0.4277286135693215,0.5111111111111111,0.4143646408839779,5,0.0,1.868131868131868,340,90.0,5.831882477283517,3.0588235294117645,7.0,0.1470588235294117,0.2205882352941176,3.0,0.521978021978022,2.8,0.6,0.2320441988950276,10.0,1.856585035376284,2.9017665275201643,2.438249174763771,0.1767955801104972,2.2,9.025,2.625,1.0454545454545454,3.0,1.6963627992633517,10.0,3.3785363572597618,True,0.0,0.0116279069767441,0.005813953488372,0.0476190476190476,0.1686046511627907,0.1395348837209302,1.0,0.872093023255814,0.0872093023255814,0.4941860465116279,0.0,3.75,1.2738364895519283,0.1162790697674418,6.0,54.0,21.0
1,"Suite 6 for Cello, BWV 1012: vi.  Gigue",J.S. Bach,10,6,X,Baroque,found,pdf,pdf-20260524T103936Z-3-001/pdf/bach-bwv1012-gigue.pdf,,,,verified_pieces/pdf/xml/bach-bwv1012-gigue.musicxml,,0.0,0.6141732283464567,3,1.5789473684210529,0.6304106548279689,0.344294003868472,0.5465587044534413,5,0.0,1.215633423180593,902,110.0,6.805722553416985,3.057649667405765,7.0,0.1075388026607538,0.2073170731707317,2.0,0.1738544474393531,2.5348837209302326,0.5193798449612403,0.2064777327935222,9.0,1.4538011876856776,2.885336762872586,2.39240924790931,0.2051282051282051,1.8,6.174999999999997,4.8125,2.671916010498688,8.0,5.933423301844353,64.0,3.7153794077387374,True,0.0,0.0,0.0,0.0,0.0385259631490787,0.0619765494137353,0.25,0.6214405360134003,0.1390284757118928,0.8324958123953099,0.0,16.5625,0.8667748843003925,0.016750418760469,16.0,45.0,11.0
1,Suite Andaluza: III. Tango,Celedonio Romero,8,6,All,Modern,found,pdf,pdf-20260524T103936Z-3-001/pdf/Tango by Celedonio Romero.pdf,,,,verified_pieces/pdf/xml/Tango by Celedonio Romero.musicxml,,0.0174165457184325,0.6638655462184874,3,1.625484496124031,0.4500574052812859,0.4612403100775193,0.7136627906976745,5,0.0,1.2656023222060957,872,80.0,6.771935555839602,5.147935779816514,11.0,0.4564220183486238,0.2133027522935779,2.0,0.1727140783744557,2.8403361344537816,0.4117647058823529,0.2165697674418604,14.0,2.2525465974164085,3.484226802647408,2.4491706087592098,0.3473837209302325,2.0,11.0,7.1875,5.364406779661017,16.0,14.447472545219636,224.0,5.768599673119715,True,0.0,0.0,0.0,0.0869565217391304,0.0419426048565121,0.0618101545253863,0.3125,0.3708609271523179,0.2781456953642384,0.847682119205298,0.0,1.75,0.967125986453519,0.0463576158940397,7.0,35.0,10.0
1,Suite Andaluza: IV. Zapateado,Celedonio Romero,8,5,All,Modern,found,pdf,pdf-20260524T103936Z-3-001/pdf/Zapateado by Celedonio Romero.pdf,,,,verified_pieces/pdf/xml/Zapateado by Celedonio Romero.musicxml,,0.0031545741324921,0.8411214953271028,5,2.641350210970464,0.3947826086956522,0.5340909090909091,0.569620253164557,5,0.0,1.8170347003154568,576,140.0,6.3578422665081,4.118055555555555,9.0,0.2899305555555556,0.1423611111111111,1.0,0.3406940063091482,3.314814814814815,0.2777777777777778,0.2468354430379747,21.0,4.701751858594787,3.210221311148425,2.5520869926629595,0.2246835443037974,2.333333333333333,21.0,7.125,1.419811320754717,2.0,4.690400843881857,42.0,5.537629562866155,True,0.0,0.0,0.0960264900662251,0.0,0.1225165562913907,0.0165562913907284,0.5,0.8774834437086093,0.1754966887417218,0.7251655629139073,0.0,4.0,0.9624560415060516,0.1026490066225165,5.0,26.0,8.0
1,Suite Castellana: Arada,Federico Moreno-Torroba,10,8,XII,Modern,found,pdf,pdf-20260524T103936Z-3-001/pdf/Suite Castellana II Arada by Federico Moreno Torroba.pdf,,,,verified_pieces/pdf/xml/Suite Castellana II Arada by Federico Moreno Torroba.musicxml,,0.009925558312655,1.158273381294964,7,1.5657131011608625,0.4150076569678407,0.2511848341232227,0.3980099502487562,5,0.0,1.6228287841191067,654,80.0,6.484635235635252,5.908256880733945,9.0,0.4755351681957186,0.0856269113149847,2.0,0.3449131513647642,2.633093525179856,0.39568345323741,0.2039800995024875,13.0,1.9575504211241928,3.457517113748904,2.479410366152004,0.2960199004975124,2.2857142857142856,9.787499999999998,5.5625,6.490855762594893,16.0,8.10820895522388,192.0,7.131995126846842,True,0.0168918918918918,0.0067567567567567,0.0067567567567567,0.25,0.0777027027027027,0.0439189189189189,0.5,0.5135135135135135,0.1317567567567567,0.6925675675675675,1.0,1.8125,0.8187448180835274,0.0304054054054054,6.0,52.0,18.0
1,Suite en La Mayor: Chacona,Gaspar Sanz,8,4,IV,Baroque,found,pdf,pdf-20260524T103936Z-3-001/pdf/Suite En La Mayor (Chacona) by Gaspar Sanz.pdf,,,,verified_pieces/pdf/xml/Suite En La Mayor (Chacona) by Gaspar Sanz.musicxml,,0.0,0.9230769230769232,3,1.85196905766526,0.7133105802047781,0.4235294117647059,0.7341772151898734,4,0.0,1.2352941176470589,294,69.0,5.68697535633982,2.3435374149659864,5.0,0.0068027210884353,0.2619047619047619,2.200000000000003,0.1638655462184874,3.17948717948718,0.5641025641025641,0.240506329113924,7.0,1.238509632076882,2.325542815314438,2.2987915995773807,0.0759493670886076,3.0,5.100000000000001,3.5,1.4605263157894737,4.0,4.599390529770277,20.0,3.3016042780748664,True,0.0,0.0045454545454545,0.0,0.0,0.0954545454545454,0.0272727272727272,0.5,0.7545454545454545,0.1590909090909091,0.8590909090909091,0.0,2.75,1.22416286472947,0.0318181818181818,6.0,24.0,7.0
1,Suite en La Mayor: Granduque I,Gaspar Sanz,6,3,II,Baroque,found,pdf,pdf-20260524T103936Z-3-001/pdf/Suite En La Mayor (Granduque 1) by Gaspar Sanz.pdf,,,,verified_pieces/pdf/xml/Suite En La Mayor (Granduque 1) by Gaspar Sanz.musicxml,,0.0047619047619047,0.5084745762711864,3,1.6842105263157894,0.6883561643835616,0.2553191489361702,0.3684210526315789,4,0.0,1.3952380952380952,293,72.0,5.683579767338681,2.0102389078498293,4.0,0.0,0.3037542662116041,2.0,0.2857142857142857,3.05,0.5333333333333333,0.2105263157894736,4.5,0.9874736593318888,2.1846261154982054,2.31790254145144,0.0143540669856459,1.6,4.1,2.1875,0.4942528735632184,2.0,2.507708665603402,8.0,2.433361678004535,True,0.0,0.0,0.0,0.0,0.1100478468899521,0.0861244019138756,0.5,0.5023923444976076,0.138755980861244,0.784688995215311,0.0,3.5,0.9799733002468028,0.0526315789473684,5.0,25.0,8.0
1,Suite en La Mayor: Granduque II,Gaspar Sanz,7,3,II,Baroque,found,pdf,pdf-20260524T103936Z-3-001/pdf/Suite En La Mayor (Granduque 2) by Gaspar Sanz.pdf,,,,verified_pieces/pdf/xml/Suite En La Mayor (Granduque 2) by Gaspar Sanz.musicxml,,0.0,0.5769230769230769,3,1.7991293532338306,0.7817109144542773,0.3292682926829268,0.3470149253731343,2,0.0,1.2639405204460967,340,80.0,5.831882477283517,1.9617647058823529,4.0,0.0029411764705882,0.3117647058823529,2.0,0.2007434944237918,3.037037037037037,0.5185185185185185,0.2201492537313432,7.0,0.9858930701594724,2.1475447987177816,2.2268503516318763,0.0111940298507462,1.5,4.0,2.5625,1.0,4.0,3.43801824212272,14.0,2.7547421599466206,True,0.0,0.0,0.0,0.0,0.0970149253731343,0.0223880597014925,0.5,0.8880597014925373,0.1604477611940298,0.8619402985074627,0.0,3.5,0.9875064393192052,0.0223880597014925,5.0,20.0,6.0
1,Suite en La Mayor: Matachin,Gaspar Sanz,6,3,IX,Baroque,found,pdf,pdf-20260524T103936Z-3-001/pdf/Suite En La Mayor (Matachin) by Gaspar Sanz.pdf,,,,verified_pieces/pdf/xml/Suite En La Mayor (Matachin) by Gaspar Sanz.musicxml,,0.0,0.9285714285714286,3,1.885135135135135,0.4769230769230769,0.0384615384615384,0.2567567567567567,2,0.0,1.7466666666666666,131,58.0,4.882801922586371,3.114503816793893,7.0,0.1145038167938931,0.2366412213740458,3.0,0.3733333333333333,3.392857142857143,0.6071428571428571,0.3108108108108108,5.666666666666667,1.3970355991247965,2.896233777368682,2.368762735660496,0.1621621621621621,2.2857142857142856,5.0,2.3125,0.9382716049382716,2.0,2.304429429429429,11.333333333333334,3.1779629629629627,True,0.0,0.0158730158730158,0.0,0.0,0.3174603174603174,0.0,1.0,0.3809523809523809,0.1111111111111111,0.6349206349206349,0.0,2.5,0.99514330327693,0.2063492063492063,5.0,16.0,6.0
1,Suite en La Mayor: Passacalles,Gaspar Sanz,9,4,IX,Baroque,found,pdf,pdf-20260524T103936Z-3-001/pdf/Suite En La Mayor (Passacalles) by Gaspar Sanz.pdf,,,,verified_pieces/pdf/xml/Suite En La Mayor (Passacalles) by Gaspar Sanz.musicxml,,0.0235690235690235,1.2358490566037736,3,1.910923423423424,0.502970297029703,0.28125,0.2972972972972973,4,0.0,1.7037037037037035,506,80.0,6.228511003591184,4.1106719367588935,9.0,0.3142292490118577,0.233201581027668,3.0,0.3569023569023569,2.971698113207548,0.4433962264150943,0.2331081081081081,13.0,1.900768092767862,3.118399373042261,2.2850810595681086,0.1216216216216216,2.2,12.0,4.6875,1.9285714285714288,6.0,3.06356981981982,26.0,4.278283246025182,True,0.0,0.0109890109890109,0.0,0.0,0.2087912087912088,0.0256410256410256,0.5,0.5897435897435898,0.1208791208791208,0.7106227106227107,0.0,1.5,1.19304366152508,0.1245421245421245,3.0,27.0,8.0
1,Suite en Re Mayor: 2. Rujero y Paradetas,Gaspar Sanz,4,2,II,Baroque,found,pdf,pdf-20260524T103936Z-3-001/pdf/Paradetas by Gaspar Sanz.pdf,,,,verified_pieces/pdf/xml/Paradetas by Gaspar Sanz.musicxml,,0.0,0.1176470588235294,1,1.8813131313131315,0.7529411764705882,0.5526315789473685,0.5151515151515151,4,0.0,1.2835820895522387,86,120.0,4.465908118654584,1.627906976744186,3.0,0.0,0.3953488372093023,0.4000000000000003,0.2537313432835821,2.8823529411764706,0.5294117647058824,0.2575757575757575,5.0,0.9123014296721108,1.8311759528776768,1.9874129308246749,0.0303030303030303,0.3333333333333333,3.5,1.9375,0.1176470588235294,0.4000000000000003,3.0,6.0,2.399740428293316,True,0.0,0.0,0.0,0.0,0.123076923076923,0.0307692307692307,0.5,0.5846153846153846,0.2615384615384615,0.8,0.0,1.0,1.2432339050452073,0.0153846153846153,3.0,15.0,6.0
1,"Suite for Solo Violoncello, BWV 1009: Gigue",J.S. Bach,8,4,IV,Baroque,found,pdf,pdf-20260524T103936Z-3-001/pdf/bach-bwv1009-gigue.pdf,,,,verified_pieces/pdf/xml/bach-bwv1009-gigue.musicxml,,0.0055970149253731,0.855072463768116,3,1.9001869158878504,0.553623188405797,0.4033333333333333,0.6093457943925233,5,0.0,1.289179104477612,691,110.0,6.539585955617669,3.196816208393632,7.0,0.1201157742402315,0.2127351664254703,2.0,0.2593283582089552,2.676258992805755,0.539568345323741,0.2878504672897196,10.0,2.03859616306147,2.897288347390033,2.306923680196327,0.2448598130841121,3.0,9.849999999999998,4.9375,2.18978102189781,4.0,6.647414330218068,40.0,3.6887070856895647,True,0.0,0.0,0.0,0.1666666666666666,0.0962962962962963,0.0617283950617283,0.25,0.6493827160493827,0.1703703703703703,0.7407407407407407,1.0,26.1875,0.8161336902442394,0.0123456790123456,11.0,41.0,9.0
1,Suite I: i. Passagio-Presto; BWV 996,J.S. Bach,14,7,VII,Baroque,found,dada_gp,,"datasets/DadaGP-v1.1/B/Bach, Johann Sebastian/Bach, Johann Sebastian - Bwv 996 N-1 Suite PrCdule Presto.gp4.tokens.txt","datasets/DadaGP-v1.1/B/Bach, Johann Sebastian/Bach, Johann Sebastian - Bwv 996 N-1 Suite PrCdule Presto.gp4",,"verified_pieces/dada/xml/Bach, Johann Sebastian - Bwv 996 N-1 Suite PrCdule Presto.musicxml",,0.0188679245283018,0.8564102564102564,3,1.6313025210084031,0.5079950799507995,0.4596273291925465,0.3949579831932773,4,0.0712530712530712,1.7064989517819706,814,70.0,6.703188113240863,2.382063882063882,5.0,0.0405405405405405,0.2567567567567567,2.0,0.429769392033543,2.4390243902439024,0.6926829268292682,0.2773109243697479,8.0,1.2860771653524825,2.6558456999896256,2.518995121420025,0.0672268907563025,2.0,5.0,7.1875,2.45085910652921,7.400000000000034,7.352866479925304,64.0,9.21452833665356,True,,,,,,,,,,,,,,,,,
1,Suite I: iii. Courante; BWV 996,J.S. Bach,12,8,VII,Baroque,found,pdf,pdf-20260524T103936Z-3-001/pdf/BWV996 Courante by Johann Sebastian Bach.pdf,,,,verified_pieces/pdf/xml/BWV996 Courante by Johann Sebastian Bach.musicxml,,0.0,1.0,3,1.75484496124031,0.498876404494382,0.5294117647058824,0.6124031007751938,5,0.0,1.722007722007722,446,120.0,6.102558594613569,2.6300448430493275,5.0,0.0807174887892376,0.2533632286995516,2.0,0.4633204633204633,2.3916666666666666,0.7166666666666667,0.251937984496124,21.5,2.1720275553500348,2.820488798939397,2.483288619575724,0.1085271317829457,1.818181818181818,17.39999999999995,4.125,1.9698275862068964,4.0,4.25947459086994,43.0,5.468734803848288,True,0.0,0.0429184549356223,0.0,0.0,0.1845493562231759,0.1416309012875536,0.5,0.5493562231759657,0.111587982832618,0.575107296137339,1.0,2.25,1.3350927621064417,0.1587982832618025,7.0,50.0,11.0
1,Suite I: vi. Gigue; BWV 996,J.S. Bach,18,7,VIII,Baroque,found,pdf,pdf-20260524T103936Z-3-001/pdf/BWV 996 6 Gigue by Johann Sebastian Bach.pdf,,,,verified_pieces/pdf/xml/BWV 996 6 Gigue by Johann Sebastian Bach.musicxml,,0.0043010752688172,0.8342245989304813,21,1.8317169540229887,0.6358381502890174,0.6814159292035398,0.665948275862069,4,0.0,1.4903225806451612,693,90.0,6.542471960506805,2.7085137085137085,6.0,0.0937950937950937,0.2568542568542568,2.0,0.4387096774193548,2.4362745098039214,0.5931372549019608,0.2780172413793103,11.5,1.483651456704289,2.8599782131137443,2.494076157639721,0.0043103448275862,2.0,7.899999999999997,6.5,2.826164874551971,8.0,7.225215517241379,46.0,8.606612903225807,True,0.0,0.0,0.0,0.0,0.1641468682505399,0.1403887688984881,0.25,0.9827213822894167,0.1036717062634989,0.5874730021598272,1.0,1.5,1.5099846453084784,0.0215982721382289,5.0,53.0,10.0
1,Suite in D Minor: v. Gavotte,Robert de Visee,5,3,III,Baroque,found,pdf,pdf-20260524T103936Z-3-001/pdf/Lute Suite In D Minor 5 Gavotte by Robert de Visee.pdf,,,,verified_pieces/pdf/xml/Lute Suite In D Minor 5 Gavotte by Robert de Visee.musicxml,,0.0,0.7450980392156863,3,1.3558052434456929,0.4777070063694267,0.7857142857142857,0.4382022471910112,4,0.0,1.7555555555555555,158,132.0,5.068904202220232,1.879746835443038,3.0,0.0,0.2911392405063291,2.0,0.5777777777777777,2.7115384615384617,0.5769230769230769,0.247191011235955,4.0,1.1165509502444826,2.2148412755374003,2.306693087373115,0.1011235955056179,1.2142857142857142,4.0,2.8125,0.9,2.0,1.9831460674157304,6.0,4.17109440267335,True,0.0,0.0,0.0,0.0,0.1975308641975308,0.1358024691358024,1.0,0.5679012345679012,0.1481481481481481,0.4691358024691358,1.0,1.5,1.1499672617609864,0.0617283950617283,4.0,28.0,8.0
1,"Suite IV, BWV 1006a: i. Prelude",J.S. Bach,16,8,X,Baroque,found,pdf,pdf-20260524T103936Z-3-001/pdf/bach-bwv1006a-prelude.pdf,,,,verified_pieces/pdf/xml/bach-bwv1006a-prelude.musicxml,,0.0,1.0,5,2.311532592108132,0.8156766687078996,0.7602078693392724,1.200130804447351,5,0.0,1.0679738562091503,1634,100.0,7.399398083331354,4.211138310893513,9.0,0.2392900856793145,0.1725826193390452,2.0,0.0601307189542483,2.608695652173913,0.6521739130434783,0.3191628515369522,13.0,2.0992636594872103,3.211506166649528,2.47648593093625,0.0078482668410725,2.333333333333333,10.9,5.125,4.173913043478261,8.0,9.165903640723783,52.0,4.417896914039877,True,0.0,0.0,0.0006578947368421,0.0,0.0203947368421052,0.0151315789473684,0.25,0.9848684210526316,0.1782894736842105,0.9480263157894736,0.0,5.6875,0.9322399337554726,0.0026315789473684,8.0,36.0,9.0
1,Suite Populaire Bresilienne: 3.  Valsa-Choro,Heitor Villa-Lobos,8,5,X,Modern,found,pdf,pdf-20260524T103936Z-3-001/pdf/Suite Populaire Bresilienne No 3 by Heitor Villa-Lobos.pdf,,,,verified_pieces/pdf/xml/Suite Populaire Bresilienne No 3 by Heitor Villa-Lobos.musicxml,gaps_v1/musicxml/Valsa Choro by Heitor Villa Lobos.xml,0.0648379052369077,0.7551669316375199,3,0.7674157303370787,0.1904083570750237,0.3783783783783784,0.1260923845193508,2,0.0,2.6271820448877805,2107,124.0,7.653494909661253,2.6943521594684388,7.0,0.1238728049359278,0.3222591362126246,2.0,0.8491271820448878,2.834067547723935,0.211453744493392,0.1111111111111111,10.0,1.270189755996129,2.869249082238195,2.428499658439129,0.4469413233458177,1.6923076923076923,6.274999999999999,9.1875,4.174085850556438,16.0,3.4921140241364963,160.0,14.292005986325131,True,0.0,0.0807174887892376,0.0179372197309417,0.0522388059701492,0.1502242152466367,0.1704035874439461,1.0,0.7242152466367713,0.0560538116591928,0.2443946188340807,1.0,2.6875,0.905546263446274,0.2847533632286995,5.0,94.0,25.0
1,Suite Populaire Bresilienne: 4.  Gavotta - Choro,Heitor Villa-Lobos,9,6,IX,Modern,found,pdf,pdf-20260524T103936Z-3-001/pdf/Suite Populaire Bresilienne No 4 Gavotta Choro by Heitor Villa-Lobos.pdf,,,,verified_pieces/pdf/xml/Suite Populaire Bresilienne No 4 Gavotta Choro by Heitor Villa-Lobos.musicxml,,0.016270337922403,0.9004237288135594,4,1.8849206349206349,0.4238943136128661,0.3728813559322034,0.194235588972431,2,0.0,2.1802252816020027,1742,70.0,7.463363045520021,3.145235361653272,7.0,0.1498277841561423,0.2818599311136625,2.0,0.6107634543178974,3.057377049180328,0.3135245901639344,0.3408521303258145,8.666666666666666,1.474577421531879,2.9763680627665665,2.432866435682183,0.0601503759398496,1.8571428571428568,8.383333333333333,4.625,1.489384288747346,4.0,3.679546087440824,32.0,7.59875441400663,True,0.0053262316910785,0.0386151797603195,0.0239680426098535,0.0217391304347826,0.133155792276964,0.1531291611185086,0.5,0.6458055925432756,0.0798934753661784,0.4154460719041278,1.0,1.75,0.845484585251155,0.1797603195739014,6.0,76.0,24.0
1,"Suite, BWV 995: i. Prelude",J.S. Bach,14,5,VIII,Baroque,found,pdf,pdf-20260524T103936Z-3-001/pdf/BWV 995 1 Prelude by Johann Sebastian Bach.pdf,,,,verified_pieces/pdf/xml/BWV 995 1 Prelude by Johann Sebastian Bach.musicxml,,0.0014336917562724,0.8290598290598291,4,1.8717838354854133,0.740011580775912,0.4984093319194062,0.6305595408895266,5,0.0,1.238709677419355,1728,60.0,7.455298485683291,3.1979166666666665,7.0,0.1626157407407407,0.2175925925925926,2.0,0.1734767025089605,2.884297520661157,0.6487603305785123,0.2589670014347202,10.0,1.4964189273297124,3.1495439323207406,2.360070033599106,0.0365853658536585,3.0,8.399999999999999,5.5625,2.311874105865522,8.0,7.02362505978001,40.0,5.096405529953917,True,0.0,0.0007396449704142,0.0044378698224852,0.0,0.0502958579881656,0.0576923076923076,0.25,0.8661242603550295,0.136094674556213,0.8424556213017751,1.0,1.5,1.410564986644361,0.014792899408284,10.0,67.0,17.0
1,"Suite, BWV 995: ii. Allemande",J.S. Bach,11,7,VII,Baroque,found,pdf,pdf-20260524T103936Z-3-001/pdf/BWV 995 2 Allemande by Johann Sebastian Bach.pdf,,,,verified_pieces/pdf/xml/BWV 995 2 Allemande by Johann Sebastian Bach.musicxml,,0.0141414141414141,1.46875,4,1.6282726045883942,0.6117274167987322,0.2734375,0.3765182186234818,5,0.0,1.2767676767676768,632,76.0,6.450470422144176,4.069620253164557,8.0,0.2594936708860759,0.1598101265822784,3.0,0.1353535353535353,2.970149253731343,0.6268656716417911,0.1862348178137652,10.0,1.6439296680202105,3.25173389748881,2.277596917651899,0.1923076923076923,2.8,7.700000000000001,4.0,4.498866213151928,12.0,6.59746160272476,128.0,3.718512312060699,True,0.0,0.0,0.0073529411764705,0.0555555555555555,0.0294117647058823,0.0367647058823529,0.25,0.5490196078431373,0.1568627450980392,0.8970588235294118,1.0,1.9375,1.1784633503394015,0.0416666666666666,13.0,42.0,14.0
1,"Suite, BWV 995: iii. Courante",J.S. Bach,12,7,VII,Baroque,found,pdf,pdf-20260524T103936Z-3-001/pdf/BWV 995 3 Courante by Johann Sebastian Bach.pdf,,,,verified_pieces/pdf/xml/BWV 995 3 Courante by Johann Sebastian Bach.musicxml,,0.0,1.8122866894197955,3,0.5397104851330203,0.1702898550724637,0.0903614457831325,0.1326291079812206,5,0.0,1.618991793669402,1381,76.0,7.231287004327616,3.1817523533671253,7.0,0.1020999275887038,0.1607530774800868,3.0,0.3434935521688159,3.034129692832765,0.2150170648464164,0.0704225352112676,9.0,1.201553786558182,2.893023342380335,2.271297221208074,0.7206572769953051,3.0,8.325,4.9375,11.070653946510111,48.0,1.8198403383262536,120.0,2.336593251007127,True,0.0,0.0081632653061224,0.0,0.0454545454545454,0.0979591836734693,0.0571428571428571,0.5,0.5142857142857142,0.1346938775510204,0.7306122448979592,1.0,68.4375,0.8721849886889885,0.0857142857142857,26.0,52.0,13.0
1,"Suite, BWV 995: vi. Gigue",J.S. Bach,13,6,VII,Baroque,found,pdf,pdf-20260524T103936Z-3-001/pdf/BWV 995 6 Gigue by Johann Sebastian Bach.pdf,,,,verified_pieces/pdf/xml/BWV 995 6 Gigue by Johann Sebastian Bach.musicxml,,0.0,0.8072289156626506,3,1.9923076923076923,0.6945244956772334,0.5217391304347826,0.5884615384615385,5,0.0,1.3333333333333333,348,208.0,5.855071922202427,3.034482758620689,7.0,0.1724137931034483,0.2586206896551724,2.0,0.3333333333333333,3.0,0.7701149425287356,0.2961538461538461,21.5,2.2213861017431777,3.028452921396671,2.412137137499337,0.0461538461538461,1.4666666666666666,20.825,4.0,2.7791164658634537,4.0,6.2846153846153845,80.0,4.18018018018018,True,0.0,0.0,0.0,,0.104,0.108,0.25,0.508,0.132,0.708,1.0,0.8125,1.4984091676287985,0.0,6.0,35.0,6.0
1,"Suite, BWV 996: i. Praeludio",J.S. Bach,13,6,VII,Baroque,found,pdf,pdf-20260524T103936Z-3-001/pdf/BWV 996 1 Prelude by Johann Sebastian Bach.pdf,,,,verified_pieces/pdf/xml/BWV 996 1 Prelude by Johann Sebastian Bach.musicxml,,0.0226480836236933,1.025735294117647,4,1.404479348458406,0.3952153110047847,0.3776595744680851,0.3211169284467713,3,0.0,1.822299651567944,1046,90.0,6.953684210870537,2.630975143403442,5.0,0.0621414913957935,0.2284894837476099,2.0,0.4808362369337979,2.590579710144928,0.532608695652174,0.2373472949389179,8.0,1.3932808877467204,2.7680624929356976,2.518789133269306,0.2286212914485166,2.75,7.09,9.3125,3.969249692496924,8.0,5.629338762846617,80.0,10.71233121483706,True,0.0,0.0127118644067796,0.0127118644067796,0.0,0.1483050847457627,0.1483050847457627,0.25,0.6949152542372882,0.1165254237288135,0.5741525423728814,1.0,1.4375,1.4770141848722704,0.1101694915254237,9.0,60.0,16.0
1,"Suite, BWV 997: iii. Sarabande",J.S. Bach,8,7,VII,Baroque,found,dada_gp,,"datasets/DadaGP-v1.1/B/Bach, Johann Sebastian/Bach, Johann Sebastian - Sarabande - Bwv 997.gp4.tokens.txt","datasets/DadaGP-v1.1/B/Bach, Johann Sebastian/Bach, Johann Sebastian - Sarabande - Bwv 997.gp4",,"verified_pieces/dada/xml/Bach, Johann Sebastian - Sarabande - Bwv 997.musicxml",,0.0092879256965944,0.9433962264150944,6,1.0556418219461696,0.3732590529247911,0.2692307692307692,0.077639751552795,2,0.0305980528511821,2.2260061919504643,719,48.0,6.579251212010101,2.507649513212796,5.0,0.0653685674547983,0.258692628650904,3.0,0.8637770897832817,2.799283154121864,0.6845878136200717,0.1149068322981366,5.5,0.9982559422456952,2.797611250578932,2.510623166972956,0.077639751552795,3.0,3.849999999999999,8.125,3.5820707070707067,12.0,3.913423050379573,20.0,16.16665103042812,True,0.0063694267515923,0.0095541401273885,0.0063694267515923,0.0689655172413793,0.1751592356687898,0.2038216560509554,0.25,0.7611464968152867,0.0477707006369426,0.2006369426751592,1.0,2.875,1.350824431775755,0.0859872611464968,7.0,93.0,24.0
1,"Suite, BWV 997: iv. Gigue",J.S. Bach,8,6,V,Baroque,found,pdf,pdf-20260524T103936Z-3-001/pdf/BWV 997 Gigue  in A Minor by Johann Sebastian Bach.pdf,,,,verified_pieces/pdf/xml/BWV 997 Gigue  in A Minor by Johann Sebastian Bach.musicxml,,0.0,0.6201550387596899,3,1.5349462365591398,0.6038461538461538,0.4198473282442748,0.4139784946236559,4,0.0,1.3967828418230563,521,85.0,6.257667587882639,2.2476007677543186,5.0,0.0575815738963531,0.2821497120921305,2.0,0.388739946380697,2.986206896551724,0.6482758620689655,0.2231182795698924,8.0,1.4088081944573525,2.76342742523405,2.438803575924602,0.0994623655913978,0.9285714285714286,6.0,4.125,1.4108527131782946,4.0,4.352150537634409,40.0,4.471421570444316,True,0.0,0.0,0.0,,0.0380116959064327,0.1111111111111111,0.5,0.6023391812865497,0.1257309941520467,0.6257309941520468,1.0,0.8125,1.4433417398625024,0.0,7.0,52.0,7.0
1,Swan Lake (Theme); Op. 20,Peter Ilyitch Tchaikovsky,8,4,VI,Romantic,found,pdf,pdf-20260524T103936Z-3-001/pdf/Theme From Swan Lake (Opus 20) by Pyotr Ilych Tchaikovsky.pdf,,,,verified_pieces/pdf/xml/Theme From Swan Lake (Opus 20) by Pyotr Ilych Tchaikovsky.musicxml,,0.0,0.6190476190476191,3,1.1023391812865495,0.4341317365269461,0.264,0.3552631578947368,3,0.0,1.462882096069869,335,80.0,5.817111159963204,2.564179104477612,6.0,0.0328358208955223,0.3014925373134328,1.8000000000000045,0.2882096069868995,3.5454545454545454,0.4393939393939394,0.1535087719298245,6.333333333333333,1.1738518864949656,2.69521886688211,2.3687807079536705,0.3114035087719298,1.5,4.433333333333333,6.875,3.4838709677419355,16.0,7.447002923976608,64.0,5.175609263983168,True,0.0,0.0060240963855421,0.0,0.0,0.1024096385542168,0.072289156626506,0.3125,0.3795180722891566,0.108433734939759,0.7289156626506024,0.0,1.75,0.8434791200213462,0.0963855421686747,6.0,32.0,10.0
1,Swing '59,Charlie Byrd,7,5,VI,Modern,found,pdf,pdf-20260524T103936Z-3-001/pdf/Swing 59 by Charlie Byrd.pdf,,,,verified_pieces/pdf/xml/Swing 59 by Charlie Byrd.musicxml,,0.0,1.641025641025641,3,1.2526455026455026,0.3447098976109215,0.3571428571428571,0.2698412698412698,2,0.0,2.31496062992126,294,120.0,5.68697535633982,3.748299319727891,6.0,0.0442176870748299,0.0544217687074829,2.0,0.6141732283464567,2.41025641025641,0.2564102564102564,0.1746031746031746,4.75,1.0020336743647402,2.4106281346411382,2.425026743856755,0.1746031746031746,2.0,4.299999999999999,3.1875,2.283577533577533,4.0,1.5212585034013604,8.0,5.5109184226465615,True,0.0,0.0275229357798165,0.0091743119266055,0.7142857142857143,0.0,0.110091743119266,1.0,0.5779816513761468,0.1743119266055046,0.4770642201834862,1.0,4.0,1.259757000809128,0.073394495412844,8.0,23.0,9.0
1,Tango,Isaac Albeniz,8,5,X,Romantic,found,pdf,pdf-20260524T103936Z-3-001/pdf/albeniz-tango.pdf,,,,verified_pieces/pdf/xml/albeniz-tango.musicxml,,0.0069565217391304,1.4961538461538462,5,1.212543554006969,0.2723880597014925,0.1148936170212766,0.1620209059233449,3,0.0,1.866086956521739,1073,50.0,6.97914527506881,6.006523765144455,11.0,0.4911463187325256,0.1174277726001863,3.0,0.4556521739130434,3.099236641221374,0.4312977099236641,0.2020905923344947,11.5,1.7853504487562784,3.6002772916170747,2.468001606863768,0.4651567944250871,2.095238095238096,6.924999999999999,9.0625,11.746093031807318,32.0,10.726190476190476,184.0,12.986210324104263,True,0.0,0.0158227848101265,0.0063291139240506,0.0,0.0917721518987341,0.0917721518987341,0.3125,0.3291139240506329,0.0981012658227848,0.5316455696202531,0.0,0.9375,0.8787913124975967,0.0886075949367088,7.0,83.0,24.0
1,Tango En Skai,Roland Dyens,14,8,All,Modern,found,dada_gp,,"datasets/DadaGP-v1.1/D/Dyens, Roland/Dyens, Roland - Tango en Skai.gp3.tokens.txt","datasets/DadaGP-v1.1/D/Dyens, Roland/Dyens, Roland - Tango en Skai.gp3",,"verified_pieces/dada/xml/Dyens, Roland - Tango en Skai.musicxml",,0.0233463035019455,0.6764705882352942,2,1.5716145833333333,0.421978021978022,0.5545454545454546,0.72265625,4,0.0263157894736842,1.7743190661478598,456,58.0,6.124683390894205,3.717105263157895,10.0,0.2346491228070175,0.2083333333333333,1.0,0.3968871595330739,2.264705882352941,0.392156862745098,0.1875,12.0,2.3865930136001623,3.056363708935109,2.5003794003801065,0.10546875,1.0,10.699999999999998,8.125,2.444444444444444,5.200000000000007,8.74488545418167,96.0,11.641575455588836,True,0.046875,0.0234375,0.0,0.0,0.0625,0.0859375,0.125,0.296875,0.15625,0.6015625,1.0,0.9166666666666666,0.91872223828953,0.12890625,7.0,40.0,16.0
1,Tarantella,Agustin Barrios Mandore,8,4,XII,Romantic,found,pdf,pdf-20260524T103936Z-3-001/pdf/Tarantella (Recuerdos De Napoles) by Agustin Barrios Mangore.pdf,,,,verified_pieces/pdf/xml/Tarantella (Recuerdos De Napoles) by Agustin Barrios Mangore.musicxml,,0.0241850683491062,0.9239130434782608,3,1.6450877192982458,0.5444287729196051,0.5979166666666667,0.7578947368421053,5,0.0,1.4921135646687698,1419,100.0,7.258412150595307,3.581395348837209,8.0,0.1832276250880902,0.2036645525017618,2.0,0.3049421661409043,3.358620689655172,0.3620689655172414,0.2410526315789473,15.666666666666666,1.6926619640285734,3.2796963581955225,2.5428905045002668,0.0894736842105263,3.0,15.083333333333332,4.5625,1.5648484848484847,4.0,3.142309941520468,28.0,4.135369430205047,True,0.0,0.0,0.0075512405609492,-0.0161290322580645,0.0302049622437971,0.1089536138079827,0.5,0.9212513484358144,0.2491909385113268,0.7982740021574973,1.0,2.75,1.1400253424904432,0.0679611650485436,6.0,53.0,12.0
1,Tarleton's Resurrection,John Dowland,5,3,VII,Renaissance,found,dada_gp,,"datasets/DadaGP-v1.1/D/Dowland, John/Dowland, John - Tarleton_'s Resurrection.gp3.tokens.txt","datasets/DadaGP-v1.1/D/Dowland, John/Dowland, John - Tarleton_'s Resurrection.gp3",,"verified_pieces/dada/xml/Dowland, John - Tarleton_'s Resurrection.musicxml",,0.0,0.82,3,1.3816425120772946,0.3675675675675676,0.0,0.0289855072463768,1,0.0,2.657142857142857,186,76.0,5.231108616854587,2.0806451612903225,5.0,0.032258064516129,0.3279569892473118,3.0,0.7142857142857143,3.76,0.6,0.1884057971014492,4.5,0.8760094013400778,2.3505550537696336,2.47417245267821,0.0144927536231884,1.263157894736842,3.4791666666666643,4.875,1.346938775510204,4.0,2.863929146537842,9.333333333333334,12.203174603174602,True,0.0,0.0,0.0,0.074074074074074,0.4,0.0857142857142857,0.5,0.5285714285714286,0.1428571428571428,0.3714285714285714,0.0,1.25,1.1698371874269944,0.3571428571428571,5.0,22.0,7.0
1,Tempo di Minuetto; Op. 2 no. 1,Fernando Sor,3,2,V,Classical,found,pdf,pdf-20260524T103936Z-3-001/pdf/Opus 2 No 1 (Minuet in G) by Fernando Sor.pdf,,,,verified_pieces/pdf/xml/Opus 2 No 1 (Minuet in G) by Fernando Sor.musicxml,gaps_v1/musicxml/sor-opus29-no24.xml,0.0222222222222222,0.868421052631579,3,1.2803030303030305,0.3636363636363636,1.0,0.3181818181818182,3,0.0,2.466666666666667,111,104.0,4.718498871295094,2.1531531531531534,5.0,0.027027027027027,0.3153153153153153,2.0,0.8444444444444444,2.1578947368421053,0.7631578947368421,0.1818181818181818,5.0,1.0795520999263832,2.519479622262347,2.1900458590940346,0.0,1.3076923076923077,4.025,2.625,0.8378378378378378,2.0,1.240530303030303,5.0,5.952173913043478,True,0.0,0.0222222222222222,0.0444444444444444,0.0,0.3555555555555555,0.2444444444444444,1.0,0.9555555555555556,0.1333333333333333,0.2,0.0,1.0,1.1606990435495548,0.2222222222222222,2.0,23.0,10.0
1,The Easy Winners (Theme),Scott Joplin,6,4,VII,Modern,found,pdf,pdf-20260524T103936Z-3-001/pdf/The Easy Winner by Scott Joplin.pdf,,,,verified_pieces/pdf/xml/The Easy Winner by Scott Joplin.musicxml,,0.0096774193548387,0.6216216216216216,4,1.8809908454496505,0.5630865484880083,0.819672131147541,1.024232633279483,5,0.0,1.5483870967741935,960,80.0,6.8679744089702925,3.073958333333333,7.0,0.20625,0.2697916666666666,2.0,0.4290322580645161,2.601503759398496,0.4022556390977443,0.2552504038772213,10.0,1.7628020812394598,2.901998662103513,2.484610627629132,0.0145395799676898,3.0,8.783333333333326,5.875,2.193798449612403,8.0,6.818120624663436,48.0,7.948939106434363,True,0.0,0.0195121951219512,0.0032520325203252,0.0869565217391304,0.0991869918699187,0.1398373983739837,0.25,0.8,0.1268292682926829,0.5853658536585366,0.0,0.75,1.0943784658483438,0.0341463414634146,6.0,52.0,12.0
1,The Entertainer (Theme),Scott Joplin,5,3,III,Modern,found,pdf,pdf-20260524T103936Z-3-001/pdf/The Entertainer by Scott Joplin.pdf,,,,verified_pieces/pdf/xml/The Entertainer by Scott Joplin.musicxml,gaps_v1/musicxml/joplin-entertainer.xml,0.0,1.0618556701030928,3,1.6051587301587302,0.6574468085106383,0.6473684210526316,0.9851190476190476,5,0.0,1.397626112759644,471,80.0,6.156978985585555,2.239915074309979,5.0,0.0360934182590233,0.2229299363057325,2.0,0.2937685459940652,2.1818181818181817,0.3131313131313131,0.2142857142857142,7.0,1.192726873781109,2.6576935613032338,2.3517488398282165,0.0208333333333333,1.5,5.725,5.6875,3.0416666666666665,8.0,5.966765873015873,28.0,6.26935142009326,True,0.0,0.0,0.0,0.0,0.1008902077151335,0.1068249258160237,0.25,0.7537091988130564,0.1691394658753709,0.7240356083086054,0.0,0.75,1.3940271962650743,0.0534124629080118,3.0,31.0,9.0
1,The Frog Galliard,John Dowland,13,7,V,Renaissance,found,pdf,pdf-20260524T103936Z-3-001/pdf/dowland-frog-galliard.pdf,,,,verified_pieces/pdf/xml/dowland-frog-galliard.musicxml,,0.0,0.8833333333333333,3,1.8013888888888887,0.4223107569721115,0.4285714285714285,0.5583333333333333,5,0.0,2.0826446280991737,252,100.0,5.53338948872752,2.3015873015873014,5.0,0.0357142857142857,0.3055555555555556,3.0,0.4958677685950413,3.983333333333333,0.5166666666666667,0.325,6.5,1.3881602255245593,2.4346751225206384,2.4579165151440714,0.0916666666666666,1.875,5.791666666666666,3.375,1.0416666666666667,3.1000000000000014,2.7234953703703706,13.0,5.301277235161533,True,0.0,0.009090909090909,0.0,0.0,0.2181818181818181,0.1454545454545454,0.5,0.4909090909090909,0.1272727272727272,0.5272727272727272,0.0,1.5,1.1281397758917122,0.2454545454545454,4.0,27.0,7.0
1,The King Of Denmark's Galliard,John Dowland,7,4,V,Renaissance,found,pdf,pdf-20260524T103936Z-3-001/pdf/The King of Denmarks Galliard by John Dowland.pdf,,,,verified_pieces/pdf/xml/The King of Denmarks Galliard by John Dowland.musicxml,,0.0526315789473684,0.7428571428571429,3,1.9648936170212767,0.5087719298245614,0.4827586206896552,0.3191489361702128,3,0.0,1.810526315789473,172,108.0,5.153291594497779,2.2674418604651163,5.0,0.0813953488372093,0.3081395348837209,2.0,0.3684210526315789,3.4285714285714284,0.5428571428571428,0.2765957446808511,6.0,1.4202446849194683,2.5785621968286483,2.46255064814024,0.0319148936170212,1.75,5.8,2.75,0.9238095238095236,2.866666666666667,3.581471631205674,18.0,4.448721804511279,True,0.0,0.0,0.0,0.0,0.1789473684210526,0.0105263157894736,0.5,0.4,0.1473684210526315,0.6631578947368421,1.0,1.75,1.3624137907377736,0.1157894736842105,6.0,18.0,5.0
1,"The Last Rose of Summer, Op. 125 no. 2","Traditional Irish melody, arr. by Mauro Giuliani",7,4,V,Classical,found,dada_gp,,"datasets/DadaGP-v1.1/G/Giuliani, Mauro/Giuliani, Mauro - The Last Rose Of Summer.gp4.tokens.txt","datasets/DadaGP-v1.1/G/Giuliani, Mauro/Giuliani, Mauro - The Last Rose Of Summer.gp4",,"verified_pieces/dada/xml/Giuliani, Mauro - The Last Rose Of Summer.musicxml",,0.0035149384885764,0.424757281553398,4,1.0453345070422535,0.4377758164165931,0.6964285714285714,0.2429577464788732,3,0.0229276895943562,1.9929701230228472,1134,69.0,7.034387929915503,1.597883597883598,3.0,0.0026455026455026,0.3809523809523809,2.0,0.8031634446397188,2.466083150984683,0.2735229759299781,0.0757042253521126,5.0,0.7954328783781082,2.1790995524188483,2.5173964094893404,0.0176056338028169,1.6333333333333333,4.125,10.0625,1.3682076236820762,4.0,3.3183440923317686,16.0,11.300140597539544,True,0.0,0.0053285968028419,0.0,0.0888888888888888,0.2380106571936056,0.2184724689165186,0.25,0.6063829787234043,0.0976909413854351,0.2930728241563055,0.0,2.0,1.1918927683039389,0.0728241563055062,8.0,75.0,16.0
1,The Prince's Toys: The Doll with Blinking Eyes,Nikita Koshkin,13,10,IX,Modern,found,pdf,pdf-20260524T103936Z-3-001/pdf/The Princes Toys Doll With Closing Eyes by Nikita Koshkin.pdf,,,,verified_pieces/pdf/xml/The Princes Toys Doll With Closing Eyes by Nikita Koshkin.musicxml,,0.0,0.9205479452054794,3,1.3666408468887168,0.3282078472958643,0.2755498059508409,0.3563129357087529,4,0.0,1.4605263157894737,1887,56.0,7.543273346705446,3.250662427133016,7.0,0.151033386327504,0.3333333333333333,2.0,0.3057275541795665,2.4253164556962026,0.1924050632911392,0.2184353214562354,10.0,1.9482776448038104,2.9972143013222423,2.556483768029691,0.5135553834237025,2.0,8.633333333333331,9.1875,6.171245421245421,32.0,18.84675961786729,160.0,9.623791035861151,True,0.0,0.0,0.0,-6.0,0.0170697012802275,0.0241820768136557,0.3125,0.802275960170697,0.3584637268847795,0.7069701280227596,1.0,3.75,0.6209326965706349,0.0099573257467994,11.0,60.0,20.0
1,"The Right Honourable Robert, Earl of Essex, His Galliard",John Dowland,12,8,V,Renaissance,found,pdf,pdf-20260524T103936Z-3-001/pdf/The Right Honorable Robert Earl of Essex His Galliard by John Dowland.pdf,,,,verified_pieces/pdf/xml/The Right Honorable Robert Earl of Essex His Galliard by John Dowland.musicxml,,0.0,0.7613636363636364,3,1.70536858974359,0.6886120996441281,0.5192307692307693,0.7403846153846154,5,0.0,1.3501199040767389,563,84.0,6.335054251498059,1.7317939609236237,4.0,0.0159857904085257,0.3392539964476021,2.0,0.2158273381294964,2.7888888888888888,0.6222222222222222,0.2211538461538461,7.0,1.161318107419424,2.4284722731536688,2.3417677588361228,0.0192307692307692,2.0,6.599999999999994,4.625,1.4636015325670495,4.0,5.816933760683762,48.0,4.6957066007425725,True,0.0,0.0,0.0,0.0,0.1073170731707317,0.0658536585365853,0.25,0.6097560975609756,0.1463414634146341,0.7902439024390244,1.0,1.4375,1.250698406110027,0.0609756097560975,7.0,41.0,8.0
1,The Round Battle Galliard,John Dowland,5,3,IV,Renaissance,found,pdf,pdf-20260524T103936Z-3-001/pdf/Round Battle Galliard by John Dowland.pdf,,,,verified_pieces/pdf/xml/Round Battle Galliard by John Dowland.musicxml,,0.017094017094017,0.9272727272727272,3,1.2852011494252875,0.3958333333333333,0.34375,0.4741379310344827,4,0.0,2.05982905982906,241,104.0,5.488937726156687,1.6307053941908711,4.0,0.0124481327800829,0.3734439834024896,3.0,0.4700854700854701,3.636363636363636,0.3818181818181818,0.1293103448275862,7.0,1.1644658460707833,2.133819599595014,2.4613702373401933,0.1379310344827586,1.6,4.150000000000002,5.25,1.962962962962963,6.0,2.730124521072797,32.0,6.864909986776883,True,0.0,0.0,0.0,0.0,0.3365384615384615,0.0096153846153846,0.5,0.6153846153846154,0.1923076923076923,0.5865384615384616,0.0,1.3125,1.39637056217986,0.25,5.0,17.0,5.0
1,The Sick Tune,John Dowland,2,1,III,Renaissance,found,pdf,pdf-20260524T103936Z-3-001/pdf/The Sick Tune by John Dowland.pdf,,,,verified_pieces/pdf/xml/The Sick Tune by John Dowland.musicxml,,0.0,0.9166666666666666,2,1.3170731707317074,0.5535714285714286,0.6538461538461539,0.7317073170731707,2,0.0,1.3571428571428572,57,66.0,4.060443010546419,1.5087719298245614,3.3999999999999986,0.0,0.3684210526315789,2.0,0.2857142857142857,2.0,0.5833333333333334,0.1707317073170731,3.0,1.0403804273776176,1.83661736679652,2.080697222634497,0.1219512195121951,2.0,3.0,3.25,3.1666666666666665,8.0,3.5121951219512195,12.0,4.484472049689441,True,0.0,0.0,0.0,,0.0,0.0769230769230769,0.5,0.6410256410256411,0.3846153846153846,0.7692307692307693,1.0,0.75,1.079551949745036,0.0,3.0,12.0,4.0
1,The Weeping Willow,Scott Joplin,11,5,VIII,Modern,found,pdf,pdf-20260524T103936Z-3-001/pdf/Weeping Willow by Scott Joplin.pdf,,,,verified_pieces/pdf/xml/Weeping Willow by Scott Joplin.musicxml,,0.0122699386503067,0.9386792452830188,3,1.6678620218579234,0.4994082840236686,0.7753623188405797,0.8032786885245902,4,0.0,1.7300613496932515,846,145.0,6.741700694652055,2.5685579196217496,6.0,0.0992907801418439,0.2895981087470449,2.0,0.4601226993865031,2.8,0.52,0.2602459016393442,8.0,1.508787724357978,2.848981510424518,2.5002607007794406,0.0799180327868852,3.0,7.0,4.0,1.6026856240126384,4.0,3.030299408014572,14.5,4.986820789916494,True,0.0107991360691144,0.0151187904967602,0.0064794816414686,-0.0238095238095238,0.1187904967602591,0.0734341252699784,0.5,0.7494600431965442,0.1317494600431965,0.6285097192224622,0.0,1.5,1.0316604772124411,0.0928725701943844,4.0,64.0,14.0
1,The Woods So Wild,William Byrd,4,4,II,Renaissance,found,pdf,pdf-20260524T103936Z-3-001/pdf/The Woods So Wild by William Byrd.pdf,,,,verified_pieces/pdf/xml/The Woods So Wild by William Byrd.musicxml,,0.0,1.7159090909090908,7,0.9661458333333331,0.2659574468085106,0.0,0.0833333333333333,1,0.0,2.917525773195876,283,130.0,5.648974238161206,2.056537102473498,3.0,0.0212014134275618,0.1448763250883392,2.0,0.9175257731958762,2.426966292134832,0.3707865168539326,0.15625,6.0,1.061381364085942,2.369757883891761,2.416244346010887,0.1354166666666666,2.5384615384615383,4.4833333333333325,3.375,2.071702244116037,4.0,1.4802000661375665,16.0,8.40366202355657,True,0.0,0.0,0.0,0.0816326530612244,0.5869565217391305,0.0652173913043478,1.0,0.391304347826087,0.2717391304347826,0.532608695652174,0.0,2.5,1.2200737236667516,0.4891304347826087,7.0,21.0,7.0
1,Theme from Op. 102,Mauro Giuliani,6,4,X,Classical,found,pdf,pdf-20260524T103936Z-3-001/pdf/Opus 102 Theme by Mauro Giuliani.pdf,,,,verified_pieces/pdf/xml/Opus 102 Theme by Mauro Giuliani.musicxml,,0.0109890109890109,1.3253012048192772,3,3.0552486187845305,0.536741214057508,0.5116279069767442,1.0828729281767957,4,0.0,1.7252747252747254,314,88.0,5.752572638825633,3.4012738853503186,8.0,0.2038216560509554,0.2929936305732484,3.0,0.467032967032967,2.235294117647059,0.4823529411764706,0.5027624309392266,14.0,2.6800026369416803,2.993124261095822,2.3346399197920498,0.0497237569060773,3.0,12.074999999999998,3.625,2.231707317073171,4.0,5.892725598526704,28.0,5.209002535925613,True,0.0,0.0,0.0109890109890109,0.1428571428571428,0.2307692307692307,0.1153846153846153,0.5,0.7142857142857143,0.1648351648351648,0.5494505494505495,0.0,1.75,1.3547267803600145,0.0659340659340659,5.0,26.0,11.0
1,"Three Pieces from Recreation du Guitariste; Chasse, Op. 51 no. 9",Napoleon Coste,5,3,VII,Romantic,found,pdf,pdf-20260524T103936Z-3-001/pdf/Opus 51 No 9 by Napoleon Coste.pdf,,,,verified_pieces/pdf/xml/Opus 51 No 9 by Napoleon Coste.musicxml,,0.0,0.8426966292134831,3,1.4388341543513958,0.4519774011299435,0.509090909090909,0.2807881773399014,3,0.0,1.7401960784313726,355,92.0,5.87493073085203,1.9943661971830984,5.0,0.0309859154929577,0.380281690140845,2.0,0.5196078431372549,1.981132075471698,0.3396226415094339,0.2266009852216748,4.333333333333333,1.1492607787506657,2.3920406003039614,2.226657103996758,0.1034482758620689,2.25,3.933333333333333,3.375,1.1136363636363635,2.0,2.584564860426929,37.333333333333336,4.290066721132898,True,0.0,0.0,0.0,0.1176470588235294,0.25,0.145,0.5,0.645,0.11,0.47,0.0,1.3125,1.3154802996105937,0.075,5.0,29.0,8.0
1,"Three Pieces from Recreation du Guitariste; Rondeau, Op. 51 no. 6",Napoleon Coste,5,4,VII,Romantic,found,pdf,pdf-20260524T103936Z-3-001/pdf/Opus 51 No 6 by Napoleon Coste.pdf,,,,verified_pieces/pdf/xml/Opus 51 No 6 by Napoleon Coste.musicxml,,0.0,0.821917808219178,3,5.652979066022545,0.5391566265060241,0.6477272727272727,0.855072463768116,5,0.0,1.6009615384615383,333,120.0,5.811140992976701,4.072072072072072,9.0,0.1771771771771771,0.3243243243243243,2.0,0.3605769230769231,3.04,0.4266666666666667,0.4009661835748792,22.0,7.851706993983444,2.9596378004308668,2.42266472706323,0.0966183574879227,1.875,22.0,3.625,1.3194444444444444,2.0,9.528985507246375,44.0,4.165001502403847,True,0.0,0.0206185567010309,0.0103092783505154,0.0,0.1597938144329896,0.0515463917525773,0.5,0.7010309278350515,0.1597938144329896,0.6494845360824743,0.0,1.5,1.1546935762107693,0.0721649484536082,3.0,29.0,12.0
1,"Toccata and Fugue, BWV 565",J.S. Bach,14,7,All,Baroque,found,pdf,pdf-20260524T103936Z-3-001/pdf/BWV 565 Toccata and Fugue by Johann Sebastian Bach.pdf,,,,verified_pieces/pdf/xml/BWV 565 Toccata and Fugue by Johann Sebastian Bach.musicxml,,0.0026615969581749,1.137214137214137,5,2.226524660834285,0.6766595289079229,0.5656506447831184,0.8345378470901483,5,0.0,1.2433460076045628,3270,100.0,8.092851027538384,4.228134556574924,10.0,0.2889908256880734,0.1969418960244648,3.0,0.1885931558935361,2.745967741935484,0.4979838709677419,0.300114111829593,18.0,2.5567931240348005,3.48301554322355,2.441609324025376,0.0939520730315709,3.75,17.75,6.4375,3.9563988095238094,12.0,9.32533720347528,208.0,4.337369190416771,True,0.0033528918692372,,0.0033528918692372,0.0256410256410256,0.0402347024308466,0.0896898575020955,0.25,0.7460184409052808,0.1655490360435876,0.8130762782900252,1.0,5.1875,1.4506456393722562,0.0159262363788767,16.0,74.0,16.0
1,Tombeau de M. Mouton (Allemande),Robert de Visee,10,5,VII,Baroque,found,pdf,pdf-20260524T103936Z-3-001/pdf/Tombeau de M Mouton by Robert de Visee.pdf,,,,verified_pieces/pdf/xml/Tombeau de M Mouton by Robert de Visee.musicxml,,0.0,0.9552238805970148,3,1.930555555555556,0.5197889182058048,0.5754716981132075,0.6096491228070176,5,0.0,1.6593886462882097,380,66.0,5.942799375126701,2.892105263157895,7.0,0.131578947368421,0.2473684210526315,2.0,0.314410480349345,3.361111111111111,0.7916666666666666,0.2675438596491228,22.0,2.38383364546538,2.8503521811314387,2.5168056729604458,0.0833333333333333,1.6666666666666667,19.41249999999999,4.375,1.606060606060606,4.0,3.864644249512671,40.0,4.636527099922938,True,0.0,0.014018691588785,0.0046728971962616,0.0,0.102803738317757,0.0560747663551401,0.5,0.4392523364485981,0.1542056074766355,0.7289719626168224,1.0,3.75,1.491080687698946,0.1121495327102803,8.0,46.0,13.0
1,Tombeau Sur La Mort De M. Comte De Logy,Silvius Leopold Weiss,11,6,VII,Baroque,found,pdf,pdf-20260524T103936Z-3-001/pdf/Tombeau Sur La Mort De M Comte De Logy by Silvius Leopold Weiss.pdf,,,,verified_pieces/pdf/xml/Tombeau Sur La Mort De M Comte De Logy by Silvius Leopold Weiss.musicxml,,0.0074074074074074,1.660377358490566,4,1.544155844155844,0.5344387755102041,0.5081967213114754,0.6827458256029685,5,0.0,1.4537037037037035,785,56.0,6.666956792429207,4.188535031847134,7.0,0.2420382165605095,0.1095541401273885,3.0,0.1981481481481481,3.355140186915888,0.7289719626168224,0.2077922077922078,20.0,1.8057597452918008,3.159284066335605,2.4943207836789343,0.1521335807050092,3.0,5.65,5.5625,4.331972789115647,12.0,5.432240775097919,76.0,5.822231670445956,True,0.0077972709551656,0.0058479532163742,0.0097465886939571,0.081081081081081,0.0331384015594541,0.0467836257309941,0.25,0.7777777777777778,0.1403508771929824,0.8148148148148148,1.0,3.75,1.2923472484891798,0.0662768031189083,7.0,60.0,20.0
1,"Traumerei from Kinderscenen, Op. 15",Robert Schumann,9,6,XII,Romantic,found,pdf,pdf-20260524T103936Z-3-001/pdf/Traumerei by Robert Schumann.pdf,,,,verified_pieces/pdf/xml/Traumerei by Robert Schumann.musicxml,,0.0097560975609756,1.617283950617284,4,2.1270424836601305,0.4506666666666666,0.2619047619047619,0.3137254901960784,3,0.0,1.8341463414634147,376,60.0,5.932245187448011,6.800531914893617,13.0,0.601063829787234,0.151595744680851,3.0,0.4048780487804878,3.240963855421686,0.6144578313253012,0.3676470588235294,11.5,2.317559291131926,3.572015551984469,2.4574408507076004,0.1372549019607843,2.2222222222222223,10.675,4.1875,2.645833333333333,6.0,8.412581699346406,144.0,6.212964183695892,True,0.0,0.0108695652173913,0.0217391304347826,0.04,0.0869565217391304,0.1304347826086956,0.5,0.6413043478260869,0.1195652173913043,0.5760869565217391,0.0,1.8125,1.2305120896173911,0.1304347826086956,8.0,48.0,15.0
1,Tres pequenas Piezas para Guitarra: III. Pequena sevillana,Joaquin Rodrigo,9,5,X,Modern,found,pdf,pdf-20260524T103936Z-3-001/pdf/Pequena Sevillana by Joaquin Rodrigo.pdf,,,,verified_pieces/pdf/xml/Pequena Sevillana by Joaquin Rodrigo.musicxml,,0.2291434927697441,0.7048780487804878,4,1.248144023756496,0.2858546168958742,0.2328767123287671,0.1692650334075723,5,0.0,2.265850945494994,2037,96.0,7.61972421378267,2.0476190476190474,4.0,0.0397643593519882,0.2660775650466372,2.0,0.4593993325917686,3.198547215496368,0.1065375302663438,0.153674832962138,10.0,1.3151529249785845,2.378327755025302,2.4722152395082384,0.3173719376391982,4.0,5.2333333333333245,13.5,2.8810105949470257,8.0,4.491648106904231,32.0,14.387027861985748,True,0.0,0.0103211009174311,0.0,0.0182370820668693,0.3405963302752293,0.0286697247706422,0.25,0.7557339449541285,0.2419724770642201,0.536697247706422,0.0,4.0,1.2443576563090304,0.3704128440366973,10.0,47.0,15.0
1,Triptico - I. Prelude,Joaquin Rodrigo,20,10,All,Modern,found,pdf,pdf-20260524T103936Z-3-001/pdf/Triptico No 1 Prelude by Joaquin Rodrigo.pdf,,,,verified_pieces/pdf/xml/Triptico No 1 Prelude by Joaquin Rodrigo.musicxml,,0.0043936731107205,1.970744680851064,4,2.086221049545588,0.2882848392036753,0.6196236559139785,0.6200527704485488,5,0.0,2.296133567662566,2613,160.0,7.868636894184167,3.9077688480673554,10.0,0.1894374282433984,0.2238805970149253,3.0,0.3304042179261863,4.433510638297872,0.1382978723404255,0.2321899736147757,22.0,3.5697550060314605,3.347965053178968,2.5788119279565387,0.1662269129287599,3.0,20.35,15.9375,6.872340425531915,12.0,7.1658164761067145,88.0,15.711416071495346,True,0.0,0.0,0.0104961832061068,0.0,0.0019083969465648,0.0009541984732824,0.25,0.767175572519084,0.0887404580152671,0.6412213740458015,0.0,0.8125,0.6834795877807462,0.0009541984732824,6.0,50.0,26.0
1,Tua Imagem,Agustin Barrios Mandore,10,7,X,Romantic,found,gaps,,,,s41wc,datasets/gaps_v1/readable_musicxml/Agustin Barrios - Tua Imagem.xml,,0.0,1.085972850678733,5,1.851015228426396,0.4811594202898551,0.4174757281553398,0.6395939086294417,3,0.0,1.749367088607595,691,100.0,6.539585955617669,4.905933429811867,9.0,0.3183791606367583,0.130246020260492,3.0,0.5721518987341773,2.1327433628318584,0.4734513274336283,0.2715736040609137,10.5,1.8417336655611083,3.4424547536181747,2.4914121357373262,0.0939086294416243,3.0,10.075,3.0,1.0825757575757575,3.0,2.6883883248730966,21.0,3.7716463595252674,True,0.0,0.0101522842639593,0.0558375634517766,0.0736842105263157,0.116751269035533,0.2005076142131979,0.5,0.347547974413646,0.0736040609137055,0.2385786802030456,0.0,3.0,0.8742516533083379,0.2233502538071066,6.0,105.0,34.0
1,Twenty-one Lessons: 1,Dionisio Aguado,2,2,II,Classical,found,pdf,pdf-20260524T103936Z-3-001/pdf/Exercise 1 by Dionisio Aguado.pdf,,,,verified_pieces/pdf/xml/Exercise 1 by Dionisio Aguado.musicxml,,0.0,1.2857142857142858,3,1.7935323383084578,0.5277777777777778,0.9166666666666666,0.7313432835820896,3,0.0,1.6029411764705883,109,120.0,4.700480365792417,3.889908256880734,7.200000000000003,0.2110091743119266,0.128440366972477,2.0,0.5147058823529411,1.4,0.4,0.2835820895522388,6.0,1.5259202025476155,2.98417926547261,1.8129863129527048,0.0895522388059701,3.0,5.399999999999999,3.625,2.235294117647059,4.0,4.865671641791045,20.0,5.728543876567021,True,0.0,0.0,0.0,0.0,0.2537313432835821,0.1791044776119403,0.25,0.4776119402985074,0.1641791044776119,0.4925373134328358,0.0,0.75,1.319147226821783,0.044776119402985,3.0,18.0,5.0
1,Un Dia de Noviembre,Leo Brouwer,8,4,IX,Modern,found,pdf,pdf-20260524T103936Z-3-001/pdf/Un Dia de Noviembre by Leo Brouwer.pdf,,,,verified_pieces/pdf/xml/Un Dia de Noviembre by Leo Brouwer.musicxml,,0.0193050193050193,1.020408163265306,3,2.120801033591732,0.6106194690265486,0.75,1.0813953488372092,5,0.0,1.3127413127413128,340,90.0,5.831882477283517,4.347058823529411,9.0,0.3529411764705882,0.2264705882352941,3.0,0.2046332046332046,2.8867924528301887,0.5471698113207547,0.2945736434108527,12.0,2.1702405736047345,3.2445578333721974,2.385019096839375,0.0697674418604651,2.5,9.0,3.25,1.8541666666666667,4.0,5.183785529715761,48.0,3.449909536866059,True,0.0,0.0,0.0082644628099173,0.0,0.0413223140495867,0.0537190082644628,0.5,0.731404958677686,0.2272727272727272,0.8099173553719008,1.0,0.75,1.1705142519452656,0.0165289256198347,5.0,32.0,12.0
1,Un tiempo fue Italica famosa,Joaquin Rodrigo,15,7,All,Modern,found,pdf,pdf-20260524T103936Z-3-001/pdf/Un Tiempo Fue Italica Famosa by Joaquin Rodrigo.pdf,,,,verified_pieces/pdf/xml/Un Tiempo Fue Italica Famosa by Joaquin Rodrigo.musicxml,,0.0162570888468809,1.5543859649122806,5,1.4675743822491174,0.4998583168036271,0.3436518618214446,0.4092284417549168,5,0.0,1.334593572778828,3530,48.0,8.169336395928386,4.079036827195467,10.0,0.2563739376770538,0.2254957507082153,3.0,0.1088846880907372,3.524305555555556,0.2152777777777778,0.1868381240544629,14.0,1.7995439294625548,3.45286911246654,2.5011572098746866,0.2987897125567322,3.0,11.0,19.25,8.561904761904762,16.0,7.045851043392648,192.0,5.230576989143585,True,0.0,0.0,0.0,0.0186915887850467,0.0575221238938053,0.0019665683382497,0.25,0.6181818181818182,0.131268436578171,0.8849557522123894,1.0,3.5,1.1580027968663844,0.051622418879056,17.0,59.0,20.0
1,Vals,Francisco Tarrega,8,6,IX,Romantic,found,pdf,pdf-20260524T103936Z-3-001/pdf/tarrega-vals-d.pdf,,,,verified_pieces/pdf/xml/tarrega-vals-d.musicxml,,0.0,0.5276381909547738,5,1.9741784037558685,0.415,0.2327586206896551,0.5014084507042254,4,0.0,1.6882022471910112,601,160.0,6.400257445308821,4.319467554076539,9.0,0.3876871880199667,0.2079866888519135,1.200000000000017,0.5646067415730337,1.9950248756218905,0.2587064676616915,0.3464788732394366,12.0,2.227872921018984,3.0674789570780523,2.366193516756378,0.2788732394366197,3.6666666666666665,9.549999999999994,3.375,0.8148148148148148,2.0,3.3900625978090764,24.0,4.175347944698756,True,0.0,0.01,0.0,0.0,0.17,0.1366666666666666,1.0,0.5966666666666667,0.11,0.48,0.0,1.75,1.1973646744626143,0.03,6.0,41.0,11.0
1,Vals de Primavera,Agustin Barrios Mandore,9,4,XII,Romantic,found,pdf,pdf-20260524T103936Z-3-001/pdf/vals-de-primavera-barrios.pdf,,,,verified_pieces/pdf/xml/vals-de-primavera-barrios.musicxml,,0.0025220680958385,1.1243243243243244,5,1.7350589225589224,0.6110562685093781,0.5943204868154158,0.821969696969697,5,0.0,1.278688524590164,1014,140.0,6.922643891475888,4.868836291913215,9.0,0.3412228796844181,0.1291913214990138,2.0,0.2383354350567465,2.3386243386243386,0.5079365079365079,0.2234848484848484,11.0,1.835834258963,3.5042746074195144,2.544243575198192,0.1351010101010101,2.6666666666666665,8.299999999999997,3.6875,2.5882882882882883,6.0,3.8159371492704826,128.0,2.682715973483877,True,0.0013736263736263,0.0,0.0,0.0,0.0412087912087912,0.0631868131868131,0.5,0.592032967032967,0.1263736263736263,0.7596153846153846,0.0,2.75,0.962702451731394,0.0054945054945054,7.0,59.0,11.0
1,Vals Tropical,Agustin Barrios Mandore,8,5,X,Romantic,found,pdf,pdf-20260524T103936Z-3-001/pdf/barrios-vals-tropical.pdf,,,,verified_pieces/pdf/xml/barrios-vals-tropical.musicxml,,0.0047169811320754,1.006779661016949,4,1.084514435695538,0.3302180685358255,0.43006993006993,0.5464566929133858,5,0.0,1.5157232704402517,964,160.0,6.872128101338986,4.3703319502074685,8.0,0.3101659751037344,0.1545643153526971,3.0,0.4889937106918239,1.4469453376205788,0.1993569131832797,0.1559055118110236,13.0,1.6462624774940156,3.270172481551638,2.2951754911040965,0.4551181102362204,4.0,10.449999999999996,2.75,1.6355685131195334,4.0,2.121659792525934,26.0,2.563433741586671,True,0.0,0.0052910052910052,0.0,0.0,0.0687830687830687,0.0978835978835978,0.5,0.5132275132275133,0.0978835978835978,0.6137566137566137,1.0,37.75,0.9503794334192438,0.0158730158730158,21.0,48.0,12.0
1,"Vals, Op. 8 no. 4",Agustin Barrios Mandore,13,5,X,Romantic,found,pdf,pdf-20260524T103936Z-3-001/pdf/Opus 8 No 4 (Waltz) by Augustin Barrios Mangore.pdf,,,,verified_pieces/pdf/xml/Opus 8 No 4 (Waltz) by Augustin Barrios Mangore.musicxml,,0.0032644178454842,0.6898954703832753,3,1.9396877269426287,0.5687203791469194,0.650294695481336,1.0250544662309369,5,0.0,1.3786724700761697,1267,150.0,7.145196134997171,3.8555643251775846,9.0,0.2186266771902131,0.2186266771902131,2.0,0.3144722524483134,1.9480968858131489,0.2491349480968858,0.2799564270152505,12.0,2.0477670380117714,3.2187650344563634,2.5349702247648467,0.1732026143790849,2.5,9.799999999999994,3.0625,0.9545454545454546,2.0,3.863870733478577,64.0,2.962523671124031,True,0.0,0.007537688442211,0.0,0.2352941176470588,0.0427135678391959,0.0879396984924623,0.5,0.5150753768844221,0.1608040201005025,0.7110552763819096,0.0,2.75,1.0690385871598962,0.0163316582914572,7.0,63.0,19.0
1,Valse; Op. 64 no. 2,Frederic Chopin,16,8,All,Romantic,found,pdf,pdf-20260524T103936Z-3-001/pdf/Opus 64 No 2 (Valse No 7) by Frederic Chopin.pdf,,,,verified_pieces/pdf/xml/Opus 64 No 2 (Valse No 7) by Frederic Chopin.musicxml,,0.0151515151515151,0.9032967032967032,5,1.9703404111897536,0.5988296488946684,0.336322869955157,0.5278058645096056,4,0.0,1.5545454545454545,1539,109.0,7.339537695407674,5.675763482781027,11.0,0.4366471734892787,0.1273554256010396,2.0,0.4606060606060606,2.6973684210526314,0.2543859649122807,0.2639029322548028,17.0,2.023338574076223,3.697734875703862,2.2254730628355546,0.0323559150657229,1.6666666666666667,16.25,3.8125,1.4346549192364169,4.0,3.866784630940344,112.0,4.147700430461293,True,0.0,0.0102564102564102,0.0,0.0,0.1015384615384615,0.1353846153846153,0.5,0.7220512820512821,0.1384615384615384,0.5723076923076923,1.0,1.8125,1.6072630849833076,0.0553846153846153,7.0,71.0,16.0
1,Valse; Op. 69 no. 2,Frederic Chopin,8,5,VII,Romantic,found,pdf,pdf-20260524T103936Z-3-001/pdf/Opus 69 No 2 (Valse) by Frederic Chopin.pdf,,,,verified_pieces/pdf/xml/Opus 69 No 2 (Valse) by Frederic Chopin.musicxml,,0.0114068441064638,0.75,4,1.380888888888889,0.4500616522811344,0.4526748971193415,0.6342857142857142,5,0.0,1.543726235741445,812,120.0,6.70073110954781,2.431034482758621,6.0,0.0935960591133004,0.270935960591133,2.0,0.376425855513308,2.388888888888889,0.308080808080808,0.1885714285714285,10.0,1.849328164391597,2.8974970127774835,2.358640725119157,0.2495238095238095,1.2105263157894737,8.799999999999983,7.3125,4.271378708551483,16.0,4.926126984126984,96.0,4.692581014214519,True,0.0,0.0072639225181598,0.0,0.12,0.0581113801452784,0.1283292978208232,0.5,0.5665859564164649,0.1525423728813559,0.6803874092009685,1.0,2.6875,1.278734460889049,0.0532687651331719,8.0,50.0,15.0
1,Valses Poeticos - Valse No. 4,Enrique Granados,8,5,VII,Romantic,found,pdf,pdf-20260524T103936Z-3-001/pdf/Valses Poeticos No 4 by Enrique Granados.pdf,,,,verified_pieces/pdf/xml/Valses Poeticos No 4 by Enrique Granados.musicxml,,0.0,1.156862745098039,3,1.8211009174311927,0.4322916666666667,0.4722222222222222,0.5229357798165137,5,0.0,1.7545454545454546,193,140.0,5.267858159063328,3.808290155440415,8.0,0.2849740932642487,0.2279792746113989,2.0,0.4636363636363636,2.7254901960784315,0.5490196078431373,0.2201834862385321,10.0,2.20571221424706,3.2083747796559763,2.44890642772156,0.2110091743119266,1.7777777777777777,8.375,4.4375,3.408496732026144,8.0,3.775229357798165,20.0,6.184973017849731,True,0.0,0.010752688172043,0.0,0.0,0.1827956989247312,0.1075268817204301,0.5,0.8279569892473119,0.1182795698924731,0.6021505376344086,0.0,1.75,1.0113069930553928,0.1290322580645161,5.0,27.0,7.0
1,Valses Poeticos - Valse No. 5,Enrique Granados,14,9,VI,Romantic,found,pdf,pdf-20260524T103936Z-3-001/pdf/Valses Poeticos No 5 by Enrique Granados.pdf,,,,verified_pieces/pdf/xml/Valses Poeticos No 5 by Enrique Granados.musicxml,,0.04,1.137931034482759,3,1.8855218855218847,0.441025641025641,0.238095238095238,0.3535353535353535,2,0.0,1.96,196,130.0,5.2832037287379885,3.663265306122449,7.0,0.2448979591836734,0.1683673469387755,2.0,0.58,2.7241379310344827,0.8103448275862069,0.2929292929292929,9.0,1.6634053047873354,3.084187235360976,2.5151479724016284,0.101010101010101,1.9,6.983333333333333,2.9375,1.7949039264828737,4.0,2.904641654641655,14.0,4.925128205128205,True,0.0,0.010204081632653,0.0,0.0,0.2244897959183673,0.1224489795918367,1.0,0.4591836734693877,0.1020408163265306,0.4183673469387755,0.0,2.75,0.8859675418144759,0.1428571428571428,8.0,43.0,13.0
1,Valses Poeticos - Valse No. 6,Enrique Granados,11,8,VII,Romantic,found,pdf,pdf-20260524T103936Z-3-001/pdf/Valses Poeticos No 6 by Enrique Granados.pdf,,,,verified_pieces/pdf/xml/Valses Poeticos No 6 by Enrique Granados.musicxml,,0.0,1.1625,4,2.338414634146341,0.468013468013468,0.7333333333333333,0.5182926829268293,3,0.0,1.806060606060606,298,120.0,5.700443573390687,4.842281879194631,10.0,0.4463087248322148,0.261744966442953,3.0,0.5393939393939394,3.0898876404494384,0.8089887640449438,0.3780487804878049,14.0,2.602728385289314,3.3077051916754048,2.5373734239703243,0.0853658536585365,2.2857142857142856,9.25,2.8125,1.25625,3.0,3.952453542392567,56.0,4.079250104072463,True,0.0,0.0129870129870129,0.0064935064935064,0.0,0.1298701298701298,0.1753246753246753,1.0,0.525974025974026,0.1298701298701298,0.5,1.0,2.75,1.3291653894797877,0.0974025974025974,9.0,40.0,12.0
1,Valses Poeticos - Valse No. 7,Enrique Granados,18,8,IX,Romantic,found,pdf,pdf-20260524T103936Z-3-001/pdf/Valses Poeticos No 7 by Enrique Granados.pdf,,,,verified_pieces/pdf/xml/Valses Poeticos No 7 by Enrique Granados.musicxml,,0.0,1.1833333333333331,3,1.6666666666666667,0.4829268292682926,0.7857142857142857,0.717948717948718,4,0.0,1.7457627118644068,206,150.0,5.332718793265369,3.6067961165048543,7.0,0.145631067961165,0.1407766990291262,2.0,0.5084745762711864,2.35,0.5333333333333333,0.2478632478632478,7.5,1.6729227314305737,2.919637749730205,2.5486131485303583,0.0256410256410256,2.0,5.899999999999999,3.25,1.915254237288136,4.0,2.997863247863248,12.0,5.21198722672562,True,0.0,0.0,0.0,0.0,0.0862068965517241,0.1896551724137931,0.5,0.8793103448275862,0.1293103448275862,0.5344827586206896,0.0,1.5,1.254879054574929,0.0517241379310344,3.0,28.0,11.0
1,Verano Porteno (Tango),Astor Piazzolla,10,5,X,Modern,found,pdf,pdf-20260524T103936Z-3-001/pdf/Verano Porteno Tango by Astor Piazzolla.pdf,,,,verified_pieces/pdf/xml/Verano Porteno Tango by Astor Piazzolla.musicxml,,0.0094161958568738,1.4429530201342282,4,1.6557861635220126,0.4794816414686825,0.4192439862542955,0.6849056603773584,5,0.0,1.7457627118644068,927,120.0,6.833031732786201,3.04638619201726,8.0,0.1542610571736785,0.267529665587918,3.0,0.2937853107344633,3.0641025641025643,0.5192307692307693,0.2075471698113207,11.5,1.5274696675552069,3.134173178350787,2.5411080613894708,0.130188679245283,3.0,8.999999999999996,9.8125,3.3265765765765765,8.0,4.113018867924528,20.0,6.321570444915254,True,0.022944550669216,0.0019120458891013,0.0095602294455066,0.1794871794871795,0.0382409177820267,0.034416826003824,0.25,0.4149139579349904,0.1453154875717017,0.7170172084130019,1.0,2.25,1.1167523237233068,0.0611854684512428,8.0,69.0,26.0
1,Villano,Gaspar Sanz,3,2,II,Baroque,found,pdf,pdf-20260524T103936Z-3-001/pdf/Villano by Gaspar Sanz.pdf,,,,verified_pieces/pdf/xml/Villano by Gaspar Sanz.musicxml,,0.0,0.0,0,1.9166666666666667,0.75,0.0,0.2222222222222222,1,0.0,1.3157894736842106,25,120.0,3.258096538021482,2.28,5.0,0.0,0.28,0.0,0.3157894736842105,2.5,0.6666666666666666,0.2222222222222222,4.0,1.1086778913041726,2.131346433249389,1.8448894517332408,0.0,0.0,4.0,1.5625,0.0,0.0,2.6944444444444446,5.0,2.349624060150376,True,0.0,0.0,0.0,,0.2105263157894736,0.0,0.5,0.5263157894736842,0.2105263157894736,0.7368421052631579,0.0,1.5,0.756932386209079,0.0,3.0,10.0,3.0
1,Villanos,Gaspar Sanz,5,3,IX,Baroque,found,pdf,pdf-20260524T103936Z-3-001/pdf/Villanos by Gaspar Sanz.pdf,,,,verified_pieces/pdf/xml/Villanos by Gaspar Sanz.musicxml,,0.0,0.2,3,2.069767441860465,0.702247191011236,0.3166666666666666,0.2945736434108527,2,0.0,1.376923076923077,179,120.0,5.19295685089021,2.346368715083799,7.0,0.1229050279329608,0.4022346368715084,1.0,0.2846153846153846,3.216216216216216,0.5135135135135135,0.2868217054263566,9.0,1.4576563839553809,2.510156603248946,2.162396951545752,0.0155038759689922,0.6666666666666666,7.875,2.4375,0.2647058823529412,1.0,3.3223514211886305,11.0,2.5673878205128204,True,0.0,0.0,0.0,0.0,0.1705426356589147,0.0310077519379844,0.5,0.6821705426356589,0.1395348837209302,0.7829457364341085,0.0,3.5,1.3267662282086643,0.0620155038759689,4.0,17.0,5.0
1,Vivace,Adam Falckenhagen,4,2,VII,Baroque,found,pdf,pdf-20260524T103936Z-3-001/pdf/Vivace by Adam Falckenhagen.pdf,,,,verified_pieces/pdf/xml/Vivace by Adam Falckenhagen.musicxml,,0.0,0.6,3,2.1323529411764706,0.75,0.8378378378378378,1.6139705882352942,5,0.0,1.1025641025641026,301,126.0,5.71042701737487,2.199335548172757,5.0,0.0697674418604651,0.3521594684385382,3.0,0.1025641025641025,3.821428571428572,0.5,0.2794117647058823,9.5,1.7173801162432911,2.4777635263374296,2.466719121859398,0.0183823529411764,2.333333333333333,7.499999999999998,2.5625,1.08,6.0,4.185661764705882,19.0,2.353700672849609,True,0.0,0.0,0.0,,0.0333333333333333,0.0296296296296296,0.5,0.9555555555555556,0.3037037037037037,0.9148148148148147,0.0,1.5,1.6513324107110976,0.0,4.0,19.0,5.0
1,"Vivace, Op. 48 no. 1",Mauro Giuliani,5,3,IX,Classical,found,pdf,pdf-20260524T103936Z-3-001/pdf/Opus 48 No 1 Study in C by Mauro Giuliani.pdf,,,,verified_pieces/pdf/xml/Opus 48 No 1 Study in C by Mauro Giuliani.musicxml,,0.0,0.7419354838709677,2,1.316793893129771,0.6941176470588235,0.8055555555555556,1.381679389312977,5,0.0,1.2954545454545454,171,120.0,5.147494476813453,3.95906432748538,9.0,0.2748538011695906,0.175438596491228,2.0,0.2424242424242424,2.28125,0.78125,0.1297709923664122,6.0,0.9927333437893092,3.332017941089633,2.4125530181004686,0.0,2.0,3.75,3.0,1.1666666666666667,2.0,2.5877862595419847,12.0,3.16461038961039,True,0.0,0.0,0.0,0.0,0.1363636363636363,0.0378787878787878,0.5,0.9393939393939394,0.1515151515151515,0.7575757575757576,0.0,1.5,1.2275876789892264,0.0227272727272727,3.0,28.0,7.0
1,Volte,Anonymous,2,1,II,Renaissance,found,pdf,pdf-20260524T103936Z-3-001/pdf/Volte by Anonymous.pdf,,,,verified_pieces/pdf/xml/Volte by Anonymous.musicxml,,0.0,0.3181818181818182,1,1.277777777777778,0.5368421052631579,0.3181818181818182,0.2166666666666666,1,0.0,1.5737704918032789,96,120.0,4.574710978503383,1.8125,3.0,0.0104166666666666,0.3645833333333333,1.0,0.3934426229508196,3.1666666666666665,0.375,0.1666666666666666,3.25,0.9873818103986788,1.8998605707465823,2.095190822654608,0.15,1.0,3.0625,2.125,0.2539682539682539,0.6666666666666666,1.9060185185185183,8.0,3.1475409836065573,True,0.0,0.0,0.0,0.0,0.1538461538461538,0.0192307692307692,1.0,0.4615384615384615,0.1538461538461538,0.6730769230769231,0.0,2.75,1.176225905084279,0.0384615384615384,7.0,12.0,4.0
1,Waltz (from Six Divertimentos); Op. 8 no. 2,Fernando Sor,4,2,VII,Classical,found,pdf,pdf-20260524T103936Z-3-001/pdf/Opus 8 No 2 Waltz by Fernando Sor.pdf,,,,verified_pieces/pdf/xml/Opus 8 No 2 Waltz by Fernando Sor.musicxml,,0.0,0.9672131147540984,3,1.5133333333333332,0.3969849246231156,0.35,0.32,3,0.0,1.98019801980198,200,110.0,5.303304908059076,2.875,7.0,0.205,0.375,2.0,0.6237623762376238,2.253968253968254,0.5396825396825397,0.23,6.0,1.4930728939561746,2.857086777978538,2.141462913905652,0.15,1.7142857142857142,5.866666666666666,6.125,4.027777777777778,8.0,5.0216666666666665,37.33333333333333,11.001100110011,True,0.0,0.0224719101123595,0.0,0.1,0.2134831460674157,0.1685393258426966,0.5,0.5168539325842697,0.1235955056179775,0.4157303370786517,0.0,1.5,1.2015223632885448,0.1011235955056179,8.0,30.0,9.0
1,"Waltz, Op. 241 no. 1",Ferdinando Carulli,1,1,I,Classical,found,pdf,pdf-20260524T103936Z-3-001/pdf/Opus 241 Appendice No 1 by Ferdinando Carulli.pdf,,,,verified_pieces/pdf/xml/Opus 241 Appendice No 1 by Ferdinando Carulli.musicxml,gaps_v1/musicxml/Andantino in G Major by Ferdinando Carulli.xml,0.0,0.8048780487804879,2,1.3114754098360657,0.4948979591836734,0.78,1.4180327868852458,5,0.0,1.6016260162601623,197,120.0,5.288267030694535,1.218274111675127,3.0,0.0,0.4365482233502538,1.0,0.3658536585365853,2.466666666666667,0.5333333333333333,0.1557377049180328,4.5,1.1015597526868828,1.9850606693981605,2.446727648307556,0.0983606557377049,1.0833333333333333,4.5,3.9375,1.4959349593495936,2.0,3.331967213114754,12.0,5.440005606952621,True,0.0,0.0,0.0168067226890756,0.0,0.1176470588235294,0.1680672268907563,0.5,0.6470588235294118,0.3025210084033613,0.6554621848739496,1.0,1.75,1.34252701449944,0.1260504201680672,5.0,23.0,7.0
1,"Waltz, Op. 241 no. 24",Ferdinando Carulli,2,1,I,Classical,found,pdf,pdf-20260524T103936Z-3-001/pdf/carulli-op241-24.pdf,,,,verified_pieces/pdf/xml/carulli-op241-24.musicxml,gaps_v1/musicxml/Andantino in G Major by Ferdinando Carulli.xml,0.0,0.6129032258064516,2,1.2735849056603774,0.6312056737588653,0.8695652173913043,1.3773584905660377,5,0.0,1.3271028037383177,142,104.0,4.962844630259907,1.0633802816901408,3.0,0.0,0.4788732394366197,1.0,0.2897196261682243,2.6129032258064515,0.3548387096774194,0.160377358490566,3.5,0.9036928313077772,1.8671972745468888,2.442010404182428,0.0,2.0,3.5,3.0,1.0666666666666669,2.0,2.483490566037736,7.0,3.3061157566814234,True,0.0,0.0,0.0,0.0,0.1401869158878504,0.1401869158878504,0.5,0.9532710280373832,0.3364485981308411,0.719626168224299,0.0,1.5,1.472985469714522,0.0186915887850467,3.0,14.0,4.0
1,"Waltz, Op. 241 no. 4",Ferdinando Carulli,1,1,I,Classical,found,pdf,pdf-20260524T103936Z-3-001/pdf/Opus 241 II Polonaise No 4 by Ferdinando Carulli.pdf,,,,verified_pieces/pdf/xml/Opus 241 II Polonaise No 4 by Ferdinando Carulli.musicxml,gaps_v1/musicxml/Andantino in G Major by Ferdinando Carulli.xml,0.0,0.24,2,5.09982174688057,0.6548672566371682,0.8046875,0.93048128342246,4,0.0,1.2074468085106382,227,120.0,5.429345628954441,2.986784140969163,11.0,0.105726872246696,0.5110132158590308,1.0,0.1702127659574468,2.0,0.71875,0.3636363636363636,22.0,7.661074064442263,2.097068252401808,2.030778817088446,0.053475935828877,0.4444444444444444,22.0,2.875,0.48,2.0,13.22638146167558,88.0,3.215136956386098,True,0.0,0.011049723756906,0.0,0.0,0.0607734806629834,0.011049723756906,0.5,0.5469613259668509,0.2762430939226519,0.850828729281768,0.0,3.75,1.3466410059846818,0.011049723756906,4.0,26.0,8.0
1,"Waltz, Op. 39 no. 15",Johannes Brahms,7,4,IX,Romantic,found,pdf,pdf-20260524T103936Z-3-001/pdf/Opus 39 No 15 Waltz by Johannes Brahms.pdf,,,,verified_pieces/pdf/xml/Opus 39 No 15 Waltz by Johannes Brahms.musicxml,gaps_v1/musicxml/brahms-op39-no15.xml,0.0,1.0666666666666669,3,1.1848184818481848,0.4601226993865031,0.5365853658536586,0.5445544554455446,2,0.0,1.607843137254902,164,120.0,5.10594547390058,2.1280487804878048,5.0,0.0182926829268292,0.3597560975609756,2.0,0.3529411764705882,3.583333333333333,0.5277777777777778,0.1386138613861386,3.0,0.9483066345342974,2.433279571248287,2.3224099492196,0.1386138613861386,2.4,3.0,2.6875,1.206896551724138,2.933333333333332,1.963696369636964,6.0,3.821540210287013,True,0.0,0.0,0.0,0.0,0.1485148514851485,0.1188118811881188,0.5,0.6633663366336634,0.198019801980198,0.6534653465346535,0.0,2.75,1.2826921087008325,0.0693069306930693,6.0,23.0,7.0
1,"Waltz, Op. 39 no. 2",Johannes Brahms,5,3,VII,Romantic,found,pdf,pdf-20260524T103936Z-3-001/pdf/Opus 39 No 2 Waltz by Johannes Brahms.pdf,,,,verified_pieces/pdf/xml/Opus 39 No 2 Waltz by Johannes Brahms.musicxml,gaps_v1/musicxml/brahms-op39-no15.xml,0.0,1.2758620689655171,3,1.1494252873563218,0.5619834710743802,0.5151515151515151,0.8735632183908046,3,0.0,1.3863636363636365,122,120.0,4.812184355372417,2.139344262295082,4.0,0.0,0.081967213114754,2.0,0.3409090909090909,2.8,0.5,0.1034482758620689,4.0,0.9800156652769058,2.2537080366384177,2.459312556134644,0.1724137931034483,2.4,3.549999999999999,1.875,1.0357142857142858,2.0,1.4195402298850577,6.0,2.168414918414918,True,0.0,0.0,0.0,,0.1379310344827586,0.0229885057471264,1.0,0.4597701149425287,0.3793103448275862,0.7471264367816092,0.0,2.5,1.2195676671572433,0.0114942528735632,5.0,18.0,6.0
1,"Waltz, Op. 51 no. 8",Napoleon Coste,8,4,X,Romantic,found,pdf,pdf-20260524T103936Z-3-001/pdf/Opus 51 No 8 by Napoleon Coste.pdf,,,,verified_pieces/pdf/xml/Opus 51 No 8 by Napoleon Coste.musicxml,,0.0,0.8309859154929577,4,2.881045751633988,0.5694822888283378,0.5757575757575758,0.615686274509804,5,0.0,1.4375,368,144.0,5.910796644040527,2.8967391304347827,5.0,0.0679347826086956,0.3179347826086957,2.0,0.3046875,3.102564102564102,0.4102564102564102,0.2941176470588235,22.0,4.773315692184332,2.6369872883339185,2.234927398671189,0.0941176470588235,2.0,20.0,5.625,2.2904761904761903,6.0,10.075816993464052,88.0,6.782051282051282,True,0.0,0.0208333333333333,0.0,0.0,0.1125,0.0291666666666666,0.25,0.7958333333333333,0.1666666666666666,0.7666666666666667,0.0,0.75,0.9010185270803358,0.0541666666666666,3.0,30.0,10.0
1,Wilson's Wilde,Anonymous,2,2,II,Renaissance,found,pdf,pdf-20260524T103936Z-3-001/pdf/Wilsons Wilde by Anonymous.pdf,,,,verified_pieces/pdf/xml/Wilsons Wilde by Anonymous.musicxml,,0.0210526315789473,0.1951219512195122,3,1.2659574468085104,0.4583333333333333,0.4615384615384615,0.6702127659574468,5,0.0,1.7789473684210526,169,120.0,5.135798437050262,1.5798816568047338,4.0,0.0059171597633136,0.3905325443786982,1.0,0.4631578947368421,3.227272727272727,0.4318181818181818,0.1276595744680851,5.0,1.1104274593134231,1.9648854426547493,2.464494633866829,0.1063829787234042,0.8333333333333334,4.625,2.75,0.2,1.0,2.037825059101655,18.0,3.4556563823351483,True,0.0,0.0,0.0,0.0,0.2470588235294117,0.0823529411764705,1.0,0.5176470588235295,0.1529411764705882,0.611764705882353,0.0,2.75,1.1908260280002292,0.1294117647058823,8.0,17.0,6.0
1,Zambra Granadina,Isaac Albeniz,17,9,All,Romantic,found,pdf,pdf-20260524T103936Z-3-001/pdf/Opus 92 07 Zambra Granadina by Isaac Albeniz.pdf,,,,verified_pieces/pdf/xml/Opus 92 07 Zambra Granadina by Isaac Albeniz.musicxml,,0.0092715231788079,1.4511041009463723,4,1.4312555260831124,0.3518390006939625,0.2051282051282051,0.2427055702917772,5,0.0,1.9099337748344367,1442,72.0,7.274479558773871,3.783633841886269,8.0,0.19625520110957,0.231622746185853,2.0,0.4225165562913907,2.8495297805642634,0.3166144200626959,0.2148541114058355,12.0,1.8676084566419768,3.304451116543455,2.5137428434193336,0.3037135278514589,2.7,12.0,9.3125,5.728902953586498,12.0,6.504052460949013,80.0,9.42991484121124,True,0.0,0.0034965034965034,0.0052447552447552,0.125,0.0891608391608391,0.0874125874125874,0.25,0.3583916083916084,0.1835664335664335,0.5629370629370629,1.0,0.8125,0.9883173570679876,0.0734265734265734,7.0,67.0,21.0
1,Zarabanda,Gaspar Sanz,4,3,IX,Baroque,found,pdf,pdf-20260524T103936Z-3-001/pdf/Zarabanda by Gaspar Sanz.pdf,,,,verified_pieces/pdf/xml/Zarabanda by Gaspar Sanz.musicxml,,0.0,0.1785714285714285,1,2.0367231638418084,0.5757575757575758,0.5,0.2711864406779661,2,0.0,1.6666666666666667,100,120.0,4.61512051684126,2.48,8.100000000000009,0.16,0.44,1.0,0.4666666666666667,3.25,0.5714285714285714,0.3898305084745763,5.5,1.2186049094128009,2.427789196322665,2.1454111697168408,0.0,0.3333333333333333,5.5,3.0,0.2839506172839506,1.400000000000002,3.8653483992467046,11.0,4.761904761904762,True,0.0,0.0,0.0,0.0,0.35,0.05,0.5,0.8166666666666667,0.1833333333333333,0.6,0.0,1.0,1.003386875992294,0.1166666666666666,3.0,15.0,4.0
1,"24 Caprices, Op. 1: 5",Niccolo Paganini,20,10,All,Romantic,found,pdf,pdf-20260524T103936Z-3-001/pdf/Caprice 5 In A Minor Op_ 1 by Nicolo Paganini.pdf,,,,verified_pieces/pdf/xml/Caprice 5 In A Minor Op_ 1 by Nicolo Paganini.musicxml,,0.0,0.0,0,1.850162866449512,0.9011943539630836,0.5939196525515744,0.7003257328990228,5,0.0,1.0,922,168.0,6.827629234502852,7.331887201735358,12.0,0.5672451193058569,0.0010845986984815,0.0,0.0,0.0,0.0,0.2757871878393051,7.0,1.1813436081380535,3.505434030864464,2.4910691127642526,0.0,0.0,4.6,4.0,0.0,0.0,7.387622149837133,28.0,3.991341991341992,True,0.0,0.0,0.0,,0.0,0.0,0.25,0.9978308026030368,0.1344902386117136,1.0,1.0,0.75,1.06939266459024,0.0,2.0,12.0,1.0
1,Adelita (Mazurka),Francisco Tarrega,6,7,IX,Romantic,found,pdf,pdf-20260524T103936Z-3-001/pdf/Adelita (Mazurka) by Francisco Tarrega.pdf,,,,verified_pieces/pdf/xml/Adelita (Mazurka) by Francisco Tarrega.musicxml,,0.0,0.7058823529411765,2,2.551136363636364,0.5416666666666666,0.34375,0.4659090909090909,2,0.0,1.6292134831460674,145,80.0,4.983606621708336,5.662068965517242,10.0,0.5517241379310345,0.193103448275862,2.0,0.3932584269662921,3.0,0.6857142857142857,0.4886363636363636,9.0,2.192101286919021,3.312091283439788,2.4398425812272446,0.1022727272727272,1.5,9.0,3.875,1.1372549019607845,3.3999999999999986,5.259469696969696,18.0,4.632077550121172,True,0.0,0.0,0.0120481927710843,-0.1111111111111111,0.180722891566265,0.0481927710843373,0.5,0.5662650602409639,0.1686746987951807,0.6385542168674698,0.0,1.75,0.8334194062666973,0.1204819277108433,5.0,27.0,10.0
1,Air,Anonymous,4,2,IV,Baroque,found,pdf,pdf-20260524T103936Z-3-001/pdf/Air by Anonymous.pdf,,,,verified_pieces/pdf/xml/Air by Anonymous.musicxml,,0.0,0.8888888888888888,2,2.4308712121212124,0.5060975609756098,0.6666666666666666,0.5568181818181818,4,0.0,1.853932584269663,165,120.0,5.111987788356544,1.915151515151515,4.0,0.0181818181818181,0.3212121212121212,2.0,0.4269662921348314,3.526315789473684,0.7894736842105263,0.2272727272727272,21.0,4.046217790437893,2.451854142926553,2.483629493282751,0.0113636363636363,1.6,20.05,2.8125,0.8809523809523809,2.0,3.782039141414141,40.0,4.4333170493404985,True,0.0,0.0112359550561797,0.0,0.0,0.146067415730337,0.146067415730337,0.5,0.5842696629213483,0.146067415730337,0.5955056179775281,1.0,2.75,1.1638866280857965,0.2359550561797752,6.0,29.0,7.0
1,"Allegretto moderato, Op. 6 no. 11",Fernando Sor,7,3,V,Classical,found,pdf,pdf-20260524T103936Z-3-001/pdf/Opus 6 No 11 in E minor by Fernando Sor.pdf,,,,verified_pieces/pdf/xml/Opus 6 No 11 in E minor by Fernando Sor.musicxml,,0.0,0.5,3,0.731827111984283,0.3837535014005602,0.4851380042462845,0.7976424361493124,4,0.0,1.0520117762512269,1072,90.0,6.9782137426306985,1.6753731343283582,4.0,0.0046641791044776,0.2938432835820895,2.0,0.0520117762512266,3.943396226415094,0.3018867924528302,0.0520628683693516,7.0,1.1029024048876597,2.202304690451524,2.339032449519388,0.5,3.0,5.099999999999994,7.1875,5.0,16.0,11.554518664047151,112.0,6.668184030399497,True,0.0,0.0,0.0,,0.0,0.005859375,0.3125,0.982421875,0.263671875,0.96875,0.0,3.6875,1.0402434234894269,0.0,3.0,22.0,6.0
1,Allegro,Domenico Scarlatti,8,4,VIII,Baroque,found,pdf,pdf-20260524T103936Z-3-001/pdf/Allegro in A by Domenico Scarlatti.pdf,,,,verified_pieces/pdf/xml/Allegro in A by Domenico Scarlatti.musicxml,,0.0,0.4848484848484848,3,1.828087167070218,0.6697761194029851,0.6369047619047619,0.7554479418886199,5,0.0,1.2971014492753623,537,180.0,6.2878585601617845,2.0,5.0,0.0670391061452514,0.3687150837988827,2.0,0.2971014492753623,2.6991869918699187,0.5447154471544715,0.3002421307506053,10.0,1.5702239849339807,2.5625362287805955,2.382308021350493,0.0217917675544794,2.5,7.0,2.0625,0.5918367346938775,2.0,2.7818805488297014,14.0,2.1766983695652176,True,0.0,0.0,0.0,,0.0603864734299516,0.108695652173913,0.5,0.5120772946859904,0.1618357487922705,0.7318840579710145,0.0,3.5,0.93902815155281,0.0,5.0,47.0,7.0
1,Allegro,W. A. Mozart,4,2,II,Classical,found,pdf,pdf-20260524T103936Z-3-001/pdf/Allegro in D by Wolfgang Amadeus Mozart.pdf,,,,verified_pieces/pdf/xml/Allegro in D by Wolfgang Amadeus Mozart.musicxml,,0.0,0.6595744680851063,2,1.695,0.5061728395061729,0.6666666666666666,0.51,2,0.0,1.613861386138614,163,120.0,5.099866427824199,1.987730061349693,4.0,0.0,0.294478527607362,2.0,0.5742574257425742,1.9827586206896552,0.4137931034482758,0.29,4.0,1.2527868932903157,2.146512014012632,2.192510429027994,0.12,0.8666666666666667,4.0,3.125,1.0,4.0,3.8433333333333337,16.0,4.496741981890497,True,0.0,0.0,0.0,,0.2574257425742574,0.2574257425742574,0.5,0.7326732673267327,0.1287128712871287,0.4455445544554455,0.0,1.25,1.1365662998625328,0.0,4.0,23.0,5.0
1,Allegro Sinfonico,Agustin Barrios Mandore,14,7,All,Romantic,found,pdf,pdf-20260524T103936Z-3-001/pdf/barrios-sinfonico.pdf,,,,verified_pieces/pdf/xml/barrios-sinfonico.musicxml,,0.0,1.44,4,1.7332683560753737,0.4417721518987342,0.2125435540069686,0.2319688109161793,3,0.0,1.538910505836576,791,118.0,6.674561391814426,5.366624525916562,12.0,0.3678887484197218,0.1782553729456384,3.0,0.2937743190661478,3.225165562913907,0.5629139072847682,0.1851851851851851,21.0,2.70094601467008,3.60524558298208,2.3775206206159614,0.3021442495126705,3.0,20.0,5.6875,3.6800894854586126,8.0,5.15616200996318,84.0,6.995851782280067,True,0.0,0.0102880658436214,0.0041152263374485,0.15,0.0349794238683127,0.0308641975308641,0.25,0.6995884773662552,0.1522633744855967,0.7469135802469136,0.0,1.75,0.9833075133510212,0.0349794238683127,5.0,74.0,23.0
1,"Allegro, Op. 100 no. 11",Mauro Giuliani,6,3,V,Classical,found,pdf,pdf-20260524T103936Z-3-001/pdf/Opus 100 No 11 by Mauro Giuliani.pdf,,,,verified_pieces/pdf/xml/Opus 100 No 11 by Mauro Giuliani.musicxml,gaps_v1/musicxml/giuliani-opus100-no11.xml,0.0,1.0,4,4.373126338329764,0.6770186335403726,0.9032967032967032,1.779443254817987,5,0.0,1.0341880341880345,484,110.0,6.184148890937483,2.8057851239669422,7.0,0.1074380165289256,0.4876033057851239,1.9,0.017094017094017,2.625,1.0,0.3554603854389722,22.0,6.879147045820369,2.3907612666453,2.366469897274079,0.0770877944325481,4.0,22.0,4.4375,3.5,8.800000000000004,12.72296573875803,88.0,3.2930724246513723,True,0.0,0.0,0.0,0.0,0.0,0.0128755364806866,0.25,0.9012875536480688,0.351931330472103,0.9828326180257512,0.0,1.75,0.8046748338910026,0.0085836909871244,3.0,15.0,5.0
1,"Allegro, Op. 40 no. 6",Mauro Giuliani,6,3,X,Classical,found,pdf,pdf-20260524T103936Z-3-001/pdf/Divertimento Opus 40 No 6 by Mauro Giuliani.pdf,,,,verified_pieces/pdf/xml/Divertimento Opus 40 No 6 by Mauro Giuliani.musicxml,,0.0,1.0612244897959184,3,2.687224669603524,0.5922865013774105,0.6197183098591549,0.9427312775330396,5,0.0,1.5964912280701755,364,94.0,5.899897353582492,2.681318681318681,7.0,0.1208791208791208,0.3379120879120879,2.0,0.4473684210526316,2.147058823529412,0.2549019607843137,0.4449339207048458,7.5,2.0221196726630817,2.5428251960496526,2.1067877081388224,0.026431718061674,3.0,7.5,5.3125,2.5876288659793816,6.0,8.405286343612335,30.0,6.87719298245614,True,0.0,0.0,0.0044247787610619,0.2222222222222222,0.1946902654867256,0.1194690265486725,0.25,0.5309734513274337,0.1769911504424778,0.584070796460177,0.0,0.75,1.4367228312311515,0.0619469026548672,3.0,25.0,9.0
1,"Allegro, Op. 50 no. 13",Mauro Giuliani,1,1,I,Classical,found,pdf,pdf-20260524T103936Z-3-001/pdf/Opus 50 No 13 by Mauro Giuliani.pdf,,,,verified_pieces/pdf/xml/Opus 50 No 13 by Mauro Giuliani.musicxml,,0.0062893081761006,0.25,1,2.71993670886076,0.8313253012048193,0.9675324675324676,1.518987341772152,5,0.0,1.050314465408805,167,90.0,5.123963979403259,2.035928143712575,3.0,0.0359281437125748,0.3053892215568862,0.7000000000000002,0.0251572327044025,2.75,0.75,0.0949367088607595,21.0,5.097883464613432,2.141235427076631,2.204802689536596,0.0379746835443038,0.5,21.0,4.1875,0.3333333333333333,0.8,8.544303797468354,84.0,3.876298690017026,True,0.0,0.0,0.0063291139240506,0.0,0.0,0.0063291139240506,0.25,0.9430379746835444,0.3924050632911392,0.981012658227848,1.0,1.75,1.3061199726901291,0.0063291139240506,3.0,11.0,4.0
1,"Allegro, Op. 60 no. 20",Matteo Carcassi,7,3,X,Classical,found,pdf,pdf-20260524T103936Z-3-001/pdf/Opus 60 No 20 in A by Matteo Carcassi.pdf,,,,verified_pieces/pdf/xml/Opus 60 No 20 in A by Matteo Carcassi.musicxml,gaps_v1/musicxml/Opus 60 No 7 in A Minor by Matteo Carcassi.xml,0.0,0.0,0,3.875346260387812,0.7645429362880887,0.8393351800554016,1.335180055401662,5,0.0,1.0,362,180.0,5.8944028342648505,4.18232044198895,10.0,0.292817679558011,0.3093922651933701,0.0,0.0,0.0,0.0,0.4349030470914127,22.0,5.333579035068014,3.1838342415223697,2.324259133411111,0.0055401662049861,0.0,22.0,2.0,0.0,0.0,7.14404432132964,44.0,1.9306666666666668,True,0.0,0.0,0.0,,0.0,0.0,0.5,0.9638888888888888,0.25,1.0,0.0,2.5,1.0794996461367077,0.0,3.0,11.0,1.0
1,"Andantino Grazioso, Op. 5 no. 8",Matteo Carcassi,4,3,V,Classical,found,dada_gp,,"datasets/DadaGP-v1.1/C/Carcassi, Mateo/Carcassi, Mateo - Andante Grazioso Opus 5 No. 8.gp3.tokens.txt","datasets/DadaGP-v1.1/C/Carcassi, Mateo/Carcassi, Mateo - Andante Grazioso Opus 5 No. 8.gp3",,"verified_pieces/dada/xml/Carcassi, Mateo - Andante Grazioso Opus 5 No. 8.musicxml",,0.0,1.131578947368421,3,1.6764705882352942,0.5204918032786885,0.390625,0.6840336134453782,4,0.0,1.639261744966443,977,75.0,6.885509670034818,2.510747185261004,5.0,0.0348004094165813,0.2671443193449335,2.0,0.436241610738255,1.85,0.1038461538461538,0.2319327731092437,7.5,1.470229648157941,2.676448990244956,2.252623782976915,0.0773109243697479,1.7058823529411764,7.0,5.875,3.0584795321637426,5.333333333333333,7.094117647058823,30.0,8.276789275618682,True,0.0,0.0207253886010362,0.0,0.0,0.2020725388601036,0.1450777202072538,0.25,0.4697754749568221,0.157167530224525,0.5630397236614854,0.0,1.375,1.6687492246544855,0.0949913644214162,9.0,26.0,8.0
1,Armonias de America,Agustin Barrios Mangore,12,8,XII,Romantic,found,pdf,pdf-20260524T103936Z-3-001/pdf/Armonias De America by Agustin Barrios Mangore.pdf,,,,verified_pieces/pdf/xml/Armonias De America by Agustin Barrios Mangore.musicxml,,0.0387984981226533,1.2981530343007917,3,1.026733500417711,0.3086510263929619,0.3050397877984085,0.2117794486215538,4,0.0,1.7083854818523154,1365,112.0,7.219642040130735,5.753113553113553,12.0,0.3904761904761905,0.1128205128205128,2.0,0.474342928660826,1.6675461741424802,0.2770448548812665,0.1215538847117794,16.0,1.500254882639006,3.811381437823764,2.198506502357098,0.4448621553884712,2.6,6.25,7.4375,9.078904384972985,32.0,6.255325814536341,160.0,7.996386395982548,True,0.0,0.0078431372549019,0.0019607843137254,0.0,0.1372549019607843,0.1745098039215686,0.5,0.4450980392156862,0.1411764705882353,0.5803921568627451,0.0,3.1875,0.9059029475125524,0.0901960784313725,18.0,53.0,13.0
1,"Cadenzas, Caprices, Rondos & Preludes, Op. 100: 1. Cadenze",Mauro Giuliani,1,1,I,Classical,found,pdf,pdf-20260524T103936Z-3-001/pdf/Opus 100 No 1 by Mauro Giuliani.pdf,,,,verified_pieces/pdf/xml/Opus 100 No 1 by Mauro Giuliani.musicxml,gaps_v1/musicxml/giuliani-opus100-no11.xml,0.0,1.0,1,1.4603174603174602,0.890625,0.904,1.1587301587301588,3,0.0,1.015748031496063,129,100.0,4.867534450455582,1.3255813953488371,3.0,0.0,0.3333333333333333,1.0,0.0078740157480314,3.0,1.0,0.1666666666666666,3.0,0.8787689228994544,1.970819560176688,2.361629217819279,0.0079365079365079,1.0,3.0,3.625,0.0,0.0,5.349206349206349,12.0,3.6397637795275593,True,0.0,0.0,0.0,,0.0,0.0078740157480314,0.25,0.8503937007874016,0.2047244094488189,0.9921259842519684,1.0,1.75,1.1142591678661882,0.0,3.0,9.0,2.0
1,"Cadenzas, Caprices, Rondos & Preludes, Op. 100: 10. Capricie",Mauro Giuliani,3,1,II,Classical,found,pdf,pdf-20260524T103936Z-3-001/pdf/Opus 100 No 10 by Mauro Giuliani.pdf,,,,verified_pieces/pdf/xml/Opus 100 No 10 by Mauro Giuliani.musicxml,gaps_v1/musicxml/giuliani-opus100-no11.xml,0.0,1.0,2,1.4812332439678284,0.8143236074270557,1.0,1.646112600536193,5,0.0,1.0106951871657754,378,100.0,5.937536205082426,1.3888888888888888,3.0,0.0,0.3968253968253968,1.8,0.0053475935828877,3.0,1.0,0.1796246648793565,5.0,1.0111557805903997,2.093167687297743,2.362098422932567,0.0,2.0,3.0,4.1875,0.0,0.0,5.896782841823057,20.0,4.064284901581522,True,0.0,0.0,0.0,0.0,0.0026737967914438,0.0,0.25,0.9946524064171124,0.302139037433155,0.997326203208556,0.0,1.75,1.4135578802341149,0.0026737967914438,3.0,12.0,2.0
1,"Cadenzas, Caprices, Rondos & Preludes, Op. 100: 11. Capricie",Mauro Giuliani,6,3,V,Classical,found,pdf,pdf-20260524T103936Z-3-001/pdf/giuliani-opus100-no11.pdf,,,,verified_pieces/pdf/xml/giuliani-opus100-no11.musicxml,gaps_v1/musicxml/giuliani-opus100-no11.xml,0.0,0.4444444444444444,2,1.6539256198347108,0.7546468401486989,0.9803921568627452,1.7851239669421488,5,0.0,1.1111111111111112,270,112.0,5.602118820879701,1.637037037037037,4.0,0.0148148148148148,0.3592592592592593,1.0,0.0864197530864197,1.5238095238095235,0.7142857142857143,0.2231404958677686,5.0,1.1815187919049852,2.341908986102016,2.453948380319307,0.0082644628099173,1.3333333333333333,4.0,4.5,1.3235294117647058,4.0,6.598140495867769,20.0,4.6875,True,0.0,0.0,0.0,0.0,0.0082987551867219,0.0207468879668049,0.25,0.9875518672199172,0.2365145228215767,0.91701244813278,1.0,1.75,0.9949262864448004,0.0082987551867219,2.0,19.0,7.0
1,"Cadenzas, Caprices, Rondos & Preludes, Op. 100: 12. Capricie",Mauro Giuliani,7,5,VII,Classical,found,pdf,pdf-20260524T103936Z-3-001/pdf/Opus 100 No 12 by Mauro Giuliani.pdf,,,,verified_pieces/pdf/xml/Opus 100 No 12 by Mauro Giuliani.musicxml,gaps_v1/musicxml/giuliani-opus100-no11.xml,0.0,0.0,0,3.1131889763779528,0.7330754352030948,0.906930693069307,1.0059055118110236,3,0.0,1.0176817288801572,518,90.0,6.251903883165888,3.295366795366796,5.0,0.0888030888030888,0.2934362934362934,0.0,0.005893909626719,5.0,0.3333333333333333,0.2303149606299212,22.0,5.593820696796598,2.6666114349218573,2.1809576891070304,0.0551181102362204,0.0,22.0,4.0,0.0,0.0,10.12270341207349,88.0,3.660827330277232,True,0.0,0.0,0.0,,0.002,0.0,0.25,0.95,0.266,0.998,0.0,2.75,1.2617451373848647,0.0,3.0,12.0,2.0
1,"Cadenzas, Caprices, Rondos & Preludes, Op. 100: 13. Capricie",Mauro Giuliani,8,5,XII,Classical,found,pdf,pdf-20260524T103936Z-3-001/pdf/Opus 100 No 13 by Mauro Giuliani.pdf,,,,verified_pieces/pdf/xml/Opus 100 No 13 by Mauro Giuliani.musicxml,gaps_v1/musicxml/giuliani-opus100-no11.xml,0.0,0.7931034482758621,2,4.657793209876543,0.7151767151767152,0.676923076923077,1.1180555555555556,5,0.0,1.1131639722863742,482,160.0,6.180016653652572,3.616182572614108,11.0,0.1680497925311203,0.412863070539419,2.0,0.0715935334872979,2.064516129032258,0.4516129032258064,0.3125,22.0,7.219899356966657,2.713999315330184,2.310983986742357,0.0694444444444444,2.0,22.0,2.875,1.5862068965517242,4.0,8.035686728395062,44.0,2.2929274984702235,True,0.0,0.0,0.0,0.0,0.0047281323877068,0.0472813238770685,0.5,0.9054373522458627,0.2411347517730496,0.9361702127659576,1.0,2.5,0.997484984166246,0.0141843971631205,3.0,20.0,7.0
1,"Cadenzas, Caprices, Rondos & Preludes, Op. 100: 14. Capricie",Mauro Giuliani,7,4,VII,Classical,found,pdf,pdf-20260524T103936Z-3-001/pdf/Opus 100 No 14 by Mauro Giuliani.pdf,,,,verified_pieces/pdf/xml/Opus 100 No 14 by Mauro Giuliani.musicxml,gaps_v1/musicxml/giuliani-opus100-no11.xml,0.0,1.5,3,1.6281818181818182,0.7419354838709677,0.9035250463821892,1.0563636363636364,3,0.0,1.014519056261343,559,120.0,6.327936783729195,2.629695885509839,7.0,0.1180679785330948,0.3130590339892665,2.5,0.0108892921960072,1.3333333333333333,1.0,0.16,7.0,1.6856146339584492,2.71621098835959,2.395735142026856,0.08,3.0,7.0,3.6875,4.8,8.0,5.7690909090909095,28.0,3.5893427370258912,True,0.0,0.0,0.0,0.0,0.0036363636363636,0.0018181818181818,0.25,0.8527272727272728,0.3127272727272727,0.990909090909091,0.0,1.0,1.0270674719338848,0.0018181818181818,4.0,17.0,6.0
1,"Cadenzas, Caprices, Rondos & Preludes, Op. 100: 15. Rondo",Mauro Giuliani,5,3,V,Classical,found,pdf,pdf-20260524T103936Z-3-001/pdf/Opus 100 No 15 by Mauro Giuliani.pdf,,,,verified_pieces/pdf/xml/Opus 100 No 15 by Mauro Giuliani.musicxml,gaps_v1/musicxml/giuliani-opus100-no11.xml,0.0,0.4166666666666667,2,2.156679764243615,0.5734024179620034,0.8413461538461539,1.280943025540275,5,0.0,1.1372549019607845,580,120.0,6.364750756851911,1.9706896551724136,3.0,0.043103448275862,0.3931034482758621,1.0,0.1215686274509803,2.790322580645161,0.2903225806451613,0.1552062868369351,22.0,4.289120212079931,2.2240020817721904,2.370759163886225,0.1414538310412573,2.0,21.0,4.0,1.0621468926553672,4.0,6.099514298188168,88.0,3.624218918336565,True,0.0,0.0,0.0,0.0,0.0311111111111111,0.0422222222222222,0.25,0.5511111111111111,0.2977777777777777,0.9244444444444444,1.0,1.75,1.198684663466548,0.0066666666666666,4.0,21.0,5.0
1,"Cadenzas, Caprices, Rondos & Preludes, Op. 100: 16. Rondo",Mauro Giuliani,6,2,VIII,Classical,found,pdf,pdf-20260524T103936Z-3-001/pdf/Opus 100 No 16 by Mauro Giuliani.pdf,,,,verified_pieces/pdf/xml/Opus 100 No 16 by Mauro Giuliani.musicxml,gaps_v1/musicxml/giuliani-opus100-no11.xml,0.0,0.6283783783783784,2,1.8191952147906472,0.7220812182741116,0.6888888888888889,0.9722675367047308,5,0.0,1.285016286644951,789,90.0,6.672032945461067,1.4600760456273765,3.0,0.0076045627376425,0.4068441064638783,2.0,0.252442996742671,2.987096774193549,0.232258064516129,0.2675367047308319,22.0,1.6621075341002325,2.171703961759378,2.442428888740648,0.0097879282218597,2.0,11.0,5.5625,2.242630385487528,8.0,7.007612833061446,84.0,6.336736563517915,True,0.0,0.0,0.0,0.0,0.0985221674876847,0.1067323481116584,0.25,0.9704433497536946,0.2758620689655172,0.7701149425287356,0.0,1.75,1.217563381335026,0.0098522167487684,5.0,30.0,7.0
1,"Cadenzas, Caprices, Rondos & Preludes, Op. 100: 19. Preludi",Mauro Giuliani,9,4,VII,Classical,found,pdf,pdf-20260524T103936Z-3-001/pdf/Opus 100 No 19 by Mauro Giuliani.pdf,,,,verified_pieces/pdf/xml/Opus 100 No 19 by Mauro Giuliani.musicxml,gaps_v1/musicxml/giuliani-opus100-no11.xml,0.0,0.0909090909090909,1,2.027927927927928,0.8465346534653465,0.6211180124223602,0.6864864864864865,3,0.0,1.0913978494623655,203,100.0,5.318119993844216,3.724137931034482,8.0,0.3399014778325123,0.2660098522167488,0.0,0.0698924731182795,2.3076923076923075,0.6923076923076923,0.3027027027027027,10.0,1.545399323760914,3.007289249535587,2.2331739947632148,0.0054054054054054,0.5,7.0,4.1875,0.1,0.0999999999999996,7.790090090090089,40.0,4.26064929693962,True,0.0,0.0,0.0,0.0,0.0376344086021505,0.0,0.25,0.9247311827956988,0.1935483870967742,0.9408602150537636,0.0,0.75,1.2547395886260682,0.0053763440860215,4.0,15.0,5.0
1,"Cadenzas, Caprices, Rondos & Preludes, Op. 100: 2. Cadenze",Mauro Giuliani,13,2,III,Classical,found,pdf,pdf-20260524T103936Z-3-001/pdf/Opus 100 No 2 by Mauro Giuliani.pdf,,,,verified_pieces/pdf/xml/Opus 100 No 2 by Mauro Giuliani.musicxml,gaps_v1/musicxml/giuliani-opus100-no11.xml,0.0,0.0,0,1.206140350877193,0.6753246753246753,1.0,1.2763157894736843,3,0.0,1.0131004366812226,232,130.0,5.4510384535657,1.6163793103448276,4.0,0.0,0.4051724137931034,0.0,0.0043668122270742,5.0,1.0,0.1228070175438596,4.0,1.0705618370595404,2.243083390858185,2.268069320566532,0.0,0.0,4.0,2.1875,0.0,0.0,2.412280701754386,8.0,2.0617482571056462,True,0.0,0.0,0.0,0.0,0.0,0.0043668122270742,0.5,0.9956331877729258,0.2358078602620087,0.9956331877729258,1.0,2.5,1.1413894980140658,0.0043668122270742,2.0,13.0,2.0
1,"Cadenzas, Caprices, Rondos & Preludes, Op. 100: 20. Preludi",Mauro Giuliani,10,3,IV,Classical,found,pdf,pdf-20260524T103936Z-3-001/pdf/Opus 100 No 20 by Mauro Giuliani.pdf,,,,verified_pieces/pdf/xml/Opus 100 No 20 by Mauro Giuliani.musicxml,gaps_v1/musicxml/giuliani-opus100-no11.xml,0.0,0.0,0,1.574468085106383,0.631578947368421,0.5925925925925926,0.7730496453900709,4,0.0,1.0774647887323945,153,90.0,5.0369526024136295,1.7581699346405228,4.0,0.0326797385620915,0.4117647058823529,0.0,0.028169014084507,2.75,0.75,0.2482269503546099,7.0,1.4828180011561622,2.439662019875881,2.328493071152507,0.1418439716312056,0.0,4.899999999999992,4.125,0.0,0.0,6.378250591016548,48.0,3.372933251684017,True,0.0,0.0,0.0,0.0,0.0,0.0236220472440944,0.25,0.6929133858267716,0.2755905511811024,0.968503937007874,1.0,0.75,1.2665746273388188,0.0236220472440944,5.0,14.0,3.0
1,"Cadenzas, Caprices, Rondos & Preludes, Op. 100: 21. Preludi",Mauro Giuliani,10,4,XIV,Classical,found,pdf,pdf-20260524T103936Z-3-001/pdf/Opus 100 No 21 by Mauro Giuliani.pdf,,,,verified_pieces/pdf/xml/Opus 100 No 21 by Mauro Giuliani.musicxml,gaps_v1/musicxml/giuliani-opus100-no11.xml,0.0095238095238095,1.9,3,1.9070512820512824,0.664,0.6263736263736264,0.7692307692307693,5,0.0,1.2,126,90.0,4.844187086458591,3.333333333333333,7.0,0.1984126984126984,0.2222222222222222,3.0,0.0952380952380952,3.2,0.9,0.2307692307692307,15.0,2.125575201572763,2.97784674060231,2.3731645385174462,0.0673076923076923,3.0,9.299999999999986,4.0625,7.7,15.599999999999987,6.785256410256411,48.0,4.45524861878453,True,0.0,0.010204081632653,0.0,0.2,0.0408163265306122,0.010204081632653,0.25,0.7551020408163265,0.2040816326530612,0.9081632653061223,0.0,1.75,0.8171964769023197,0.0408163265306122,5.0,17.0,5.0
1,"Cadenzas, Caprices, Rondos & Preludes, Op. 100: 22. Preludi",Mauro Giuliani,4,3,I,Classical,found,pdf,pdf-20260524T103936Z-3-001/pdf/Opus 100 No 22 by Mauro Giuliani.pdf,,,,verified_pieces/pdf/xml/Opus 100 No 22 by Mauro Giuliani.musicxml,gaps_v1/musicxml/giuliani-opus100-no11.xml,0.0,3.333333333333333,9,2.266035353535353,0.7482517482517482,0.8983739837398373,1.3143939393939394,3,0.0,1.0830188679245285,287,100.0,5.662960480135946,2.588850174216028,3.0,0.0836236933797909,0.0871080139372822,9.0,0.0452830188679245,2.9166666666666665,0.5833333333333334,0.1931818181818181,20.0,3.0736062821829844,2.158926812875154,2.060391895624891,0.0909090909090909,4.0,10.0,4.0625,12.787878787878787,36.0,7.439046717171717,80.0,3.849243530580057,True,0.0,0.0,0.0,-0.5,0.0077220077220077,0.0038610038610038,0.25,0.9227799227799228,0.3243243243243243,0.9613899613899614,0.0,1.75,1.1149722474955637,0.0115830115830115,3.0,18.0,6.0
1,"Cadenzas, Caprices, Rondos & Preludes, Op. 100: 23. Preludi",Mauro Giuliani,7,3,V,Classical,found,pdf,pdf-20260524T103936Z-3-001/pdf/Opus 100 No 23 by Mauro Giuliani.pdf,,,,verified_pieces/pdf/xml/Opus 100 No 23 by Mauro Giuliani.musicxml,gaps_v1/musicxml/giuliani-opus100-no11.xml,0.0,1.4,3,2.244561933534744,0.686046511627907,0.9907407407407408,1.5287009063444108,5,0.0,1.039156626506024,345,100.0,5.846438775057725,2.965217391304348,7.0,0.1072463768115942,0.3072463768115942,2.6,0.0150602409638554,2.6,0.8,0.2205438066465256,22.0,3.491848605138767,2.6482398738529382,2.349126484812992,0.0090634441087613,3.0,21.5,4.125,1.3333333333333333,3.2,8.190936555891238,88.0,4.005687554688026,True,0.0,0.0,0.0,0.0,0.0060422960725075,0.0060422960725075,0.25,0.972809667673716,0.2930513595166163,0.9879154078549848,0.0,1.75,1.4176546109889867,0.0060422960725075,4.0,12.0,3.0
1,"Cadenzas, Caprices, Rondos & Preludes, Op. 100: 24. Preludi",Mauro Giuliani,10,4,IX,Classical,found,pdf,pdf-20260524T103936Z-3-001/pdf/Opus 100 No 24 by Mauro Giuliani.pdf,,,,verified_pieces/pdf/xml/Opus 100 No 24 by Mauro Giuliani.musicxml,gaps_v1/musicxml/giuliani-opus100-no11.xml,0.0,0.2083333333333333,3,1.549448123620309,0.5983772819472617,0.8104265402843602,1.1986754966887416,5,0.0,1.0881057268722467,494,130.0,6.20455776256869,2.172064777327935,5.0,0.0587044534412955,0.3157894736842105,0.6999999999999993,0.052863436123348,2.0,0.2916666666666667,0.1147902869757174,22.0,2.795421602290366,2.550172510764783,2.41157270578976,0.1147902869757174,2.0,17.65,3.8125,0.3043478260869565,0.0,4.629623497669855,44.0,3.589477322703772,True,0.0,0.0,0.0,0.0,0.0089887640449438,0.0269662921348314,0.25,0.7033707865168539,0.2696629213483146,0.950561797752809,0.0,1.75,1.3083432070697008,0.0089887640449438,5.0,15.0,4.0
1,"Cadenzas, Caprices, Rondos & Preludes, Op. 100: 3. Cadenze",Mauro Giuliani,2,2,III,Classical,found,pdf,pdf-20260524T103936Z-3-001/pdf/Opus 100 No 3 by Mauro Giuliani.pdf,,,,verified_pieces/pdf/xml/Opus 100 No 3 by Mauro Giuliani.musicxml,gaps_v1/musicxml/giuliani-opus100-no11.xml,0.0,2.0,3,1.1124371859296482,0.6626984126984127,1.0,1.2261306532663316,3,0.0,1.265,253,130.0,5.537334267018537,2.9683794466403164,4.0,0.0,0.0355731225296442,3.0,0.055,2.636363636363636,0.5454545454545454,0.0251256281407035,4.0,0.7968013723374948,1.998282048606484,2.1143459460952845,0.0050251256281407,3.0,4.0,5.6875,6.8,12.0,4.4290201005025125,16.0,6.038584905660377,True,0.0,0.0,0.0,0.0,0.0201005025125628,0.0201005025125628,0.25,0.984924623115578,0.2311557788944723,0.9597989949748744,1.0,1.75,1.1685856036348412,0.0301507537688442,2.0,13.0,3.0
1,"Cadenzas, Caprices, Rondos & Preludes, Op. 100: 4. Cadenze",Mauro Giuliani,4,2,II,Classical,found,pdf,pdf-20260524T103936Z-3-001/pdf/Opus 100 No 4 by Mauro Giuliani.pdf,,,,verified_pieces/pdf/xml/Opus 100 No 4 by Mauro Giuliani.musicxml,gaps_v1/musicxml/giuliani-opus100-no11.xml,0.0512820512820512,0.782608695652174,3,1.3480392156862746,0.5352798053527981,1.0,1.7941176470588236,5,0.0,1.5091575091575091,412,110.0,6.023447592961033,1.934466019417476,4.0,0.0,0.1771844660194174,2.0,0.2527472527472527,2.0434782608695654,0.2608695652173913,0.1985294117647058,4.0,1.064019115524102,2.0430579609769506,2.370300769646202,0.0,1.6,3.983333333333332,4.1875,1.588235294117647,4.0,4.019607843137256,16.0,6.095812684047978,True,0.0,0.0256410256410256,0.0,0.1886792452830188,0.0732600732600732,0.0659340659340659,0.5,0.4981684981684982,0.1538461538461538,0.7472527472527473,1.0,1.75,1.113966597360938,0.1575091575091575,3.0,29.0,7.0
1,"Cadenzas, Caprices, Rondos & Preludes, Op. 100: 5. Cadenze",Mauro Giuliani,3,3,IV,Classical,found,pdf,pdf-20260524T103936Z-3-001/pdf/Opus 100 No 5 by Mauro Giuliani.pdf,,,,verified_pieces/pdf/xml/Opus 100 No 5 by Mauro Giuliani.musicxml,gaps_v1/musicxml/giuliani-opus100-no11.xml,0.0,1.0,2,1.0717592592592593,0.6537313432835821,1.0,1.3240740740740742,3,0.0,1.033846153846154,336,110.0,5.820082930352362,2.142857142857143,4.0,0.0059523809523809,0.2113095238095238,1.6,0.0153846153846153,3.4,0.6,0.0895061728395061,4.0,1.00291873004792,2.438665232357764,2.238730487244664,0.0061728395061728,2.0,4.0,4.3125,2.625,6.200000000000001,4.287037037037037,16.0,4.185208526413345,True,0.0,0.0,0.0,,0.0030959752321981,0.0061919504643962,0.25,0.9969040247678018,0.1764705882352941,0.9907120743034056,0.0,2.75,1.0994709820533393,0.0,2.0,15.0,3.0
1,"Cadenzas, Caprices, Rondos & Preludes, Op. 100: 6. Cadenze",Mauro Giuliani,5,2,II,Classical,found,pdf,pdf-20260524T103936Z-3-001/pdf/Opus 100 No 6 by Mauro Giuliani.pdf,,,,verified_pieces/pdf/xml/Opus 100 No 6 by Mauro Giuliani.musicxml,gaps_v1/musicxml/giuliani-opus100-no11.xml,0.0,2.0,2,0.89375,0.5761316872427984,0.7824267782426778,0.925,3,0.0,1.012448132780083,244,110.0,5.501258210544727,1.778688524590164,3.0,0.0,0.151639344262295,2.0,0.0041493775933609,3.0,1.0,0.0208333333333333,3.0,0.8697236749872532,1.9491532793657087,2.3409484507061498,0.1916666666666666,2.0,3.0,4.1875,0.0,0.0,3.575,12.0,4.11728907330567,True,0.0,0.0,0.0,0.0,0.0,0.0041493775933609,0.25,0.995850622406639,0.2323651452282157,0.995850622406639,1.0,1.75,1.2232439927856968,0.0041493775933609,2.0,9.0,2.0
1,"Cadenzas, Caprices, Rondos & Preludes, Op. 100: 7. Cadenze",Mauro Giuliani,4,2,III,Classical,found,pdf,pdf-20260524T103936Z-3-001/pdf/Opus 100 No 7 by Mauro Giuliani.pdf,,,,verified_pieces/pdf/xml/Opus 100 No 7 by Mauro Giuliani.musicxml,gaps_v1/musicxml/giuliani-opus100-no11.xml,0.0025974025974025,0.0,0,1.0625,0.5891472868217055,1.0,1.3697916666666667,3,0.0,1.0077922077922077,388,110.0,5.963579343618446,2.5902061855670104,4.0,0.0,0.0798969072164948,0.0,0.0025974025974025,5.0,1.0,0.1197916666666666,5.0,1.134795319283027,2.048757784058,1.9324060025562864,0.0,0.0,3.899999999999999,4.1875,0.0,0.0,4.25,20.0,4.073160173160173,True,0.0,0.0,0.0,1.0,0.0,0.0,0.25,0.9974025974025974,0.2753246753246753,0.9974025974025974,1.0,1.75,1.424304185270251,0.0,2.0,13.0,2.0
1,"Cadenzas, Caprices, Rondos & Preludes, Op. 100: 8. Cadenze",Mauro Giuliani,5,2,IV,Classical,found,pdf,pdf-20260524T103936Z-3-001/pdf/Opus 100 No 8 by Mauro Giuliani.pdf,,,,verified_pieces/pdf/xml/Opus 100 No 8 by Mauro Giuliani.musicxml,gaps_v1/musicxml/giuliani-opus100-no11.xml,0.0,0.0,0,1.3489583333333333,0.8645833333333334,0.9895833333333334,1.1875,4,0.0,1.0,193,160.0,5.267858159063328,3.05699481865285,5.0,0.0,0.0673575129533678,0.0,0.0,0.0,0.0,0.0677083333333333,4.0,0.8342280353300023,2.388501041702455,2.291163748793297,0.0,0.0,3.0,2.0,0.0,0.0,2.6979166666666665,8.0,2.0104166666666665,True,0.0,0.0,0.0,,0.0,0.0,0.5,0.9948186528497408,0.238341968911917,1.0,1.0,2.5,1.1840714718522432,0.0,2.0,10.0,1.0
1,"Cadenzas, Caprices, Rondos & Preludes, Op. 100: 9. Cadenze",Mauro Giuliani,4,3,IV,Classical,found,pdf,pdf-20260524T103936Z-3-001/pdf/Opus 100 No 9 by Mauro Giuliani.pdf,,,,verified_pieces/pdf/xml/Opus 100 No 9 by Mauro Giuliani.musicxml,gaps_v1/musicxml/giuliani-opus100-no11.xml,0.0037735849056603,0.0,0,1.0416666666666667,0.6666666666666666,1.0,1.1704545454545454,3,0.0,1.0113207547169811,268,140.0,5.594711379601839,3.16044776119403,6.0,0.0,0.0485074626865671,0.0,0.0037735849056603,5.0,1.0,0.0681818181818181,3.0,0.9098402845743552,2.560056390005771,2.1771302783717656,0.0,0.0,3.0,4.1875,0.0,0.0,4.166666666666667,12.0,4.106575185820469,True,0.0,0.0,0.0,1.0,0.0,0.0,0.25,0.9962264150943396,0.2641509433962264,0.9962264150943396,1.0,1.75,1.0571964245678327,0.0,2.0,10.0,2.0
1,Carora (Valse Venezolano),Antonio Lauro,14,7,All,Modern,found,dada_gp,,"datasets/DadaGP-v1.1/L/Lauro, Antonio/Lauro, Antonio - Carora (Valse Venezolano).gp4.tokens.txt","datasets/DadaGP-v1.1/L/Lauro, Antonio/Lauro, Antonio - Carora (Valse Venezolano).gp4",,"verified_pieces/dada/xml/Lauro, Antonio - Carora (Valse Venezolano).musicxml",,0.0316205533596837,0.7101449275362319,4,2.2566137566137567,0.6153846153846154,0.7611940298507462,1.0595238095238095,5,0.0681818181818181,1.391304347826087,352,160.0,5.8664680569332965,3.9375,10.0,0.25,0.2357954545454545,2.0,0.2727272727272727,2.4927536231884058,0.7681159420289855,0.2976190476190476,14.0,2.5843274067634456,3.400507392794325,2.485082845548422,0.0079365079365079,1.9166666666666667,12.0,3.1875,1.405805797971103,4.400000000000006,4.472870506335346,28.0,3.641183125909164,True,,,,,,,,,,,,,,,,,
1,Dance of the Reed Flutes (from The Nutcracker); Op. 71,Peter Ilyitch Tchaikovsky,5,3,III,Romantic,found,pdf,pdf-20260524T103936Z-3-001/pdf/Waltz Of The Flowers From The Nutcracker Ballet (Opus 71) by Pyotr Ilyich Tchaikovsky.pdf,,,,verified_pieces/pdf/xml/Waltz Of The Flowers From The Nutcracker Ballet (Opus 71) by Pyotr Ilyich Tchaikovsky.musicxml,,0.0167364016736401,1.4651162790697674,3,1.5798319327731092,0.5648414985590778,0.3660130718954248,0.3445378151260504,3,0.0,1.4560669456066946,348,160.0,5.855071922202427,3.089080459770115,7.0,0.1752873563218391,0.1896551724137931,3.0,0.1924686192468619,2.369565217391304,0.391304347826087,0.2394957983193277,6.0,1.1863286624608669,3.062201327083573,2.101229198826033,0.088235294117647,2.25,4.862499999999999,2.5,2.7976190476190474,5.799999999999997,3.747549019607843,32.0,2.7006598111719105,True,0.0,0.0229357798165137,0.0,0.2083333333333333,0.0458715596330275,0.018348623853211,0.5,0.4357798165137614,0.1697247706422018,0.8165137614678899,0.0,2.1875,1.296683858880441,0.0871559633027523,6.0,27.0,10.0
1,Dedicatoria,Enrique Granados,7,6,IX,Romantic,found,pdf,pdf-20260524T103936Z-3-001/pdf/granados-dedicatoria.pdf,,,,verified_pieces/pdf/xml/granados-dedicatoria.musicxml,,0.0,0.8888888888888888,4,1.2801837270341208,0.3272727272727272,0.3581081081081081,0.5511811023622047,3,0.0,1.2980392156862746,331,55.0,5.805134968916488,6.057401812688822,10.0,0.5558912386706949,0.1510574018126888,4.0,0.2823529411764706,3.361111111111111,0.2777777777777778,0.2322834645669291,9.0,1.947056499594601,3.236860530791456,2.4598962078379394,0.5078740157480315,1.4782608695652173,6.5,8.5625,8.444444444444445,32.0,19.656167979002625,144.0,9.64153672689272,True,0.0,0.0,0.0,,0.0793650793650793,0.0317460317460317,0.3125,0.9285714285714286,0.2222222222222222,0.7222222222222222,0.0,0.6875,1.5684859392621224,0.0,3.0,23.0,7.0
1,Dinora,Agustin Barrios Mangore,7,7,XII,Romantic,found,pdf,pdf-20260524T103936Z-3-001/pdf/barrios-dinora.pdf,,,,verified_pieces/pdf/xml/barrios-dinora.musicxml,,0.0745428973277074,1.3286384976525822,4,0.5734741784037558,0.1525423728813559,0.1370967741935483,0.1647887323943662,5,0.0,1.7440225035161745,1240,120.0,7.123672785204607,6.149193548387097,9.0,0.5475806451612903,0.0274193548387096,2.0,0.5991561181434599,1.5352112676056338,0.1713615023474178,0.0732394366197183,14.0,1.3429016345935263,3.155665531967135,2.1788697942657467,0.7140845070422536,4.0,8.749999999999988,3.0,2.1520728291316527,8.0,1.0920914375139728,40.0,2.1604274768831733,True,0.0,0.0,0.0094786729857819,0.0,0.1279620853080568,0.1042654028436018,1.0,0.4454976303317535,0.1090047393364928,0.5497630331753555,1.0,83.75,1.255169332782582,,13.0,56.0,12.0
1,Divagaciones Criollas,Agustin Barrios Mandore,7,5,VII,Romantic,found,pdf,pdf-20260524T103936Z-3-001/pdf/barrios-criollas.pdf,,,,verified_pieces/pdf/xml/barrios-criollas.musicxml,,0.0081466395112016,1.0180722891566265,4,1.7972789115646255,0.5193236714975845,0.5098039215686274,0.8530612244897959,5,0.0,1.6883910386965375,829,120.0,6.721425700790643,3.5030156815440288,8.0,0.2702050663449939,0.2665862484921592,3.0,0.3584521384928716,2.414772727272727,0.4318181818181818,0.2571428571428571,9.5,1.5296634096094914,3.07005981366303,2.51602356689096,0.0714285714285714,2.333333333333333,9.5,3.4375,1.0707070707070707,3.0,3.2796096533851635,64.0,3.6736907377412855,True,0.0,0.0166320166320166,0.0103950103950103,0.0,0.079002079002079,0.1787941787941788,0.5,0.4573804573804574,0.1288981288981289,0.6611226611226612,1.0,2.8125,1.4290098455532356,0.1600831600831601,10.0,39.0,14.0
1,"Ecossaise, Op. 33 no. 11",Mauro Giuliani,2,2,II,Classical,found,pdf,pdf-20260524T103936Z-3-001/pdf/Ecossaise by Mauro Giuliani.pdf,,,,verified_pieces/pdf/xml/Ecossaise by Mauro Giuliani.musicxml,,0.0,0.5238095238095238,2,1.196969696969697,0.6373626373626373,0.8,0.8181818181818182,2,0.0,1.373134328358209,92,90.0,4.532599493153256,1.0543478260869563,3.0,0.0,0.4456521739130434,2.0,0.373134328358209,2.72,0.4,0.1666666666666666,3.0,0.96089757549745,1.8634328921489955,2.328553256574049,0.0454545454545454,2.0,3.0,2.8125,0.8571428571428571,2.0,2.333333333333333,6.0,3.6093816631130062,True,0.0,0.0,0.0,,0.046875,0.15625,0.5,0.953125,0.1875,0.765625,1.0,1.5,1.1709604131554086,0.0,3.0,13.0,4.0
1,Einleitende Etuden (Introductory Studies); Op. 60 no. 12,Fernando Sor,4,2,V,Classical,found,pdf,pdf-20260524T103936Z-3-001/pdf/Opus 60 No 12 in G Major by Fernando Sor.pdf,,,,verified_pieces/pdf/xml/Opus 60 No 12 in G Major by Fernando Sor.musicxml,,0.0,0.4166666666666667,3,2.955357142857143,0.6597222222222222,0.5846153846153846,0.6160714285714286,4,0.0,1.2831858407079646,145,120.0,4.983606621708336,2.7448275862068967,5.0,0.0689655172413793,0.3379310344827586,1.0,0.2831858407079646,2.0625,0.75,0.3660714285714285,19.0,4.725289849116481,2.5450629627935286,2.1563229215909407,0.0892857142857142,1.0,19.0,3.5,0.8333333333333334,2.0,7.360119047619047,76.0,3.6128533379156287,True,0.0,0.0,0.0,,0.1363636363636363,0.0636363636363636,0.5,0.7545454545454545,0.3,0.7454545454545455,0.0,0.8125,1.0603694816285507,0.0,5.0,25.0,6.0
1,Elogio De La Danza,Leo Brouwer,9,8,X,Modern,found,pdf,pdf-20260524T103936Z-3-001/pdf/Eligio De La Danza by Leo Brouwer.pdf,,,,verified_pieces/pdf/xml/Eligio De La Danza by Leo Brouwer.musicxml,,0.0,0.5566037735849056,3,1.0080106809078773,0.2745314222712238,0.2520325203252032,0.4018691588785046,5,0.0,1.2106666666666666,908,49.0,6.812345094177479,3.7147577092511015,9.0,0.2665198237885463,0.3601321585903084,3.0,0.1493333333333333,1.7232142857142858,0.0803571428571428,0.1415220293724966,12.0,2.075427453169724,3.0129526431574014,2.4879894996176737,0.6448598130841121,3.0,10.0,7.1875,3.292452830188679,12.0,10.161659991099244,192.0,4.716697595423259,True,0.0,0.0,0.0,,0.0,0.0097560975609756,0.5,0.3853658536585366,0.2341463414634146,0.8390243902439024,1.0,9.5,0.8499002762083328,0.0,19.0,20.0,7.0
1,Estilo (Chinita),Agustin Barrios Mandore,7,5,VIII,Romantic,found,pdf,pdf-20260524T103936Z-3-001/pdf/barrios-estilo.pdf,,,,verified_pieces/pdf/xml/barrios-estilo.musicxml,,0.0,1.653179190751445,3,0.9704209328782708,0.2888146911519199,0.2317073170731707,0.3003412969283277,3,0.0,2.0408163265306123,600,90.0,6.398594934535208,3.7316666666666665,6.0,0.0833333333333333,0.1,2.0,0.5884353741496599,2.6705202312138727,0.3179190751445087,0.1399317406143344,7.75,1.26549071704827,2.827464120683348,2.316903889909957,0.3856655290102389,2.25,6.8,4.125,2.5820874861572536,4.0,2.181503602578688,28.0,4.893066117555914,True,0.0,0.0,0.0157894736842105,0.5,0.0736842105263157,0.0421052631578947,1.0,0.4473684210526316,0.1157894736842105,0.5631578947368421,0.0,83.75,1.21666865153491,0.0421052631578947,9.0,45.0,12.0
1,Estudios Sencillos: V,Leo Brouwer,3,3,I,Modern,found,pdf,pdf-20260524T103936Z-3-001/pdf/Estudios Sencillos (Study No 5) by Leo Brouwer.pdf,,,,verified_pieces/pdf/xml/Estudios Sencillos (Study No 5) by Leo Brouwer.musicxml,gaps_v1/musicxml/brouwer-etude6.xml,0.0,2.972972972972973,5,1.7572463768115942,0.559322033898305,0.8133333333333334,1.434782608695652,4,0.0,1.2805755395683454,178,92.0,5.187385805840755,2.331460674157303,6.0,0.0898876404494382,0.3202247191011236,5.0,0.2805755395683453,1.0,0.1794871794871795,0.3260869565217391,5.5,1.8535468420895669,2.323049465932751,2.3292038814953147,0.144927536231884,4.0,5.5,3.75,6.486486486486487,10.0,4.352657004830918,12.0,4.260606468096551,True,0.0,0.0,0.0,,0.014388489208633,0.0,0.25,0.5107913669064749,0.1798561151079136,0.9064748201438848,1.0,1.25,0.7223696332318783,0.0,5.0,13.0,3.0
1,Estudios Sencillos: VI,Leo Brouwer,6,5,X,Modern,found,pdf,pdf-20260524T103936Z-3-001/pdf/Estudios Sencillos (Study No 6) by Leo Brouwer.pdf,,,,verified_pieces/pdf/xml/Estudios Sencillos (Study No 6) by Leo Brouwer.musicxml,gaps_v1/musicxml/brouwer-etude6.xml,0.0,0.0,0,2.7,0.7111111111111111,0.9388888888888888,1.477777777777778,5,0.0,1.0,181,120.0,5.204006687076795,2.74585635359116,6.0,0.0939226519337016,0.425414364640884,0.0,0.0,0.0,0.0,0.3055555555555556,22.0,3.695192071387419,2.6772879998154675,2.451487981377518,0.05,0.0,15.049999999999962,4.0,0.0,0.0,10.005555555555556,80.0,3.7708333333333335,True,0.0,0.0,0.0,,0.0,0.0,0.25,0.9720670391061452,0.2849162011173184,1.0,0.0,1.75,0.9989020074632836,0.0,3.0,11.0,1.0
1,Estudios Sencillos: VII,Leo Brouwer,6,4,IV,Modern,found,pdf,pdf-20260524T103936Z-3-001/pdf/Estudios Sencillos (Study No 7) by Leo Brouwer.pdf,,,,verified_pieces/pdf/xml/Estudios Sencillos (Study No 7) by Leo Brouwer.musicxml,gaps_v1/musicxml/brouwer-etude6.xml,0.0,2.0,2,1.701086956521739,0.4666666666666667,0.1952662721893491,0.3804347826086957,5,0.0,1.0594594594594595,196,180.0,5.2832037287379885,3.474489795918368,7.0,0.1326530612244898,0.2806122448979591,2.0,0.0594594594594594,2.0,0.0909090909090909,0.3641304347826087,7.0,2.132257150921519,2.6467414463395897,2.439705746587705,0.4782608695652174,2.0,7.0,2.0625,1.9333333333333336,4.0,3.078804347826087,14.0,1.5731367731367731,True,0.0,0.0,0.0,,0.0,0.0,0.5,0.9069767441860463,0.1744186046511628,0.9709302325581396,1.0,7.0,0.8271977140243431,0.0,8.0,13.0,2.0
1,Estudios Sencillos: VIII,Leo Brouwer,7,3,II,Modern,found,pdf,pdf-20260524T103936Z-3-001/pdf/Estudios Sencillos (Study No 8) by Leo Brouwer.pdf,,,,verified_pieces/pdf/xml/Estudios Sencillos (Study No 8) by Leo Brouwer.musicxml,gaps_v1/musicxml/brouwer-etude6.xml,0.0,0.7647058823529411,3,1.0714285714285714,0.4332129963898917,0.5,0.915057915057915,4,0.0,1.0692307692307692,278,120.0,5.631211781821365,1.5863309352517985,3.0,0.0,0.4316546762589928,2.4000000000000004,0.0653846153846153,1.3529411764705883,0.5294117647058824,0.2625482625482625,4.5,1.3158208258232424,1.7796511572353462,2.315127610012232,0.4478764478764478,3.0,4.5,6.4375,0.625,1.5,13.68918918918919,48.0,4.542443611784586,True,0.0,0.0,0.0,,0.0206896551724137,0.0275862068965517,0.3125,0.7379310344827587,0.3034482758620689,0.9172413793103448,1.0,0.6875,0.8416453662865073,0.0,3.0,17.0,6.0
1,Estudios Sencillos: X,Leo Brouwer,6,4,I,Modern,found,pdf,pdf-20260524T103936Z-3-001/pdf/Estudios Sencillos (Study No 10) by Leo Brouwer.pdf,,,,verified_pieces/pdf/xml/Estudios Sencillos (Study No 10) by Leo Brouwer.musicxml,gaps_v1/musicxml/brouwer-etude6.xml,0.0,0.0,0,1.7272727272727273,0.7570093457943925,0.4162162162162162,0.6666666666666666,5,0.0,1.0804020100502512,215,90.0,5.375278407684165,1.697674418604651,4.0,0.0093023255813953,0.3488372093023256,0.0,0.0552763819095477,1.9090909090909087,0.2727272727272727,0.1868686868686868,22.0,3.088977411842366,2.266575486271299,2.430018836521249,0.0707070707070707,0.0,22.0,3.75,0.0,0.0,5.717171717171717,88.0,3.5194913963758183,True,0.0,0.0,0.0,,0.0,0.0,0.25,0.7916666666666666,0.2239583333333333,0.9583333333333334,0.0,1.75,0.8463512005964959,0.0,6.0,15.0,3.0
1,Estudios Sencillos: XI,Leo Brouwer,7,5,V,Modern,found,pdf,pdf-20260524T103936Z-3-001/pdf/Estudios Sencillos (Study No 11) by Leo Brouwer.pdf,,,,verified_pieces/pdf/xml/Estudios Sencillos (Study No 11) by Leo Brouwer.musicxml,gaps_v1/musicxml/brouwer-etude6.xml,0.0,0.6666666666666666,2,1.9923076923076923,0.6472727272727272,0.6903765690376569,1.1307692307692307,5,0.0,1.057471264367816,276,100.0,5.6240175061873385,2.210144927536232,5.0,0.0507246376811594,0.3840579710144927,2.0,0.0498084291187739,1.8461538461538465,0.5384615384615384,0.3230769230769231,22.0,2.81205141064218,2.491065149613112,2.4563299626226525,0.1346153846153846,2.0,18.8,3.25,1.3333333333333333,4.0,5.301282051282051,44.0,2.510641453466815,True,0.0,0.0,0.0,0.0,0.0168776371308016,0.0168776371308016,0.5,0.4430379746835443,0.2742616033755274,0.9451476793248944,0.0,4.25,0.8171085302861459,0.0084388185654008,4.0,18.0,7.0
1,Estudios Sencillos: XII,Leo Brouwer,5,3,III,Modern,found,pdf,pdf-20260524T103936Z-3-001/pdf/Etude 12 by Leo Brouwer.pdf,,,,verified_pieces/pdf/xml/Etude 12 by Leo Brouwer.musicxml,gaps_v1/musicxml/brouwer-etude6.xml,0.0,1.0357142857142858,3,1.716867469879518,0.5882352941176471,1.0,1.2409638554216869,4,0.0,1.4285714285714286,120,80.0,4.795790545596741,1.4416666666666669,3.0,0.0,0.4083333333333333,2.0,0.3333333333333333,2.1785714285714284,0.7142857142857143,0.2650602409638554,5.0,1.3003539163385374,2.223128965515935,2.2821404750004217,0.0,3.0,4.799999999999997,2.9375,1.4444444444444444,3.400000000000002,3.156626506024097,12.0,3.4285714285714284,True,0.0,0.0,0.0,0.0,0.0952380952380952,0.0476190476190476,0.5,0.6071428571428571,0.25,0.6666666666666666,0.0,0.75,1.2305725517241446,0.0238095238095238,3.0,29.0,9.0
1,Estudios Sencillos: XIII,Leo Brouwer,7,4,II,Modern,found,pdf,pdf-20260524T103936Z-3-001/pdf/Estudio 13 by Leo Brouwer.pdf,,,,verified_pieces/pdf/xml/Estudio 13 by Leo Brouwer.musicxml,gaps_v1/musicxml/brouwer-etude6.xml,0.0103092783505154,0.9668874172185432,3,2.054263565891473,0.4601626016260162,0.3550724637681159,0.3875968992248062,5,0.0,1.5876288659793814,616,180.0,6.424869023905388,2.436688311688312,4.0,0.0292207792207792,0.2824675324675325,1.0,0.5644329896907216,1.269406392694064,0.0639269406392694,0.4702842377260982,12.0,2.013430657022084,2.297869035171405,2.306885877181556,0.2248062015503876,2.0,12.0,3.75,1.85,2.0,4.063307493540052,32.0,4.75902375398199,True,0.0,0.0,0.0,0.0,0.1063829787234042,0.0984042553191489,0.5,0.9095744680851064,0.1196808510638298,0.4361702127659574,1.0,2.3125,0.5603196052695096,0.0026595744680851,6.0,24.0,8.0
1,Estudios Sencillos: XIV,Leo Brouwer,9,4,II,Modern,found,pdf,pdf-20260524T103936Z-3-001/pdf/Estudio Sencillos No 14 by Leo Brouwer.pdf,,,,verified_pieces/pdf/xml/Estudio Sencillos No 14 by Leo Brouwer.musicxml,gaps_v1/musicxml/brouwer-etude6.xml,0.0,0.7741935483870968,1,2.074468085106383,0.5022522522522522,0.3333333333333333,0.5141843971631206,5,0.0,1.5724381625441697,445,160.0,6.100318952020064,2.534831460674157,5.0,0.0157303370786516,0.2719101123595505,1.0,0.5724381625441696,1.0246913580246917,0.0679012345679012,0.4078014184397163,7.0,1.4078505449027103,2.383066582133737,2.0015885984151893,0.1879432624113475,1.0,6.199999999999996,3.875,1.4368279569892477,2.0,4.111997635933806,32.0,4.240818074740337,True,0.0,0.0,0.0,,0.1851851851851851,0.1592592592592592,0.5,0.7925925925925926,0.1962962962962963,0.4296296296296296,0.0,3.3125,1.086945240290949,0.0,8.0,15.0,4.0
1,Estudios Sencillos: XIX,Leo Brouwer,8,4,V,Modern,found,pdf,pdf-20260524T103936Z-3-001/pdf/Estudios Sencillos (Study No 19) by Leo Brouwer.pdf,,,,verified_pieces/pdf/xml/Estudios Sencillos (Study No 19) by Leo Brouwer.musicxml,gaps_v1/musicxml/brouwer-etude6.xml,0.0792079207920792,0.9154929577464788,3,1.332089552238806,0.310405643738977,1.0,0.3233830845771144,3,0.0,2.811881188118812,568,100.0,6.343880434126331,2.334507042253521,5.0,0.051056338028169,0.3362676056338028,2.0,0.7128712871287128,3.111111111111111,0.2430555555555555,0.1940298507462686,5.833333333333333,0.8578273239969476,2.420653341635992,2.349300423503628,0.0845771144278607,1.8125,2.975,5.625,1.6312056737588652,4.0,2.6194029850746268,11.666666666666666,13.948895326213844,True,0.0,0.0297029702970297,0.0,0.1818181818181818,0.0544554455445544,0.0198019801980198,0.5,0.8613861386138614,0.2178217821782178,0.292079207920792,0.0,0.5,1.3668637600556994,0.0891089108910891,2.0,38.0,18.0
1,Estudios Sencillos: XVII,Leo Brouwer,9,5,VII,Modern,found,pdf,pdf-20260524T103936Z-3-001/pdf/Etude 17 by Leo Brouwer.pdf,,,,verified_pieces/pdf/xml/Etude 17 by Leo Brouwer.musicxml,gaps_v1/musicxml/brouwer-etude6.xml,0.0,0.3636363636363636,2,1.875,0.7531120331950207,0.7336343115124153,1.0299145299145298,5,0.0,1.0298507462686568,483,76.0,6.182084906716632,2.931677018633541,7.0,0.1159420289855072,0.2836438923395445,2.0,0.0298507462686567,1.3571428571428572,0.2857142857142857,0.188034188034188,22.0,2.3949900968694138,2.737659687188446,2.263148810390546,0.032051282051282,2.0,22.0,4.0,0.7272727272727273,4.0,6.217948717948718,44.0,2.7596000579626145,True,0.0,0.0,0.0,,0.0,0.0,0.25,0.6513157894736842,0.2214912280701754,0.9736842105263158,0.0,2.8125,0.8879599425571109,0.0,6.0,14.0,4.0
1,Estudios Sencillos: XX,Leo Brouwer,10,4,III,Modern,found,pdf,pdf-20260524T103936Z-3-001/pdf/Estudio Sencillos No 20 by Leo Brouwer.pdf,,,,verified_pieces/pdf/xml/Estudio Sencillos No 20 by Leo Brouwer.musicxml,gaps_v1/musicxml/brouwer-etude6.xml,0.0,3.019230769230769,19,2.074575807334428,0.5600448933782267,0.4805194805194805,0.535303776683087,5,0.0,1.4622950819672131,892,140.0,6.794586580876499,1.65695067264574,3.0,0.0134529147982062,0.4562780269058296,19.0,0.1770491803278688,3.351851851851852,0.1203703703703703,0.3021346469622332,8.333333333333334,1.6946584594134824,1.862233712017125,2.4206325940265394,0.0968801313628899,19.0,8.333333333333334,4.75,3.423076923076923,19.0,7.030103995621238,20.0,6.003991774981608,True,0.0,0.0065573770491803,0.0,0.4444444444444444,0.0032786885245901,0.0065573770491803,0.25,0.7573770491803279,0.2098360655737705,0.8229508196721311,0.0,0.75,1.438116129815702,0.0163934426229508,3.0,20.0,8.0
1,Fantasia,John Dowland,11,7,VIII,Renaissance,found,dada_gp,,"datasets/DadaGP-v1.1/D/Dowland, John/Dowland, John - Fantasia.gp3.tokens.txt","datasets/DadaGP-v1.1/D/Dowland, John/Dowland, John - Fantasia.gp3",,"verified_pieces/dada/xml/Dowland, John - Fantasia.musicxml",,0.0011560693641618,0.9637681159420288,3,1.939621913580247,0.6411290322580645,0.4521276595744681,0.5717592592592593,5,0.0,1.4346820809248555,1241,100.0,7.124478262493424,2.296535052377115,4.0,0.0257856567284448,0.2715551974214343,2.0,0.330635838150289,3.167832167832168,0.4020979020979021,0.2835648148148148,9.0,1.3425859269514897,2.327392512380389,2.4668111999451163,0.0474537037037037,1.9090909090909087,5.774999999999999,5.0,1.9842995169082125,4.0,5.634420010288066,32.0,4.700832904099658,True,0.0,0.0011614401858304,0.0,0.3461538461538461,0.1056910569105691,0.0662020905923344,0.5,0.5667828106852497,0.1777003484320557,0.6968641114982579,0.0,2.6875,1.1726270457548154,0.0394889663182346,8.0,45.0,11.0
1,Folias,Gaspar Sanz,4,2,III,Baroque,found,pdf,pdf-20260524T103936Z-3-001/pdf/Folias by Gaspar Sanz.pdf,,,,verified_pieces/pdf/xml/Folias by Gaspar Sanz.musicxml,,0.0,0.6956521739130435,2,1.5604938271604938,0.6952908587257618,0.4528301886792453,0.5740740740740741,4,0.0,1.3357933579335792,362,120.0,5.8944028342648505,1.4723756906077348,3.0,0.0,0.3591160220994475,2.0,0.2546125461254612,3.217391304347826,0.2463768115942029,0.2,4.333333333333333,0.9591678937056878,2.0097020351773867,2.0600453203473075,0.0074074074074074,2.0,4.016666666666667,2.5,0.7009803921568628,2.0,2.598765432098766,8.0,2.479780490112593,True,0.0,0.0,0.0,0.0,0.1111111111111111,0.0777777777777777,0.5,0.5666666666666667,0.1962962962962963,0.7666666666666667,1.0,2.75,1.1088303662509829,0.0333333333333333,6.0,23.0,7.0
1,"Goldberg Variations, BWV 988: Variatio 18",J.S. Bach,11,5,V,Baroque,found,pdf,pdf-20260524T103936Z-3-001/pdf/BWV 988 Goldberg Variation 18 by Johann Sebastian Bach.pdf,,,,verified_pieces/pdf/xml/BWV 988 Goldberg Variation 18 by Johann Sebastian Bach.musicxml,,0.0,0.6754385964912281,4,1.698220064724919,0.5498489425981873,0.391304347826087,0.4320388349514563,4,0.0,1.603864734299517,332,90.0,5.808142489980444,2.665662650602409,5.0,0.0903614457831325,0.2951807228915662,2.0,0.5893719806763285,2.6885245901639343,0.5655737704918032,0.2961165048543689,8.5,1.5219367037470033,2.7600871473442674,2.5320240781357946,0.0776699029126213,1.411764705882353,5.399999999999999,3.125,1.176991150442478,4.0,2.9809870550161808,17.0,4.111838546621156,True,0.0,0.0,0.0,,0.1989528795811518,0.193717277486911,0.5,0.643979057591623,0.094240837696335,0.4607329842931937,1.0,1.5,1.0128859137457629,0.0,3.0,36.0,8.0
1,"Goldberg Variations, BWV 988: Variatio 2",J.S. Bach,15,6,VIII,Baroque,found,pdf,pdf-20260524T103936Z-3-001/pdf/bach-goldberg-var-2.pdf,,,,verified_pieces/pdf/xml/bach-goldberg-var-2.musicxml,,0.0,1.0909090909090908,5,2.0025445292620865,0.5427927927927928,0.25,0.4045801526717557,3,0.0,1.6920152091254752,445,75.0,6.100318952020064,3.9235955056179774,8.0,0.2651685393258427,0.2157303370786517,3.0,0.5779467680608364,3.026315789473684,0.6710526315789473,0.3167938931297709,10.0,1.7899072351501708,3.213060508177705,2.5742062787759865,0.0648854961832061,2.2777777777777777,8.0,5.6875,2.962703962703962,8.0,6.952078032230704,40.0,7.605522909705418,True,0.0,0.0040650406504065,0.0,0.0,0.1178861788617886,0.1626016260162601,0.25,0.7601626016260162,0.089430894308943,0.4593495934959349,0.0,0.75,0.8922064987167454,0.0203252032520325,3.0,58.0,16.0
1,"Goldberg Variations, BWV 988: Variatio 22",J.S. Bach,13,8,V,Baroque,found,pdf,pdf-20260524T103936Z-3-001/pdf/BWV 988 Goldberg Variation 22 by Johann Sebastian Bach.pdf,,,,verified_pieces/pdf/xml/BWV 988 Goldberg Variation 22 by Johann Sebastian Bach.musicxml,,0.0,1.1904761904761905,4,2.1160714285714284,0.7318840579710145,0.4383561643835616,0.4910714285714285,3,0.0,1.2300884955752212,139,95.0,4.941642422609304,2.647482014388489,5.0,0.079136690647482,0.2302158273381295,2.0,0.2300884955752212,1.2307692307692308,0.5384615384615384,0.3035714285714285,7.0,1.5597935744507858,2.707792776830068,1.9622904378518733,0.0535714285714285,2.5,7.0,1.9375,1.619047619047619,4.0,3.0892857142857144,14.0,2.035503581963759,True,0.0,0.0,0.0,,0.1203703703703703,0.1111111111111111,1.0,0.5370370370370371,0.1388888888888889,0.7592592592592593,1.0,1.5,1.0193120636351871,0.0,3.0,19.0,4.0
1,"Goldberg Variations, BWV 988: Variatio 4",J.S. Bach,8,5,VII,Baroque,found,pdf,pdf-20260524T103936Z-3-001/pdf/BWV 988 Goldberg Variation 4 by Johann Sebastian Bach.pdf,,,,verified_pieces/pdf/xml/BWV 988 Goldberg Variation 4 by Johann Sebastian Bach.musicxml,,0.0,0.9047619047619048,3,1.6655844155844155,0.4548736462093863,0.5,0.5194805194805194,4,0.0,1.793548387096774,278,85.0,5.631211781821365,2.352517985611511,5.0,0.0575539568345323,0.2805755395683453,2.0,0.567741935483871,2.625,0.6477272727272727,0.2662337662337662,10.0,1.6118414125671623,2.6146287002530326,2.547944568617063,0.1623376623376623,1.6666666666666667,8.049999999999999,5.375,2.586345381526104,8.0,4.855880230880231,40.0,7.8831059543542015,True,0.0,0.023076923076923,0.0,0.0,0.1846153846153846,0.1615384615384615,0.5,0.4538461538461538,0.1,0.4615384615384615,0.0,0.75,1.0418345085162826,0.1,3.0,43.0,15.0
1,Lesson 15: Waltz,Dionisio Aguado,2,3,II,Classical,found,pdf,pdf-20260524T103936Z-3-001/pdf/Etude No 15 Metodo Primera by Dionisio Aguado.pdf,,,,verified_pieces/pdf/xml/Etude No 15 Metodo Primera by Dionisio Aguado.musicxml,,0.0,1.5,3,1.4025974025974026,0.552,0.40625,0.5454545454545454,3,0.0,1.6153846153846154,126,85.0,4.844187086458591,2.126984126984127,5.0,0.0,0.2777777777777778,3.0,0.358974358974359,2.607142857142857,0.6785714285714286,0.1558441558441558,4.333333333333333,1.082242424207792,2.4895871546852604,2.4178881026740124,0.0519480519480519,1.9230769230769231,4.0,4.1875,4.423076923076923,8.0,5.904761904761906,64.0,6.56575682382134,True,0.0,0.0,0.0,0.1666666666666666,0.1486486486486486,0.0675675675675675,0.5,0.4729729729729729,0.2027027027027027,0.6486486486486487,0.0,0.8125,1.600958191304338,0.0675675675675675,6.0,21.0,9.0
1,Lesson 23,Dionisio Aguado,5,4,X,Classical,found,pdf,pdf-20260524T103936Z-3-001/pdf/Etude No 23 Metodo Primera by Dionisio Aguado.pdf,,,,verified_pieces/pdf/xml/Etude No 23 Metodo Primera by Dionisio Aguado.musicxml,,0.0,0.7380952380952381,2,2.232510288065844,0.3566433566433566,0.0454545454545454,0.5555555555555556,3,0.0,1.7560975609756098,144,85.0,4.976733742420574,4.395833333333333,10.0,0.2916666666666667,0.3333333333333333,2.0,0.5121951219512195,2.761904761904762,0.3095238095238095,0.382716049382716,12.0,2.705057881617004,2.577636498115792,2.519636576436044,0.3703703703703703,1.0,10.949999999999998,6.5,3.336817653890825,16.0,14.37037037037037,112.0,10.818312247293596,True,0.0,0.0,0.0,0.0,0.3148148148148148,0.0925925925925925,0.5,0.4814814814814814,0.2962962962962963,0.4259259259259259,0.0,1.3125,1.4406565041916817,0.074074074074074,6.0,14.0,7.0
1,Lesson 24,Dionisio Aguado,4,3,VII,Classical,found,pdf,pdf-20260524T103936Z-3-001/pdf/Etude No 24 Metodo Primera by Dionisio Aguado.pdf,,,,verified_pieces/pdf/xml/Etude No 24 Metodo Primera by Dionisio Aguado.musicxml,,0.0,0.72,3,2.2350119904076737,0.5960591133004927,0.15,0.5467625899280576,2,0.0,1.457142857142857,204,85.0,5.3230099791384085,4.803921568627451,7.0,0.3137254901960784,0.2254901960784313,1.0,0.4142857142857143,2.4482758620689653,0.2068965517241379,0.2805755395683453,9.0,2.364456101882615,2.5889733675874487,2.347149597696535,0.0863309352517985,3.0,9.0,4.5,1.673469387755102,4.0,7.534772182254198,36.0,6.392626728110598,True,0.0,0.0,0.0,0.0,0.1714285714285714,0.0142857142857142,0.25,0.6571428571428571,0.2214285714285714,0.6142857142857143,0.0,0.75,1.40118976587372,0.0285714285714285,3.0,16.0,7.0
1,Lesson 26,Dionisio Aguado,6,4,XI,Classical,found,pdf,pdf-20260524T103936Z-3-001/pdf/Etude No 26 Metodo Primera by Dionisio Aguado.pdf,,,,verified_pieces/pdf/xml/Etude No 26 Metodo Primera by Dionisio Aguado.musicxml,,0.0,0.6268656716417911,3,0.755829903978052,0.2194835680751173,0.0744186046511627,0.2119341563786008,4,0.0,1.7515400410677615,853,90.0,6.74993119378857,2.018757327080891,5.0,0.0422039859320046,0.369284876905041,2.0,0.4435318275154004,3.0694444444444446,0.1898148148148148,0.1069958847736625,7.0,1.3046228467126957,2.4984412025971205,2.380436346135217,0.6069958847736625,1.2222222222222223,7.0,9.25,5.348333333333334,16.0,6.347736625514403,112.0,13.55159777805715,True,0.0,0.0,0.0,0.1,0.102127659574468,0.1063829787234042,0.5,0.5702127659574469,0.2723404255319149,0.6170212765957447,1.0,1.3125,0.8395972056722385,0.0382978723404255,8.0,42.0,13.0
1,Lesson 29,Dionisio Aguado,4,4,VII,Classical,found,pdf,pdf-20260524T103936Z-3-001/pdf/Lesson 29 in E Minor by Dionisio Aguado.pdf,,,,verified_pieces/pdf/xml/Lesson 29 in E Minor by Dionisio Aguado.musicxml,,0.0,0.8095238095238095,2,1.0661764705882353,0.4108108108108108,0.0957446808510638,0.2720588235294117,5,0.0,1.3576642335766422,186,120.0,5.231108616854587,3.139784946236559,7.0,0.1559139784946236,0.2688172043010752,2.0,0.2116788321167883,3.1724137931034484,0.6551724137931034,0.1102941176470588,7.0,1.385658247662694,2.8910625548011244,2.161404327194448,0.4338235294117647,2.0,7.0,3.75,1.6666666666666667,4.0,4.582516339869281,80.0,2.813655124738222,True,0.0,0.0,0.0,0.25,0.0595238095238095,0.0952380952380952,0.5,0.2738095238095238,0.1309523809523809,0.7738095238095238,1.0,12.0,0.7926248386958901,0.0357142857142857,11.0,24.0,9.0
1,Lesson 5 (Waltz),Dionisio Aguado,4,2,III,Classical,found,pdf,pdf-20260524T103936Z-3-001/pdf/Etude No 5 Metodo Primera by Dionisio Aguado.pdf,,,,verified_pieces/pdf/xml/Etude No 5 Metodo Primera by Dionisio Aguado.musicxml,,0.0,0.7671232876712328,2,0.858974358974359,0.36,0.55,0.6,5,0.0,1.916030534351145,251,100.0,5.529429087511423,1.6135458167330676,3.0,0.0,0.3147410358565737,2.0,0.5572519083969466,3.136986301369863,0.2602739726027397,0.0846153846153846,3.0,0.9019119147159772,1.9225945842348835,2.446969737296019,0.2692307692307692,2.0,3.0,3.9375,1.1620370370370372,4.0,1.6384615384615384,6.0,6.412315521628499,True,0.0,0.0277777777777777,0.0,0.0,0.2314814814814814,0.0648148148148148,0.5,0.5740740740740741,0.2777777777777778,0.5370370370370371,0.0,3.75,1.496319726187637,0.1111111111111111,5.0,20.0,10.0
1,Lesson 6,Dionisio Aguado,1,1,I,Classical,found,pdf,pdf-20260524T103936Z-3-001/pdf/Etude No 6 Metodo Primera by Dionisio Aguado.pdf,,,,verified_pieces/pdf/xml/Etude No 6 Metodo Primera by Dionisio Aguado.musicxml,,0.0,0.945945945945946,2,0.9076305220883534,0.4090909090909091,0.2142857142857142,0.5542168674698795,2,0.0,1.5833333333333333,133,90.0,4.897839799950911,1.5488721804511278,3.0,0.0,0.3082706766917293,2.0,0.4642857142857143,3.102564102564102,0.3076923076923077,0.108433734939759,3.0,0.926066450630151,1.9359287021869351,2.3726558367992427,0.3373493975903614,2.0,2.9,4.3125,5.37962962962963,16.0,4.3473895582329325,40.0,6.381313131313131,True,0.0,0.0147058823529411,0.0,0.0,0.2352941176470588,0.1176470588235294,0.5,0.5882352941176471,0.2941176470588235,0.5588235294117647,0.0,1.3125,1.3155904333619994,0.0147058823529411,6.0,18.0,7.0
1,Packington's Pound,Anonymous,2,1,I,Renaissance,found,pdf,pdf-20260524T103936Z-3-001/pdf/Packingtons Pound by anonymous.pdf,,,,verified_pieces/pdf/xml/Packingtons Pound by anonymous.musicxml,,0.0,0.0,0,1.2238095238095237,0.4913043478260869,0.3673469387755102,0.3857142857142857,2,0.0,1.6382978723404256,231,120.0,5.44673737166631,0.974025974025974,3.0,0.0,0.5021645021645021,0.0,0.3971631205673759,3.321428571428572,0.1607142857142857,0.15,3.0,0.955927918799866,1.7768512875488272,2.4284533926111544,0.1071428571428571,0.0,3.0,2.5,0.0,0.0,1.658333333333333,6.0,3.15372340425532,True,0.0,0.0,0.0,0.0,0.0873015873015873,0.0555555555555555,1.0,0.5634920634920635,0.1507936507936507,0.6349206349206349,1.0,2.5,0.9517237682998404,0.0396825396825396,5.0,16.0,5.0
1,Parabola,Leo Brouwer,18,10,X,Modern,found,pdf,pdf-20260524T103936Z-3-001/pdf/Parabola by Leo Brouwer.pdf,,,,verified_pieces/pdf/xml/Parabola by Leo Brouwer.musicxml,,0.0,0.7058823529411765,6,2.452247191011236,0.6423043852106621,0.6495983935742972,1.1638576779026215,5,0.0,1.0888681010289991,1164,80.0,7.060476365999801,3.45446735395189,10.0,0.1958762886597938,0.2989690721649484,2.0,0.0477081384471468,2.843137254901961,0.2156862745098039,0.3408239700374532,13.0,2.996010689581806,3.187655821942485,2.4110198246361483,0.2247191011235955,6.0,12.6,3.75,1.0065359477124185,2.0,9.14411672908864,176.0,2.81693006161468,True,0.0,0.0068829891838741,0.0,0.0,0.0,0.0009832841691248,0.25,0.7335299901671584,0.1327433628318584,0.9537856440511308,0.0,3.9375,0.8218728112842586,0.0127826941986234,17.0,23.0,9.0
1,Partita III: BWV 1006: iii. Gavotte en Rondeau,J.S. Bach,13,9,VII,Baroque,found,dada_gp,,"datasets/DadaGP-v1.1/B/Bach, Johann Sebastian/Bach, Johann Sebastian - Gavotte en Rondeau (from lute suite 4) BWV 1006a.gp3.tokens.txt","datasets/DadaGP-v1.1/B/Bach, Johann Sebastian/Bach, Johann Sebastian - Gavotte en Rondeau (from lute suite 4) BWV 1006a.gp3",,"verified_pieces/dada/xml/Bach, Johann Sebastian - Gavotte en Rondeau (from lute suite 4) BWV 1006a.musicxml",,0.0014880952380952,1.0579710144927537,3,1.9339294585196225,0.7191392978482446,0.543640897755611,0.6438152011922503,3,0.1583710407239819,1.3154761904761905,884,137.0,6.785587645007929,3.691176470588236,7.0,0.1640271493212669,0.1493212669683258,2.0,0.2142857142857142,2.701388888888889,0.5694444444444444,0.2548435171385991,9.0,1.4288625183568855,3.016364125924737,2.270049130275856,0.0029806259314456,3.0,8.099999999999998,2.8125,1.6824817518248176,4.0,3.786014109458369,18.0,2.9218114381430964,True,0.0,0.0,0.0,0.5,0.0491071428571428,0.0282738095238095,0.5,0.792341678939617,0.1458333333333333,0.7991071428571429,0.0,2.0,1.1162744856285955,0.0059523809523809,7.0,54.0,19.0
1,Passacaille (from Great Suite #7 for Harpsichord),George Friedrich Handel,9,4,VII,Baroque,found,pdf,pdf-20260524T103936Z-3-001/pdf/Suite No 7 Passacaille by Georg Friedrich Handel.pdf,,,,verified_pieces/pdf/xml/Suite No 7 Passacaille by Georg Friedrich Handel.musicxml,,0.0017667844522968,1.1147540983606556,4,0.7709683755647222,0.2621225983531564,0.1935215946843853,0.2681202121390689,5,0.0,1.2879858657243817,2187,85.0,7.690743163541872,4.774119798811157,10.0,0.3433927754915409,0.1801554641060813,3.0,0.2190812720848056,2.5161290322580645,0.3655913978494624,0.1054802592810842,13.0,1.5170272014707968,3.3628373857336227,2.486111672017872,0.6358279316440778,3.0,10.0,4.6875,6.445238095238096,24.0,3.098729316908456,152.0,2.019500892298587,True,0.0,0.0,0.0,0.0833333333333333,0.0468497576736672,0.0420032310177706,0.25,0.5331179321486268,0.135702746365105,0.7544426494345718,1.0,83.9375,1.3828944773095162,0.0177705977382875,37.0,69.0,19.0
1,Queen Elizabeth's Galliard,John Dowland,8,5,V,Renaissance,found,pdf,pdf-20260524T103936Z-3-001/pdf/Queen Elizabeths Galliard by John Dowland.pdf,,,,verified_pieces/pdf/xml/Queen Elizabeths Galliard by John Dowland.musicxml,,0.0042194092827004,0.8717948717948718,3,1.8149717514124293,0.5853658536585366,0.4363636363636363,0.6398305084745762,5,0.0,1.561181434599156,370,88.0,5.916202062607435,2.408108108108108,5.0,0.0702702702702702,0.3135135135135135,2.299999999999997,0.3333333333333333,3.9367088607594938,0.5189873417721519,0.2288135593220339,7.0,1.4320424975652442,2.5414827256426022,2.3330415525855845,0.0211864406779661,1.875,7.0,4.3125,1.2777777777777777,4.0,4.619585687382298,16.0,4.584421673029268,True,0.0,0.0,0.0,0.0,0.141025641025641,0.1025641025641025,0.5,0.4615384615384615,0.141025641025641,0.688034188034188,0.0,3.75,1.23972823033816,0.1196581196581196,7.0,32.0,8.0
1,Twenty-one Lessons: 11,Dionisio Aguado,1,2,II,Classical,found,pdf,pdf-20260524T103936Z-3-001/pdf/Etude No 11 Metodo Primera by Dionisio Aguado.pdf,,,,verified_pieces/pdf/xml/Etude No 11 Metodo Primera by Dionisio Aguado.musicxml,,0.0,0.813953488372093,3,1.5813953488372092,0.6923076923076923,0.5238095238095238,1.2945736434108528,4,0.0,1.4076923076923078,183,85.0,5.214935757608986,1.8415300546448088,4.0,0.0,0.2841530054644808,3.0,0.3461538461538461,1.4222222222222225,0.4,0.1627906976744186,4.333333333333333,0.9521534320073884,2.267878242792321,2.428127510596237,0.0077519379844961,3.0,4.166666666666666,2.875,1.492063492063492,5.799999999999997,3.0835486649440136,8.666666666666666,3.7065855008301054,True,0.0,0.0,0.0,0.0,0.1,0.1076923076923077,0.5,0.953846153846154,0.2153846153846154,0.6538461538461539,0.0,1.0,1.306092775705206,0.023076923076923,3.0,21.0,8.0
1,Twenty-one Lessons: 12,Dionisio Aguado,2,2,III,Classical,found,pdf,pdf-20260524T103936Z-3-001/pdf/Etude No 12 Metodo Primera by Dionisio Aguado.pdf,,,,verified_pieces/pdf/xml/Etude No 12 Metodo Primera by Dionisio Aguado.musicxml,,0.0,1.0227272727272727,5,1.0405405405405406,0.4191176470588235,0.875,0.3513513513513513,2,0.0,1.8266666666666669,137,120.0,4.927253685157205,2.343065693430657,5.0,0.0,0.2408759124087591,2.0,0.6133333333333333,2.0217391304347827,0.6086956521739131,0.0945945945945946,5.0,1.029523203300558,2.529346832270434,2.314906385133683,0.2027027027027027,2.0,3.299999999999997,3.375,2.266888150609081,7.466666666666678,1.8255040755040752,14.0,4.906928104575163,True,0.0,0.0,0.0,0.0,0.1147540983606557,0.1639344262295081,1.0,0.4754098360655737,0.0983606557377049,0.5081967213114754,0.0,2.75,1.400010298956725,0.0163934426229508,7.0,29.0,10.0
1,Twenty-one Lessons: 13,Dionisio Aguado,2,3,II,Classical,found,pdf,pdf-20260524T103936Z-3-001/pdf/Etude No 13 Metodo Primera by Dionisio Aguado.pdf,,,,verified_pieces/pdf/xml/Etude No 13 Metodo Primera by Dionisio Aguado.musicxml,,0.0,0.9393939393939394,3,1.946127946127946,0.6402877697841727,0.6976744186046512,0.8282828282828283,4,0.0,1.4,140,120.0,4.948759890378168,2.378571428571429,4.0,0.0071428571428571,0.2,3.0,0.35,1.8857142857142857,0.7142857142857143,0.2121212121212121,20.0,2.812792275156638,2.4198072658109706,2.4768562925971525,0.0202020202020202,3.0,15.199999999999989,3.0625,1.609375,5.800000000000004,3.69023569023569,40.0,3.805825242718447,True,0.0,0.0,0.0,,0.1428571428571428,0.0714285714285714,0.5,0.9693877551020408,0.1530612244897959,0.673469387755102,0.0,2.5,1.000619079248409,0.0,4.0,28.0,6.0
1,Twenty-one Lessons: 14,Dionisio Aguado,2,2,I,Classical,found,pdf,pdf-20260524T103936Z-3-001/pdf/Etude No 14 Metodo Primera by Dionisio Aguado.pdf,,,,verified_pieces/pdf/xml/Etude No 14 Metodo Primera by Dionisio Aguado.musicxml,,0.0,1.2307692307692308,2,0.6705426356589147,0.2184466019417475,0.5454545454545454,0.3953488372093023,3,0.0,2.3793103448275863,207,90.0,5.337538079701318,1.502415458937198,3.0,0.0,0.2898550724637681,2.0,0.7586206896551724,3.106060606060606,0.3636363636363636,0.0697674418604651,3.0,0.8949964070294569,1.952113865828725,2.4663107745190938,0.4418604651162791,2.0,3.0,10.625,12.40625,32.0,4.391472868217054,32.0,21.950629142253383,True,0.0,0.0204081632653061,0.0,0.2,0.2857142857142857,0.2040816326530612,0.5,0.5714285714285714,0.1836734693877551,0.3469387755102041,0.0,1.3125,1.382494804763581,0.0816326530612244,6.0,22.0,8.0
1,Twenty-one Lessons: 15,Dionisio Aguado,2,2,III,Classical,found,pdf,pdf-20260524T103936Z-3-001/pdf/Study No 15 by Dionisio Aguado.pdf,,,,verified_pieces/pdf/xml/Study No 15 by Dionisio Aguado.musicxml,,0.0153256704980842,0.9140625,3,1.6938856015779094,0.4529058116232465,0.8478260869565217,1.273076923076923,5,0.0,1.9157088122605364,500,120.0,6.2166061010848646,1.83,4.0,0.0,0.298,2.0,0.5019157088122606,2.885496183206107,0.3206106870229007,0.2923076923076923,4.0,1.1799349177889038,2.104587121856542,2.446442756567675,0.073076923076923,1.2857142857142858,4.0,6.8125,2.8976377952755907,8.0,5.6590729783037474,64.0,9.824147755182238,True,0.0,0.0165289256198347,0.0,0.074074074074074,0.2314049586776859,0.1074380165289256,0.5,0.5661157024793388,0.2851239669421487,0.5082644628099173,0.0,0.8125,1.3974159649208668,0.1033057851239669,5.0,36.0,11.0
1,Twenty-one Lessons: 16,Dionisio Aguado,4,2,II,Classical,found,pdf,pdf-20260524T103936Z-3-001/pdf/Etude No 16 Metodo Primera by Dionisio Aguado.pdf,,,,verified_pieces/pdf/xml/Etude No 16 Metodo Primera by Dionisio Aguado.musicxml,,0.0,0.7567567567567568,2,0.5515873015873015,0.2029411764705882,0.25,0.1360544217687075,3,0.0,2.304054054054054,341,100.0,5.834810737062605,1.0557184750733135,3.0,0.0,0.5630498533724341,2.0,0.8445945945945946,1.888,0.192,0.0612244897959183,4.0,0.85279615083578,1.919108420780328,1.9729036586650828,0.4625850340136054,1.2333333333333334,3.8,8.25,5.225225225225225,16.0,3.1451247165532883,56.0,15.200627471485994,True,0.0,0.0,0.0,0.0,0.4752475247524752,0.1584158415841584,0.5,0.7128712871287128,0.3465346534653465,0.4158415841584158,0.0,6.3125,1.1415290125975377,0.0891089108910891,9.0,26.0,12.0
1,Twenty-one Lessons: 17,Dionisio Aguado,4,3,VII,Classical,found,pdf,pdf-20260524T103936Z-3-001/pdf/Etude No 17 Metodo Primera by Dionisio Aguado.pdf,,,,verified_pieces/pdf/xml/Etude No 17 Metodo Primera by Dionisio Aguado.musicxml,,0.0,0.4848484848484848,2,0.7832647462277093,0.2821100917431192,0.1038961038961039,0.2551440329218107,3,0.0,1.790983606557377,437,100.0,6.082218910376446,1.6498855835240274,4.0,0.0183066361556064,0.4233409610983982,1.2000000000000028,0.4631147540983606,2.6194690265486726,0.1504424778761062,0.1234567901234567,6.333333333333333,1.1230363118395037,2.3452324754504814,2.2585557713155504,0.4362139917695473,0.8333333333333334,5.13333333333333,7.125,3.571428571428572,10.399999999999975,5.69090077732053,37.33333333333333,10.603350869643675,True,0.0,0.0215827338129496,0.0,0.0,0.3309352517985611,0.1294964028776978,0.25,0.3597122302158273,0.2733812949640288,0.4532374100719424,1.0,4.9375,0.7787212592911138,0.079136690647482,14.0,16.0,7.0
1,Twenty-one Lessons: 18,Dionisio Aguado,4,2,II,Classical,found,pdf,pdf-20260524T103936Z-3-001/pdf/Etude No 18 Metodo Primera by Dionisio Aguado.pdf,,,,verified_pieces/pdf/xml/Etude No 18 Metodo Primera by Dionisio Aguado.musicxml,,0.0,0.6507936507936508,2,0.7785388127853882,0.2587859424920127,1.0,0.3767123287671233,3,0.0,2.136054421768708,314,100.0,5.752572638825633,0.7866242038216561,2.0,0.0,0.6146496815286624,1.8000000000000045,0.8095238095238095,1.781512605042017,0.1932773109243697,0.0890410958904109,4.0,0.944846952937513,1.6495974766833976,1.9965359799122755,0.2945205479452055,1.2,3.0,6.1875,1.4867724867724863,4.0,2.528538812785388,16.0,10.86187997466193,True,0.0,0.0214285714285714,0.0,0.0666666666666666,0.5071428571428571,0.1857142857142857,0.5,0.5571428571428572,0.4357142857142857,0.4428571428571428,0.0,1.75,1.005976096542868,0.1,5.0,25.0,8.0
1,Twenty-one Lessons: 19,Dionisio Aguado,2,2,III,Classical,found,pdf,pdf-20260524T103936Z-3-001/pdf/Lesson 19 by Dionisio Aguado.pdf,,,,verified_pieces/pdf/xml/Lesson 19 by Dionisio Aguado.musicxml,,0.0,0.0,0,5.487603305785124,0.8181818181818182,0.8677685950413223,1.1074380165289257,3,0.0,1.0,122,120.0,4.812184355372417,4.39344262295082,22.0,0.1885245901639344,0.4016393442622951,0.0,0.0,0.0,0.0,0.3305785123966942,22.0,8.100725100163492,2.040287112559979,1.8656519536724632,0.0991735537190082,0.0,22.0,3.25,0.0,0.0,16.107438016528924,88.0,3.031055900621118,True,0.0,0.0,0.0,,0.0,0.0,0.25,0.8508771929824561,0.2982456140350877,1.0,0.0,0.75,0.60455286102081,0.0,2.0,9.0,1.0
1,Twenty-one Lessons: 2,Dionisio Aguado,1,1,II,Classical,found,pdf,pdf-20260524T103936Z-3-001/pdf/Exercise No 2 by Dionisio Aguado.pdf,,,,verified_pieces/pdf/xml/Exercise No 2 by Dionisio Aguado.musicxml,,0.0,0.0,0,4.689265536723164,0.864406779661017,0.8700564971751412,1.5932203389830508,5,0.0,1.0,178,120.0,5.187385805840755,3.134831460674157,11.0,0.1067415730337078,0.4044943820224719,0.0,0.0,0.0,0.0,0.3163841807909605,22.0,7.018904901352918,2.338135954373836,2.358335189868294,0.0282485875706214,0.0,21.8,3.5,0.0,0.0,13.602636534839926,88.0,3.1785714285714284,True,0.0,0.0,0.0,,0.0,0.0,0.25,0.896551724137931,0.2816091954022988,1.0,0.0,0.75,0.7476448111934412,0.0,2.0,10.0,1.0
1,Twenty-one Lessons: 20,Dionisio Aguado,2,2,V,Classical,found,pdf,pdf-20260524T103936Z-3-001/pdf/Etude No 20 Metodo Primera by Dionisio Aguado.pdf,,,,verified_pieces/pdf/xml/Etude No 20 Metodo Primera by Dionisio Aguado.musicxml,,0.0,0.6086956521739131,2,1.386904761904762,0.4108910891089108,0.1470588235294117,0.1428571428571428,1,0.0,1.7964601769911503,203,90.0,5.318119993844216,1.4876847290640394,4.800000000000011,0.0197044334975369,0.5270935960591133,2.0,0.4070796460176991,3.652173913043478,0.5652173913043478,0.3214285714285714,4.666666666666667,1.2569675427902336,2.1569458017762337,2.547402957736944,0.2410714285714285,1.3333333333333333,4.266666666666661,6.375,2.022222222222222,4.0,5.24702380952381,18.666666666666668,11.050951997854652,True,0.0,0.0088495575221238,0.0,0.0,0.0973451327433628,0.1858407079646017,0.25,0.8495575221238938,0.2654867256637168,0.5929203539823009,1.0,0.75,1.2817242933875068,0.168141592920354,3.0,21.0,9.0
1,Twenty-one Lessons: 21,Dionisio Aguado,2,2,V,Classical,found,pdf,pdf-20260524T103936Z-3-001/pdf/Etude No 21 Metodo Primera by Dionisio Aguado.pdf,,,,verified_pieces/pdf/xml/Etude No 21 Metodo Primera by Dionisio Aguado.musicxml,,0.0117647058823529,0.9176470588235294,3,0.6468253968253969,0.1889763779527559,0.0,0.0,0,0.0,3.0,255,85.0,5.545177444479562,1.933333333333333,4.0,0.0117647058823529,0.2666666666666666,2.0,1.0,3.447058823529412,0.3647058823529411,0.0952380952380952,2.666666666666667,0.7990589545834368,2.306411690879123,2.4578533418913016,0.4047619047619047,3.0,2.6666666666666665,9.0,3.25,8.0,1.984126984126984,10.666666666666666,25.289256198347104,True,0.0,0.0952380952380952,0.0,0.0,0.5238095238095238,0.1904761904761904,0.25,0.8214285714285714,0.1666666666666666,0.3333333333333333,0.0,0.75,0.9262710542419852,0.2976190476190476,3.0,19.0,9.0
1,Twenty-one Lessons: 3,Dionisio Aguado,3,1,III,Classical,found,pdf,pdf-20260524T103936Z-3-001/pdf/Exercise 3 in A Major by Dionisio Aguado.pdf,,,,verified_pieces/pdf/xml/Exercise 3 in A Major by Dionisio Aguado.musicxml,,0.0,1.1333333333333333,3,1.6265060240963856,0.6557377049180327,0.625,1.3855421686746987,4,0.0,1.4642857142857142,123,120.0,4.820281565605037,1.951219512195122,4.0,0.0,0.2682926829268293,3.0,0.369047619047619,1.6129032258064515,0.6129032258064516,0.1927710843373494,4.0,1.0334403239875518,2.250199109119204,2.4658347215576693,0.0120481927710843,3.0,4.0,2.875,1.988505747126437,6.0,3.1700133868808567,8.0,3.873271889400921,True,0.0,0.0,0.0,0.0,0.1309523809523809,0.1071428571428571,0.5,0.9166666666666666,0.25,0.6309523809523809,0.0,1.0,1.2473637776381086,0.0119047619047619,3.0,21.0,10.0
1,Twenty-one Lessons: 4,Dionisio Aguado,2,2,II,Classical,found,pdf,pdf-20260524T103936Z-3-001/pdf/Exercise 4 in G Major by Dionisio Aguado.pdf,,,,verified_pieces/pdf/xml/Exercise 4 in G Major by Dionisio Aguado.musicxml,,0.0,0.734375,2,0.7104622871046229,0.2491228070175438,0.0952380952380952,0.1167883211678832,2,0.0,2.072463768115942,286,120.0,5.659482215759621,1.3426573426573427,4.0,0.0069930069930069,0.493006993006993,2.0,0.7391304347826086,1.7647058823529411,0.2450980392156862,0.1021897810218978,5.0,1.0463256052002206,2.151842210257012,2.0094275122219805,0.4160583941605839,1.2222222222222223,3.899999999999999,7.0625,3.416666666666667,8.0,5.24330900243309,80.0,10.398677854055428,True,0.0,0.0,0.0,0.0,0.4607843137254901,0.1568627450980392,0.5,0.7254901960784313,0.3333333333333333,0.4019607843137255,0.0,8.8125,1.1735336415225732,0.0784313725490196,9.0,25.0,12.0
1,Twenty-one Lessons: 9,Dionisio Aguado,1,2,II,Classical,found,pdf,pdf-20260524T103936Z-3-001/pdf/Etude No 9 Metodo Primera by Dionisio Aguado.pdf,,,,verified_pieces/pdf/xml/Etude No 9 Metodo Primera by Dionisio Aguado.musicxml,,0.0,0.8023255813953488,2,0.6067538126361657,0.2359550561797752,0.1851851851851851,0.3725490196078431,4,0.0,1.7402597402597402,268,90.0,5.594711379601839,1.4328358208955223,3.0,0.0,0.4029850746268656,2.0,0.6558441558441559,1.7722772277227723,0.1584158415841584,0.0588235294117647,3.0,0.8739792010235152,2.145168966970779,2.293233855033778,0.5294117647058824,1.088235294117647,2.599999999999998,8.375,8.86046511627907,32.0,5.144880174291939,48.0,13.397188090186294,True,0.0,0.0133333333333333,0.0,0.0,0.1866666666666666,0.2266666666666666,0.5,0.48,0.16,0.4933333333333333,0.0,0.8125,1.2368604297762924,0.0133333333333333,5.0,19.0,7.0
1,"Vals, Op. 8 no. 3",Agustin Barrios Mandore,11,5,XI,Romantic,found,dada_gp,,"datasets/DadaGP-v1.1/B/Barrios, Agustin/Barrios, Agustin - Waltz No.3 Op.8.gp4.tokens.txt","datasets/DadaGP-v1.1/B/Barrios, Agustin/Barrios, Agustin - Waltz No.3 Op.8.gp4",,"verified_pieces/dada/xml/Barrios, Agustin - Waltz No.3 Op.8.musicxml",,0.0015455950540958,1.2822822822822824,7,2.03890608875129,0.4894551845342706,0.3883495145631068,0.4071207430340557,3,0.035118525021949,1.760432766615147,1139,195.0,7.038783541388542,6.219490781387182,12.0,0.4705882352941176,0.1334503950834065,3.0,0.5146831530139103,2.36036036036036,0.3453453453453453,0.3142414860681115,14.0,2.0945717286125096,3.615112917153929,2.3365251332547845,0.1006191950464396,4.166666666666667,12.575,3.1875,1.493473895582329,3.900000000000034,2.988983024525196,28.0,3.841250806847993,True,,,,,,,,,,,,,,,,,
1,"Andantino, op. 241 no. 19",Ferdinando Carulli,3,1,I,Classical,found,pdf,pdf-20260524T103936Z-3-001/pdf/Andantino in A Minor by Ferdinando Carulli.pdf,,,,verified_pieces/pdf/xml/Andantino in A Minor by Ferdinando Carulli.musicxml,gaps_v1/musicxml/Andantino in G Major by Ferdinando Carulli.xml,0.0,0.4,1,2.144128113879004,0.7307692307692307,0.8676470588235294,1.811387900355872,5,0.0,1.017730496453901,287,80.0,5.662960480135946,1.5226480836236933,3.0,0.0278745644599303,0.5156794425087108,1.0,0.0177304964539007,0.8,0.6,0.2419928825622775,22.0,4.094268544681843,1.922738458444468,2.4654682974012263,0.0142348754448398,1.0,22.0,4.0,1.6,4.0,7.273428232502965,88.0,3.843271743187756,True,0.0,0.0,0.0,,0.0,0.014388489208633,0.25,0.946043165467626,0.2410071942446043,0.9820143884892086,0.0,0.75,0.9850838701271352,0.0,3.0,12.0,3.0
1,Berceuse et Trio,Napoleon Coste,8,5,IX,Romantic,found,pdf,pdf-20260524T103936Z-3-001/pdf/coste-berceuse.pdf,,,,verified_pieces/pdf/xml/coste-berceuse.musicxml,,0.0057471264367816,0.8494623655913979,3,2.9653179190751446,0.457680250783699,0.2857142857142857,0.6358381502890174,5,0.0,1.839080459770115,320,88.0,5.771441123130016,4.109375,9.0,0.30625,0.253125,2.0,0.5344827586206896,2.4731182795698925,0.4946236559139785,0.4566473988439306,10.0,2.631695323294474,3.148123372297015,2.295681975994885,0.1329479768786127,3.0,9.799999999999995,4.625,1.596774193548387,4.0,6.032273603082851,22.0,6.484911814065419,True,0.0,0.0128205128205128,0.032051282051282,0.0,0.1923076923076923,0.1666666666666666,0.5,0.7628205128205128,0.1794871794871795,0.5256410256410257,0.0,2.75,0.8516031644367735,0.1025641025641025,5.0,32.0,11.0
1,"Bourree, BWV 996",J.S. Bach,7,4,V,Baroque,found,gaps,,,,2D1wc,datasets/gaps_v1/readable_musicxml/Johann Sebastian Bach - BWV996 Bourree in E Minor.xml,,0.0,0.4302325581395348,3,1.4172185430463575,0.6072874493927125,0.4545454545454545,0.4966887417218543,4,0.0,1.631578947368421,248,100.0,5.517452896464707,2.0725806451612905,4.300000000000011,0.0282258064516129,0.3104838709677419,1.0,0.5986842105263158,3.1648351648351647,0.5824175824175825,0.1788079470198675,6.0,1.072238855583788,2.482952968142291,2.5373788079184494,0.0,0.7857142857142857,4.6,2.75,0.5607843137254902,2.0,2.4735099337748343,10.0,4.006253256904638,True,0.0,0.0,0.0,0.0,0.25,0.2171052631578947,0.5,0.4713114754098361,0.0986842105263157,0.2960526315789473,0.0,3.0,1.4352312970864998,0.0131578947368421,6.0,42.0,9.0
1,Cadiz from Suite Espanola,Isaac Albeniz,16,9,All,Romantic,found,pdf,pdf-20260524T103936Z-3-001/pdf/Cadiz by Isaac Albeniz.pdf,,,,verified_pieces/pdf/xml/Cadiz by Isaac Albeniz.musicxml,,0.0057061340941512,0.784452296819788,3,1.6596428571428572,0.5363881401617251,0.4854014598540146,0.7685714285714286,4,0.0,1.5891583452211129,1114,100.0,7.016609683894219,3.271095152603232,8.0,0.2019748653500897,0.2127468581687612,2.0,0.4251069900142653,2.2583892617449663,0.3322147651006711,0.2028571428571428,12.25,1.7507992141653468,3.196388378417567,2.4789706435927936,0.0528571428571428,3.0,11.6375,5.25,1.6317966903073284,4.0,4.225416666666667,48.0,5.515023042293831,True,0.0,0.0029850746268656,0.0,0.0491803278688524,0.144776119402985,0.1104477611940298,0.5,0.5955223880597015,0.1417910447761194,0.5955223880597015,0.0,2.75,0.9684365612308108,0.0865671641791044,7.0,65.0,15.0
1,Can She Excuse (Earl of Essex's Galliard),John Dowland,9,7,III,Renaissance,found,pdf,pdf-20260524T103936Z-3-001/pdf/Can She Excuse by John Dowland.pdf,,,,verified_pieces/pdf/xml/Can She Excuse by John Dowland.musicxml,,0.009090909090909,0.6470588235294118,3,1.533434650455927,0.6140350877192983,0.4178082191780822,0.5835866261398176,5,0.0,1.5575757575757576,514,100.0,6.244166900663736,1.5136186770428015,3.0,0.0038910505836575,0.3521400778210117,2.0,0.3212121212121212,3.141509433962264,0.5377358490566038,0.1762917933130699,6.0,0.9630877341425408,2.2557214803752643,2.3636784622385134,0.0,1.0,5.099999999999994,4.5625,1.207920792079208,4.0,4.565771698750423,24.0,5.521337513061651,True,0.0,0.0,0.0,0.0,0.1606060606060606,0.0818181818181818,0.25,0.4515151515151515,0.1333333333333333,0.6909090909090909,1.0,1.75,1.318689674786144,0.0757575757575757,6.0,40.0,9.0
1,"Caprice, Op. 20 no. 2",Luigi Legnani,8,4,XII,Classical,found,pdf,pdf-20260524T103936Z-3-001/pdf/Caprice Opus 20 No 2 by Luigi Rinaldo Legnani.pdf,,,,verified_pieces/pdf/xml/Caprice Opus 20 No 2 by Luigi Rinaldo Legnani.musicxml,gaps_v1/musicxml/opus-20-no-7-legnani.xml,0.0,0.6105263157894737,3,2.0777422790202342,0.4689265536723164,0.762962962962963,0.8722044728434505,4,0.0,1.694267515923567,532,120.0,6.278521424165844,2.3703007518796992,7.0,0.1372180451127819,0.4680451127819549,2.0,0.4044585987261146,2.338582677165354,0.2992125984251969,0.2492012779552715,20.0,2.62480280990304,2.607742159719689,2.368683394412734,0.1054313099041533,2.0,11.0,6.4375,1.9787234042553192,4.0,7.249201277955271,80.0,8.83676782815037,True,0.0,0.0169491525423728,0.0,0.1666666666666666,0.1559322033898305,0.0677966101694915,0.25,0.7152542372881356,0.1559322033898305,0.6406779661016949,1.0,1.75,1.3728612268641545,0.0677966101694915,4.0,29.0,13.0
1,Estudio,Francisco Tarrega,4,2,V,Romantic,found,pdf,pdf-20260524T103936Z-3-001/pdf/Estudio in E Minor by Francisco Tarrega.pdf,,,,verified_pieces/pdf/xml/Estudio in E Minor by Francisco Tarrega.musicxml,,0.00390625,1.0476190476190477,3,0.8392156862745098,0.3079584775086505,0.4666666666666667,0.6549019607843137,2,0.0,1.1328125,290,100.0,5.673323267171493,2.0482758620689654,5.0,0.0586206896551724,0.3689655172413793,3.0,0.125,4.25,0.28125,0.1254901960784313,12.0,1.6525771236338296,2.530278980209556,2.0338626828892243,0.4941176470588235,2.0,12.0,7.1875,11.0,48.0,12.72156862745098,112.0,7.573847262247838,True,0.0,0.0,0.0,0.0,0.0076923076923076,0.0153846153846153,0.3125,0.9692307692307692,0.2307692307692307,0.9076923076923076,1.0,1.6875,1.3776074855981868,0.0153846153846153,3.0,13.0,5.0
1,Estudio 16,Fernando Sor,9,4,X,Classical,found,pdf,pdf-20260524T103936Z-3-001/pdf/Opus 29 No 23 (Segovia 16) by Fernando Sor.pdf,,,,verified_pieces/pdf/xml/Opus 29 No 23 (Segovia 16) by Fernando Sor.musicxml,,0.0,1.2043010752688172,4,1.6209677419354838,0.6555851063829787,0.9742489270386266,1.5591397849462365,4,0.0,1.347048300536673,753,78.0,6.625392368007956,3.9256308100929616,8.0,0.2231075697211155,0.1593625498007968,2.0,0.3416815742397138,1.1570680628272252,0.225130890052356,0.2043010752688172,11.0,1.6189871814140695,3.1340103414586995,2.394633639955856,0.0053763440860215,2.5,8.649999999999999,5.9375,4.752688172043011,8.0,6.478494623655914,44.0,7.168391309569714,True,0.0,0.0,0.0,,0.1223021582733813,0.1438848920863309,0.25,0.9946043165467626,0.2122302158273381,0.658273381294964,0.0,1.75,1.386490297486478,0.0,4.0,35.0,6.0
1,Estudio 18,Fernando Sor,7,5,VI,Classical,found,pdf,pdf-20260524T103936Z-3-001/pdf/Opus 29 No 22 (Segovia Study 18) by Fernando Sor.pdf,,,,verified_pieces/pdf/xml/Opus 29 No 22 (Segovia Study 18) by Fernando Sor.musicxml,,0.0106609808102345,1.7056603773584906,5,1.285968660968661,0.4037854889589905,0.1439393939393939,0.2542735042735042,4,0.0,2.029850746268657,952,72.0,6.859614903654202,4.080882352941177,8.0,0.1386554621848739,0.0451680672268907,3.0,0.5650319829424307,2.852830188679245,0.5283018867924528,0.1816239316239316,9.0,1.209142400111422,3.022447528874804,2.422719920756854,0.1367521367521367,3.0,5.549999999999989,6.3125,3.914141414141414,8.0,5.104760208926875,53.33333333333333,10.705916401372638,True,0.0094786729857819,0.0165876777251184,0.0023696682464454,0.5697674418604651,0.0260663507109004,0.0379146919431279,0.5,0.6895734597156398,0.1516587677725118,0.4099526066350711,0.0,1.3125,1.2470489860840894,0.0876777251184834,6.0,73.0,17.0
1,Estudio 20,Fernando Sor,9,4,VII,Classical,found,pdf,pdf-20260524T103936Z-3-001/pdf/Opus 29 No 17 (Segovia Study 20) by Fernando Sor.pdf,,,,verified_pieces/pdf/xml/Opus 29 No 17 (Segovia Study 20) by Fernando Sor.musicxml,,0.0049833887043189,1.2256267409470751,4,1.5424292845257903,0.4535655058043117,0.3422818791946309,0.2029950083194675,3,0.0,2.004983388704319,1207,80.0,7.0967213784947605,3.658657829328914,7.400000000000091,0.188069594034797,0.1665285832642916,3.0,0.606312292358804,2.246575342465753,0.4657534246575342,0.2013311148086522,7.0,1.244688287528941,3.17554009864786,2.3246306156025605,0.0715474209650582,3.0,7.0,6.8125,3.0502793296089385,6.0,5.283139212423738,64.0,10.341944231479117,True,0.0,0.0225694444444444,0.0243055555555555,0.0,0.2552083333333333,0.1579861111111111,0.5,0.5434027777777778,0.0746527777777777,0.3923611111111111,0.0,1.8125,1.2224964200273205,0.1180555555555555,7.0,84.0,22.0
1,Estudio 7,Fernando Sor,6,3,VIII,Classical,found,pdf,pdf-20260524T103936Z-3-001/pdf/Opus 31 No 21 (Segovia Study 7) by Fernando Sor.pdf,,,,verified_pieces/pdf/xml/Opus 31 No 21 (Segovia Study 7) by Fernando Sor.musicxml,,0.0026666666666666,1.0933333333333333,2,0.7557932263814616,0.3022847100175747,0.1871657754010695,0.2192513368983957,4,0.0,1.52,570,87.0,6.3473892096560105,2.670175438596491,5.0,0.0631578947368421,0.119298245614035,2.0,0.4213333333333333,1.8037974683544304,0.2721518987341772,0.0828877005347593,7.333333333333334,1.0780258072710838,2.732911561127255,2.1085788766526954,0.5187165775401069,1.7142857142857142,3.524999999999997,12.0,9.315555555555555,32.0,10.730614973262032,96.0,11.054545454545456,True,0.0,0.0,0.0,-0.0769230769230769,0.195,0.105,0.3125,0.865,0.19,0.55,0.0,1.6875,1.3143012389359234,0.07,6.0,31.0,7.0
1,Estudio 9,Fernando Sor,7,3,VII,Classical,found,pdf,pdf-20260524T103936Z-3-001/pdf/Opus 31 No 20 (Segovia Study 9) by Fernando Sor.pdf,,,,verified_pieces/pdf/xml/Opus 31 No 20 (Segovia Study 9) by Fernando Sor.musicxml,,0.0,1.3945578231292517,3,1.4104166666666669,0.3141683778234086,0.0,0.08125,1,0.0,3.031055900621118,488,120.0,6.192362489474872,2.4959016393442623,6.0,0.0778688524590164,0.2520491803278688,3.0,0.9130434782608696,3.2789115646258504,0.4897959183673469,0.18125,7.666666666666667,1.304790519053197,2.857535381741415,2.4114166457383006,0.0,3.0,5.566666666666664,3.8125,1.3812785388127853,3.0,1.6177083333333333,10.666666666666666,9.36174227533611,True,0.0434782608695652,0.0434782608695652,0.062111801242236,0.0461538461538461,0.2919254658385093,0.3105590062111801,1.0,0.9192546583850932,0.1366459627329192,0.3291925465838509,1.0,1.75,1.4572144849958213,0.3850931677018633,5.0,38.0,11.0
1,Estudios Sencillos: I,Leo Brouwer,4,2,III,Modern,found,gaps,,,,Ly1wc,datasets/gaps_v1/readable_musicxml/Leo Brouwer - Estudios Sencillos.xml,,0.0,0.0,0,2.216666666666667,0.631578947368421,1.0,1.4833333333333334,5,0.0,1.160220994475138,210,100.0,5.351858133476067,2.085714285714286,6.0,0.0571428571428571,0.4666666666666667,0.0,0.1602209944751381,0.0344827586206896,0.2068965517241379,0.2888888888888888,12.0,2.536456408281268,2.5069759908017364,2.5542009900128164,0.0333333333333333,0.0,11.0,4.75,0.0,0.0,8.866666666666667,48.0,5.414364640883978,True,0.0,0.0,0.0,,0.1049723756906077,0.0939226519337016,0.25,0.9095238095238096,0.143646408839779,0.4143646408839779,0.0,1.75,0.7527492210556384,0.0,2.0,32.0,7.0
1,Fortune,John Dowland,8,6,V,Renaissance,found,pdf,pdf-20260524T103936Z-3-001/pdf/Fortune My Foe by John Dowland.pdf,,,,verified_pieces/pdf/xml/Fortune My Foe by John Dowland.musicxml,,0.0,0.2857142857142857,2,1.4684684684684686,0.5655737704918032,0.5666666666666667,0.5675675675675675,3,0.0,1.64,123,120.0,4.820281565605037,1.146341463414634,3.0,0.0,0.4390243902439024,1.3000000000000007,0.3733333333333333,3.142857142857143,0.6071428571428571,0.1486486486486486,3.5,0.81450609385915,1.9195623471982464,2.51039304530569,0.0135135135135135,1.2,3.2,2.5,0.3214285714285714,2.0,2.5255255255255253,12.0,3.253548387096774,True,0.0,0.0,0.0,0.0,0.12,0.0533333333333333,0.5,0.4,0.1066666666666666,0.6533333333333333,1.0,2.75,1.1993264386660445,0.0533333333333333,6.0,21.0,5.0
1,Gavotte No. 1 (from Lute Suite No. 3); BWV 995,J.S. Bach,11,5,VII,Baroque,found,dada_gp,,"datasets/DadaGP-v1.1/B/Bach, Johann Sebastian/Bach, Johann Sebastian - Gavotte En Rondeau (From BWV 995).gp4.tokens.txt","datasets/DadaGP-v1.1/B/Bach, Johann Sebastian/Bach, Johann Sebastian - Gavotte En Rondeau (From BWV 995).gp4",,"verified_pieces/dada/xml/Bach, Johann Sebastian - Gavotte En Rondeau (From BWV 995).musicxml",,0.0,0.4745762711864407,2,1.6787878787878787,0.776,0.5423728813559322,0.5131313131313131,3,0.0,1.2620967741935485,626,200.0,6.440946540632921,1.6517571884984026,3.0,0.0159744408945686,0.3322683706070287,1.0,0.2620967741935484,2.9384615384615387,0.2923076923076923,0.2101010101010101,6.0,0.9480732963260864,2.357239832168008,2.30583114799798,0.0,1.0,4.599999999999998,2.6875,0.8813559322033898,2.0,3.301010101010101,12.0,3.009800307219662,True,0.0,0.0,0.0,,0.0887096774193548,0.0967741935483871,0.5,0.967741935483871,0.1935483870967742,0.7580645161290323,1.0,1.0,1.4773933718193837,0.0,2.0,32.0,6.0
1,"Gran Sonata Eroica, Op. 150",Mauro Giuliani,15,6,All,Classical,found,pdf,pdf-20260524T103936Z-3-001/pdf/Grand Sonata Opus 150 by Mauro Giuliani.pdf,,,,verified_pieces/pdf/xml/Grand Sonata Opus 150 by Mauro Giuliani.musicxml,,0.0058975304091411,1.1813559322033895,4,2.655242133726647,0.5278629856850716,0.4454443194600675,0.6157817109144543,5,0.0,1.4423147806855878,3913,110.0,8.272315147956022,3.715563506261181,9.0,0.2256580628673652,0.2898032200357782,3.0,0.2207887946922226,3.1786310517529217,0.5425709515859767,0.3078908554572271,22.0,4.151529025171915,3.30088199302713,2.4733440130970585,0.1884218289085545,3.1,22.0,7.0625,2.494057724957555,6.0,9.652787947160183,192.0,5.362259132373117,True,0.0063371356147021,0.0033798056611744,0.008871989860583,0.1,0.0916772285593578,0.0371778622729193,0.25,0.4820447824250106,0.1761723700887199,0.795099281791297,0.0,3.75,0.9718053687860424,0.0722433460076045,14.0,111.0,24.0
1,Granada,Isaac Albeniz,14,8,X,Romantic,found,pdf,pdf-20260524T103936Z-3-001/pdf/Granada by Isaac Albeniz.pdf,,,,verified_pieces/pdf/xml/Granada by Isaac Albeniz.musicxml,,0.0083932853717026,1.4508196721311477,4,1.3729891956782714,0.3991880920162381,0.2473498233215547,0.3385354141656663,5,0.0,1.7733812949640289,1479,50.0,7.299797366758161,5.223123732251521,9.0,0.4685598377281947,0.1413116970926301,3.0,0.460431654676259,2.434895833333333,0.25,0.1920768307322929,10.333333333333334,1.394551284199934,3.3899174519654167,2.3757968314901428,0.2448979591836734,3.0,8.708333333333332,6.9375,5.6,12.0,6.239895958383354,64.0,8.613566289825282,True,0.0,0.0013888888888888,0.0041666666666666,0.1125,0.1569444444444444,0.1208333333333333,0.25,0.4694444444444444,0.0930555555555555,0.5180555555555556,0.0,1.3125,1.400989803698317,0.0986111111111111,6.0,52.0,17.0
1,"Grand Ouverture, Op. 61",Mauro Giuliani,13,5,XII,Classical,found,pdf,pdf-20260524T103936Z-3-001/pdf/Opus 61 Grand Overture by Mauro Giuliani.pdf,,,,verified_pieces/pdf/xml/Opus 61 Grand Overture by Mauro Giuliani.musicxml,,0.0030721966205837,1.0413223140495869,3,2.1955234583077234,0.6366756557979897,0.7701241489787746,1.4609711124769516,5,0.0,1.2534562211981566,4080,66.0,8.314097335405807,3.265686274509804,9.0,0.1595588235294117,0.2512254901960784,3.0,0.1551459293394777,2.891089108910891,0.3485148514851485,0.3110018438844499,15.5,2.312762464090011,3.1679925161980425,2.480449812916522,0.1161647203441917,3.0,15.5,6.0,2.326432022084196,6.0,8.492810557945775,80.0,4.0032104755291416,True,0.0003364737550471,0.0013458950201884,0.0026917900403768,0.1027397260273972,0.0709959623149394,0.0218707940780619,0.25,0.5595558546433378,0.1823687752355316,0.8495962314939435,0.0,2.8125,1.2518248821077316,0.0440780619111709,11.0,78.0,16.0
1,La Bananita (Tango),Agustin Barrios Mandore,12,6,All,Romantic,found,pdf,pdf-20260524T103936Z-3-001/pdf/La Bananita by Agustin Barrios.pdf,,,,verified_pieces/pdf/xml/La Bananita by Agustin Barrios.musicxml,,0.0147058823529411,1.4756335282651072,21,1.7032106339468305,0.3340070742799393,0.5760869565217391,0.7791411042944786,5,0.0,2.426470588235294,1980,92.0,7.591357046698551,4.151515151515151,10.0,0.2868686868686869,0.2424242424242424,3.0,0.6470588235294118,2.945075757575758,0.3825757575757575,0.249079754601227,22.0,2.081162693805395,3.322620332074475,2.471844437550177,0.1067484662576687,3.0,11.749999999999991,10.1875,4.503255208333333,12.0,5.523047034764827,52.0,17.728456696331666,True,0.0,0.0255427841634738,0.020434227330779,0.016,0.2899106002554278,0.0779054916985951,0.25,0.6602809706257982,0.1800766283524904,0.3805874840357598,0.0,0.75,1.4138956542289136,0.3141762452107279,4.0,94.0,27.0
1,La donna e mobile from 'Rigoletto',Giuseppe Verdi,8,4,VII,Romantic,found,pdf,pdf-20260524T103936Z-3-001/pdf/La donna e mobile by Giuseppe Verdi.pdf,,,,verified_pieces/pdf/xml/La donna e mobile by Giuseppe Verdi.musicxml,,0.0068027210884353,0.5529411764705883,3,1.3390410958904109,0.3876811594202898,0.3846153846153846,0.2876712328767123,2,0.0,1.8843537414965987,277,75.0,5.627621113690637,2.7581227436823106,6.0,0.0902527075812274,0.2851985559566787,2.0,0.6122448979591837,2.688888888888889,0.4555555555555555,0.2260273972602739,7.0,1.3274577136648675,2.709263689238329,2.317317031423141,0.2397260273972602,3.0,6.25,6.75,1.722222222222222,4.0,7.784246575342466,68.0,10.70699459270888,True,0.0,0.0588235294117647,0.0084033613445378,0.0,0.2689075630252101,0.0840336134453781,0.5,0.5546218487394958,0.1764705882352941,0.4201680672268907,0.0,0.8125,1.5094330916392222,0.1848739495798319,5.0,33.0,10.0
1,Lagrima,Francisco Tarrega,4,4,IX,Romantic,found,pdf,pdf-20260524T103936Z-3-001/pdf/Prelude 20 Lagrima by Francisco Tarrega.pdf,,,,verified_pieces/pdf/xml/Prelude 20 Lagrima by Francisco Tarrega.musicxml,gaps_v1/musicxml/Prelude 20 Lagrima by Francisco Tarrega.xml,0.0,1.0434782608695652,2,2.960199004975125,0.66,0.6956521739130435,0.9552238805970148,4,0.0,1.4852941176470589,101,80.0,4.624972813284271,3.00990099009901,8.0,0.2178217821782178,0.3465346534653465,2.0,0.3970588235294117,2.703703703703704,0.7037037037037037,0.4477611940298507,12.0,2.345753997710925,2.8870156196896586,2.340148535202976,0.0,1.2,8.099999999999994,3.1875,2.0869565217391304,4.0,5.910447761194031,24.0,4.41219723183391,True,0.0,0.0,0.0147058823529411,0.0,0.088235294117647,0.2352941176470588,0.5,0.9705882352941176,0.3382352941176471,0.6323529411764706,1.0,0.5,1.166144832977227,0.0441176470588235,2.0,18.0,7.0
1,Leyenda,Isaac Albeniz,15,8,XI,Romantic,found,dada_gp,,"datasets/DadaGP-v1.1/A/Albeniz, Isaac/Albeniz, Isaac - Leyenda.gp3.tokens.txt","datasets/DadaGP-v1.1/A/Albeniz, Isaac/Albeniz, Isaac - Leyenda.gp3",,"verified_pieces/dada/xml/Albeniz, Isaac - Leyenda.musicxml",,0.0023062730627306,1.5454545454545454,4,4.887325026918936,0.7797498991528842,0.9004617752693689,1.812182741116752,5,0.0129032258064516,1.1439114391143912,2480,107.0,7.816416983691801,5.133870967741935,10.0,0.5721774193548387,0.3173387096774193,3.0,0.0622693726937269,3.311111111111111,0.4,0.5948315643747116,14.75,3.679967358184263,2.7984178843333143,2.346139597822217,0.0586063682510383,4.0,11.599999999999993,7.0625,2.936386768447837,6.0,23.99261568178511,71.98560287942773,4.792061434127855,True,,,,,,,,,,,,,,,,,
1,"Los Panaderos, Bolero",Julian Arcas,10,5,X,Romantic,found,pdf,pdf-20260524T103936Z-3-001/pdf/Bolero in A Minor by Julian Arcas.pdf,,,,verified_pieces/pdf/xml/Bolero in A Minor by Julian Arcas.musicxml,,0.0146699266503667,0.9090909090909092,2,2.135049019607843,0.634011090573013,0.6704119850187266,1.053921568627451,5,0.0,1.3251833740831296,542,110.0,6.297109319933935,2.955719557195572,8.0,0.1715867158671586,0.3154981549815498,2.0,0.2029339853300733,2.891566265060241,0.4457831325301205,0.267156862745098,13.0,2.5256537361607387,2.9810335727582338,2.4584017509298226,0.0808823529411764,2.0,12.0,4.0,1.8176691729323309,4.0,6.222058823529412,52.0,4.40643796781016,True,0.0,0.0,0.0,0.0,0.0258397932816537,0.0516795865633074,0.5,0.5529715762273901,0.2403100775193798,0.813953488372093,1.0,2.75,1.251422943607458,0.0284237726098191,6.0,32.0,12.0
1,Luisito (Minueto),Agustin Barrios Mandore,7,4,VIII,Romantic,found,pdf,pdf-20260524T103936Z-3-001/pdf/luisito-barrios.pdf,,,,verified_pieces/pdf/xml/luisito-barrios.musicxml,,0.0063694267515923,1.3725490196078431,3,2.03525641025641,0.6593886462882096,0.3888888888888889,0.4423076923076923,4,0.0,1.464968152866242,230,80.0,5.442417710521793,4.517391304347826,8.0,0.2,0.0478260869565217,3.0,0.3248407643312102,2.549019607843137,0.8823529411764706,0.3269230769230769,9.5,1.439640220886042,3.145490412296922,2.442387638477428,0.0,2.0,6.949999999999999,4.5625,3.54,8.0,6.542735042735043,28.0,5.809356468262684,True,0.0,0.0254777070063694,0.0,0.1818181818181818,0.0891719745222929,0.0318471337579617,0.25,0.6496815286624203,0.2292993630573248,0.7006369426751592,0.0,1.75,0.8970197049689773,0.0573248407643312,4.0,37.0,10.0
1,Mazurca en sol,Francisco Tarrega,8,6,XII,Romantic,found,pdf,pdf-20260524T103936Z-3-001/pdf/Mazurca En Sol by Francisco Tarrega.pdf,,,,verified_pieces/pdf/xml/Mazurca En Sol by Francisco Tarrega.musicxml,,0.0039525691699604,1.0342465753424657,4,1.5853174603174602,0.3513513513513513,0.1333333333333333,0.4126984126984127,5,0.0,1.9051383399209487,482,75.0,6.180016653652572,4.717842323651452,9.0,0.3360995850622407,0.1659751037344398,2.0,0.5849802371541502,2.22972972972973,0.4391891891891892,0.2539682539682539,12.0,2.097332970000146,3.282050894811978,2.410744623492361,0.3095238095238095,2.0,11.0,6.25,5.495107632093933,16.0,6.982253086419752,69.33333333333333,9.571613600957887,True,0.0,0.0056179775280898,0.0224719101123595,0.0769230769230769,0.1235955056179775,0.2022471910112359,0.5,0.5955056179775281,0.1067415730337078,0.4606741573033708,0.0,1.8125,1.000377319819159,0.0674157303370786,7.0,52.0,16.0
1,Mazurka Apassionata,Agustin Barrios Mandore,15,8,All,Romantic,found,pdf,pdf-20260524T103936Z-3-001/pdf/barrios-mazurka.pdf,,,,verified_pieces/pdf/xml/barrios-mazurka.musicxml,,0.0058027079303675,1.1884057971014492,5,2.13171834625323,0.4219590958019376,0.4489795918367347,0.627906976744186,5,0.0,1.7988394584139265,930,90.0,6.836259277277067,6.233333333333333,12.0,0.5150537634408602,0.1279569892473118,3.0,0.5415860735009671,2.25,0.4178571428571428,0.3100775193798449,14.0,2.573569231448901,3.742176591619769,2.464567722790835,0.2228682170542635,3.6666666666666665,11.5,4.625,2.630909090909091,8.0,5.306890611541775,192.0,6.08473088001801,True,0.0023474178403755,0.0258215962441314,0.0,0.0789473684210526,0.1220657276995305,0.1384976525821596,0.5,0.6126760563380281,0.0845070422535211,0.4976525821596244,1.0,2.8125,1.046774903394641,0.0821596244131455,8.0,74.0,18.0
1,Melancholy Galliard,John Dowland,8,4,V,Renaissance,found,pdf,pdf-20260524T103936Z-3-001/pdf/dowland-melancholy.pdf,,,,verified_pieces/pdf/xml/dowland-melancholy.musicxml,,0.0127795527156549,1.7479674796747968,3,1.317948717948718,0.4224,0.2462686567164179,0.2403846153846154,4,0.0,2.0,626,54.0,6.440946540632921,2.8434504792332267,5.0,0.0511182108626198,0.182108626198083,3.0,0.3929712460063898,3.699186991869919,0.3414634146341463,0.1057692307692307,5.0,0.9214454659164047,2.72841767351496,2.395437187057231,0.1474358974358974,2.388888888888889,3.8,5.4375,3.3956639566395665,8.0,3.6805555555555554,16.0,8.488135593220338,True,0.0,0.0,0.0,0.0952380952380952,0.1321428571428571,0.0428571428571428,0.25,0.3892857142857143,0.1714285714285714,0.6607142857142857,1.0,1.25,1.2344171778553807,0.1357142857142857,5.0,37.0,12.0
1,Partita I: BWV 1002: viii. Double (Tempo di Borea),J.S. Bach,12,5,VII,Baroque,found,pdf,pdf-20260524T103936Z-3-001/pdf/BWV1002 Double by Johann Sebastian Bach.pdf,,,,verified_pieces/pdf/xml/BWV1002 Double by Johann Sebastian Bach.musicxml,,0.0,0.6764705882352942,3,1.6319218241042346,0.7507246376811594,0.6293103448275862,0.8013029315960912,4,0.0,1.1233766233766234,346,110.0,5.849324779946859,3.008670520231214,7.0,0.1069364161849711,0.2023121387283237,1.6999999999999993,0.1233766233766233,3.236842105263158,0.868421052631579,0.2052117263843648,7.0,1.266464423981584,2.8352386869705817,2.4450982223197792,0.006514657980456,3.0,5.5,2.5,1.3529411764705883,3.3999999999999986,3.263843648208469,14.0,2.491591741591742,True,0.0,0.0,0.0,,0.0259740259740259,0.0259740259740259,0.5,0.9935064935064936,0.1396103896103896,0.8928571428571429,1.0,2.5,1.3959061478524273,0.0,3.0,32.0,7.0
1,Poco Allegretto,Ferdinando Carulli,1,1,I,Classical,found,pdf,pdf-20260524T103936Z-3-001/pdf/Opus 211 No 10 Poco Allegretto by Ferdinando Carulli.pdf,,,,verified_pieces/pdf/xml/Opus 211 No 10 Poco Allegretto by Ferdinando Carulli.musicxml,,0.0049504950495049,0.5230769230769231,2,2.414593698175788,0.5480769230769231,0.7155172413793104,0.945273631840796,4,0.0,1.5495049504950495,313,100.0,5.749392985908253,2.0958466453674123,4.0,0.0319488817891373,0.3386581469648562,1.0,0.3217821782178218,2.507692307692308,0.3538461538461538,0.1940298507462686,22.0,4.500387227757327,2.4113653837830338,2.2984262093755503,0.0646766169154228,1.0,20.0,5.0,1.1076923076923078,2.0,8.248756218905474,88.0,6.736042354235424,True,0.0155440414507772,0.0,0.0,0.25,0.1036269430051813,0.1347150259067357,0.25,0.6010362694300518,0.1865284974093264,0.6787564766839378,1.0,0.8125,1.0435490827423584,0.077720207253886,5.0,30.0,7.0
1,"Prelude, TI i-6",Francisco Tarrega,8,6,All,Romantic,found,pdf,pdf-20260524T103936Z-3-001/pdf/Prelude 6 in B Minor by Francisco Tarrega.pdf,,,,verified_pieces/pdf/xml/Prelude 6 in B Minor by Francisco Tarrega.musicxml,,0.0,2.1666666666666665,3,2.0090702947845807,0.6113989637305699,0.75,1.1564625850340136,4,0.0,1.3108108108108107,194,80.0,5.272999558563747,4.556701030927835,9.0,0.2577319587628865,0.1134020618556701,3.0,0.1216216216216216,2.833333333333333,0.7777777777777778,0.2585034013605442,12.0,2.4082390634222834,3.4010138124552967,2.495706716258009,0.0272108843537414,3.0,11.349999999999994,4.25,2.4705882352941178,3.4000000000000004,7.696145124716554,48.0,5.085945945945945,True,0.0,0.0069444444444444,0.0138888888888888,0.1,0.0277777777777777,0.0347222222222222,0.25,0.8888888888888888,0.1597222222222222,0.8958333333333334,1.0,1.75,1.2318646326794451,0.0625,4.0,23.0,7.0
1,The Prince's Toys: The Tin Soldiers,Nikita Koshkin,16,9,X,Modern,found,pdf,pdf-20260524T103936Z-3-001/pdf/The Princes Toys Playing With Soldiers by Nikita Koshkin.pdf,,,,verified_pieces/pdf/xml/The Princes Toys Playing With Soldiers by Nikita Koshkin.musicxml,,0.0319284802043422,0.1821192052980132,4,1.3759590792838874,0.1834247410115783,0.3076923076923077,0.0639386189258312,2,0.0,2.0970625798212006,1642,130.0,7.404279118037268,5.569427527405603,9.0,0.3197320341047503,0.1492082825822168,1.0,0.8365261813537676,1.667175572519084,0.099236641221374,0.2071611253196931,13.0,2.4597523907588967,2.8025467550165457,2.5179983584792254,0.6074168797953964,2.0,12.099999999999994,12.125,0.5607064017660044,2.0,4.025291275930662,144.0,9.645313042202831,True,0.0,0.0,0.0,-3.0,0.0091603053435114,0.0274809160305343,0.5,0.43206106870229,0.3312977099236641,0.4519083969465648,0.0,4.9375,0.7287323772534622,0.0061068702290076,13.0,64.0,17.0
1,Danza Mora,Francisco Tarrega,18,8,All,Romantic,found,dada_gp,,"datasets/DadaGP-v1.1/T/Tarrega, Francisco/Tarrega, Francisco - Danza Mora.gp3.tokens.txt","datasets/DadaGP-v1.1/T/Tarrega, Francisco/Tarrega, Francisco - Danza Mora.gp3",,"verified_pieces/dada/xml/Tarrega, Francisco - Danza Mora.musicxml",,0.0245398773006134,1.385135135135135,4,1.6825641025641025,0.5101663585951941,0.4947368421052631,0.5230769230769231,4,0.0,1.6625766871165644,542,100.0,6.297109319933935,5.507380073800738,9.0,0.492619926199262,0.1033210332103321,2.0,0.4723926380368098,2.7337662337662336,0.4805194805194805,0.243076923076923,8.0,1.488992175561146,3.350401004252036,2.563256619633674,0.1015384615384615,2.6666666666666665,6.7125,5.5,3.031656253783251,5.998800239951901,6.213600924657624,32.0,7.151718765215697,True,0.0,0.0061728395061728,0.0,0.1851851851851851,0.0401234567901234,0.0925925925925925,0.25,0.5185185185185185,0.1481481481481481,0.595679012345679,1.0,2.833333333333333,0.7756880108483966,0.0679012345679012,6.0,45.0,13.0
1,Fuga No. 1,Leo Brouwer,11,8,All,Modern,found,pdf,pdf-20260524T103936Z-3-001/pdf/Fuga No 1 by Leo Brouwer.pdf,,,,verified_pieces/pdf/xml/Fuga No 1 by Leo Brouwer.musicxml,,0.0,0.8796296296296297,5,1.8772522522522528,0.52,0.4680851063829787,0.3834459459459459,4,0.0,1.5615514333895446,926,50.0,6.831953565565855,3.295896328293737,7.0,0.2062634989200863,0.3207343412526998,2.0,0.4165261382799325,2.145748987854251,0.5303643724696356,0.3125,11.0,1.8492969492861528,3.0191885278299044,2.507243793320226,0.1351351351351351,3.0,10.174999999999995,9.625,3.1891472868217057,8.0,7.08277027027027,44.0,8.08949162136346,True,0.0,0.0034965034965034,0.0,-0.1666666666666666,0.0314685314685314,0.0699300699300699,0.25,0.8461538461538461,0.1346153846153846,0.6241258741258742,1.0,2.0625,1.0506246402305357,0.0244755244755244,9.0,64.0,18.0
1,Nocturne Opus 9 No. 2,Frederic Chopin,16,8,XIV,Romantic,found,pdf,pdf-20260524T103936Z-3-001/pdf/Opus 9 No 2 Nocturne by Frederic Chopin.pdf,,,,verified_pieces/pdf/xml/Opus 9 No 2 Nocturne by Frederic Chopin.musicxml,gaps_v1/musicxml/Opus 9 No 2 Nocturne by Frederic Chopin.xml,0.0,0.9057142857142856,6,1.2881907778951074,0.3454038997214484,0.2923076923076923,0.4582893347412883,4,0.0,1.5158227848101269,1437,56.0,7.271008538280992,4.438413361169102,9.0,0.3298538622129436,0.2407794015309673,2.0,0.3776371308016877,2.7541899441340782,0.329608938547486,0.1921858500527983,11.0,1.855046261647324,3.222085963082412,2.4863399922595955,0.4498416050686378,2.2,8.599999999999998,5.1875,3.243962341383545,8.0,5.1920852818424095,144.0,3.265111248674764,True,0.0,0.0,0.005736137667304,0.0,0.0917782026768642,0.1032504780114722,0.5,0.5353728489483748,0.1051625239005736,0.6118546845124283,0.0,50.4375,1.1551008715632816,0.0516252390057361,25.0,63.0,15.0
1,Tarantos,Leo Brouwer,19,10,X,Modern,found,dada_gp,,"datasets/DadaGP-v1.1/B/Brouwer, Leo/Brouwer, Leo - Tarantos.gp4.tokens.txt","datasets/DadaGP-v1.1/B/Brouwer, Leo/Brouwer, Leo - Tarantos.gp4",,"verified_pieces/dada/xml/Brouwer, Leo - Tarantos.musicxml",,0.0,5.914473684210527,17,2.0867368421052634,0.5006821282401092,0.7350993377483444,0.7326315789473684,5,0.108991825613079,1.5420168067226891,734,80.0,6.5998704992128365,3.980926430517711,9.0,0.2779291553133515,0.2002724795640326,9.0,0.3298319327731092,2.4076433121019107,0.375796178343949,0.2968421052631579,15.0,2.291993589641657,3.267292846427333,2.5701211927653547,0.1242105263157894,8.26923076923077,9.575,13.625,34.28315628311327,89.00000000000512,12.799862223438616,90.00000000000512,7.609010663088766,True,,,,,,,,,,,,,,,,,
1,"24 Caprices, Op. 1: 13",Niccolo Paganini,16,6,XII,Romantic,found,pdf,pdf-20260524T103936Z-3-001/pdf/13th Caprice by Niccolo Paganini.pdf,,,,verified_pieces/pdf/xml/13th Caprice by Niccolo Paganini.musicxml,,0.0,1.326530612244898,3,1.975290697674419,0.6928251121076233,0.7350427350427351,1.3924418604651163,5,0.0,1.2956521739130435,447,72.0,6.104793232414985,5.733780760626399,11.0,0.3601789709172259,0.0693512304250559,2.0,0.2840579710144927,1.0612244897959184,0.2755102040816326,0.2703488372093023,15.0,1.8026734863642384,3.6572289982968167,2.334919313469122,0.0174418604651162,3.0,11.54999999999999,4.4375,2.8605442176870746,4.0,6.676114341085272,60.0,4.897729570732604,True,0.0,0.0,0.0,0.0,0.0789473684210526,0.1081871345029239,0.25,0.7222222222222222,0.1900584795321637,0.7280701754385965,1.0,1.75,0.7701402673903056,0.0058479532163742,5.0,31.0,6.0
1,"24 Caprices, Op. 1: 16",Niccolo Paganini,17,9,All,Romantic,found,pdf,pdf-20260524T103936Z-3-001/pdf/Capriccio No 16 Presto In Sol Minore by Niccolo Paganini.pdf,,,,verified_pieces/pdf/xml/Capriccio No 16 Presto In Sol Minore by Niccolo Paganini.musicxml,,0.0,0.0,0,2.0603727714748783,0.8674121405750799,0.5684039087947883,1.1021069692058347,5,0.0,1.0145631067961165,627,165.0,6.442540166468199,8.430622009569378,13.0,0.7081339712918661,0.0079744816586921,0.0,0.0048543689320388,5.0,0.3333333333333333,0.3241491085899514,12.0,1.6354627586054504,3.668086633975636,2.539729415338065,0.0097244732576985,0.0,10.799999999999985,4.1875,0.0,0.0,8.241491085899513,48.0,4.077763256161314,True,0.0,0.0,0.0,1.0,0.0,0.0,0.25,0.9983766233766234,0.1509740259740259,0.9983766233766234,1.0,2.75,1.3747369739154474,0.0,2.0,13.0,2.0
1,"24 Caprices, Op. 1: 2",Niccolo Paganini,19,10,All,Romantic,found,pdf,pdf-20260524T103936Z-3-001/pdf/Capricce No 2 by Nicolo Paganini.pdf,,,,verified_pieces/pdf/xml/Capricce No 2 by Nicolo Paganini.musicxml,,0.0010070493454179,2.0,2,2.161626344086021,0.872745490981964,0.7654196157735086,1.970766129032258,5,0.0,1.0060422960725075,999,81.0,6.907755278982137,9.224224224224224,13.0,0.8518518518518519,0.005005005005005,2.0,0.0020140986908358,3.5,1.0,0.3719758064516129,14.0,1.5487802022435413,3.5228621498069,2.515259032756121,0.0120967741935483,2.0,7.0,4.0625,0.6666666666666666,0.6666666666666666,8.580981182795698,56.0,3.8507136160016655,True,0.0,0.0,0.0,0.0,0.0,0.0010141987829614,0.25,0.984787018255578,0.1774847870182555,0.9989858012170384,1.0,3.0,1.444589079142785,0.0010141987829614,5.0,13.0,2.0
1,"24 Caprices, Op. 1: 20",Niccolo Paganini,15,7,All,Romantic,found,pdf,pdf-20260524T103936Z-3-001/pdf/Caprice No 20 by Niccolo Paganini.pdf,,,,verified_pieces/pdf/xml/Caprice No 20 by Niccolo Paganini.musicxml,,0.0,1.804878048780488,4,1.717948717948718,0.6584867075664622,0.4908424908424908,0.5888594164456233,5,0.0,1.2962962962962965,490,120.0,6.19644412779452,6.322448979591837,12.100000000000025,0.4408163265306122,0.0918367346938775,3.0,0.2169312169312169,2.524390243902439,0.4634146341463415,0.2175066312997347,11.0,1.6978147674870192,3.754509163368095,2.486613449607677,0.0742705570291777,3.0,8.5,4.1875,3.235772357723577,6.0,5.851164161508988,44.0,4.395745226195053,True,0.0,0.0,0.0,0.25,0.0557029177718832,0.0026525198938992,0.25,0.7029177718832891,0.1405835543766578,0.8885941644562334,0.0,2.75,1.11174061709551,0.0238726790450928,6.0,31.0,11.0
1,"24 Caprices, Op. 1: 24",Niccolo Paganini,19,8,All,Romantic,found,pdf,pdf-20260524T103936Z-3-001/pdf/Caprice No.24 by Nicolo Paganini.pdf,,,,verified_pieces/pdf/xml/Caprice No.24 by Nicolo Paganini.musicxml,,0.0,0.4210526315789473,2,1.1789473684210523,0.6217948717948718,0.3547008547008547,0.5052631578947369,5,0.0,1.0944055944055944,313,120.0,5.749392985908253,1.7891373801916932,4.0,0.0031948881789137,0.31629392971246,1.1999999999999993,0.0944055944055944,3.333333333333333,0.5185185185185185,0.1543859649122807,6.0,1.1984985990674994,2.464979481808881,2.421433795517048,0.2666666666666666,1.0,4.799999999999997,6.0625,1.7543859649122804,4.799999999999997,8.31169590643275,64.0,4.98706389152249,True,0.0,0.0,0.0,,0.0182648401826484,0.0182648401826484,0.25,0.6255707762557078,0.2009132420091324,0.9497716894977168,1.0,0.75,1.235434963242803,0.0,5.0,19.0,4.0
1,Bajando de la meseta,Joaquin Rodrigo,14,8,All,Modern,found,pdf,pdf-20260524T103936Z-3-001/pdf/Por Los Campos De Espana No 3 Bajando De La Meseta by Joaquin Rodrigo.pdf,,,,verified_pieces/pdf/xml/Por Los Campos De Espana No 3 Bajando De La Meseta by Joaquin Rodrigo.musicxml,,0.0060321715817694,1.0809628008752736,4,1.4187346300022357,0.3183791606367583,0.3215859030837004,0.4547283702213279,5,0.0,1.853217158176944,2765,56.0,7.925157512224703,3.6292947558770345,9.0,0.2094032549728752,0.3063291139240506,2.0,0.3284182305630027,2.9204081632653063,0.1836734693877551,0.1556002682763246,16.0,2.118059830004093,3.111164976726536,2.550779572084904,0.3628437290409121,3.0,10.5,18.1875,3.27046783625731,8.0,7.905894627021389,256.0,9.32192462509926,True,0.0,0.0,0.0,0.0545454545454545,0.0482930890924229,0.0066611157368859,0.5,0.4029975020815987,0.1057452123230641,0.6336386344712739,1.0,2.8125,1.2307910369001505,0.0432972522897585,10.0,79.0,29.0
1,Entre olivares,Joaquin Rodrigo,15,7,XII,Modern,found,pdf,pdf-20260524T103936Z-3-001/pdf/Por Los Campos De Espana No 2 Entre Olivares  by Joaquin Rodrigo.pdf,,,,verified_pieces/pdf/xml/Por Los Campos De Espana No 2 Entre Olivares  by Joaquin Rodrigo.musicxml,,0.009930486593843,1.238213399503722,4,1.4213552021206095,0.280794701986755,0.3973634651600753,0.3449304174950298,5,0.0,2.250248262164846,2266,132.0,7.726212650507529,3.1663724624889675,9.0,0.1663724624889673,0.3477493380406001,3.0,0.4011916583912612,3.4232673267326734,0.1584158415841584,0.1759443339960238,22.0,2.198762340169488,2.895122791899618,2.574096613460615,0.3061630218687873,2.833333333333333,20.0,10.125,2.4693200663349915,6.0,2.8472309003124114,80.0,9.040891067492092,True,0.0,0.0,0.0,0.75,0.0193285859613428,0.0233977619532044,0.5,0.873855544252289,0.108850457782299,0.5910478128179044,0.0,4.3125,1.160619033041192,0.0010172939979654,11.0,55.0,24.0
1,"Jesu, Joy of Man's Desiring (from Cantata No. 147)",J.S. Bach,16,7,VIII,Baroque,found,pdf,"pdf-20260524T103936Z-3-001/pdf/BWV147  Jesu, Joy of Man_s Desiring Johann Sebastian Bach.pdf",,,,"verified_pieces/pdf/xml/BWV147  Jesu, Joy of Man_s Desiring Johann Sebastian Bach.musicxml",,0.0,0.8728813559322034,21,1.7208222811671088,0.5993031358885017,0.5138888888888888,0.4986737400530504,3,0.0,1.5211640211640212,575,120.0,6.356107660695892,1.5339130434782609,3.0,0.0034782608695652,0.3860869565217391,1.2999999999999972,0.3412698412698413,2.682170542635659,0.4108527131782946,0.2334217506631299,22.0,1.8958368311263227,2.1285055515881464,2.359603433177844,0.0238726790450928,3.5,17.25,3.25,1.386039886039886,2.0,3.2422634836427937,44.0,3.8531687760762647,True,0.0,0.0,0.0,0.0,0.1135135135135135,0.0945945945945946,0.5,0.845945945945946,0.1324324324324324,0.7,0.0,2.75,1.4097457352370286,0.0864864864864864,6.0,40.0,11.0
1,"Suite IV, BWV 1006a: iii. Gavotte en rondeau",J.S. Bach,14,8,VII,Baroque,found,pdf,pdf-20260524T103936Z-3-001/pdf/BWV 1006a iii Gavotte En Rondeau by Johann Sebastian Bach.pdf,,,,verified_pieces/pdf/xml/BWV 1006a iii Gavotte En Rondeau by Johann Sebastian Bach.musicxml,,0.0029806259314456,1.1986301369863013,4,1.8855721393034828,0.711340206185567,0.5629820051413882,0.6761194029850747,3,0.0,1.3025335320417288,874,120.0,6.774223886357614,3.9759725400457664,7.0,0.1590389016018306,0.1155606407322654,3.0,0.225037257824143,2.377483443708609,0.543046357615894,0.291044776119403,9.0,1.3394786723887442,2.979203543438143,2.28464917688914,0.017910447761194,2.6666666666666665,7.5,2.8125,1.668965517241379,4.0,3.779042288557214,48.0,2.8469254317085864,True,0.0,0.0015128593040847,0.0030257186081694,0.0,0.075642965204236,0.0332829046898638,0.5,0.8093797276853253,0.1346444780635401,0.7927382753403933,0.0,1.75,1.1016390308511248,0.0121028744326777,7.0,49.0,13.0
