validated,Title,Composer,Difficulty,Reading,Max Position,Era,status,source,pdf_path,token_path,gp_path,scorehash,xml_path,file_path,barre_ratio,avg_chord_stretch,max_chord_stretch,avg_position_shift,fret_change_rate,arpeggio_density,avg_string_jump,max_string_jump,special_technique_ratio,avg_polyphony,total_notes,tempo_bpm,log_total_notes,avg_fret,p90_fret,high_position_ratio,open_string_ratio,p90_chord_stretch,chord_ratio,avg_string_span,unique_shape_rate,shift_rate,max_position_shift,std_position_shift,fret_entropy,string_entropy,repetition_ratio,max_avg_chord_stretch_window,p95_position_shift_window,max_note_density_window,avg_stretch_velocity_beats,p90_stretch_velocity_beats,avg_position_shift_speed_beats,max_position_shift_speed_beats,polyphonic_arpeggio_intensity_beats,has_rhythm
1,"""Hika"" in Memoriam Toru Takemitsu",Leo Brouwer,13,9,X,Modern,found,pdf,pdf-20260524T103936Z-3-001/pdf/In Memoriam Toru Takemitsu by Leo Brouwer.pdf,,,,verified_pieces/pdf/xml/In Memoriam Toru Takemitsu by Leo Brouwer.musicxml,,0.0011389521640091116,0.9716312056737588,3,3.0087419232231096,0.603988603988604,0.597684515195369,0.9703534777651083,5,0.0,1.2004555808656037,1054,120.0,6.961296045910167,4.434535104364326,9.0,0.2969639468690702,0.3111954459203036,3.0,0.16059225512528474,2.3120567375886525,0.2765957446808511,0.4583808437856328,12.0,3.0196004789943047,3.0517625914942395,2.426288218214272,0.043329532497149374,,,,,,,,,False
1,24 Piezas Sudamericanas: 1. Cueca Chilena,Jorge Cardoso,9,6,XII,Modern,found,pdf,pdf-20260524T103936Z-3-001/pdf/Cueca Chilena by Jorge Cardoso.pdf,,,,verified_pieces/pdf/xml/Cueca Chilena by Jorge Cardoso.musicxml,,0.002061855670103093,1.2204301075268817,20,2.3337465564738293,0.5602094240837696,0.5513513513513514,0.6714876033057852,5,0.0,1.577319587628866,765,112.0,6.641182169740591,2.6562091503267973,7.0,0.11764705882352941,0.3176470588235294,2.0,0.4041237113402062,2.816326530612245,0.49489795918367346,0.29958677685950413,22.0,3.0199719444889017,2.872922817942781,2.438344324033665,0.08057851239669421,2.272727272727273,20.7,5.8125,2.788159588159588,7.199999999999989,6.438406795224976,76.0,6.1800229681745575,True
1,24 Piezas Sudamericanas: 2. Chacarera,Jorge Cardoso,12,8,All,Modern,found,pdf,pdf-20260524T103936Z-3-001/pdf/Chacarera by Jorge Cardoso.pdf,,,,verified_pieces/pdf/xml/Chacarera by Jorge Cardoso.musicxml,,0.02154398563734291,1.1865284974093264,4,1.439748201438849,0.4815983175604627,0.31086142322097376,0.45143884892086333,5,0.0,1.7091561938958708,952,138.0,6.859614903654202,2.96218487394958,7.0,0.11134453781512606,0.19012605042016806,2.0,0.3500897666068223,2.6923076923076925,0.6410256410256411,0.18345323741007194,8.333333333333334,1.232386625662042,3.1284131107009707,2.448510504105957,0.14388489208633093,2.3333333333333335,5.333333333333333,5.3125,2.78125,4.0,5.01603717026379,72.0,5.213029063961134,True
1,24 Piezas Sudamericanas: 24. Milonga,Jorge Cardoso,8,5,VIII,Modern,found,dada_gp,,"datasets/DadaGP-v1.1/C/Cardoso, Jorge/Cardoso, Jorge - Milonga in d minor.gp3.tokens.txt","datasets/DadaGP-v1.1/C/Cardoso, Jorge/Cardoso, Jorge - Milonga in d minor.gp3",,"verified_pieces/dada/xml/Cardoso, Jorge - Milonga in d minor.musicxml",,0.0,0.8985507246376812,3,2.665818490245971,0.7295597484276729,0.9144981412639405,1.5826972010178118,5,0.008368200836820083,1.2131979695431472,478,56.0,6.171700597410915,3.1297071129707112,7.0,0.1694560669456067,0.27405857740585776,2.0,0.18527918781725888,1.7671232876712328,0.5342465753424658,0.3486005089058524,10.0,2.496902092777982,3.0541618462780895,2.4221608182517147,0.0,1.4285714285714286,10.0,5.125,3.246376811594203,8.0,10.434973141080011,40.0,5.38198263982946,True
1,24 Piezas Sudamericanas: 4. Vals Venezolano,Jorge Cardoso,9,5,VII,Modern,found,pdf,pdf-20260524T103936Z-3-001/pdf/Vals Venezolano by Jorge Cardoso.pdf,,,,verified_pieces/pdf/xml/Vals Venezolano by Jorge Cardoso.musicxml,,0.015544041450777202,1.3350515463917525,4,1.59031560743623,0.4058219178082192,0.5567010309278351,0.8443579766536965,5,0.0,1.5142487046632125,1169,120.0,7.064759027791802,3.4910179640718564,7.0,0.16595380667236956,0.14798973481608213,2.0,0.25906735751295334,2.48,0.285,0.17120622568093385,22.0,3.0844039858068206,3.217227485046919,2.3698858562484593,0.30609597924773024,2.6666666666666665,21.0,7.75,8.178756476683938,28.800000000000182,5.038694336359706,160.0,5.965144855101248,True
1,24 Piezas Sudamericanas: 8. Polo Margariteno,Jorge Cardoso,12,6,IX,Modern,found,pdf,pdf-20260524T103936Z-3-001/pdf/Polo Margariteno by Jorge Cardoso.pdf,,,,verified_pieces/pdf/xml/Polo Margariteno by Jorge Cardoso.musicxml,,0.0,0.75,3,2.5446236559139783,0.6902404526166902,0.8326530612244898,1.4903225806451612,5,0.0,1.1400966183574879,708,160.0,6.5638555265321274,3.1129943502824857,7.0,0.1016949152542373,0.19915254237288135,2.0,0.12560386473429952,2.9871794871794872,0.6666666666666666,0.22903225806451613,22.0,4.272272206285748,2.8442356254268844,2.546093785564722,0.04516129032258064,3.0,21.75,2.75,1.192488262910798,4.0,5.068458781362007,64.0,2.404135236923608,True
1,A Coy Toy,John Dowland,7,6,V,Renaissance,found,pdf,pdf-20260524T103936Z-3-001/pdf/dowland-coy-toy.pdf,,,,verified_pieces/pdf/xml/dowland-coy-toy.musicxml,,0.0,0.75,3,1.5163398692810457,0.5426829268292683,0.35555555555555557,0.4411764705882353,4,0.0,1.6019417475728155,165,144.0,5.111987788356544,1.9212121212121211,4.0,0.04242424242424243,0.296969696969697,2.0,0.3883495145631068,2.75,0.55,0.19607843137254902,7.0,1.336701180409786,2.5007280025608174,2.2955416858324167,0.10784313725490197,1.2142857142857142,5.5,4.0625,2.504273504273504,4.800000000000011,4.216230936819173,28.0,5.809239304384935,True
1,A Fancy,John Dowland,14,7,VII,Renaissance,found,pdf,pdf-20260524T103936Z-3-001/pdf/A Fancy by John Dowland.pdf,,,,verified_pieces/pdf/xml/A Fancy by John Dowland.musicxml,,0.001851851851851852,0.7153284671532847,4,1.7841682127396414,0.7094972067039106,0.5098684210526315,0.5844155844155844,5,0.0,1.3277777777777777,717,63.0,6.576469569048224,2.0613668061366806,5.0,0.04881450488145049,0.3068340306834031,2.0,0.26851851851851855,2.8344827586206898,0.6,0.26716141001855287,7.0,1.1616442933102424,2.4960532894865066,2.4482231787942137,0.022263450834879406,,,,,,,,,False
1,A mi madre (Sonatina),Agustin Barrios Mangore,12,8,All,Romantic,found,pdf,pdf-20260524T103936Z-3-001/pdf/A Mi Madre Sonatina by Agustin Barrios Mangore.pdf,,,,verified_pieces/pdf/xml/A Mi Madre Sonatina by Agustin Barrios Mangore.musicxml,,0.005752636625119847,1.3392857142857142,4,2.3355726167626356,0.5407348242811502,0.5929411764705882,0.8992322456813819,5,0.0,1.2013422818791946,1253,68.0,7.134093721192866,6.0654429369513165,12.0,0.4948124501197127,0.1779728651237031,3.0,0.11409395973154363,2.7142857142857144,0.5294117647058824,0.2869481765834933,22.0,3.5855953814090507,3.6696753521495147,2.4004351041015806,0.2562380038387716,3.0,22.0,4.5625,5.892964392964393,16.0,9.504438579654511,352.0,3.3859848259685212,True
1,Abri la Puerta mi China,Agustin Barrios Mandore,11,5,XII,Romantic,found,pdf,pdf-20260524T103936Z-3-001/pdf/Abri La Puerta Mi China by Augustin Barrios Mangore.pdf,,,,verified_pieces/pdf/xml/Abri La Puerta Mi China by Augustin Barrios Mangore.musicxml,,0.003003003003003003,1.1072555205047319,3,0.9416040100250626,0.3067961165048544,0.2966666666666667,0.24812030075187969,4,0.0,1.548048048048048,1031,96.0,6.939253946041508,10.276430649854511,14.0,0.8981571290009699,0.01066925315227934,2.0,0.47597597597597596,1.4479495268138802,0.14195583596214512,0.14285714285714285,9.0,1.430298740287075,3.30508000918336,2.022045656849379,0.4345864661654135,2.0,6.0,7.375,7.800210304942166,16.0,5.140100250626566,96.0,8.869955054046754,True
1,Adagio,Robert Schumann,3,2,IV,Romantic,found,dada_gp,,datasets/DadaGP-v1.1/R/Robert Schumann/Robert Schumann - Adagio.gp3.tokens.txt,datasets/DadaGP-v1.1/R/Robert Schumann/Robert Schumann - Adagio.gp3,,verified_pieces/dada/xml/Robert Schumann - Adagio.musicxml,,0.0,0.4470588235294118,4,1.4698795180722892,0.2670967741935484,0.0,0.6546184738955824,5,0.0,3.104,776,60.0,6.655440350367647,1.5618556701030928,4.0,0.0,0.34536082474226804,1.0,1.0,0.752,0.2,0.18875502008032127,5.0,1.2258313878603282,2.280978605765146,2.445618890166121,0.01606425702811245,1.1666666666666667,4.0,8.125,0.8470588235294118,2.0,2.889558232931727,10.0,18.891796078431373,True
1,Adagio from Pathetique Sonata,Ludwig van Beethoven,11,7,XII,Classical,found,gaps,,,,jc1wc,datasets/gaps_v1/readable_musicxml/Ludwig Van Beethoven - Opus 13 Sonata Pathetique.xml,,0.011034482758620689,1.0124223602484472,5,1.4203038674033148,0.44602510460251044,0.5,0.5483425414364641,3,0.0,1.6496551724137931,1196,100.0,7.087573705557973,3.8603678929765888,9.0,0.20234113712374582,0.1588628762541806,3.0,0.45517241379310347,2.309090909090909,0.47878787878787876,0.19613259668508287,9.0,1.578002502093985,3.262521755623719,2.4016328406797633,0.17955801104972377,2.3333333333333335,7.0,12.1875,5.244911972454733,12.00480192076915,8.099502623755978,95.92326139090653,13.606810939357906,True
1,"Adagio, Aria, and Fugue; BWV 992: iii. Fugue",J.S. Bach,13,7,IX,Baroque,found,pdf,pdf-20260524T103936Z-3-001/pdf/bach-bwv992-iii-adagissimo.pdf,,,,verified_pieces/pdf/xml/bach-bwv992-iii-adagissimo.musicxml,,0.0,1.2717391304347827,4,1.8153061224489793,0.5320197044334976,0.4742268041237113,0.7020408163265306,5,0.0,1.6544715447154472,407,50.0,6.0112671744041615,3.493857493857494,7.0,0.18673218673218672,0.16953316953316952,3.0,0.3861788617886179,2.705263157894737,0.8526315789473684,0.24489795918367346,10.0,1.7887239295966615,3.123077513330962,2.4811723476264147,0.08571428571428572,2.090909090909091,7.5,4.8125,2.3241758241758244,6.0,4.068197278911565,64.0,5.10128726287263,True
1,"Agitato, Op. 38 no. 7",Napoleon Coste,7,4,X,Romantic,found,pdf,pdf-20260524T103936Z-3-001/pdf/Opus 38 No 7 by Napoleon Coste.pdf,,,,verified_pieces/pdf/xml/Opus 38 No 7 by Napoleon Coste.musicxml,gaps_v1/musicxml/Opus 38 No 1 by Napoleon Coste.xml,0.0035087719298245615,0.7391304347826086,3,1.6954225352112675,0.5683760683760684,0.5666666666666667,0.6232394366197183,3,0.0,1.6456140350877193,469,120.0,6.152732694704104,2.2217484008528783,5.0,0.05970149253731343,0.3091684434968017,2.0,0.4105263157894737,2.8290598290598292,0.6324786324786325,0.22535211267605634,10.0,1.3179513913560308,2.7315213081007976,2.469846253437011,0.03873239436619718,1.4,5.375,7.1875,2.8596491228070176,8.0,6.720363849765259,40.0,10.42963489805595,True
1,"Agitato, Op. 51 no. 3",Mauro Giuliani,5,3,II,Classical,found,pdf,pdf-20260524T103936Z-3-001/pdf/Opus 51 No 3 by Mauro Giuliani.pdf,,,,verified_pieces/pdf/xml/Opus 51 No 3 by Mauro Giuliani.musicxml,,0.0,0.40350877192982454,2,1.3376168224299065,0.6845878136200717,0.9789473684210527,1.3831775700934579,5,0.0,1.302325581395349,280,120.0,5.638354669333745,1.5964285714285715,3.0,0.0,0.29642857142857143,2.0,0.2837209302325581,2.7540983606557377,0.639344262295082,0.14953271028037382,4.0,0.9892404444386954,2.1911995293738,2.5332648381642593,0.0,1.0,4.0,2.875,0.7678571428571429,4.0,2.669392523364486,8.0,3.376399655469423,True
1,Air,John Dowland,6,3,IV,Renaissance,found,pdf,pdf-20260524T103936Z-3-001/pdf/Air In E by John Dowland.pdf,,,,verified_pieces/pdf/xml/Air In E by John Dowland.musicxml,,0.03,1.4090909090909092,3,1.5370370370370372,0.4536082474226804,0.45161290322580644,0.5555555555555556,5,0.0,1.95,195,72.0,5.278114659230517,2.7384615384615385,5.0,0.06666666666666667,0.2205128205128205,3.0,0.44,3.3181818181818183,0.7045454545454546,0.20202020202020202,5.666666666666667,1.1828615163044065,2.3660305375469126,2.416191552791308,0.08080808080808081,2.076923076923077,3.9624999999999995,3.8125,2.0568181818181817,5.400000000000006,3.2525252525252526,16.0,5.591911764705882,True
1,Air on a G String,J. S. Bach,9,6,V,Baroque,found,pdf,pdf-20260524T103936Z-3-001/pdf/BWV 1068 Air on G String by Johann Sebastian Bach.pdf,,,,verified_pieces/pdf/xml/BWV 1068 Air on G String by Johann Sebastian Bach.musicxml,,0.0,0.8532110091743119,20,1.4464524765729585,0.58,0.5652173913043478,0.5863453815261044,4,0.0,1.604,401,35.0,5.996452088619021,1.7481296758104738,3.0,0.0024937655860349127,0.2967581047381546,2.0,0.456,2.8508771929824563,0.7543859649122807,0.20481927710843373,12.0,1.3606553558513088,2.3115199018732118,2.5399424392565098,0.0321285140562249,2.0,3.799999999999997,5.875,2.9444444444444446,8.0,5.231593038821954,48.0,7.916356923076924,True
1,"Aire de Zamba (from the ""Suite Andina"")",Agustin Barrios Mandore,10,7,XII,Romantic,found,pdf,pdf-20260524T103936Z-3-001/pdf/Suite Andina (Aire de Zamba) by Agustin Barrios Mangore.pdf,,,,verified_pieces/pdf/xml/Suite Andina (Aire de Zamba) by Agustin Barrios Mangore.musicxml,,0.00234192037470726,1.1813471502590673,3,1.917136150234742,0.48535564853556484,0.3006993006993007,0.8708920187793427,5,0.0,1.6814988290398127,718,105.0,6.577861357721047,5.289693593314763,10.0,0.33565459610027853,0.12534818941504178,2.0,0.4519906323185012,1.9792746113989637,0.37305699481865284,0.3192488262910798,13.0,2.0872660317894485,3.4218824228308544,2.4153076602515293,0.13615023474178403,1.9230769230769231,10.0,4.625,2.0364583333333335,4.0,7.207198748043818,192.0,5.668150982397115,True
1,Aire Sureno,Agustin Barrios Mandore,7,5,VII,Romantic,found,pdf,pdf-20260524T103936Z-3-001/pdf/barrios-aire-sureno.pdf,,,,verified_pieces/pdf/xml/barrios-aire-sureno.musicxml,,0.0,1.4,4,2.7672413793103448,0.75,0.8977272727272727,1.6810344827586208,4,0.0,1.1367521367521367,133,105.0,4.897839799950911,2.8496240601503757,7.0,0.11278195488721804,0.3308270676691729,2.0,0.1282051282051282,1.1333333333333333,0.5333333333333333,0.5,8.0,2.1649948579244893,2.7809808982007547,2.306279074216736,0.008620689655172414,,,,,,,,,False
1,Aires Andaluces,Agustin Barrios Mandore,13,4,X,Romantic,found,pdf,pdf-20260524T103936Z-3-001/pdf/barrios-andaluces.pdf,,,,verified_pieces/pdf/xml/barrios-andaluces.musicxml,,0.025693035835023664,1.2406015037593985,7,1.7691700496165987,0.4628623188405797,0.3834841628959276,0.6278755074424899,4,0.0,1.4935767410412442,2209,170.0,7.700747794511798,4.943866002716161,10.0,0.3196016296966953,0.19284744228157538,3.0,0.2697768762677485,2.4210526315789473,0.2631578947368421,0.2584573748308525,11.0,2.120248171967447,3.4887102583130747,2.3873668827042107,0.2631935047361299,3.75,10.683333333333334,6.5625,4.253888490069395,10.0,7.07294015937453,176.0,5.282595450351419,True
1,Aires Criollos,Agustin Barrios Mandore,15,8,X,Romantic,found,pdf,pdf-20260524T103936Z-3-001/pdf/barrios-aires-criollos.pdf,,,,verified_pieces/pdf/xml/barrios-aires-criollos.musicxml,,0.01073345259391771,1.2863070539419088,4,1.1190860215053762,0.28585365853658534,0.2972972972972973,0.33691756272401435,4,0.0,1.8354203935599285,1026,130.0,6.934397209928558,3.61598440545809,9.0,0.2134502923976608,0.18031189083820662,2.0,0.4364937388193202,2.4631147540983607,0.3114754098360656,0.18100358422939067,8.833333333333334,1.5825863234888793,3.2316116660674057,2.4079478519325606,0.44265232974910396,2.066666666666667,7.249999999999989,7.0625,8.300396825396826,32.0,6.667941059338909,141.33333333333334,7.647274411340047,True
1,Aires Mudejares,Agustin Barrios Mandore,12,5,VIII,Romantic,found,pdf,pdf-20260524T103936Z-3-001/pdf/barrios-aires-mudejares.pdf,,,,verified_pieces/pdf/xml/barrios-aires-mudejares.musicxml,,0.0,0.0,0,2.9365079365079363,0.8650793650793651,0.7619047619047619,1.0952380952380953,5,0.0,1.0,127,125.0,4.852030263919617,4.543307086614173,9.0,0.3937007874015748,0.2677165354330709,0.0,0.0,0.0,0.0,0.35714285714285715,13.0,2.9780840536978452,3.2499729548760126,2.259766097971019,0.05555555555555555,0.0,13.0,4.0,0.0,0.0,15.306878306878305,208.0,3.791044776119403,True
1,"Allegretto in E Minor, Op. 47 no. 4",Fernando Sor,7,5,VII,Classical,found,pdf,pdf-20260524T103936Z-3-001/pdf/sor-op47-4.pdf,,,,verified_pieces/pdf/xml/sor-op47-4.musicxml,,0.0,0.7555555555555555,3,1.2661498708010337,0.38148984198645597,0.41379310344827586,0.43410852713178294,5,0.0,1.7142857142857142,444,52.0,6.09807428216624,2.099099099099099,6.0,0.09684684684684684,0.42117117117117114,2.0,0.3938223938223938,3.088235294117647,0.4411764705882353,0.1744186046511628,8.0,1.521578125276506,2.588557777501326,2.402030258704474,0.29844961240310075,2.125,5.699999999999999,7.625,3.071161048689139,6.0,6.470284237726099,68.0,9.014275140107857,True
1,"Allegretto, Op. 114 no. 9",Ferdinando Carulli,2,3,V,Classical,found,pdf,pdf-20260524T103936Z-3-001/pdf/Opus 114 No 9 Prelude by Ferdinando Carulli.pdf,,,,verified_pieces/pdf/xml/Opus 114 No 9 Prelude by Ferdinando Carulli.musicxml,,0.0,0.2,1,5.861111111111111,0.6745762711864407,0.8409090909090909,1.1720430107526882,4,0.0,1.0571428571428572,296,120.0,5.6937321388027,3.885135135135135,22.0,0.1554054054054054,0.42567567567567566,1.0,0.03571428571428571,1.5,0.5,0.4157706093189964,22.0,8.066409076922424,2.2949241483184233,2.113769630410361,0.12544802867383512,1.0,22.0,3.5,0.07407407407407407,0.13333333333333344,16.91696535244922,88.0,3.160750360750361,True
1,"Allegretto, Op. 241 no. 14",Ferdinando Carulli,5,3,II,Classical,found,pdf,pdf-20260524T103936Z-3-001/pdf/Opus 241 No 14 Andantino Grazioso by Ferdinando Carulli.pdf,,,,verified_pieces/pdf/xml/Opus 241 No 14 Andantino Grazioso by Ferdinando Carulli.musicxml,gaps_v1/musicxml/Andantino in G Major by Ferdinando Carulli.xml,0.0,0.18333333333333332,2,1.936842105263158,0.5585585585585585,0.8974358974358975,0.48947368421052634,3,0.0,1.7486910994764397,334,100.0,5.814130531825066,1.7754491017964071,3.0,0.008982035928143712,0.36826347305389223,0.10000000000000853,0.6910994764397905,2.409090909090909,0.18181818181818182,0.16842105263157894,19.333333333333332,2.659109791171098,2.3137981044747997,2.227666691528895,0.021052631578947368,1.6666666666666667,19.05,5.125,0.4666666666666667,0.4000000000000341,5.890643274853801,77.33333333333333,7.300785340314135,True
1,"Allegretto, Op. 35 no. 22",Fernando Sor,4,3,V,Classical,found,pdf,pdf-20260524T103936Z-3-001/pdf/Opus 35 No 22 in B minor by Fernando Sor.pdf,,,,verified_pieces/pdf/xml/Opus 35 No 22 in B minor by Fernando Sor.musicxml,gaps_v1/musicxml/Opus 35 No 17 in D by Fernando Sor.xml,0.0,0.8947368421052632,2,1.2767857142857142,0.7807308970099668,0.9710743801652892,1.1107142857142858,4,0.0,1.0747330960854093,302,80.0,5.713732805509369,2.5927152317880795,4.0,0.009933774834437087,0.16225165562913907,2.0,0.0711743772241993,3.25,0.85,0.06785714285714285,7.0,1.09021476773887,2.3572764251484344,2.1254597073945942,0.0,2.0,7.0,2.4375,1.6666666666666667,4.0,2.55,14.0,2.3019106029630754,True
1,"Allegretto, Op. 35 no. 8",Fernando Sor,4,2,IV,Classical,found,pdf,pdf-20260524T103936Z-3-001/pdf/sor-op35-8.pdf,,,,verified_pieces/pdf/xml/sor-op35-8.musicxml,gaps_v1/musicxml/Opus 35 No 17 in D by Fernando Sor.xml,0.0,0.1323529411764706,1,1.295346628679962,0.5174013921113689,0.556,0.7749287749287749,4,0.0,1.2272727272727273,432,50.0,6.07073772800249,1.8888888888888888,5.0,0.037037037037037035,0.35648148148148145,1.0,0.19318181818181818,2.764705882352941,0.3088235294117647,0.19373219373219372,6.5,1.3840018402590106,2.439264653639372,2.2411248085200324,0.2934472934472934,0.4,5.0,6.0625,0.2537313432835821,2.0,6.28584995251662,80.0,5.562563338301043,True
1,"Allegretto, Op. 38 no. 13",Napoleon Coste,7,3,VIII,Romantic,found,pdf,pdf-20260524T103936Z-3-001/pdf/Opus 38 No 13 by Napoleon Coste.pdf,,,,verified_pieces/pdf/xml/Opus 38 No 13 by Napoleon Coste.musicxml,gaps_v1/musicxml/Opus 38 No 1 by Napoleon Coste.xml,0.003355704697986577,1.0555555555555556,9,1.554433221099888,0.4663023679417122,0.5909090909090909,0.44107744107744107,3,0.0,1.8456375838926173,550,120.0,6.311734809152915,1.7727272727272727,3.0,0.03272727272727273,0.34,2.0,0.43288590604026844,3.108527131782946,0.5348837209302325,0.2222222222222222,10.0,1.6653002217036639,2.4608308168674986,2.430493389257019,0.08417508417508418,8.333333333333334,9.0,4.0,1.5093333333333332,4.0,2.9002992891881783,32.0,5.05496755003269,True
1,"Allegretto, Op. 5 no. 12",Matteo Carcassi,4,2,IX,Classical,found,dada_gp,,"datasets/DadaGP-v1.1/C/Carcassi, Mateo/Carcassi, Mateo - Allegretto Op5 No_12.gp3.tokens.txt","datasets/DadaGP-v1.1/C/Carcassi, Mateo/Carcassi, Mateo - Allegretto Op5 No_12.gp3",,"verified_pieces/dada/xml/Carcassi, Mateo - Allegretto Op5 No_12.musicxml",,0.0,0.3422818791946309,2,1.928360724820902,0.6956956956956957,0.5557768924302788,0.7610619469026548,5,0.0,1.2626262626262625,1000,100.0,6.90875477931522,2.752,7.0,0.12,0.326,1.0,0.22095959595959597,2.6342857142857143,0.17714285714285713,0.28697850821744625,10.0,1.5283050245355478,2.8094242247939567,2.1708627698750633,0.0316055625790139,0.9473684210526315,9.2,4.6875,0.727069351230425,2.0,7.3628318584070795,64.0,5.030383516439293,True
1,"Allegretto, Op. 50 no. 22",Mauro Giuliani,3,2,II,Classical,found,pdf,pdf-20260524T103936Z-3-001/pdf/Opus 50 No 22 by Mauro Giuliani.pdf,,,,verified_pieces/pdf/xml/Opus 50 No 22 by Mauro Giuliani.musicxml,,0.0,0.027777777777777776,1,1.84375,0.7589285714285714,0.5045871559633027,0.5217391304347826,4,0.0,1.2162162162162162,225,90.0,5.420534999272286,1.8133333333333332,4.0,0.0,0.36,0.0,0.20540540540540542,3.0,0.3157894736842105,0.28804347826086957,5.0,1.2137578918831777,2.0817863023163947,2.0869818316137803,0.0,1.0,5.0,4.875,0.0,0.0,7.239130434782608,20.0,5.822311673375504,True
1,"Allegretto, Op. 51 no. 15",Mauro Giuliani,5,2,II,Classical,found,pdf,pdf-20260524T103936Z-3-001/pdf/Opus 51 No 15 by Mauro Giuliani.pdf,,,,verified_pieces/pdf/xml/Opus 51 No 15 by Mauro Giuliani.musicxml,,0.0,0.8888888888888888,3,1.7266949152542372,0.8,0.7095588235294118,0.9717514124293786,4,0.0,1.143661971830986,406,115.0,6.008813185442595,1.4039408866995073,3.0,0.0024630541871921183,0.3620689655172414,2.0,0.12112676056338029,3.0232558139534884,0.7209302325581395,0.20903954802259886,22.0,1.8248676393847252,2.185128699563778,2.422052720059607,0.005649717514124294,3.0,21.5,4.8125,3.3238095238095235,8.0,6.721751412429379,88.0,5.102491874322861,True
1,"Allegretto, Op. 60 no. 7",Fernando Sor,3,3,I,Classical,found,pdf,pdf-20260524T103936Z-3-001/pdf/Opus 60 No 7 by Fernando Sor.pdf,,,,verified_pieces/pdf/xml/Opus 60 No 7 by Fernando Sor.musicxml,,0.0,0.5833333333333334,2,1.2653927813163484,0.7248677248677249,0.8288288288288288,0.9426751592356688,4,0.0,1.2025316455696202,190,108.0,5.25227342804663,1.4210526315789473,3.0,0.0,0.24736842105263157,2.0,0.18354430379746836,2.206896551724138,0.6206896551724138,0.07643312101910828,3.0,0.7842115540495829,1.9857765623266364,2.108383320697296,0.09554140127388536,2.0,3.0,3.75,0.9565217391304348,3.6000000000000014,3.968152866242038,16.0,3.8725595365801326,True
1,"Allegretto, Op. 60 no. 8",Fernando Sor,1,1,I,Classical,found,pdf,pdf-20260524T103936Z-3-001/pdf/Opus 60 No 8 by Fernando Sor.pdf,,,,verified_pieces/pdf/xml/Opus 60 No 8 by Fernando Sor.musicxml,,0.0,0.631578947368421,2,1.6916666666666667,0.7,0.9583333333333334,1.5,4,0.0,1.3278688524590163,81,135.0,4.406719247264253,1.123456790123457,3.0,0.0,0.4444444444444444,2.0,0.32786885245901637,1.2,0.5,0.36666666666666664,3.0,1.025067748438555,1.822731819757304,2.2864836742268775,0.0,1.5,3.0,1.5625,0.7222222222222222,2.0,1.6916666666666667,3.0,1.7347964040190373,True
1,"Allegro in D Major, Op. 50 no. 26",Mauro Giuliani,6,3,VII,Classical,found,pdf,pdf-20260524T103936Z-3-001/pdf/Opus 50 No 26 by Mauro Giuliani.pdf,,,,verified_pieces/pdf/xml/Opus 50 No 26 by Mauro Giuliani.musicxml,,0.0,0.5121951219512195,3,2.0549645390070923,0.7114285714285714,0.5153061224489796,0.7411347517730497,4,0.0,1.2402826855123674,351,90.0,5.863631175598097,2.022792022792023,5.0,0.05698005698005698,0.3789173789173789,3.0,0.17667844522968199,3.3,0.44,0.30141843971631205,12.0,1.7829645944323778,2.430452605757961,2.34771468551087,0.024822695035460994,3.0,9.149999999999999,5.5,1.2,4.200000000000003,8.085697399527186,48.0,5.882962467768121,True
1,"Allegro Moderato, Op. 38 no. 23",Napoleon Coste,9,4,XII,Romantic,found,pdf,pdf-20260524T103936Z-3-001/pdf/Opus 38 No 23 by Napoleon Coste.pdf,,,,verified_pieces/pdf/xml/Opus 38 No 23 by Napoleon Coste.musicxml,gaps_v1/musicxml/Opus 38 No 1 by Napoleon Coste.xml,0.0,0.4968152866242038,3,1.7276383526383525,0.7012417823228634,0.9897172236503856,1.2094594594594594,3,0.0,1.321118611378978,1370,92.0,7.223295679562314,2.0686131386861315,5.0,0.032116788321167884,0.3175182481751825,2.0,0.313404050144648,2.646153846153846,0.28615384615384615,0.25675675675675674,10.0,1.3505797250784235,2.5769741781254067,2.3222383187568005,0.0019305019305019305,2.0,9.166666666666666,5.375,1.9233226837060702,8.0,6.8800675675675675,40.0,6.753479468616417,True
1,"Allemande, BWV 996",J.S. Bach,9,6,VII,Baroque,found,pdf,pdf-20260524T103936Z-3-001/pdf/BWV 996 Allemande by Johann Sebastian Bach.pdf,,,,verified_pieces/pdf/xml/BWV 996 Allemande by Johann Sebastian Bach.musicxml,,0.0,0.9295774647887324,3,1.9166666666666667,0.7060301507537688,0.5652173913043478,0.6942675159235668,5,0.0,1.2666666666666666,399,70.0,5.991464547107982,3.3508771929824563,7.0,0.13784461152882205,0.19548872180451127,2.0,0.24761904761904763,2.448717948717949,0.7051282051282052,0.2898089171974522,9.0,1.4295962985357014,3.150670230138009,2.4114856082865073,0.028662420382165606,1.2727272727272727,6.0,5.375,3.6857142857142855,8.0,7.51167728237792,36.0,6.3175,True
1,Alman,Robert Johnson,8,4,II,Renaissance,found,dada_gp,,"datasets/DadaGP-v1.1/J/Johnson, Robert/Johnson, Robert - Alman.gp3.tokens.txt","datasets/DadaGP-v1.1/J/Johnson, Robert/Johnson, Robert - Alman.gp3",,"verified_pieces/dada/xml/Johnson, Robert - Alman.musicxml",,0.0,0.6428571428571429,3,1.5542813455657492,0.7009966777408638,0.5357142857142857,0.7660550458715596,5,0.0,1.3789954337899544,302,70.0,5.713732805509369,1.880794701986755,5.0,0.03642384105960265,0.31788079470198677,2.0,0.2694063926940639,3.0677966101694913,0.5423728813559322,0.19724770642201836,5.833333333333333,0.9907752493108187,2.525021126443743,2.4443260173499075,0.0045871559633027525,2.0,5.541666666666666,5.0,1.5636363636363637,4.0,5.89296636085627,23.333333333333332,6.407024938531788,True
1,Alman,John Dowland,4,2,IV,Renaissance,found,pdf,pdf-20260524T103936Z-3-001/pdf/Lady Hunsdon Alman by John Dowland.pdf,,,,verified_pieces/pdf/xml/Lady Hunsdon Alman by John Dowland.musicxml,,0.0,0.8351648351648352,2,1.901373283395755,0.572463768115942,0.41818181818181815,0.4681647940074906,5,0.0,1.5485074626865671,415,66.0,6.030685260261263,2.575903614457831,5.0,0.05783132530120482,0.3108433734939759,2.0,0.3582089552238806,3.6875,0.34375,0.33707865168539325,7.0,1.3559068334117017,2.528330812168731,2.409770084580607,0.07865168539325842,1.4545454545454546,5.299999999999997,4.0625,1.8058608058608057,4.0,5.732001664585934,28.0,5.539918939783839,True
1,Altair,Agustin Barrios Mandore,10,5,IX,Romantic,found,pdf,pdf-20260524T103936Z-3-001/pdf/barrios-altair.pdf,,,,verified_pieces/pdf/xml/barrios-altair.musicxml,,0.018691588785046728,1.3113207547169812,5,1.8380281690140847,0.4945054945054945,0.4461538461538462,0.6948356807511737,5,0.0,1.705607476635514,365,160.0,5.902633333401366,4.704109589041096,9.0,0.3287671232876712,0.10410958904109589,2.0,0.514018691588785,2.5454545454545454,0.5454545454545454,0.24882629107981222,14.0,1.9826559838711848,3.290660380121132,2.502393571637116,0.107981220657277,2.5,10.0,2.875,1.5888888888888888,2.8666666666666694,3.0292123109024516,40.0,3.603743727768235,True
1,An Malvina,Johann Kaspar Mertz,8,4,X,Romantic,found,gaps,,,,NY1wc,datasets/gaps_v1/readable_musicxml/Johann Kaspar Mertz - An Malvina.xml,,0.0009746588693957114,0.5471698113207547,9,1.7517560975609756,0.5905068382944489,0.9911167512690355,1.1482926829268292,3,0.0,1.2124756335282652,1244,100.0,7.126890808898808,1.8737942122186495,5.0,0.03536977491961415,0.4405144694533762,2.0,0.1286549707602339,2.507575757575758,0.45454545454545453,0.27219512195121953,12.0,1.765384917798743,2.4147873297381115,2.3267270555810557,0.003902439024390244,4.5,8.0,6.1875,1.298650887210827,3.0003000300030047,7.204012513043067,128.0,5.386856028961293,True
1,Andante,Dionisio Aguado,1,1,II,Classical,found,dada_gp,,"datasets/DadaGP-v1.1/A/Aguado, Dionso/Aguado, Dionso - Andante.gp3.tokens.txt","datasets/DadaGP-v1.1/A/Aguado, Dionso/Aguado, Dionso - Andante.gp3",,"verified_pieces/dada/xml/Aguado, Dionso - Andante.musicxml",,0.0,0.0,0,1.3388429752066116,0.9008264462809917,1.0,1.4545454545454546,4,0.0,1.0,122,120.0,4.812184355372417,1.0737704918032787,3.0,0.0,0.39344262295081966,0.0,0.0,0.0,0.0,0.1487603305785124,4.0,0.8677292395640785,1.9317955709208157,1.9645488376178235,0.0,0.0,3.0,3.8125,0.0,0.0,5.305785123966942,16.0,3.935483870967742,True
1,"Andante Allegro, Op. 6 no. 2",Fernando Sor,4,3,V,Classical,found,pdf,pdf-20260524T103936Z-3-001/pdf/Opus 6 No 2 by Fernando Sor.pdf,,,,verified_pieces/pdf/xml/Opus 6 No 2 by Fernando Sor.musicxml,,0.0,0.6142857142857143,2,6.78,0.5647058823529412,0.0,0.78,3,0.0,1.693069306930693,171,120.0,5.147494476813453,3.9005847953216373,7.0,0.12280701754385964,0.23976608187134502,2.0,0.693069306930693,1.5,0.4142857142857143,0.45,21.5,8.405450612548979,2.7293135814138103,2.284122730536854,0.02,0.8333333333333334,21.35,3.3125,1.2463768115942029,4.0,10.91,43.0,5.124156663453956,True
1,"Andante, Op. 241 no. 17",Ferdinando Carulli,3,2,III,Classical,found,pdf,pdf-20260524T103936Z-3-001/pdf/carulli-op241-17.pdf,,,,verified_pieces/pdf/xml/carulli-op241-17.musicxml,gaps_v1/musicxml/Andantino in G Major by Ferdinando Carulli.xml,0.0,1.0638297872340425,2,1.2771535580524345,0.47333333333333333,0.6428571428571429,0.6404494382022472,3,0.0,1.6777777777777778,151,66.0,5.0238805208462765,1.5165562913907285,3.0,0.0,0.2781456953642384,2.0,0.5333333333333333,2.4583333333333335,0.3541666666666667,0.1348314606741573,3.0,0.8790614036864179,1.9461739099262052,2.2185073397349098,0.14606741573033707,2.0,3.0,3.4375,1.8478260869565217,4.0,2.554307116104869,6.0,5.3335672514619885,True
1,"Andante, Op. 241 no. 5",Ferdinando Carulli,1,1,II,Classical,found,gaps,,,,cV1wc,datasets/gaps_v1/readable_musicxml/Ferdinando Carulli - Opus 241 No. 5.xml,gaps_v1/musicxml/Andantino in G Major by Ferdinando Carulli.xml,0.0,0.2647058823529412,1,1.6196581196581197,0.656441717791411,0.8484848484848485,1.3846153846153846,4,0.0,1.3898305084745763,164,100.0,5.10594547390058,1.2621951219512195,3.0,0.0,0.43902439024390244,1.0,0.3898305084745763,1.6304347826086956,0.3695652173913043,0.2905982905982906,3.0,0.9374669741181691,1.8367112225572388,2.49316448825535,0.0,0.6923076923076923,3.0,2.75,0.4696969696969697,2.0,3.1923076923076925,6.0,3.6763258611262986,True
1,"Andante, Op. 35 no. 1",Fernando Sor,1,1,I,Classical,found,pdf,pdf-20260524T103936Z-3-001/pdf/Opus 35 No1 (Andante in C) by Fernando Sor.pdf,,,,verified_pieces/pdf/xml/Opus 35 No1 (Andante in C) by Fernando Sor.musicxml,gaps_v1/musicxml/Opus 35 No 17 in D by Fernando Sor.xml,0.0,0.6590909090909091,2,1.48,0.6436781609195402,0.65625,0.84,2,0.0,1.3888888888888888,175,160.0,5.170483995038151,1.1657142857142857,3.0,0.0,0.46285714285714286,1.0,0.3888888888888889,2.6122448979591835,0.32653061224489793,0.256,3.0,0.8681013765684282,1.8289835404896027,2.3203088584447276,0.064,,,,,,,,,False
1,"Andante, Op. 35 no. 13",Fernando Sor,3,2,III,Classical,found,pdf,pdf-20260524T103936Z-3-001/pdf/Opus 35 No 13 in C by Fernando Sor.pdf,,,,verified_pieces/pdf/xml/Opus 35 No 13 in C by Fernando Sor.musicxml,gaps_v1/musicxml/Opus 35 No 17 in D by Fernando Sor.xml,0.0,1.1147540983606556,21,2.0963541666666665,0.7019607843137254,0.8955223880597015,1.0885416666666667,3,0.0,1.3264248704663213,256,75.0,5.54907608489522,1.671875,3.0,0.01171875,0.39453125,1.0,0.32642487046632124,2.8253968253968256,0.49206349206349204,0.3125,22.0,2.685287313845449,2.0625975657842677,2.2618418480113673,0.010416666666666666,3.2857142857142856,12.5,5.4375,2.4918032786885247,4.0,7.953125,88.0,6.791295336787565,True
1,"Andante, Op. 44 no. 15",Fernando Sor,4,3,V,Classical,found,pdf,pdf-20260524T103936Z-3-001/pdf/Opus 44 No 15 in D Major by Fernando Sor.pdf,,,,verified_pieces/pdf/xml/Opus 44 No 15 in D Major by Fernando Sor.musicxml,,0.0,0.9285714285714286,3,2.00561797752809,0.7086956521739131,0.37623762376237624,0.47752808988764045,4,0.0,1.2905027932960893,231,120.0,5.44673737166631,2.316017316017316,4.0,0.004329004329004329,0.2510822510822511,2.0,0.27932960893854747,1.76,0.66,0.3258426966292135,5.0,1.1695922222802193,2.3329456850731005,2.276323052980091,0.0056179775280898875,3.0,5.0,4.25,2.2764227642276422,4.0,6.059925093632959,16.0,4.4827991767127315,True
1,"Andante, Op. 45 no. 5",Fernando Sor,9,5,V,Classical,found,pdf,pdf-20260524T103936Z-3-001/pdf/Opus 45 No 5 Petite Piece in A by Fernando Sor.pdf,,,,verified_pieces/pdf/xml/Opus 45 No 5 Petite Piece in A by Fernando Sor.musicxml,gaps_v1/musicxml/sor-op45-5.xml,0.008025682182985553,0.5810055865921788,3,1.8336012861736335,0.5609756097560976,0.5838926174496645,0.9485530546623794,5,0.0,1.3836276083467094,862,100.0,6.760414691083428,1.919953596287703,4.0,0.02668213457076566,0.36310904872389793,2.0,0.3113964686998395,2.38659793814433,0.3556701030927835,0.22347266881028938,22.0,3.090888302132786,2.497679316556439,2.3836955489108664,0.13183279742765272,1.380952380952381,20.0,6.125,2.3183520599250933,6.600000000000023,6.721686316541621,88.0,5.629201172365137,True
1,Andantino in C; Op. 35 no. 2,Fernando Sor,1,1,I,Classical,found,pdf,pdf-20260524T103936Z-3-001/pdf/Opus 35 No 2 by Fernando Sor.pdf,,,,verified_pieces/pdf/xml/Opus 35 No 2 by Fernando Sor.musicxml,gaps_v1/musicxml/Opus 35 No 17 in D by Fernando Sor.xml,0.0,0.5333333333333333,2,1.3630136986301369,0.5691056910569106,0.8333333333333334,0.5205479452054794,2,0.0,1.6756756756756757,124,100.0,4.8283137373023015,1.4112903225806452,3.0,0.0,0.3870967741935484,1.6000000000000014,0.6351351351351351,2.5106382978723403,0.44680851063829785,0.1917808219178082,3.0,0.8277633328896484,1.926576344705627,2.378761369449354,0.0,2.0,3.0,3.5625,1.0,2.0,2.9155251141552507,8.0,5.692706405035172,True
1,"Andantino, Op. 39 no. 2",Anton Diabelli,2,1,I,Classical,found,pdf,pdf-20260524T103936Z-3-001/pdf/Opus 39 No 2 by Anton Diabelli.pdf,,,,verified_pieces/pdf/xml/Opus 39 No 2 by Anton Diabelli.musicxml,,0.0,0.8,2,2.392592592592593,0.6231884057971014,0.9333333333333333,1.0222222222222221,4,0.0,1.5217391304347827,70,140.0,4.2626798770413155,1.6857142857142857,3.0,0.014285714285714285,0.35714285714285715,2.0,0.21739130434782608,3.1,1.0,0.2,21.0,4.0465128342771655,2.0067963503817787,2.4159717838336663,0.0,2.0,20.775,1.4375,0.3333333333333333,1.0,2.218518518518519,21.0,1.77536231884058,True
1,"Andantino, Op. 44 no. 3",Fernando Sor,4,2,II,Classical,found,pdf,pdf-20260524T103936Z-3-001/pdf/Op 44 No 3 (Waltz of the Robins) by Fernando Sor.pdf,,,,verified_pieces/pdf/xml/Op 44 No 3 (Waltz of the Robins) by Fernando Sor.musicxml,,0.0,0.62,2,1.49,0.6618357487922706,0.7857142857142857,0.8466666666666667,4,0.0,1.3774834437086092,208,140.0,5.342334251964811,1.4423076923076923,3.0,0.0,0.36538461538461536,1.0,0.37748344370860926,2.4035087719298245,0.38596491228070173,0.23333333333333334,4.0,0.9924212815130476,1.9903329091724562,2.360559339143224,0.006666666666666667,2.0,3.25,2.125,0.78,2.0,2.1133333333333333,8.0,2.407702153709166,True
1,"Andantino, Op. 44 no. 9",Fernando Sor,3,2,II,Classical,found,pdf,pdf-20260524T103936Z-3-001/pdf/sor-op44-9.pdf,,,,verified_pieces/pdf/xml/sor-op44-9.musicxml,,0.0,0.9642857142857143,3,1.6619047619047616,0.4596774193548387,0.46153846153846156,0.44285714285714284,3,0.0,1.7605633802816902,125,116.0,4.836281906951478,1.4,4.0,0.0,0.48,2.0,0.5633802816901409,1.825,0.65,0.34285714285714286,4.0,1.2408303123092932,2.1193726738843752,2.2084943566356467,0.04285714285714286,2.0,4.0,1.9375,0.9642857142857143,2.0,1.6619047619047616,4.0,3.143863179074447,True
1,"Andantino, Op. 6 no. 8",Fernando Sor,6,2,V,Classical,found,pdf,pdf-20260524T103936Z-3-001/pdf/Opus 6 No 8 by Fernando Sor.pdf,,,,verified_pieces/pdf/xml/Opus 6 No 8 by Fernando Sor.musicxml,,0.0,1.211111111111111,3,1.3259803921568627,0.4523809523809524,0.5,0.25735294117647056,3,0.0,2.153284671532847,295,100.0,5.69035945432406,1.88135593220339,4.0,0.0,0.2542372881355932,2.0,0.6861313868613139,2.5319148936170213,0.7340425531914894,0.17647058823529413,4.666666666666667,0.9360402899726773,2.3857973011195512,2.3448253098491887,0.007352941176470588,2.0,3.733333333333332,3.75,1.5333333333333334,3.0,1.7406045751633987,7.0,5.487852942567515,True
1,"Andantino, Op. 60 no. 21",Matteo Carcassi,7,4,VII,Classical,found,pdf,pdf-20260524T103936Z-3-001/pdf/Opus 60 No 21 in A by Matteo Carcassi.pdf,,,,verified_pieces/pdf/xml/Opus 60 No 21 in A by Matteo Carcassi.musicxml,gaps_v1/musicxml/Opus 60 No 7 in A Minor by Matteo Carcassi.xml,0.0032258064516129032,1.0176991150442478,3,1.5194174757281553,0.4933837429111531,0.04929577464788732,0.1715210355987055,2,0.0,1.7096774193548387,530,120.0,6.274762021241939,2.230188679245283,5.0,0.04150943396226415,0.24716981132075472,2.0,0.3903225806451613,2.7768595041322315,0.6033057851239669,0.1423948220064725,10.0,1.3724803931035512,2.710034031812908,2.3473202646274967,0.14563106796116504,3.0,9.45,4.375,2.1785714285714284,4.0,4.138079827400215,28.0,6.18518110756358,True
1,"Andantino, Op. 60 no. 8",Matteo Carcassi,4,2,III,Classical,found,pdf,pdf-20260524T103936Z-3-001/pdf/Opus 60 No 8 in E by Matteo Carcassi.pdf,,,,verified_pieces/pdf/xml/Opus 60 No 8 in E by Matteo Carcassi.musicxml,gaps_v1/musicxml/Opus 60 No 7 in A Minor by Matteo Carcassi.xml,0.0,0.0,0,5.463414634146342,0.8414634146341463,0.7134146341463414,1.024390243902439,5,0.0,1.0,165,120.0,5.111987788356544,5.242424242424242,22.0,0.23030303030303031,0.18787878787878787,0.0,0.0,0.0,0.0,0.29878048780487804,22.0,7.544494232108765,3.0336046103322087,2.1518840680740956,0.024390243902439025,0.0,22.0,3.625,0.0,0.0,16.979674796747968,88.0,3.173076923076923,True
1,"Anglaise, Op. 121 no. 6",Ferdinando Carulli,1,1,I,Classical,found,pdf,pdf-20260524T103936Z-3-001/pdf/Opus 121 No 6 Anglaise by Ferdinando Carulli.pdf,,,,verified_pieces/pdf/xml/Opus 121 No 6 Anglaise by Ferdinando Carulli.musicxml,,0.0,0.4791666666666667,2,2.0546875,0.6424581005586593,0.6875,1.359375,4,0.0,1.3953488372093024,180,100.0,5.198497031265826,1.4222222222222223,3.0,0.016666666666666666,0.45555555555555555,1.0,0.3953488372093023,2.1372549019607843,0.39215686274509803,0.2421875,22.0,3.5096042194731516,2.0149568093719186,2.3101770135418325,0.03125,1.1666666666666667,21.0,2.875,0.8085106382978723,2.0,3.8854166666666665,44.0,3.6400404448938324,True
1,Angostura (Valse Venezolano),Antonio Lauro,10,5,XII,Modern,found,pdf,pdf-20260524T103936Z-3-001/pdf/Angostura by Antonio Lauro.pdf,,,,verified_pieces/pdf/xml/Angostura by Antonio Lauro.musicxml,,0.0,0.6547619047619048,3,2.2518518518518515,0.602,0.7967914438502673,1.0583333333333333,5,0.0,1.3878116343490305,501,180.0,6.218600119691729,3.594810379241517,10.0,0.28542914171656686,0.3532934131736527,2.0,0.2659279778393352,2.71875,0.4270833333333333,0.30277777777777776,22.0,3.120205650119841,3.016048617048466,2.452115046096303,0.011111111111111112,2.5,18.683333333333326,3.9375,1.216867469879518,4.0,4.272916666666666,44.0,3.669095666537543,True
1,Arabescos (Estudio No. 4),Agustin Barrios Mandore,11,6,X,Romantic,found,pdf,pdf-20260524T103936Z-3-001/pdf/Arabescos (Estudio No 4) by Agustin Barrios Mangore.pdf,,,,verified_pieces/pdf/xml/Arabescos (Estudio No 4) by Agustin Barrios Mangore.musicxml,,0.0,0.2857142857142857,2,2.17090395480226,0.8755186721991701,0.48253275109170307,0.538135593220339,5,0.0,1.0211416490486258,483,120.0,6.182084906716632,6.329192546583851,11.0,0.5113871635610766,0.10351966873706005,0.8000000000000007,0.014799154334038054,2.2857142857142856,0.7142857142857143,0.336864406779661,12.0,1.7738105566727367,3.550746987786264,2.4167519709165943,0.006355932203389831,2.0,8.799999999999997,4.0625,0.5714285714285714,1.6000000000000014,8.36228813559322,48.0,3.8759246875480255,True
1,Leyenda (Asturias) from Suite Espanola,Isaac Albeniz,15,4,VII,Romantic,found,pdf,pdf-20260524T103936Z-3-001/pdf/Asturias-Leyenda by Isaac Albeniz.pdf,,,,verified_pieces/pdf/xml/Asturias-Leyenda by Isaac Albeniz.musicxml,,0.004597701149425287,1.5416666666666667,4,3.0259458077709613,0.5420560747663551,0.6284101599247413,1.1357361963190185,5,0.0,1.2306513409961686,1606,120.0,7.382124365737512,5.029887920298879,9.0,0.5286425902864259,0.27085927770859275,3.0,0.12950191570881225,2.668639053254438,0.3076923076923077,0.3834355828220859,12.0,3.477169788692305,3.0316871796835883,2.4511228502971893,0.2875766871165644,4.0,12.0,7.125,3.846797052154195,8.0,17.41652729087545,192.0,4.360564928052613,True
1,"Ay, Ay, Ay!...",Agustin Barrios Mangore,9,7,All,Romantic,found,pdf,pdf-20260524T103936Z-3-001/pdf/Ay Ay Ay by Agustin Barrios Mangore.pdf,,,,verified_pieces/pdf/xml/Ay Ay Ay by Agustin Barrios Mangore.musicxml,,0.004555808656036446,0.7058823529411765,4,1.5312024353120242,0.5120567375886524,0.453551912568306,0.8447488584474886,5,0.0,1.6082004555808656,706,85.0,6.561030665896573,3.1643059490084986,7.0,0.1388101983002833,0.24079320113314448,2.0,0.38724373576309795,1.911764705882353,0.20588235294117646,0.2100456621004566,12.5,1.658860111560095,2.926002322152437,2.228859803326654,0.06621004566210045,3.0,12.175,6.75,1.7100591715976332,4.0,5.108447488584475,80.0,7.008577294074636,True
1,Bagatelle,Ludwig van Beethoven,5,3,IV,Classical,found,pdf,pdf-20260524T103936Z-3-001/pdf/Bagatelle 1 by Ludwig Van Beethoven.pdf,,,,verified_pieces/pdf/xml/Bagatelle 1 by Ludwig Van Beethoven.musicxml,,0.010416666666666666,1.0392156862745099,3,1.2947368421052632,0.49162011173184356,0.45,0.3473684210526316,5,0.0,1.875,180,120.0,5.198497031265826,2.088888888888889,5.0,0.011111111111111112,0.24444444444444444,2.0,0.53125,2.9215686274509802,0.8235294117647058,0.14736842105263157,4.0,0.9571071886230946,2.6066211703125415,2.484295839030433,0.042105263157894736,2.0,4.0,2.8125,0.99,2.0,2.207894736842105,10.666666666666666,4.326923076923077,True
1,Ballet,Elias Mertel,6,3,VII,Renaissance,found,pdf,pdf-20260524T103936Z-3-001/pdf/Ballet by Elias Mertel.pdf,,,,verified_pieces/pdf/xml/Ballet by Elias Mertel.musicxml,,0.0,0.7708333333333334,3,2.1355721393034823,0.5728643216080402,0.5,0.5597014925373134,4,0.0,1.4814814814814814,200,110.0,5.303304908059076,2.77,5.0,0.065,0.285,2.0,0.37037037037037035,2.62,0.72,0.291044776119403,20.0,2.771581074840585,2.5661456435426806,2.5547836450386283,0.08955223880597014,1.5,17.79999999999997,3.5,1.375,3.3000000000000043,3.9309701492537314,40.0,3.527336860670194,True
1,Balleto,Jean-Baptiste Besard,6,3,III,Renaissance,found,pdf,pdf-20260524T103936Z-3-001/pdf/Balleto by Jean Baptiste Besard.pdf,,,,verified_pieces/pdf/xml/Balleto by Jean Baptiste Besard.musicxml,,0.004807692307692308,0.6527777777777778,3,1.6235909822866346,0.6024096385542169,0.4155844155844156,0.45410628019323673,4,0.0,1.6009615384615385,333,120.0,5.811140992976701,1.822822822822823,3.0,0.0,0.32732732732732733,2.0,0.3798076923076923,3.0253164556962027,0.4177215189873418,0.1932367149758454,5.0,1.0344263805789318,2.1946175223681674,2.3158270881267167,0.0,1.0,4.6499999999999995,2.5,0.7394366197183099,2.0,2.628488996242619,8.0,3.417437130177515,True
1,Batalla (Battle),Gaspar Sanz,3,2,II,Baroque,found,pdf,pdf-20260524T103936Z-3-001/pdf/Batalla by Gaspar Sanz.pdf,,,,verified_pieces/pdf/xml/Batalla by Gaspar Sanz.musicxml,,0.0,0.21428571428571427,2,1.3835978835978835,0.47115384615384615,0.3333333333333333,0.4126984126984127,3,0.0,1.640625,105,120.0,4.663439094112067,1.8857142857142857,5.0,0.0,0.3523809523809524,0.6000000000000014,0.4375,2.5714285714285716,0.35714285714285715,0.1746031746031746,4.0,1.1380213190471216,2.030419697043283,2.0862936719284932,0.1746031746031746,1.2,4.0,1.75,0.2222222222222222,0.8000000000000043,1.3015873015873014,4.0,2.392578125,True
1,Be Thou With Me (Bist du bei  mir),J.S. Bach,13,6,VII,Baroque,found,pdf,pdf-20260524T103936Z-3-001/pdf/BWV508 Be Thou with me by Johann Sebastian Bach.pdf,,,,verified_pieces/pdf/xml/BWV508 Be Thou with me by Johann Sebastian Bach.musicxml,,0.0,0.4594594594594595,2,1.640503875968992,0.6384615384615384,0.5714285714285714,0.7209302325581395,5,0.0,1.5086705202312138,261,100.0,5.568344503761097,1.8659003831417624,4.0,0.022988505747126436,0.36015325670498083,2.0,0.4508670520231214,2.551282051282051,0.6153846153846154,0.23255813953488372,6.0,1.0682659422493959,2.3542147987419,2.4950923293515483,0.011627906976744186,1.3636363636363635,4.575000000000001,2.8125,0.7123287671232876,2.5333333333333314,2.939437984496124,12.0,3.4540614542135684,True
1,Bianco fiore,Cesare Negri,3,2,V,Renaissance,found,pdf,pdf-20260524T103936Z-3-001/pdf/Il Bianco Fiore by Cesare Negri.pdf,,,,verified_pieces/pdf/xml/Il Bianco Fiore by Cesare Negri.musicxml,,0.0,0.5652173913043478,2,1.3888888888888888,0.5918367346938775,0.2916666666666667,0.21666666666666667,2,0.0,1.6229508196721312,99,120.0,4.605170185988092,2.04040404040404,4.0,0.010101010101010102,0.31313131313131315,1.0,0.3770491803278688,3.4347826086956523,0.6956521739130435,0.15,3.0,0.8572494054882024,2.165956540167316,2.2979382607901755,0.03333333333333333,1.0,3.0,2.375,0.7272727272727273,2.0,2.3444444444444446,6.0,3.6936122102882987,True
1,Branle,Jean-Baptiste Besard,5,3,III,Renaissance,found,pdf,pdf-20260524T103936Z-3-001/pdf/Branle by Jean Babtiste Besard.pdf,,,,verified_pieces/pdf/xml/Branle by Jean Babtiste Besard.musicxml,,0.018018018018018018,0.8923076923076924,3,1.6522727272727276,0.453781512605042,0.4375,0.2818181818181818,3,0.0,2.1531531531531534,239,100.0,5.480638923341991,2.0502092050209204,5.0,0.012552301255230125,0.3305439330543933,2.0,0.6036036036036037,3.462686567164179,0.5671641791044776,0.20909090909090908,5.75,1.0848392267253508,2.270848564381942,2.5438723593785104,0.0,,,,,,,,,False
1,Branle Gay,Jean Baptiste Besard,1,1,I,Renaissance,found,pdf,pdf-20260524T103936Z-3-001/pdf/Branle Gay by Jean Baptiste Besard.pdf,,,,verified_pieces/pdf/xml/Branle Gay by Jean Baptiste Besard.musicxml,,0.0,0.0,0,1.575,0.8163265306122449,0.30612244897959184,0.2875,1,0.0,1.2222222222222223,99,144.0,4.605170185988092,1.6262626262626263,4.0,0.0,0.37373737373737376,0.0,0.19753086419753085,2.25,0.625,0.1375,4.0,0.9086390922693124,2.156689059293742,2.014189295546628,0.0,0.0,4.0,2.1875,0.0,0.0,2.90625,8.0,2.4693877551020407,True
1,Cancion de Cuna (Cradle Song),Agustin Barrios Mangore,8,7,XII,Romantic,found,pdf,pdf-20260524T103936Z-3-001/pdf/Cancion De Cuna by Agustin Barrios Mangore.pdf,,,,verified_pieces/pdf/xml/Cancion De Cuna by Agustin Barrios Mangore.musicxml,,0.013745704467353952,1.16,3,1.9344827586206896,0.46464646464646464,0.5258620689655172,0.6,3,0.0,1.70446735395189,496,70.0,6.208590026096629,4.314516129032258,10.0,0.2620967741935484,0.1814516129032258,3.0,0.46735395189003437,2.2205882352941178,0.5514705882352942,0.2793103448275862,12.0,2.0627155920502975,3.3710960662039415,2.4283103641012875,0.11724137931034483,,,,,,,,,False
1,Cancion de la Hilandera,Agustin Barrios Mangore,9,6,X,Romantic,found,pdf,pdf-20260524T103936Z-3-001/pdf/Cancion de la Hilandera by Agustin Barrios Mangore.pdf,,,,verified_pieces/pdf/xml/Cancion de la Hilandera by Agustin Barrios Mangore.musicxml,gaps_v1/musicxml/Cancion de la Hilandera by Agustin Barrios Mangore.xml,0.0,0.1724137931034483,2,1.2196209587513935,0.4224683544303797,0.5027726432532348,1.0334448160535117,5,0.0,1.0567612687813022,633,80.0,6.452048954437226,4.774091627172196,8.0,0.2843601895734597,0.11058451816745656,1.0,0.048414023372287146,1.2413793103448276,0.5862068965517241,0.1705685618729097,8.0,1.908167040446596,3.160874782124834,1.5880451280200836,0.459866220735786,,,,,,,,,False
1,Cancion Del Emperador,Luys de Narvaez,7,5,VII,Renaissance,found,pdf,pdf-20260524T103936Z-3-001/pdf/Cancion Del Emperador by Luis de Narvaez.pdf,,,,verified_pieces/pdf/xml/Cancion Del Emperador by Luis de Narvaez.musicxml,,0.0,1.0101010101010102,3,1.7364406779661017,0.5696969696969697,0.3484848484848485,0.3559322033898305,3,0.0,1.6756756756756757,496,108.0,6.208590026096629,2.2419354838709675,5.0,0.08064516129032258,0.31048387096774194,2.0,0.3581081081081081,3.009433962264151,0.6415094339622641,0.2576271186440678,8.666666666666666,1.247522873508628,2.6751471415588566,2.4605146318860966,0.02711864406779661,2.0,7.966666666666665,2.125,0.7193877551020408,2.0,2.323870056497175,10.0,2.6638946638946637,True
1,Cancion O Tocata,Santiago de Murcia,4,2,III,Baroque,found,pdf,pdf-20260524T103936Z-3-001/pdf/Cancion O Tocata by Santiago De Murcia.pdf,,,,verified_pieces/pdf/xml/Cancion O Tocata by Santiago De Murcia.musicxml,,0.0,1.0285714285714285,3,1.532258064516129,0.7411167512690355,0.43902439024390244,0.5806451612903226,4,0.0,1.2692307692307692,198,96.0,5.293304824724492,2.414141414141414,5.0,0.0,0.1919191919191919,2.6000000000000014,0.23717948717948717,2.7837837837837838,0.6216216216216216,0.10967741935483871,6.0,1.0447164857286608,2.5602002984728034,2.1045050573780353,0.025806451612903226,3.0,5.1249999999999964,2.625,1.553921568627451,4.0,3.121326164874552,12.0,3.064727954971857,True
1,Canciones,Gaspar Sanz,1,2,II,Baroque,found,pdf,pdf-20260524T103936Z-3-001/pdf/Canciones by Gaspar Sanz.pdf,,,,verified_pieces/pdf/xml/Canciones by Gaspar Sanz.musicxml,,0.0,0.14285714285714285,1,1.8222222222222222,0.6176470588235294,0.0,0.2222222222222222,1,0.0,1.5,69,120.0,4.248495242049359,2.0144927536231885,5.0,0.0,0.36231884057971014,1.0,0.5,3.0,0.2608695652173913,0.17777777777777778,4.0,1.0809232450680277,2.119697084437927,1.58487419204941,0.044444444444444446,0.3333333333333333,4.0,2.25,0.15,1.0,3.1333333333333333,8.0,3.1363636363636362,True
1,Cantabile,Dionisio Aguado,2,2,II,Classical,found,dada_gp,,"datasets/DadaGP-v1.1/A/Aguado, Dionso/Aguado, Dionso - Cantabile.gp3.tokens.txt","datasets/DadaGP-v1.1/A/Aguado, Dionso/Aguado, Dionso - Cantabile.gp3",,"verified_pieces/dada/xml/Aguado, Dionso - Cantabile.musicxml",,0.0,1.004566210045662,3,1.899135446685879,0.44637223974763407,0.24074074074074073,0.20461095100864554,2,0.0,1.8247126436781609,635,100.0,6.455198563340122,5.234645669291338,9.0,0.45354330708661417,0.19055118110236222,2.0,0.646551724137931,2.4355555555555557,0.3466666666666667,0.2622478386167147,12.0,2.255830149991778,3.3980227896331474,2.149523638479497,0.138328530259366,1.3181818181818181,9.5,4.125,2.021406727828746,4.0,4.638168427793787,48.0,6.959114286700493,True
1,Canticum,Leo Brouwer,17,10,X,Modern,found,pdf,pdf-20260524T103936Z-3-001/pdf/Canticum by Leo Brouwer.pdf,,,,verified_pieces/pdf/xml/Canticum by Leo Brouwer.musicxml,,0.0,0.75,4,1.7338154269972454,0.32727272727272727,0.3739612188365651,0.48760330578512395,5,0.0,1.4762886597938145,716,120.0,6.57507584059962,4.465083798882682,9.0,0.2639664804469274,0.31424581005586594,3.0,0.21443298969072164,2.1634615384615383,0.20192307692307693,0.2706611570247934,13.0,2.5371712712382504,2.984310583681356,2.532452663473624,0.4731404958677686,4.0,12.0,5.75,0.5375,1.5,7.590294175521449,208.0,3.798823649280759,True
1,"Canzonetta from the String Quartet, Op. 12",Felix Mendelssohn,9,5,XIV,Romantic,found,pdf,pdf-20260524T103936Z-3-001/pdf/Canzonetta by Felix Mendelssohn.pdf,,,,verified_pieces/pdf/xml/Canzonetta by Felix Mendelssohn.musicxml,,0.0,1.1666666666666667,4,1.6836158192090396,0.5521472392638037,0.5636363636363636,0.5525423728813559,5,0.0,1.6554054054054055,490,80.0,6.19644412779452,3.8714285714285714,9.0,0.24285714285714285,0.18979591836734694,3.0,0.4358108108108108,2.604651162790698,0.627906976744186,0.21016949152542372,11.0,1.6695159021995036,3.3430770744664957,2.439629613820493,0.030508474576271188,1.875,9.75,6.0625,3.1587301587301586,8.0,5.821610169491525,44.0,8.193420693420695,True
1,"Caprice, Op. 100 no. 13",Mauro Giuliani,8,5,XII,Classical,found,pdf,pdf-20260524T103936Z-3-001/pdf/giuliani-op100-13.pdf,,,,verified_pieces/pdf/xml/giuliani-op100-13.musicxml,gaps_v1/musicxml/giuliani-opus100-no11.xml,0.0,1.0454545454545454,2,1.6301518438177873,0.766260162601626,0.7002341920374707,1.2407809110629067,5,0.0,1.067099567099567,493,160.0,6.202535517187923,2.1399594320486814,5.0,0.08519269776876268,0.36511156186612576,2.0,0.049783549783549784,1.7391304347826086,0.391304347826087,0.1561822125813449,12.0,1.6514739944618573,2.654562230500247,2.3407050492907544,0.028199566160520606,2.0,12.0,3.0,2.090909090909091,4.0,3.2563268257411426,24.0,2.2197472007598593,True
1,"Caprice, Op. 20 no. 28",Luigi Legnani,7,6,V,Classical,found,pdf,pdf-20260524T103936Z-3-001/pdf/Opus 20 No 28 Caprice by Luigi Legnani.pdf,,,,verified_pieces/pdf/xml/Opus 20 No 28 Caprice by Luigi Legnani.musicxml,gaps_v1/musicxml/opus-20-no-7-legnani.xml,0.0,1.010752688172043,3,1.8983488132094946,0.6191446028513238,0.8372093023255814,0.9102167182662538,3,0.0,1.5185185185185186,492,35.0,6.20050917404269,1.5447154471544715,3.0,0.0040650406504065045,0.40040650406504064,2.0,0.29012345679012347,3.3404255319148937,0.6276595744680851,0.3126934984520124,5.0,1.0691336722720401,2.1470167167783147,2.4700949146042914,0.01238390092879257,,,,,,,,,False
1,"Caprice, Op. 20 no. 7",Luigi Legnani,10,5,X,Classical,found,pdf,pdf-20260524T103936Z-3-001/pdf/Opus 20 No 7 Caprice by Luigi Legnani.pdf,,,,verified_pieces/pdf/xml/Opus 20 No 7 Caprice by Luigi Legnani.musicxml,gaps_v1/musicxml/opus-20-no-7-legnani.xml,0.034482758620689655,2.013215859030837,3,1.8105929763960855,0.36081474296799226,0.5538461538461539,0.5613126079447323,5,0.0,1.7793103448275862,1032,140.0,6.940222469119639,5.2063953488372094,10.0,0.4021317829457364,0.15310077519379844,3.0,0.3913793103448276,2.647577092511013,0.1762114537444934,0.24352331606217617,11.0,2.4948730875210607,3.393792624266669,2.2894358757796422,0.29015544041450775,3.0,10.349999999999998,5.75,4.848082595870207,6.0,6.583765112262522,96.0,7.84302520389565,True
1,Capricho Arabe,Francisco Tarrega,13,7,XII,Romantic,found,dada_gp,,"datasets/DadaGP-v1.1/T/Tarrega, Francisco/Tarrega, Francisco - Capricho Arabe.gp3.tokens.txt","datasets/DadaGP-v1.1/T/Tarrega, Francisco/Tarrega, Francisco - Capricho Arabe.gp3",,"verified_pieces/dada/xml/Tarrega, Francisco - Capricho Arabe.musicxml",,0.014760147601476014,0.8181818181818182,3,2.2838669950738915,0.7072490706319703,0.37149532710280375,0.7241379310344828,4,0.18384401114206128,1.3247232472324724,1077,80.0,6.982862751468942,5.695450324976787,10.0,0.4586815227483751,0.12256267409470752,2.0,0.2878228782287823,2.4786324786324787,0.2948717948717949,0.3275862068965517,12.0,1.7863768635635977,3.522365868366217,2.4255270576630075,0.017241379310344827,1.3125,9.725,4.8125,2.310375901618934,6.0,9.22147993341164,60.02400960384575,5.132111285141629,True
1,Capricho Espanol,Agustin Barrios Mangore,9,7,X,Romantic,found,pdf,pdf-20260524T103936Z-3-001/pdf/Capricho Espanol by Agustin Barrios Mangore.pdf,,,,verified_pieces/pdf/xml/Capricho Espanol by Agustin Barrios Mangore.musicxml,,0.004878048780487805,1.1647940074906367,4,1.0535665852997018,0.37048567870485677,0.28846153846153844,0.45565500406834825,5,0.0,1.3065040650406503,1607,155.0,7.382746449738912,4.840074673304294,10.0,0.29744866210329807,0.12756689483509645,3.0,0.21951219512195122,2.362962962962963,0.34074074074074073,0.14564686737184704,11.0,1.5865974746968987,3.35590731167318,2.3725331591523027,0.47843775427176566,3.0,8.0,6.4375,8.74471894020766,32.0,9.018646596148631,176.0,5.3990409065132114,True
1,Castles of Spain: Alba de Tormes (Trova),F. Moreno-Torroba,7,4,IX,Modern,found,pdf,pdf-20260524T103936Z-3-001/pdf/Castles Of Spain Alba De Tormes Trova by Federico Moreno Torroba.pdf,,,,verified_pieces/pdf/xml/Castles Of Spain Alba De Tormes Trova by Federico Moreno Torroba.musicxml,,0.0582010582010582,0.8360655737704918,2,1.517730496453901,0.496551724137931,0.5569620253164557,1.148936170212766,5,0.0,1.5396825396825398,291,76.0,5.676753802268282,2.2199312714776633,5.0,0.030927835051546393,0.23711340206185566,2.0,0.3492063492063492,1.5909090909090908,0.4696969696969697,0.17553191489361702,7.0,1.3546540225269526,2.689170293520503,2.429499409056745,0.010638297872340425,2.0,5.0,3.8125,1.6333333333333333,4.0,3.088652482269504,14.0,4.817716333845366,True
1,Castles of Spain: Alcaniz (Festiva),F. Moreno-Torroba,10,7,VII,Modern,found,pdf,pdf-20260524T103936Z-3-001/pdf/Castles Of Spain Alcaniz Festiva by Federico Moreno Torroba.pdf,,,,verified_pieces/pdf/xml/Castles Of Spain Alcaniz Festiva by Federico Moreno Torroba.musicxml,,0.038781163434903045,1.1274509803921569,3,1.7599537037037034,0.5567567567567567,0.48292682926829267,0.7388888888888889,5,0.0,1.5401662049861495,556,168.0,6.322565239927284,3.0845323741007196,6.0,0.09172661870503597,0.18165467625899281,2.0,0.29085872576177285,2.723809523809524,0.45714285714285713,0.25,7.5,1.4961619099614907,2.9307563523454903,2.3837192679494628,0.09444444444444444,1.4705882352941178,7.141666666666667,5.75,3.504950495049505,8.0,6.473765432098766,64.0,6.4873667422143875,True
1,Castles of Spain: Alcazar de Segovia (Llamada),F. Moreno-Torroba,12,8,IX,Modern,found,pdf,pdf-20260524T103936Z-3-001/pdf/Castles Of Spain Alcazar De Segovia Ilamada by Federico Moreno Torroba.pdf,,,,verified_pieces/pdf/xml/Castles Of Spain Alcazar De Segovia Ilamada by Federico Moreno Torroba.musicxml,,0.040421792618629174,0.8134715025906736,3,1.6525821596244132,0.4139676113360324,0.44871794871794873,0.6426056338028169,5,0.0,1.7381370826010545,989,72.0,6.897704943128636,4.539939332659252,9.0,0.31445904954499493,0.1263902932254803,2.0,0.3427065026362039,2.5846153846153848,0.3333333333333333,0.2306338028169014,16.0,1.8098210013759135,3.245220547988433,2.346340448174144,0.1795774647887324,2.142857142857143,7.0,7.8125,2.7621527777777772,4.0,4.785798122065727,48.0,7.320809474335664,True
1,Castles of Spain: Manzanares el Real (A la Moca Fermosa),F. Moreno-Torroba,8,5,X,Modern,found,pdf,pdf-20260524T103936Z-3-001/pdf/Castles Of Spain Manzanares El Real by Federico Moreno Torroba.pdf,,,,verified_pieces/pdf/xml/Castles Of Spain Manzanares El Real by Federico Moreno Torroba.musicxml,,0.00398406374501992,1.4444444444444444,3,1.7078666666666669,0.5561224489795918,0.30612244897959184,0.7,5,0.0,1.5657370517928286,393,69.0,5.976350909297934,4.826972010178117,9.0,0.3486005089058524,0.10687022900763359,3.0,0.3745019920318725,2.372340425531915,0.4787234042553192,0.236,11.0,1.625247435520717,3.3603558109348337,2.5018097369132746,0.088,2.7058823529411766,6.5,4.25,2.775280898876405,6.0,3.4440666666666666,22.0,4.807302041832669,True
1,Castles of Spain: Montemayor (Romance de los Pinos),F. Moreno-Torroba,8,4,IX,Modern,found,pdf,pdf-20260524T103936Z-3-001/pdf/Romance De Los Pinos by Frederico Moreno Torroba.pdf,,,,verified_pieces/pdf/xml/Romance De Los Pinos by Frederico Moreno Torroba.musicxml,,0.016,1.0363636363636364,3,1.588709677419355,0.43037974683544306,0.36585365853658536,0.27419354838709675,2,0.0,1.904,238,52.0,5.476463551931511,4.189075630252101,7.0,0.21428571428571427,0.13445378151260504,2.0,0.44,2.7636363636363637,0.45454545454545453,0.28225806451612906,6.666666666666667,1.3680683023411166,3.213793409634191,2.3883348511830906,0.12903225806451613,1.5833333333333333,5.6,4.25,2.509259259259259,6.800000000000011,5.09744623655914,37.33333333333333,6.840030188679245,True
1,Castles of Spain: Siguenza (La Infanta Dureme),F. Moreno-Torroba,8,5,VII,Modern,found,pdf,pdf-20260524T103936Z-3-001/pdf/Castles Of Spain Siguenza La Infanta Duerme by Federico Moreno Torroba.pdf,,,,verified_pieces/pdf/xml/Castles Of Spain Siguenza La Infanta Duerme by Federico Moreno Torroba.musicxml,,0.0,1.2837837837837838,4,1.7554054054054054,0.5192307692307693,0.6166666666666667,0.8810810810810811,4,0.0,1.6827956989247312,313,96.0,5.749392985908253,3.0319488817891376,7.0,0.12779552715654952,0.18849840255591055,2.700000000000003,0.41397849462365593,2.3506493506493507,0.5714285714285714,0.2756756756756757,9.0,1.7483070062775046,2.9267074385094958,2.5085023768046915,0.03783783783783784,3.0,9.0,4.125,2.8675799086757987,7.599999999999994,4.082432432432433,36.0,5.852389486260455,True
1,Castles of Spain: Torija (Elegia),F. Moreno-Torroba,7,6,IX,Modern,found,pdf,pdf-20260524T103936Z-3-001/pdf/Castles Of Spain Torija Elegia by Federico Moreno Torroba.pdf,,,,verified_pieces/pdf/xml/Castles Of Spain Torija Elegia by Federico Moreno Torroba.musicxml,,0.028708133971291867,0.9714285714285714,4,1.8681891025641026,0.5,0.6078431372549019,0.7548076923076923,5,0.0,1.5741626794258374,329,120.0,5.799092654460526,4.683890577507599,9.0,0.3951367781155015,0.2066869300911854,2.0,0.3349282296650718,3.0285714285714285,0.44285714285714284,0.27403846153846156,10.333333333333334,1.8618180735578183,3.39041920431258,2.5192027914410398,0.125,1.7272727272727273,7.5,3.5,1.7971014492753623,4.0,3.432291666666667,20.666666666666668,4.35209681958908,True
1,Castles of Spain: Turegano (Serranilla),F. Moreno-Torroba,11,7,X,Modern,found,pdf,pdf-20260524T103936Z-3-001/pdf/Castles Of Spain Turegano by Federico Moreno Torroba.pdf,,,,verified_pieces/pdf/xml/Castles Of Spain Turegano by Federico Moreno Torroba.musicxml,,0.013657056145675266,1.0320512820512822,3,2.261803444782168,0.5448275862068965,0.42643391521197005,0.5942249240121581,5,0.0,1.5417298937784523,1016,168.0,6.92461239604856,4.5265748031496065,9.0,0.3543307086614173,0.19389763779527558,2.0,0.24127465857359637,3.5220125786163523,0.3836477987421384,0.3100303951367781,12.166666666666666,2.473418800742244,3.2966112917232993,2.501283505114023,0.10638297872340426,2.2,11.558333333333332,3.9375,1.3720430107526882,3.5999999999999943,5.544427558257345,112.0,4.022205288599345,True
1,Choros,Domingo Semenzato,5,3,VII,Modern,found,dada_gp,,"datasets/DadaGP-v1.1/S/Semenzato, Domingos/Semenzato, Domingos - Choros.gp4.tokens.txt","datasets/DadaGP-v1.1/S/Semenzato, Domingos/Semenzato, Domingos - Choros.gp4",,"verified_pieces/dada/xml/Semenzato, Domingos - Choros.musicxml",,0.004310344827586207,0.3939393939393939,1,1.4336219336219338,0.6199376947040498,0.7317073170731707,0.8311688311688312,3,0.049689440993788817,1.3879310344827587,322,120.0,5.777652323222656,1.8198757763975155,3.0,0.049689440993788817,0.2639751552795031,1.0,0.3146551724137931,2.684931506849315,0.4246575342465753,0.16883116883116883,7.0,1.1177575010223764,2.411852925928063,2.5253383745544498,0.06060606060606061,0.7777777777777778,5.383333333333334,2.9375,0.6060606060606061,2.0,2.7561327561327564,14.0,3.464448008553863,True
1,Choros No. 1,Heitor Villa-Lobos,10,6,VIII,Modern,found,pdf,pdf-20260524T103936Z-3-001/pdf/Choros No 1 by Heitor Villa-Lobos.pdf,,,,verified_pieces/pdf/xml/Choros No 1 by Heitor Villa-Lobos.musicxml,,0.016317016317016316,1.3478260869565217,4,1.4411214953271028,0.38203463203463206,0.6554054054054054,0.5887850467289719,4,0.0,2.156177156177156,925,90.0,6.8308742346461795,2.5243243243243243,5.0,0.06378378378378378,0.2172972972972973,2.0,0.4965034965034965,2.807511737089202,0.5023474178403756,0.20093457943925233,9.0,1.4146725341225337,2.871101195808911,2.4704087632576184,0.06074766355140187,1.75,5.224999999999998,7.5,4.024154589371981,8.0,5.125467289719626,36.0,14.095151020946075,True
1,Cinco Piezas para guitarra: I. Campero,Astor Piazzolla,12,7,All,Modern,found,pdf,pdf-20260524T103936Z-3-001/pdf/Cinco Piezas Para Guitarra I Campero by Astor Piazzolla.pdf,,,,verified_pieces/pdf/xml/Cinco Piezas Para Guitarra I Campero by Astor Piazzolla.musicxml,,0.0,1.4563758389261745,5,2.4439076757917335,0.694047619047619,0.6550724637681159,0.8760064412238325,5,0.0,1.3520900321543408,841,92.0,6.7357800142423265,5.529131985731272,10.0,0.441141498216409,0.13793103448275862,3.0,0.24437299035369775,2.3947368421052633,0.5723684210526315,0.33494363929146537,12.0,2.2934748414833015,3.5664392904425095,2.461996151722629,0.02254428341384863,3.0,12.0,4.0625,2.6655480984340043,6.0,5.05823939881911,44.0,3.525915401680002,True
1,Cinco Piezas para guitarra: II. Romantico,Astor Piazzolla,11,7,X,Modern,found,pdf,pdf-20260524T103936Z-3-001/pdf/Romantico by Astor Piazzolla.pdf,,,,verified_pieces/pdf/xml/Romantico by Astor Piazzolla.musicxml,,0.007532956685499058,1.6666666666666667,4,2.0036163522012576,0.46993318485523383,0.5214007782101168,0.5509433962264151,3,0.0,1.6930320150659133,899,100.0,6.802394763324311,6.2791991101223585,10.200000000000045,0.5494994438264739,0.09343715239154617,3.0,0.3728813559322034,2.686868686868687,0.7171717171717171,0.27547169811320754,18.0,2.4017112661296736,3.6161201897976207,2.42663710332745,0.11132075471698114,2.75,10.799999999999997,6.625,3.4851190476190474,8.0,4.6776692123390236,40.0,5.8539837751702155,True
1,Cinco Piezas para guitarra: III. Acentuado,Astor Piazzolla,14,8,XIII,Modern,found,pdf,pdf-20260524T103936Z-3-001/pdf/Acentuado by Astor Piazzolla.pdf,,,,verified_pieces/pdf/xml/Acentuado by Astor Piazzolla.musicxml,,0.0,1.4301675977653632,5,2.9603798297314996,0.5891472868217055,0.5914396887159533,1.0766208251473477,5,0.0,1.5196078431372548,775,120.0,6.654152520183219,5.695483870967742,12.0,0.40903225806451615,0.14451612903225808,3.0,0.35294117647058826,1.8888888888888888,0.4777777777777778,0.4675834970530452,13.0,2.658347326521742,3.545733673601585,2.4626582420064795,0.03929273084479371,3.2,11.5,4.75,2.205905826017558,6.0,6.130812049770792,40.0,4.022873026238676,True
1,Cinco Piezas para guitarra: IV. Triston,Astor Piazzolla,13,7,XII,Modern,found,pdf,pdf-20260524T103936Z-3-001/pdf/Triston by Astor Piazzolla.pdf,,,,verified_pieces/pdf/xml/Triston by Astor Piazzolla.musicxml,,0.09328358208955224,1.7745098039215685,4,1.2147315855181025,0.19570707070707072,0.09523809523809523,0.149812734082397,2,0.0,2.958955223880597,793,80.0,6.677083461247136,5.392181588902901,10.0,0.4224464060529634,0.18032786885245902,3.0,0.7835820895522388,2.9380952380952383,0.5095238095238095,0.20599250936329588,8.666666666666668,1.754852199752604,3.5148661659376645,2.499702250980835,0.2846441947565543,3.0,7.749999999999998,3.75,1.7619047619047616,3.0,1.3394090719933416,28.0,8.626659899034241,True
1,Cinco Piezas para guitarra: V. Compadre,Astor Piazzolla,11,7,X,Modern,found,pdf,pdf-20260524T103936Z-3-001/pdf/Compadre by Astor Piazzolla.pdf,,,,verified_pieces/pdf/xml/Compadre by Astor Piazzolla.musicxml,,0.04392764857881137,1.1333333333333333,3,1.2611039241052178,0.3185840707964602,0.3621867881548975,0.47347994825355755,4,0.0,1.607235142118863,1244,120.0,7.126890808898808,4.548231511254019,9.0,0.26366559485530544,0.1342443729903537,2.0,0.32945736434108525,2.1254901960784314,0.2627450980392157,0.18240620957309184,17.0,1.9687317755505722,3.456325860922474,2.4549114545068162,0.4424320827943079,3.0,11.299999999999997,7.0,7.5766310461192345,27.200000000000273,5.970430604324524,144.0,4.454868161639584,True
1,Cinq Preludes: Prelude No.  1,Heitor Villa-Lobos,9,7,All,Modern,found,pdf,pdf-20260524T103936Z-3-001/pdf/Prelude No 1 E Minor by Heitor Villa Lobos.pdf,,,,verified_pieces/pdf/xml/Prelude No 1 E Minor by Heitor Villa Lobos.musicxml,,0.02099737532808399,0.746031746031746,3,2.4026281208935614,0.28163493840985443,0.3,0.480946123521682,3,0.0,2.3451443569553807,1787,120.0,7.488852955733459,3.3844432008953556,10.0,0.29770565193060994,0.48740906547285956,2.0,0.6443569553805775,2.258655804480652,0.17922606924643583,0.31274638633377133,14.0,3.3402015901506275,2.807470052914403,2.328405114323904,0.2956636005256242,2.1666666666666665,14.0,7.125,1.826455026455026,4.0,5.310651189954738,56.0,11.387970015976265,True
1,Cinq Preludes: Prelude No.  4,Heitor Villa-Lobos,9,6,XII,Modern,found,dada_gp,,"datasets/DadaGP-v1.1/V/Villa/Villa-Lobos, Heitor - Prelude n-4 in Em.gp4.tokens.txt","datasets/DadaGP-v1.1/V/Villa/Villa-Lobos, Heitor - Prelude n-4 in Em.gp4",,"verified_pieces/dada/xml/Villa-Lobos, Heitor - Prelude n-4 in Em.musicxml",,0.03667481662591687,0.6111111111111112,3,2.740359477124183,0.5881294964028777,0.8535031847133758,1.161764705882353,5,0.00718132854578097,1.3618581907090463,557,60.0,6.324358962381311,3.9281867145421905,11.0,0.2998204667863555,0.36624775583482944,2.0,0.11735941320293398,3.6666666666666665,0.20833333333333334,0.31862745098039214,14.0,3.1472045003578164,3.013990898579726,2.4607195337133514,0.01715686274509804,3.0,12.0,4.25,0.7619047619047619,2.6666666666666665,9.214256537712242,56.0,4.831560587419992,True
1,Clair de Lune,Claude Debussy,14,7,All,Modern,found,pdf,pdf-20260524T103936Z-3-001/pdf/Clair de Lune by Claude Debussy.pdf,,,,verified_pieces/pdf/xml/Clair de Lune by Claude Debussy.musicxml,,0.0,1.0096153846153846,3,0.8157407407407408,0.29280397022332505,0.3900709219858156,0.3962962962962963,4,0.0,1.4907749077490775,404,55.0,6.003887067106539,2.527227722772277,6.0,0.054455445544554455,0.2079207920792079,2.0,0.3985239852398524,1.6666666666666667,0.25,0.14444444444444443,7.5,1.212343989652088,2.6776891718581597,2.3515953303955786,0.5185185185185185,2.0,3.3999999999999915,7.0,8.433656957928802,16.0,8.994753086419754,120.0,7.647911907690506,True
1,Clarin de las mosqueteros del rey de Francia (Bugle from the French King's Musketeers),Gaspar Sanz,2,2,III,Baroque,found,pdf,pdf-20260524T103936Z-3-001/pdf/Clarin de los Mosqueteros del Rey de Francia by Gaspar Sanz.pdf,,,,verified_pieces/pdf/xml/Clarin de los Mosqueteros del Rey de Francia by Gaspar Sanz.musicxml,,0.0,0.3103448275862069,2,1.2282608695652173,0.5974025974025974,0.3333333333333333,0.43478260869565216,2,0.0,1.6595744680851063,78,120.0,4.3694478524670215,1.4102564102564104,3.0,0.0,0.4358974358974359,1.1999999999999993,0.6595744680851063,2.5806451612903225,0.41935483870967744,0.08695652173913043,3.0,0.6892538635864213,2.0946610809410893,2.233008967400276,0.0,0.625,2.8,1.375,0.19047619047619047,1.0,1.0615942028985506,4.0,2.054711246200608,True
1,"Clarines y trompetas con canciones muy curiosas Espanolas y de estranjeras naciones (Bugles and Trumpets with Very Interesting Spanish Songs, as well as Songs from Other Foreign Countries)",Gaspar Sanz,3,2,VII,Baroque,found,pdf,pdf-20260524T103936Z-3-001/pdf/Clarines Y Trompetas by Gaspar Sanz.pdf,,,,verified_pieces/pdf/xml/Clarines Y Trompetas by Gaspar Sanz.musicxml,,0.0,0.14814814814814814,3,1.929530201342282,0.6759776536312849,0.2826086956521739,0.3221476510067114,3,0.0,1.2,180,120.0,5.198497031265826,3.2333333333333334,7.0,0.18333333333333332,0.3111111111111111,0.0,0.2,1.9666666666666666,0.36666666666666664,0.40268456375838924,6.5,1.4723629985242939,2.5859208004633962,2.136545402168567,0.1610738255033557,3.0,5.5249999999999995,1.8125,0.038461538461538464,0.0,2.498322147651007,8.0,1.6875,True
1,Come Again,John Dowland,9,4,V,Renaissance,found,pdf,pdf-20260524T103936Z-3-001/pdf/Come Again by John Dowland.pdf,,,,verified_pieces/pdf/xml/Come Again by John Dowland.musicxml,,0.0,1.0232558139534884,3,1.7386138613861386,0.6376306620209059,0.4806201550387597,0.905940594059406,5,0.0,1.4187192118226601,288,100.0,5.666426688112432,2.0069444444444446,4.0,0.013888888888888888,0.3229166666666667,2.0,0.21182266009852216,3.4186046511627906,0.6511627906976745,0.25742574257425743,5.0,1.1457565817512654,2.1252134875676347,2.249234207246147,0.0,,,,,,,,,False
1,Confesion,Agustin Barrios Mandore,10,7,XI,Romantic,found,pdf,pdf-20260524T103936Z-3-001/pdf/barrios-confesion.pdf,,,,verified_pieces/pdf/xml/barrios-confesion.musicxml,,0.005607476635514018,1.0442176870748299,5,1.8345817727840201,0.484304932735426,0.6867469879518072,1.0561797752808988,4,0.0,1.669158878504673,893,110.0,6.795705775173514,4.634938409854423,10.0,0.3191489361702128,0.1858902575587906,3.0,0.5981308411214953,1.496875,0.353125,0.29213483146067415,11.0,2.0574756111363737,3.4701780627714114,2.358779598343721,0.149812734082397,3.032258064516129,11.0,4.4375,2.271899886234357,4.0,3.943580940491053,80.0,5.153185405374841,True
1,Contemplacion,Agustin Barrios Mandore,13,7,All,Romantic,found,pdf,pdf-20260524T103936Z-3-001/pdf/Contemplacion (Vals et Tremelo) by Agustin Barrios Mangore.pdf,,,,verified_pieces/pdf/xml/Contemplacion (Vals et Tremelo) by Agustin Barrios Mangore.musicxml,,0.00046728971962616824,1.8387096774193548,5,1.668131525635032,0.42011834319526625,0.5157894736842106,1.3277232351566153,5,0.0,1.0271028037383179,2198,80.0,7.695757990554761,6.442220200181984,11.0,0.5832575068243858,0.12329390354868063,4.0,0.014485981308411215,2.7419354838709675,0.6129032258064516,0.1972884525479196,22.0,3.1783728716130883,3.4130465343639678,1.7451784252720206,0.45582047685834504,,,,,,,,,False
1,"Cordoba (from the ""Suite Andina"")",Agustin Barrios Mandore,10,6,All,Romantic,found,pdf,pdf-20260524T103936Z-3-001/pdf/barrios-cordoba.pdf,,,,verified_pieces/pdf/xml/barrios-cordoba.musicxml,,0.004739336492890996,1.2077922077922079,4,2.476031746031746,0.5798816568047337,0.34615384615384615,0.7285714285714285,4,0.0,1.6066350710900474,339,90.0,5.8289456176102075,4.421828908554573,8.0,0.23008849557522124,0.1504424778761062,3.0,0.36492890995260663,2.116883116883117,0.5064935064935064,0.4,15.4,2.1274645512867205,3.237276324054041,2.5028740909940477,0.023809523809523808,,,,,,,,,False
1,Cordoba from Antos de Espana,Isaac Albeniz,16,9,All,Romantic,found,pdf,pdf-20260524T103936Z-3-001/pdf/Cordoba by Issac Albeniz.pdf,,,,verified_pieces/pdf/xml/Cordoba by Issac Albeniz.musicxml,,0.0530209617755857,1.6623853211009174,5,2.192263374485597,0.3264992311635059,0.704225352112676,0.6604938271604939,3,0.0,2.406905055487053,1952,120.0,7.577121930876679,5.063012295081967,10.0,0.3140368852459016,0.1173155737704918,3.0,0.6806411837237978,2.592391304347826,0.3858695652173913,0.32592592592592595,15.5,2.646894773429389,3.502279298989765,2.4803645453383107,0.16666666666666666,3.125,15.5,6.0625,2.4494485294117645,4.0,4.140493827160494,32.0,8.629601503038874,True
1,Courante,Silvius Leopold Weiss,6,3,III,Baroque,found,dada_gp,,"datasets/DadaGP-v1.1/W/Weiss, Silvius Leopold/Weiss, Silvius Leopold - Courante.gp3.tokens.txt","datasets/DadaGP-v1.1/W/Weiss, Silvius Leopold/Weiss, Silvius Leopold - Courante.gp3",,"verified_pieces/dada/xml/Weiss, Silvius Leopold - Courante.musicxml",,0.008849557522123894,0.875,2,1.5669642857142858,0.6830985915492958,0.5151515151515151,0.5803571428571429,3,0.013986013986013986,1.2654867256637168,143,90.0,4.969813299576001,2.8181818181818183,7.0,0.13286713286713286,0.24475524475524477,2.0,0.21238938053097345,2.7916666666666665,0.9166666666666666,0.22321428571428573,7.0,1.3334653620324612,2.742203392118955,2.1649751456903905,0.08035714285714286,2.0,6.5,2.5,1.6521739130434783,4.0,2.9375,14.0,2.9911504424778763,True
1,"Courante from Cello Suite No. III, BWV 1009",J.S. Bach,9,4,IX,Baroque,found,pdf,pdf-20260524T103936Z-3-001/pdf/BWV 1009 Courante by Johann Sebastian Bach.pdf,,,,verified_pieces/pdf/xml/BWV 1009 Courante by Johann Sebastian Bach.musicxml,,0.0,1.2,3,3.194156293222683,0.8482490272373541,0.6188340807174888,0.7883817427385892,4,0.0,1.0662525879917184,515,120.0,6.246106765481563,4.444660194174757,8.0,0.26601941747572816,0.18058252427184465,3.0,0.041407867494824016,4.0,0.6,0.35477178423236516,22.0,4.188701331900354,3.337952484679594,2.204978791814819,0.022821576763485476,3.0,21.0,2.4375,1.675438596491228,4.399999999999999,6.090248962655601,44.0,2.1747330012504356,True
1,Dance,Hans Neusidler,1,1,I,Renaissance,found,pdf,pdf-20260524T103936Z-3-001/pdf/Italian Dance by Hans Neusidler.pdf,,,,verified_pieces/pdf/xml/Italian Dance by Hans Neusidler.musicxml,,0.0,0.640625,2,1.4255952380952381,0.5444839857651246,0.3,0.24404761904761904,3,0.0,1.668639053254438,282,120.0,5.645446897643238,1.4929078014184398,3.0,0.0,0.36524822695035464,2.0,0.378698224852071,2.9375,0.203125,0.16071428571428573,4.0,1.0217555647273953,2.1677810905222517,2.3336692879163476,0.07738095238095238,1.4615384615384615,3.1875,3.3125,0.9523809523809523,2.0,2.763392857142857,8.0,5.087094194786503,True
1,Dance de las hachas (Dance of the Axes),Gaspar Sanz,3,1,I,Baroque,found,pdf,pdf-20260524T103936Z-3-001/pdf/Dance de las Hachas by Gapsar Sanz.pdf,,,,verified_pieces/pdf/xml/Dance de las Hachas by Gapsar Sanz.musicxml,,0.0,0.6666666666666666,2,1.4428571428571428,0.7368421052631579,0.3333333333333333,0.4142857142857143,2,0.0,1.352112676056338,96,140.0,4.574710978503383,1.2708333333333333,3.0,0.0,0.375,2.0,0.2535211267605634,2.7777777777777777,0.5555555555555556,0.14285714285714285,3.0,0.8479132715671889,2.042742981206788,2.3572313828747555,0.0,1.0,3.0,1.8125,0.6111111111111112,2.0,2.1357142857142857,6.0,2.093593820990459,True
1,Dance of the Miller from The Three-Cornered Hat,Manuel de Falla,8,4,VIII,Modern,found,pdf,pdf-20260524T103936Z-3-001/pdf/Dance of the miller by Manual de Falla.pdf,,,,verified_pieces/pdf/xml/Dance of the miller by Manual de Falla.musicxml,,0.13157894736842105,1.0384615384615385,3,0.863359173126615,0.1649746192893401,0.1652542372881356,0.17674418604651163,3,0.0,3.0510835913312695,1971,120.0,7.586803535162581,2.6352105530187724,6.0,0.08168442415017757,0.2709284627092846,2.0,0.5696594427244582,3.7934782608695654,0.12771739130434784,0.10077519379844961,8.0,1.214566804675141,2.8089304882212733,2.5508060799791425,0.42170542635658914,3.0,7.099999999999998,16.5,4.59366391184573,8.0,3.5676098191214467,72.0,17.12995765287928,True
1,Danza,Anonymous,5,3,V,Renaissance,found,pdf,pdf-20260524T103936Z-3-001/pdf/Danza Cubana by Anonymous.pdf,,,,verified_pieces/pdf/xml/Danza Cubana by Anonymous.musicxml,,0.0,0.6538461538461539,2,1.494047619047619,0.597037037037037,0.8188679245283019,1.3869047619047619,5,0.0,1.3386138613861387,676,88.0,6.517671272912275,1.7751479289940828,4.0,0.04585798816568047,0.3816568047337278,2.0,0.25742574257425743,3.0153846153846153,0.2153846153846154,0.19444444444444445,12.0,1.4698122897311057,2.388920228762698,2.4484118734617777,0.017857142857142856,2.0,8.533333333333331,6.1875,2.333333333333333,8.0,5.713293650793651,48.0,6.429150765875877,True
1,Danza Caracteristica (para el quitate de la acera),Leo Brouwer,7,8,X,Modern,found,pdf,pdf-20260524T103936Z-3-001/pdf/Danza Caracteristica by Leo Brouwer.pdf,,,,verified_pieces/pdf/xml/Danza Caracteristica by Leo Brouwer.musicxml,,0.0,1.5463917525773196,4,1.6328042328042327,0.5347593582887701,0.6666666666666666,0.8650793650793651,5,0.0,1.482849604221636,562,116.0,6.333279628139691,3.204626334519573,7.0,0.12099644128113879,0.2313167259786477,3.0,0.2955145118733509,2.375,0.39285714285714285,0.2671957671957672,7.5,1.5340385472465434,3.1516346377191113,2.4647478919677814,0.08994708994708994,,,,,,,,,False
1,Danza Espanola No. 3 (Fandango),Enrique Granados,8,5,XII,Romantic,found,pdf,pdf-20260524T103936Z-3-001/pdf/Danza Espanola No 3 Zarabanda by Enrique Granados.pdf,,,,verified_pieces/pdf/xml/Danza Espanola No 3 Zarabanda by Enrique Granados.musicxml,,0.0,1.0416666666666667,3,1.7016036655211912,0.4306442251886245,0.25146198830409355,0.3711340206185567,3,0.0,1.9725400457665905,1724,170.0,7.45298232946546,3.4541763341067284,9.0,0.19083526682134572,0.25638051044083526,3.0,0.6121281464530892,2.8598130841121496,0.16261682242990655,0.24513172966781213,9.0,1.6366146992794992,3.0625084734041557,2.492835104779549,0.13860252004581902,3.0,7.699999999999996,5.25,2.018744674808293,6.0,3.38275695921744,28.0,6.845815881029898,True
1,Danza Espanola No. 4 (Villanesca),Enrique Granados,18,9,All,Romantic,found,pdf,pdf-20260524T103936Z-3-001/pdf/Danza Espaola No 4 Villanesca by Enrique Granados.pdf,,,,verified_pieces/pdf/xml/Danza Espaola No 4 Villanesca by Enrique Granados.musicxml,,0.008490566037735849,0.8516746411483254,4,2.0609379918161785,0.4919678714859438,0.2532467532467532,0.23229461756373937,3,0.0,1.880188679245283,1993,75.0,7.597897950521784,3.643251379829403,10.0,0.2303060712493728,0.32313095835423983,2.3000000000000114,0.40943396226415096,2.6382488479262673,0.2073732718894009,0.3342776203966006,10.5,1.8432729729454682,3.2249109099312325,2.3447112499205924,0.05854579792256846,,,,,,,,,False
1,Danza Guarani,Agustin Barrios Mandore,11,6,XIV,Romantic,found,pdf,pdf-20260524T103936Z-3-001/pdf/Danza Guarani by Augustin Barrios.pdf,,,,verified_pieces/pdf/xml/Danza Guarani by Augustin Barrios.musicxml,,0.025380710659898477,1.0232558139534884,3,2.2223639455782314,0.43790849673202614,0.28,0.6683673469387755,5,0.0,1.5583756345177664,307,90.0,5.730099782973574,5.517915309446254,12.0,0.46579804560260585,0.1986970684039088,2.0,0.4416243654822335,1.9310344827586208,0.4482758620689655,0.32142857142857145,14.5,2.912663943625491,3.3469463975381233,2.435016527696234,0.29591836734693877,2.0,13.0,6.6875,5.0549019607843135,14.400000000000034,12.041666666666668,232.0,9.520822284516504,True
1,Danza Paraguaya,Agustin Barrios Mandore,10,5,X,Romantic,found,pdf,pdf-20260524T103936Z-3-001/pdf/Danza Paraguaya No 1 by Agustin Barrios Mangore.pdf,,,,verified_pieces/pdf/xml/Danza Paraguaya No 1 by Agustin Barrios Mangore.musicxml,,0.0,1.1531531531531531,4,2.6134304207119734,0.6660649819494585,0.7454545454545455,1.2742718446601942,5,0.0,1.3438256658595642,555,60.0,6.320768294250582,5.504504504504505,10.0,0.4720720720720721,0.16936936936936936,3.0,0.2687651331719128,1.90990990990991,0.34234234234234234,0.3907766990291262,14.0,2.6744279835354945,3.3445798759581122,2.542939512130517,0.02912621359223301,3.0,13.624999999999995,3.0,2.1454545454545455,4.200000000000017,5.066990291262136,32.0,3.314769975786925,True
1,Diana Guarani,Agustin Barrios Mandore,14,8,All,Romantic,found,pdf,pdf-20260524T103936Z-3-001/pdf/barrios-diana.pdf,,,,verified_pieces/pdf/xml/barrios-diana.musicxml,,0.012151536812008578,1.1375545851528384,5,1.2563185503099668,0.3,0.3701923076923077,0.3569384835479256,5,0.0,1.6661901358112938,2331,75.0,7.754481547470383,5.430716430716431,11.0,0.41012441012441014,0.18704418704418704,3.0,0.3280914939242316,3.159041394335512,0.3289760348583878,0.18240343347639484,14.0,2.055771767010942,3.629346868862094,2.4809383871383197,0.41917024320457796,5.0,11.0,10.8125,7.619985412107951,32.0,7.367002179985012,208.0,9.667428018857812,True
1,"Diferencias Sobre ""Guardame Las Vacas""",Luys de Narvaez,8,5,V,Renaissance,found,pdf,pdf-20260524T103936Z-3-001/pdf/Diferencias Sobre Guardame Las Vacas by Luis de Narvaez.pdf,,,,verified_pieces/pdf/xml/Diferencias Sobre Guardame Las Vacas by Luis de Narvaez.musicxml,,0.0,0.6551724137931034,3,1.884598012646793,0.705050505050505,0.4711111111111111,0.5094850948509485,4,0.0,1.3405405405405406,496,160.0,6.208590026096629,2.2580645161290325,5.0,0.04233870967741935,0.2963709677419355,2.0,0.24054054054054055,3.067415730337079,0.550561797752809,0.2791327913279133,7.0,1.2389632833821471,2.725474155492968,2.5134618524095753,0.02981029810298103,3.0,7.0,2.5,0.6918604651162791,2.0,3.1324525745257454,14.0,2.4810004033884634,True
1,"Divertimento, Op. 40 no. 12",Mauro Giuliani,7,2,II,Classical,found,pdf,pdf-20260524T103936Z-3-001/pdf/giuliani-op40-12.pdf,,,,verified_pieces/pdf/xml/giuliani-op40-12.musicxml,,0.0,0.7692307692307693,3,1.5887943262411348,0.638728323699422,0.819047619047619,0.9617021276595744,3,0.0,1.4703389830508475,347,52.0,5.8522024797744745,1.2363112391930835,3.0,0.0,0.4265129682997118,2.0,0.3347457627118644,3.329113924050633,0.3924050632911392,0.20425531914893616,4.0,0.8765555374193779,1.974424743418309,2.458093166928413,0.0,2.0,4.0,5.625,2.220779220779221,4.800000000000011,6.147446808510638,16.0,7.730418592706729,True
1,Don Perez Freire (Tango),Agustin Barrios Mangore,8,7,All,Romantic,found,pdf,pdf-20260524T103936Z-3-001/pdf/Don Perez Freire Tango by Agustin Barrios Mangore.pdf,,,,verified_pieces/pdf/xml/Don Perez Freire Tango by Agustin Barrios Mangore.musicxml,,0.0,1.1111111111111112,5,2.735923423423423,0.5521064301552107,0.5782312925170068,0.847972972972973,5,0.0,1.5218855218855218,452,80.0,6.115892125483034,5.628318584070796,10.0,0.5221238938053098,0.21460176991150443,3.0,0.3367003367003367,2.73,0.57,0.40878378378378377,14.0,2.794898433824973,3.1882196147121706,2.476603397910523,0.07094594594594594,2.0526315789473686,11.75,6.5,3.7142857142857144,9.199999999999989,9.872184684684687,56.0,7.9755623871565895,True
1,Dos preludios - I,Joaquin Rodrigo,16,8,XII,Modern,found,pdf,pdf-20260524T103936Z-3-001/pdf/Dos Preludes No 1 by Joaquin Rodrigo.pdf,,,,verified_pieces/pdf/xml/Dos Preludes No 1 by Joaquin Rodrigo.musicxml,,0.0,0.7054263565891473,4,2.247656542932133,0.7073403241182078,0.5585023400936038,0.6220472440944882,5,0.0,1.1797752808988764,1050,56.0,6.957497370876951,4.220952380952381,10.0,0.2819047619047619,0.2733333333333333,2.0,0.1449438202247191,2.7829457364341086,0.5891472868217055,0.28683914510686165,22.0,2.37487508957021,3.3022444687077117,2.3058390841059375,0.024746906636670417,2.0,13.0,5.125,2.4108527131782944,8.0,8.730783652043495,88.0,4.920611896499783,True
1,Dos Temas Populares Cubanos - Berceuse - Cancion de Cuna,Leo Brouwer,9,7,V,Modern,found,pdf,pdf-20260524T103936Z-3-001/pdf/Cancion De Cuna by Leo Brouwer.pdf,,,,verified_pieces/pdf/xml/Cancion De Cuna by Leo Brouwer.musicxml,gaps_v1/musicxml/brouwer-berceuse.xml,0.0017271157167530224,0.6647727272727273,4,1.6877162629757785,0.535924617196702,0.6628352490421456,0.7301038062283737,4,0.0,1.468048359240069,850,90.0,6.7464121285733745,2.271764705882353,5.0,0.01764705882352941,0.3235294117647059,2.0,0.3160621761658031,2.66120218579235,0.22404371584699453,0.29930795847750863,7.666666666666667,1.4189678758180693,2.4995911444649757,2.5156387280432453,0.050173010380622836,2.0,5.324999999999999,3.375,1.2727272727272727,4.0,3.267301038062284,15.333333333333334,3.83361322689419,True
1,Dos Temas Populares Cubanos - Les Yeux Sorciers - Ojos Brujos,Leo Brouwer,9,7,X,Modern,found,pdf,pdf-20260524T103936Z-3-001/pdf/Les Yeux Sorciers (Ojos Brujos) by Leo Brouwer.pdf,,,,verified_pieces/pdf/xml/Les Yeux Sorciers (Ojos Brujos) by Leo Brouwer.musicxml,,0.003105590062111801,0.6580645161290323,3,1.8722741433021808,0.46139705882352944,0.3870967741935484,0.6884735202492211,5,0.0,1.6925465838509317,545,60.0,6.302618975744905,2.6660550458715595,7.0,0.10825688073394496,0.326605504587156,2.0,0.4937888198757764,2.4339622641509435,0.5094339622641509,0.29906542056074764,12.0,2.1002166694071582,2.9547515185990934,2.5346750526198227,0.1806853582554517,2.0,10.733333333333333,5.875,1.8928571428571428,4.0,5.807632398753894,144.0,6.533424617609617,True
1,Dos trompetas de la reina de Suecia (Two Trumpets of the Swedish Queen),Gaspar Sanz,2,2,VII,Baroque,found,pdf,pdf-20260524T103936Z-3-001/pdf/Dos Trompetas de la Reina de Suecia by Gaspar Sanz.pdf,,,,verified_pieces/pdf/xml/Dos Trompetas de la Reina de Suecia by Gaspar Sanz.musicxml,,0.0,0.4,2,2.1018518518518516,0.5921052631578947,0.058823529411764705,0.14814814814814814,1,0.0,1.4,77,120.0,4.356708826689592,3.4805194805194803,9.0,0.2077922077922078,0.24675324675324675,1.1000000000000014,0.36363636363636365,2.3,0.75,0.3888888888888889,6.5,1.7837476923331894,2.790379549319586,2.392394348452386,0.14814814814814814,1.0,6.1499999999999995,1.5,0.31666666666666665,1.1000000000000014,2.055555555555556,6.5,1.7966666666666666,True
1,Douze Etudes - Etude No. 10,Heitor Villa-Lobos,13,7,X,Modern,found,pdf,pdf-20260524T103936Z-3-001/pdf/Etude No 10 by Heitor Villa-Lobos.pdf,,,,verified_pieces/pdf/xml/Etude No 10 by Heitor Villa-Lobos.musicxml,,0.0,0.8228571428571428,2,2.6280642750373695,0.6134185303514377,0.18578352180936994,0.27802690582959644,5,0.0,1.4031354983202688,1253,85.0,7.134093721192866,4.340782122905028,9.0,0.2841181165203512,0.2593774940143655,2.0,0.1959686450167973,2.6514285714285712,0.30857142857142855,0.3834080717488789,14.0,2.2587324899686374,3.2272125129232743,2.496020881119214,0.11659192825112108,2.0,8.0,7.5625,2.735632183908046,8.0,10.101980568011959,36.0,6.10593889088881,True
1,Douze Etudes - Etude No. 11,Heitor Villa-Lobos,10,9,XIV,Modern,found,pdf,pdf-20260524T103936Z-3-001/pdf/Etude No 11 In Em by Heitor Villa-Lobos.pdf,,,,verified_pieces/pdf/xml/Etude No 11 In Em by Heitor Villa-Lobos.musicxml,,0.0,0.546448087431694,3,3.4898648648648645,0.4148191365227538,0.9651639344262295,0.833976833976834,3,0.0,1.6538090646094503,1715,50.0,7.447751280047908,2.567930029154519,9.0,0.18134110787172011,0.6431486880466473,1.0,0.46383799421407906,1.5197505197505197,0.08731808731808732,0.5588803088803089,14.0,3.5916244093243392,2.259724727060149,2.276970291588569,0.22683397683397682,,,,,,,,,False
1,Douze Etudes - Etude No. 12,Heitor Villa-Lobos,14,8,XII,Modern,found,pdf,pdf-20260524T103936Z-3-001/pdf/Etude No 12 In Am by Heitor Villa-Lobos.pdf,,,,verified_pieces/pdf/xml/Etude No 12 In Am by Heitor Villa-Lobos.musicxml,,0.06258503401360545,0.8724489795918368,6,1.240213442325159,0.1777408637873754,0.4915254237288136,0.11989100817438691,2,0.0,2.4585034013605442,1807,180.0,7.4999765409521215,4.625345877144438,11.0,0.3154399557277255,0.23242944106253458,2.0,0.8122448979591836,2.0268006700167502,0.11390284757118928,0.167574931880109,14.0,2.348408702312726,3.536524609889729,2.4757167047609627,0.547683923705722,5.863636363636363,14.0,9.625,2.389551391254969,6.0,4.196321525885558,58.66666666666667,13.6929782970788,True
1,Douze Etudes - Etude No. 3,Heitor Villa-Lobos,14,7,XII,Modern,found,pdf,pdf-20260524T103936Z-3-001/pdf/Etude No 3 by Heitor Villa-Lobos.pdf,,,,verified_pieces/pdf/xml/Etude No 3 by Heitor Villa-Lobos.musicxml,,0.023715415019762844,1.0434782608695652,3,1.8832671957671958,0.673972602739726,0.2471264367816092,0.2222222222222222,2,0.0,1.4466403162055337,366,108.0,5.905361848054571,4.03551912568306,9.5,0.20765027322404372,0.16939890710382513,3.0,0.18181818181818182,3.239130434782609,0.8260869565217391,0.24206349206349206,8.0,1.423657276073681,3.39321817565506,2.4779758326961883,0.0,2.3333333333333335,7.5,5.75,3.111111111111111,8.0,7.307208994708994,32.0,7.6734834163945695,True
1,Douze Etudes - Etude No. 4,Heitor Villa-Lobos,12,9,All,Modern,found,pdf,pdf-20260524T103936Z-3-001/pdf/Etude No 4 in G by Heitor Villa Lobos.pdf,,,,verified_pieces/pdf/xml/Etude No 4 in G by Heitor Villa Lobos.musicxml,,0.14759725400457666,1.338095238095238,20,0.5888697976326841,0.07918226317304923,0.0,0.001145475372279496,1,0.0,3.9748283752860414,3474,44.0,8.153349757998892,3.8854346574553826,9.0,0.21934369602763384,0.2864133563615429,2.0,0.9725400457665904,3.3494117647058825,0.21411764705882352,0.09278350515463918,9.25,1.260258360220095,3.361184023472698,2.496153878663278,0.6471935853379153,2.380952380952381,6.25,20.25,4.99761620977354,8.0,2.30307369224895,37.0,61.6453293559987,True
1,Douze Etudes - Etude No. 5,Heitor Villa-Lobos,11,7,XII,Modern,found,pdf,pdf-20260524T103936Z-3-001/pdf/Bachiana Brasileiras No 5 by Heitor Villa Lobos.pdf,,,,verified_pieces/pdf/xml/Bachiana Brasileiras No 5 by Heitor Villa Lobos.musicxml,,0.0,0.9693877551020408,5,1.2298404484691676,0.4351279788172992,0.7474120082815735,0.944372574385511,4,0.0,1.4651162790697674,1134,38.0,7.034387929915503,2.8527336860670194,7.0,0.12257495590828923,0.281305114638448,2.0,0.27648578811369506,2.425233644859813,0.2616822429906542,0.18499353169469598,7.0,1.3947997900587104,2.934565495495805,2.424228277064155,0.24967658473479948,2.0,6.0,12.9375,8.7966472303207,16.0,7.972170886465841,101.33333333333333,9.538238165569378,True
1,Douze Etudes - Etude No. 6,Heitor Villa-Lobos,9,8,XII,Modern,found,pdf,pdf-20260524T103936Z-3-001/pdf/Etude No 6 in Em by Heitor Villa Lobos.pdf,,,,verified_pieces/pdf/xml/Etude No 6 in Em by Heitor Villa Lobos.musicxml,,0.016574585635359115,3.6609442060085837,21,2.7424746075715607,0.35157894736842105,0.7142857142857143,1.451523545706371,4,0.0,2.6270718232044197,951,100.0,6.858565034791365,4.643533123028392,10.0,0.26603575184016826,0.1808622502628812,19.80000000000001,0.6629834254143646,2.6458333333333335,0.5541666666666667,0.4376731301939058,12.333333333333334,2.643736449483772,3.538107748944765,2.4769503681513116,0.038781163434903045,10.05,11.333333333333334,9.0,7.483547925608012,20.0,8.938935056940597,49.333333333333336,17.648355347407705,True
1,Douze Etudes - Etude No. 7,Heitor Villa-Lobos,13,7,All,Modern,found,pdf,pdf-20260524T103936Z-3-001/pdf/Etude No 7 in E by Heitor Villa Lobos.pdf,,,,verified_pieces/pdf/xml/Etude No 7 in E by Heitor Villa Lobos.musicxml,,0.07727975270479134,1.1304347826086956,6,2.377554179566564,0.5641821946169773,0.5427927927927928,0.7368421052631579,3,0.0,1.4945904173106646,967,120.0,6.875232087276577,4.334022750775595,9.0,0.2378490175801448,0.1623578076525336,3.0,0.21483771251931993,3.3309352517985613,0.45323741007194246,0.30340557275541796,13.0,2.6978554026716033,3.4458771209666175,2.4420304408528617,0.05572755417956656,5.5,13.0,5.75,3.214285714285714,8.0,9.057619539043689,208.0,6.534134765931224,True
1,Douze Etudes - Etude No. 8,Heitor Villa-Lobos,12,8,X,Modern,found,pdf,pdf-20260524T103936Z-3-001/pdf/Etude No 8 in E by Heitor Villa-Lobos.pdf,,,,verified_pieces/pdf/xml/Etude No 8 in E by Heitor Villa-Lobos.musicxml,,0.016483516483516484,1.2826086956521738,3,1.4969696969696968,0.5027624309392266,0.6383928571428571,0.6666666666666666,3,0.0,1.4945054945054945,544,80.0,6.300785794663244,5.150735294117647,9.0,0.375,0.11580882352941177,3.0,0.2554945054945055,2.5806451612903225,0.5913978494623656,0.1928374655647383,7.0,1.6791401920363245,3.158559586514266,2.503545113837191,0.1349862258953168,3.0,7.0,6.375,3.8985507246376807,8.0,5.4648301193755735,48.0,5.495638286512811,True
1,Douze Etudes - Etude No. 9,Heitor Villa-Lobos,13,7,XIV,Modern,found,pdf,pdf-20260524T103936Z-3-001/pdf/Etude No 9 in F sharp Minor by Heitor Villa Lobos.pdf,,,,verified_pieces/pdf/xml/Etude No 9 in F sharp Minor by Heitor Villa Lobos.musicxml,,0.003305785123966942,1.0095238095238095,20,2.9991169977924947,0.7043010752688172,0.5529411764705883,0.9387417218543046,5,0.0,1.2314049586776858,745,80.0,6.61472560020376,5.5275167785234895,12.0,0.40268456375838924,0.1597315436241611,2.0,0.1834710743801653,1.5945945945945945,0.6036036036036037,0.304635761589404,22.0,3.8546980156752917,3.6518684784852264,2.3284247048131173,0.013245033112582781,,,,,,,,,False
1,Dove son quei fieri occhi?,Anonymous,5,3,V,Renaissance,found,pdf,pdf-20260524T103936Z-3-001/pdf/Dove Son Quei Fieri Occhi by Anonymous.pdf,,,,verified_pieces/pdf/xml/Dove Son Quei Fieri Occhi by Anonymous.musicxml,,0.05714285714285714,1.0851063829787233,2,1.1280193236714975,0.3475609756097561,0.3,0.11594202898550725,2,0.0,2.357142857142857,165,100.0,5.111987788356544,1.7212121212121212,4.0,0.012121212121212121,0.26666666666666666,2.0,0.6714285714285714,2.425531914893617,0.5319148936170213,0.14492753623188406,4.0,1.0730729000873882,2.4053833298057157,2.2575802726699776,0.17391304347826086,1.5454545454545454,3.866666666666665,3.125,1.2173913043478262,3.0,1.6304347826086956,8.0,5.71953781512605,True
1,Einleitende Etuden (Introductory Studies); Op. 60 no. 1,Fernando Sor,1,1,I,Classical,found,pdf,pdf-20260524T103936Z-3-001/pdf/Opus 60 No 1 by Fernando Sor.pdf,,,,verified_pieces/pdf/xml/Opus 60 No 1 by Fernando Sor.musicxml,,0.0,0.0,0,1.6436781609195403,0.8225806451612904,0.6666666666666666,0.9827586206896551,5,0.0,1.0677966101694916,63,150.0,4.1588830833596715,1.1746031746031746,3.0,0.0,0.4444444444444444,0.0,0.03389830508474576,2.0,1.0,0.3103448275862069,3.0,1.0299389353723118,1.8300263952353129,2.2688814749947452,0.0,0.0,3.0,1.125,0.0,0.0,1.6178160919540232,3.0,1.1028063350930815,True
1,Einleitende Etuden (Introductory Studies); Op. 60 no. 10,Fernando Sor,2,1,I,Classical,found,pdf,pdf-20260524T103936Z-3-001/pdf/Opus 60 No 10 by Fernando Sor.pdf,,,,verified_pieces/pdf/xml/Opus 60 No 10 by Fernando Sor.musicxml,,0.0,0.0,0,1.5304347826086957,0.7983193277310925,0.8715596330275229,1.7826086956521738,5,0.0,1.0344827586206897,120,120.0,4.795790545596741,1.2583333333333333,3.0,0.0,0.4166666666666667,0.0,0.02586206896551724,3.3333333333333335,1.0,0.25217391304347825,3.0,1.0514729968658236,1.8742377317056353,2.4413253927799228,0.02608695652173913,0.0,3.0,2.125,0.0,0.0,2.869565217391304,6.0,1.9704433497536946,True
1,Einleitende Etuden (Introductory Studies); Op. 60 no. 11,Fernando Sor,3,2,III,Classical,found,pdf,pdf-20260524T103936Z-3-001/pdf/Opus 60 No 11 by Fernando Sor.pdf,,,,verified_pieces/pdf/xml/Opus 60 No 11 by Fernando Sor.musicxml,,0.0,0.5,1,1.4941176470588236,0.7687861271676301,0.891566265060241,1.2058823529411764,3,0.0,1.0175438596491229,174,120.0,5.1647859739235145,1.3218390804597702,3.0,0.0,0.4540229885057471,0.9,0.011695906432748537,2.0,1.0,0.21176470588235294,5.0,1.2150868224777889,2.0758492839960163,1.9216272485431825,0.0,1.0,4.0,2.0,0.3333333333333333,0.6,2.9098039215686278,10.0,1.873572820941242,True
1,Einleitende Etuden (Introductory Studies); Op. 60 no. 13,Fernando Sor,3,2,I,Classical,found,pdf,pdf-20260524T103936Z-3-001/pdf/Opus 60 No 13 by Fernando Sor.pdf,,,,verified_pieces/pdf/xml/Opus 60 No 13 by Fernando Sor.musicxml,,0.0,0.5740740740740741,2,1.4928315412186377,0.5297619047619048,0.6,0.5806451612903226,2,0.0,1.797872340425532,169,100.0,5.135798437050262,1.2958579881656804,3.0,0.0,0.40236686390532544,1.0,0.7340425531914894,2.217391304347826,0.2898550724637681,0.21505376344086022,3.0,0.8658232656934919,1.9009487242769672,2.257810367393154,0.021505376344086023,1.5,3.0,3.875,1.1320754716981132,2.0,2.980286738351254,6.0,6.464689904934359,True
1,Einleitende Etuden (Introductory Studies); Op. 60 no. 14,Fernando Sor,3,3,III,Classical,found,pdf,pdf-20260524T103936Z-3-001/pdf/Opus 60 No 14 in E Minor by Fernando Sor.pdf,,,,verified_pieces/pdf/xml/Opus 60 No 14 in E Minor by Fernando Sor.musicxml,,0.0,0.7352941176470589,9,1.3015873015873016,0.47586206896551725,0.6666666666666666,0.5952380952380952,4,0.0,1.7176470588235293,146,120.0,4.990432586778736,1.1164383561643836,3.0,0.00684931506849315,0.4726027397260274,1.6999999999999993,0.5176470588235295,2.340909090909091,0.6818181818181818,0.14285714285714285,4.333333333333333,1.0097003689070463,1.9191332697627403,2.4318571053523894,0.011904761904761904,4.5,4.25,2.75,0.7647058823529411,2.0,1.8538359788359788,10.0,3.4352941176470586,True
1,Einleitende Etuden (Introductory Studies); Op. 60 no. 15,Fernando Sor,3,3,II,Classical,found,pdf,pdf-20260524T103936Z-3-001/pdf/Opus 60 No 15 by Fernando Sor.pdf,,,,verified_pieces/pdf/xml/Opus 60 No 15 by Fernando Sor.musicxml,,0.0,0.7142857142857143,5,1.3010752688172043,0.625,0.8787878787878788,1.2903225806451613,4,0.0,1.202127659574468,113,120.0,4.736198448394496,1.5575221238938053,4.0,0.008849557522123894,0.336283185840708,1.0,0.14893617021276595,1.6428571428571428,0.5714285714285714,0.06451612903225806,5.5,1.0623507174673075,2.0223089163294614,2.4240750519843184,0.03225806451612903,5.0,4.224999999999998,2.125,0.5641025641025641,1.7333333333333343,2.193548387096774,8.0,1.9268145465519844,True
1,Einleitende Etuden (Introductory Studies); Op. 60 no. 16,Fernando Sor,6,3,VII,Classical,found,pdf,pdf-20260524T103936Z-3-001/pdf/Opus 60 No 16 by Fernando Sor.pdf,,,,verified_pieces/pdf/xml/Opus 60 No 16 by Fernando Sor.musicxml,,0.0,0.7941176470588235,3,1.568870523415978,0.5495750708215298,0.45454545454545453,0.7024793388429752,4,0.0,1.4567901234567902,354,70.0,5.872117789475416,1.6412429378531073,4.0,0.002824858757062147,0.403954802259887,2.0,0.37037037037037035,1.7333333333333334,0.4111111111111111,0.2975206611570248,5.0,1.2197053305731889,2.217458646593757,2.2625251012273413,0.09504132231404959,1.125,4.166666666666666,4.0,1.6176470588235294,4.0,4.421487603305785,48.0,4.733941055226196,True
1,Einleitende Etuden (Introductory Studies); Op. 60 no. 17,Fernando Sor,4,2,II,Classical,found,pdf,pdf-20260524T103936Z-3-001/pdf/Opus 60 No 17 by Fernando Sor.pdf,,,,verified_pieces/pdf/xml/Opus 60 No 17 by Fernando Sor.musicxml,,0.0,0.0,0,1.4883720930232558,0.8009259259259259,0.9765258215962441,2.2232558139534886,5,0.0,1.0046296296296295,217,110.0,5.384495062789089,1.3225806451612903,3.0,0.0,0.3686635944700461,0.0,0.004629629629629629,1.0,1.0,0.23255813953488372,3.0,1.0526178445490373,1.9784979446983144,2.458687899630112,0.0,0.0,3.0,4.0,0.0,0.0,5.869767441860465,12.0,3.9637205387205383,True
1,Einleitende Etuden (Introductory Studies); Op. 60 no. 18,Fernando Sor,4,3,II,Classical,found,pdf,pdf-20260524T103936Z-3-001/pdf/Opus 60 No 18 by Fernando Sor.pdf,,,,verified_pieces/pdf/xml/Opus 60 No 18 by Fernando Sor.musicxml,,0.0,0.5769230769230769,2,1.176079734219269,0.673352435530086,0.9882352941176471,1.4318936877076411,4,0.0,1.1589403973509933,350,108.0,5.860786223465865,1.4142857142857144,3.0,0.0,0.27714285714285714,1.5,0.08609271523178808,3.5384615384615383,0.38461538461538464,0.11960132890365449,4.0,0.9505365520173757,2.0937075127112688,2.3794643540114286,0.006644518272425249,2.0,3.0,3.375,0.7307692307692307,1.0,3.801079734219269,12.0,3.1444119307972684,True
1,Einleitende Etuden (Introductory Studies); Op. 60 no. 19,Fernando Sor,3,2,III,Classical,found,pdf,pdf-20260524T103936Z-3-001/pdf/Opus 60 No 19 by Fernando Sor.pdf,,,,verified_pieces/pdf/xml/Opus 60 No 19 by Fernando Sor.musicxml,,0.0,0.8333333333333334,4,1.4014675052410903,0.4953271028037383,0.234375,0.710691823899371,2,0.0,1.34375,215,120.0,5.375278407684165,1.1255813953488372,3.0,0.004651162790697674,0.5581395348837209,1.8999999999999986,0.30625,1.9387755102040816,0.4489795918367347,0.2830188679245283,5.0,1.3822542375576128,1.9624825376466328,2.1863267381912044,0.27044025157232704,1.8571428571428572,5.0,2.875,1.6666666666666667,3.799999999999997,2.8029350104821806,10.0,3.5888975155279503,True
1,Einleitende Etuden (Introductory Studies); Op. 60 no. 2,Fernando Sor,1,1,I,Classical,found,pdf,pdf-20260524T103936Z-3-001/pdf/Opus 60 No 2 by Fernando Sor.pdf,,,,verified_pieces/pdf/xml/Opus 60 No 2 by Fernando Sor.musicxml,,0.0,0.75,2,1.5078125,0.7985074626865671,0.5702479338842975,0.75,3,0.0,1.0465116279069768,135,150.0,4.912654885736052,1.162962962962963,3.0,0.0,0.4074074074074074,1.7000000000000002,0.046511627906976744,2.3333333333333335,1.0,0.203125,3.0,0.9921259823448583,1.827846426386988,1.8110328528713777,0.0390625,2.0,3.0,1.375,0.3333333333333333,0.8,1.91015625,6.0,1.2075134168157424,True
1,Einleitende Etuden (Introductory Studies); Op. 60 no. 20,Fernando Sor,3,2,III,Classical,found,pdf,pdf-20260524T103936Z-3-001/pdf/Opus 60 No 20 by Fernando Sor.pdf,,,,verified_pieces/pdf/xml/Opus 60 No 20 by Fernando Sor.musicxml,,0.0,0.0,0,5.22911051212938,0.7762803234501348,0.692722371967655,0.9353099730458221,3,0.0,1.0,372,80.0,5.921578419643816,4.693548387096774,22.0,0.14516129032258066,0.28225806451612906,0.0,0.0,0.0,0.0,0.48247978436657685,22.0,7.2535009869236164,2.2957455207979005,1.7963629368571659,0.15902964959568733,0.0,22.0,3.8125,0.0,0.0,16.22911051212938,88.0,3.1,True
1,Einleitende Etuden (Introductory Studies); Op. 60 no. 21,Fernando Sor,8,4,X,Classical,found,pdf,pdf-20260524T103936Z-3-001/pdf/Opus 60 No 21 by Fernando Sor.pdf,,,,verified_pieces/pdf/xml/Opus 60 No 21 by Fernando Sor.musicxml,,0.0,1.32,11,1.566137566137566,0.49063670411985016,0.27906976744186046,0.6349206349206349,2,0.0,1.4105263157894736,268,120.0,5.594711379601839,1.2761194029850746,3.0,0.014925373134328358,0.5111940298507462,2.0,0.2736842105263158,2.25,0.5,0.25396825396825395,6.5,1.5908338123710175,2.022701271030641,2.0971731359837045,0.2751322751322751,4.0,6.5,3.3125,2.586666666666667,4.0,3.1252204585537915,13.0,3.958335629650041,True
1,Einleitende Etuden (Introductory Studies); Op. 60 no. 23,Fernando Sor,8,4,VI,Classical,found,pdf,pdf-20260524T103936Z-3-001/pdf/Opus 60 No 23 by Fernando Sor.pdf,,,,verified_pieces/pdf/xml/Opus 60 No 23 by Fernando Sor.musicxml,,0.0,1.0,2,2.4038461538461537,0.675531914893617,0.9130434782608695,1.5,5,0.0,1.2038216560509554,189,90.0,5.247024072160486,2.417989417989418,7.0,0.1164021164021164,0.4021164021164021,2.0,0.20382165605095542,2.53125,0.53125,0.40384615384615385,10.0,2.264635721410915,2.763312952781562,2.162215348393638,0.05128205128205128,1.2352941176470589,8.649999999999997,5.125,4.0,8.0,9.570512820512821,40.0,5.112860516710799,True
1,Einleitende Etuden (Introductory Studies); Op. 60 no. 24,Fernando Sor,5,3,V,Classical,found,pdf,pdf-20260524T103936Z-3-001/pdf/Opus 60 No 24 by Fernando Sor.pdf,,,,verified_pieces/pdf/xml/Opus 60 No 24 by Fernando Sor.musicxml,,0.0,1.3902439024390243,6,1.7601246105919002,0.6863468634686347,0.9370629370629371,1.0934579439252337,4,0.0,1.2651162790697674,272,100.0,5.60947179518496,1.8602941176470589,3.0,0.011029411764705883,0.2610294117647059,3.0,0.20930232558139536,2.3555555555555556,0.4888888888888889,0.2336448598130841,5.5,1.2328106937784173,2.333385202024753,2.090953011657619,0.014018691588785047,3.0,5.0,2.75,1.3902439024390243,3.0,5.034657320872274,16.0,3.1001047559187094,True
1,Einleitende Etuden (Introductory Studies); Op. 60 no. 25,Fernando Sor,7,5,II,Classical,found,pdf,pdf-20260524T103936Z-3-001/pdf/Opus 60 No 25 by Fernando Sor.pdf,,,,verified_pieces/pdf/xml/Opus 60 No 25 by Fernando Sor.musicxml,,0.009174311926605505,0.6829268292682927,3,1.8410493827160497,0.4467005076142132,0.4791666666666667,0.39814814814814814,2,0.0,1.81651376146789,198,60.0,5.293304824724492,1.5454545454545454,4.0,0.010101010101010102,0.4494949494949495,2.0,0.3761467889908257,3.2195121951219514,0.4634146341463415,0.3055555555555556,6.5,1.3431131033017791,2.0769411737673495,2.4799289108103695,0.10185185185185185,1.1,4.3666666666666645,4.8125,1.7154471544715446,4.0,5.308127572016462,16.0,7.229542206445069,True
1,Einleitende Etuden (Introductory Studies); Op. 60 no. 3,Fernando Sor,1,1,II,Classical,found,pdf,pdf-20260524T103936Z-3-001/pdf/Opus 60 No 3 by Fernando Sor.pdf,,,,verified_pieces/pdf/xml/Opus 60 No 3 by Fernando Sor.musicxml,,0.0,0.0,0,2.1043478260869564,0.9565217391304348,0.48695652173913045,0.6260869565217392,3,0.0,1.0,116,150.0,4.762173934797756,1.7413793103448276,3.5,0.0,0.33620689655172414,0.0,0.0,0.0,0.0,0.33043478260869563,4.0,0.9359850708905867,2.0860832925278894,1.9114343769326512,0.008695652173913044,0.0,4.0,1.4375,0.0,0.0,2.9217391304347826,8.0,1.2473118279569892,True
1,Einleitende Etuden (Introductory Studies); Op. 60 no. 4,Fernando Sor,1,2,I,Classical,found,pdf,pdf-20260524T103936Z-3-001/pdf/Opus 60 No 4 by Fernando Sor.pdf,,,,verified_pieces/pdf/xml/Opus 60 No 4 by Fernando Sor.musicxml,,0.0,0.0,0,1.5725806451612903,0.8387096774193549,0.4112903225806452,0.5483870967741935,3,0.0,1.0,125,150.0,4.836281906951478,1.536,3.0,0.0,0.296,0.0,0.0,0.0,0.0,0.24193548387096775,4.0,1.0863774302311848,2.045713442404688,2.141946792943626,0.13709677419354838,0.0,4.0,2.0625,0.0,0.0,3.360215053763441,16.0,1.7667844522968197,True
1,Einleitende Etuden (Introductory Studies); Op. 60 no. 5,Fernando Sor,2,2,II,Classical,found,pdf,pdf-20260524T103936Z-3-001/pdf/Opus 60 No 5 by Fernando Sor.pdf,,,,verified_pieces/pdf/xml/Opus 60 No 5 by Fernando Sor.musicxml,,0.0,2.5,5,1.6956521739130435,0.8009478672985783,0.7286432160804021,1.5072463768115942,5,0.0,1.0192307692307692,212,120.0,5.3612921657094255,1.1981132075471699,3.0,0.0047169811320754715,0.4669811320754717,4.5,0.019230769230769232,2.75,0.75,0.25120772946859904,5.0,1.17198804415206,2.018755229857068,2.238851975281134,0.03864734299516908,5.0,5.0,2.0625,5.0,9.0,3.256038647342995,10.0,1.8234339500162282,True
1,Einleitende Etuden (Introductory Studies); Op. 60 no. 6,Fernando Sor,2,2,I,Classical,found,pdf,pdf-20260524T103936Z-3-001/pdf/Opus 60 No 6 by Fernando Sor.pdf,,,,verified_pieces/pdf/xml/Opus 60 No 6 by Fernando Sor.musicxml,,0.0,0.4,2,1.3923076923076922,0.7304964539007093,0.7339449541284404,1.3692307692307693,5,0.0,1.083969465648855,142,70.0,4.962844630259907,1.1267605633802817,3.0,0.0,0.45774647887323944,1.0999999999999996,0.08396946564885496,2.3636363636363638,0.9090909090909091,0.2,4.0,1.084833584161849,1.8676355303183267,2.3353546234778495,0.05384615384615385,1.0,4.0,2.3125,0.8,2.1999999999999993,3.2153846153846155,48.0,2.423994710584841,True
1,Einleitende Etuden (Introductory Studies); Op. 60 no. 9,Fernando Sor,3,2,I,Classical,found,pdf,pdf-20260524T103936Z-3-001/pdf/Opus 60 No 9 by Fernando Sor.pdf,,,,verified_pieces/pdf/xml/Opus 60 No 9 by Fernando Sor.musicxml,,0.0,2.0,5,1.576271186440678,0.7364341085271318,0.9375,1.2033898305084745,4,0.0,1.0924369747899159,130,120.0,4.875197323201151,1.0615384615384615,3.0,0.015384615384615385,0.5384615384615384,4.2,0.09243697478991597,1.3636363636363635,0.7272727272727273,0.2966101694915254,5.5,1.2865456289115724,1.9114791770040236,2.011627389106459,0.0,4.0,5.35,2.25,4.0,8.4,3.042372881355932,11.0,2.2905936568175655,True
1,El abejorro,Emilio Pujol,9,6,XII,Modern,found,pdf,pdf-20260524T103936Z-3-001/pdf/El Abejorro by Emilio Pujol.pdf,,,,verified_pieces/pdf/xml/El Abejorro by Emilio Pujol.musicxml,,0.0,2.0,3,4.426004872107186,0.8329297820823245,0.8803418803418803,1.1583434835566382,4,0.0,1.0060827250608273,827,76.0,6.71901315438526,4.276904474002419,11.0,0.22853688029020555,0.3385731559854897,2.8,0.0024330900243309003,2.5,1.0,0.7856272838002436,22.0,5.591348295033221,2.8850045158368545,1.9981427153874372,0.08891595615103533,,,,,,,,,False
1,El Amable,Jose Ferrer,4,2,II,Romantic,found,pdf,pdf-20260524T103936Z-3-001/pdf/El Amable by Jose Ferrer.pdf,,,,verified_pieces/pdf/xml/El Amable by Jose Ferrer.musicxml,,0.027874564459930314,0.45454545454545453,9,2.3776223776223775,0.48552338530066813,0.30392156862745096,0.7552447552447552,5,0.0,1.5679442508710801,450,84.0,6.111467339502679,1.991111111111111,3.0,0.028888888888888888,0.3244444444444444,1.0,0.4564459930313589,1.8396946564885497,0.2900763358778626,0.16783216783216784,22.0,4.589266177057235,2.087745850977228,2.454035232158194,0.15034965034965034,3.0,21.816666666666666,4.625,0.8833333333333333,4.0,5.507825507825508,88.0,5.655911125386662,True
1,El Decameron Negro: I. La Arpa Del Guerrero,Leo Brouwer,12,7,IX,Modern,found,pdf,pdf-20260524T103936Z-3-001/pdf/El Decameron Negro by Leo Brouwer.pdf,,,,verified_pieces/pdf/xml/El Decameron Negro by Leo Brouwer.musicxml,,0.0,1.8235294117647058,4,2.1341723874904655,0.6545820745216515,0.6035578144853876,1.0812356979405033,5,0.0,1.136,994,200.0,6.902742737158593,3.754527162977867,8.0,0.2193158953722334,0.22937625754527163,3.0,0.05942857142857143,3.4615384615384617,0.5384615384615384,0.38215102974828374,11.0,2.141894692418359,3.325483857480762,2.4421216127521927,0.13272311212814644,3.0,10.0,3.125,2.2133333333333334,4.0,4.181432748538011,96.0,2.171507692307692,True
1,El Delirio,Antonio Cano,9,6,X,Romantic,found,pdf,pdf-20260524T103936Z-3-001/pdf/El Delirio by Antonio Cano.pdf,,,,verified_pieces/pdf/xml/El Delirio by Antonio Cano.musicxml,,0.0025497195308516064,0.9693877551020408,4,1.4477891156462586,0.4681647940074906,0.5144571740316422,1.186734693877551,5,0.0,1.0897501274859764,2137,98.0,7.6676260915849905,4.3387927000467945,9.0,0.24099204492278894,0.1544220870379036,2.0,0.054563997960224375,2.878504672897196,0.5420560747663551,0.1989795918367347,15.0,2.348445217994737,3.3640314271131952,1.946364000400667,0.4270408163265306,,,,,,,,,False
1,El Marabino (Valse Venezolano),Antonio Lauro,12,5,All,Modern,found,pdf,pdf-20260524T103936Z-3-001/pdf/El Marabino by Antonio Lauro.pdf,,,,verified_pieces/pdf/xml/El Marabino by Antonio Lauro.musicxml,,0.024390243902439025,0.7931034482758621,3,2.1877551020408164,0.6224188790560472,0.65,0.9387755102040817,4,0.0,1.3821138211382114,340,156.0,5.831882477283517,3.1941176470588237,7.0,0.17058823529411765,0.2676470588235294,2.0,0.25609756097560976,2.746031746031746,0.5555555555555556,0.3142857142857143,10.5,2.206593848373624,2.9681915694522454,2.444691424165865,0.044897959183673466,3.0,10.491666666666667,2.875,1.1695906432748537,4.0,4.228798185941042,64.0,3.165768078733419,True
1,Endecha,Francisco Tarrega,6,6,X,Romantic,found,pdf,pdf-20260524T103936Z-3-001/pdf/tarrega-endecha.pdf,,,,verified_pieces/pdf/xml/tarrega-endecha.musicxml,,0.07407407407407407,1.3333333333333333,3,1.7767295597484274,0.4,0.29411764705882354,0.16981132075471697,1,0.0,2.240740740740741,121,55.0,4.804021044733257,5.1735537190082646,10.0,0.4380165289256198,0.1322314049586777,3.0,0.5555555555555556,3.1333333333333333,0.8333333333333334,0.22641509433962265,5.666666666666667,1.372152433997085,3.369645573498098,2.484200111312298,0.07547169811320754,1.7692307692307692,5.324999999999999,4.625,2.2988505747126435,4.399999999999999,3.317610062893082,11.333333333333334,8.88949605343048,True
1,Entree De Luth,Robert Ballard,11,6,VII,Renaissance,found,pdf,pdf-20260524T103936Z-3-001/pdf/Entree de luth by Robert Ballard.pdf,,,,verified_pieces/pdf/xml/Entree de luth by Robert Ballard.musicxml,,0.0196078431372549,1.2456140350877194,4,2.2456140350877196,0.5384615384615384,0.6,0.6644736842105263,4,0.0,1.7058823529411764,261,63.0,5.568344503761097,3.367816091954023,8.0,0.21455938697318008,0.27586206896551724,3.0,0.40522875816993464,2.870967741935484,0.8709677419354839,0.3026315789473684,12.0,2.208659969919995,3.0533169415045935,2.4326845951901204,0.013157894736842105,2.0,10.299999999999997,3.125,1.6754385964912282,4.0,3.6025219298245608,20.0,4.122549019607843,True
1,Escala y Preludio,Agustin Barrios Mangore,7,6,XII,Romantic,found,pdf,pdf-20260524T103936Z-3-001/pdf/barrios-escala.pdf,,,,verified_pieces/pdf/xml/barrios-escala.musicxml,,0.0058309037900874635,0.95,4,1.7383040935672514,0.7741116751269036,0.5864661654135338,0.7397660818713451,4,0.0,1.151603498542274,395,90.0,5.981414211254481,5.243037974683545,10.0,0.38734177215189874,0.10126582278481013,3.0,0.11661807580174927,3.2,0.9,0.23391812865497075,8.5,1.3036198100985918,3.4047788224977094,2.474284559805685,0.005847953216374269,2.0,5.349999999999994,5.125,3.4615384615384617,12.0,7.097953216374269,64.0,5.169129340047707,True
1,Estilo Uruguayo,Agustin Barrios Mangore,7,6,X,Romantic,found,pdf,pdf-20260524T103936Z-3-001/pdf/Estilo Uruguayo by Agustin Barrios Mangore.pdf,,,,verified_pieces/pdf/xml/Estilo Uruguayo by Agustin Barrios Mangore.musicxml,,0.018072289156626505,1.0847457627118644,3,1.451560926485398,0.5088062622309197,0.2,0.4984894259818731,3,0.0,1.5421686746987953,512,94.0,6.240275845170769,3.669921875,8.0,0.189453125,0.150390625,2.0,0.3614457831325301,1.9583333333333333,0.6,0.18126888217522658,10.0,1.335277439880614,3.1401398136144647,2.437624519815456,0.1933534743202417,1.8571428571428572,6.999999999999989,4.6875,2.687220187220187,4.0,5.994566729007817,64.0,5.077751520551661,True
1,Estudio de Concierto,Agustin Barrios Mandore,8,4,XII,Romantic,found,pdf,pdf-20260524T103936Z-3-001/pdf/Estudio De Concierto by Agustin Barrios Mangore.pdf,,,,verified_pieces/pdf/xml/Estudio De Concierto by Agustin Barrios Mangore.musicxml,gaps_v1/musicxml/barrios-estudio-concierto2.xml,0.0,2.5,3,1.4649454240134339,0.78625,0.8409090909090909,1.0025188916876575,4,0.0,1.0075471698113208,801,120.0,6.687108607866515,4.119850187265918,7.0,0.16729088639200998,0.07240948813982521,2.9,0.0025157232704402514,3.5,1.0,0.13350125944584382,10.0,1.348438204131132,3.151883784050121,2.43724960823206,0.0025188916876574307,3.0,9.933333333333334,4.1875,3.0,3.0,5.814441645675902,40.0,4.0151506617854125,True
1,Estudio en Arpegio,Agustin Barrios Mandore,7,3,VIII,Romantic,found,pdf,pdf-20260524T103936Z-3-001/pdf/Estudio en Arpegio by Agustin Barrios Mangore.pdf,,,,verified_pieces/pdf/xml/Estudio en Arpegio by Agustin Barrios Mangore.musicxml,,0.0,1.1090909090909091,3,1.5420875420875422,0.6675977653631285,0.8978494623655914,0.9427609427609428,2,0.0,1.2046979865771812,359,120.0,5.886104031450156,4.111420612813371,8.0,0.17827298050139276,0.10584958217270195,3.0,0.1912751677852349,3.9649122807017543,0.43859649122807015,0.20202020202020202,19.0,1.894477289871487,2.986061518293362,2.430087525498059,0.016835016835016835,2.0,6.0,5.4375,4.209876543209877,12.0,5.897867564534231,76.0,5.653419309558275,True
1,Estudio en Sol Menor,Agustin Barrios Mangore,7,6,X,Romantic,found,pdf,pdf-20260524T103936Z-3-001/pdf/Estudio En Sol Menor by Agustin Barrios Mangore.pdf,,,,verified_pieces/pdf/xml/Estudio En Sol Menor by Agustin Barrios Mangore.musicxml,,0.0,0.0,0,1.927710843373494,0.8313253012048193,0.6385542168674698,1.036144578313253,5,0.0,1.0,167,80.0,5.123963979403259,3.2335329341317367,6.0,0.0718562874251497,0.16167664670658682,0.0,0.0,0.0,0.0,0.29518072289156627,9.0,1.5192193027612642,2.9077516304791895,2.486995517505981,0.03614457831325301,0.0,8.25,4.0,0.0,0.0,7.40562248995984,36.0,3.5531914893617023,True
1,Estudio Inconcluso,Agustin Barrios Mandore,7,3,X,Romantic,found,pdf,pdf-20260524T103936Z-3-001/pdf/Estudio Inconcluso by Augustin Barrios Mangore.pdf,,,,verified_pieces/pdf/xml/Estudio Inconcluso by Augustin Barrios Mangore.musicxml,,0.0,0.6052631578947368,4,1.4598765432098766,0.6363636363636364,0.42424242424242425,0.3991769547325103,2,0.0,1.1762295081967213,287,120.0,5.662960480135946,3.0696864111498257,7.0,0.15331010452961671,0.2682926829268293,2.0,0.1680327868852459,3.4878048780487805,0.7317073170731707,0.22633744855967078,6.5,1.3172975458356377,3.0670537860928992,2.1948197814492936,0.13168724279835392,1.4166666666666667,4.899999999999999,4.875,2.391891891891892,8.0,5.796296296296297,26.0,5.193505674653216,True
1,Etude,Mauro Giuliani,8,4,IV,Classical,found,pdf,pdf-20260524T103936Z-3-001/pdf/Etude in A Minor by Mauro Giuliani.pdf,,,,verified_pieces/pdf/xml/Etude in A Minor by Mauro Giuliani.musicxml,,0.0,0.4782608695652174,2,1.724737532808399,0.7304075235109718,0.564935064935065,0.7204724409448819,5,0.0,1.2549019607843137,320,120.0,5.771441123130016,1.459375,3.0,0.003125,0.390625,2.0,0.21176470588235294,3.111111111111111,0.5370370370370371,0.1968503937007874,20.0,1.8639009310830472,2.1705977903330873,2.5249904366262035,0.003937007874015748,1.5714285714285714,19.65,2.5625,0.7444444444444445,2.0,3.3279199475065617,38.0,2.941894706600589,True
1,Etude,Napoleon Coste,7,3,X,Romantic,found,pdf,pdf-20260524T103936Z-3-001/pdf/Study in A Minor by Napoleon Coste.pdf,,,,verified_pieces/pdf/xml/Study in A Minor by Napoleon Coste.musicxml,gaps_v1/musicxml/Etude 24 by Napoleon Coste.xml,0.0,0.22727272727272727,1,2.315104166666667,0.6521739130434783,0.32142857142857145,0.40625,4,0.0,1.4307692307692308,93,90.0,4.543294782270004,2.7311827956989245,8.0,0.20430107526881722,0.3548387096774194,1.0,0.36923076923076925,3.25,0.7083333333333334,0.375,8.0,1.7485403603940868,2.826818546399792,2.215643727729928,0.0,1.0,7.0,3.3125,0.38095238095238093,2.0,4.588541666666667,16.0,4.032167832167833,True
1,"Etude, Op. 38 no. 1",Napoleon Coste,7,5,VII,Romantic,found,pdf,pdf-20260524T103936Z-3-001/pdf/Opus 38 No 1 by Napoleon Coste.pdf,,,,verified_pieces/pdf/xml/Opus 38 No 1 by Napoleon Coste.musicxml,gaps_v1/musicxml/Opus 38 No 1 by Napoleon Coste.xml,0.007168458781362007,0.7288135593220338,3,1.9880095923261394,0.593952483801296,0.8918918918918919,1.7122302158273381,5,0.0,1.6630824372759856,464,85.0,6.142037405587356,2.125,5.0,0.04741379310344827,0.30603448275862066,2.0,0.46236559139784944,1.744186046511628,0.3178294573643411,0.32014388489208634,9.0,1.7608735260228643,2.730811959359009,2.457018639293887,0.0,1.3571428571428572,7.0,4.1875,1.5384615384615385,4.0,5.051558752997602,36.0,5.845986749212555,True
1,"Etude, Op. 38 no. 23",Napoleon Coste,9,4,XII,Romantic,found,pdf,pdf-20260524T103936Z-3-001/pdf/coste-opus38-no23.pdf,,,,verified_pieces/pdf/xml/coste-opus38-no23.musicxml,gaps_v1/musicxml/Opus 38 No 1 by Napoleon Coste.xml,0.0,0.5263157894736842,3,1.6496296296296296,0.6579520697167756,0.9918367346938776,1.2148148148148148,3,0.0,1.3594674556213018,919,150.0,6.824373670043086,2.437431991294886,5.0,0.06964091403699674,0.31229597388465724,2.0,0.32840236686390534,2.5720720720720722,0.3918918918918919,0.24444444444444444,10.0,1.3221435810206164,2.7885318263079535,2.345755970133946,0.005925925925925926,2.0,8.833333333333332,5.75,1.999198717948718,8.0,6.561234567901234,40.0,7.0485223792156635,True
1,"Etude, Op. 38 no. 7???",Napoleon Coste,7,4,X,Romantic,found,pdf,pdf-20260524T103936Z-3-001/pdf/coste-opus38-7.pdf,,,,verified_pieces/pdf/xml/coste-opus38-7.musicxml,gaps_v1/musicxml/Opus 38 No 1 by Napoleon Coste.xml,0.0,0.6407766990291263,3,1.7327044025157234,0.6345679012345679,0.6352941176470588,0.690566037735849,3,0.0,1.5263157894736843,406,60.0,6.008813185442595,2.0591133004926108,5.0,0.029556650246305417,0.2955665024630542,2.0,0.40225563909774437,2.878504672897196,0.5607476635514018,0.2339622641509434,7.0,1.1414570218575526,2.6175712422279585,2.492685412612845,0.007547169811320755,1.32,4.083333333333329,6.375,2.450980392156863,8.0,6.834067085953879,28.0,8.606725146198832,True
1,"Etude, Op. 48 no. 2",Mauro Giuliani,7,3,XI,Classical,found,pdf,pdf-20260524T103936Z-3-001/pdf/Opus 48 No 2 by Mauro Giuliani.pdf,,,,verified_pieces/pdf/xml/Opus 48 No 2 by Mauro Giuliani.musicxml,,0.0,0.0,0,7.590277777777778,0.8888888888888888,1.0,1.7916666666666667,4,0.0,1.0,145,120.0,4.983606621708336,7.441379310344828,13.0,0.6827586206896552,0.31724137931034485,0.0,0.0,0.0,0.0,0.6875,15.0,5.216710855037083,2.5811419498078747,2.011189793554647,0.0,0.0,15.0,4.0,0.0,0.0,30.36111111111111,60.0,4.027777777777778,True
1,"Etude, Op. 6 no. 11",Fernando Sor,7,3,V,Classical,found,gaps,,,,Tf1wc,datasets/gaps_v1/readable_musicxml/Fernando Sor - Opus 6 No 11 in E minor.xml,,0.0,0.47738693467336685,4,1.241745283018868,0.6579194001874414,0.9645390070921985,1.1686320754716981,5,0.0,1.2579505300353357,1068,100.0,6.974478911025045,2.1282771535580522,4.0,0.017790262172284643,0.21722846441947566,2.0,0.25206124852767964,2.3411214953271027,0.40186915887850466,0.09551886792452831,8.0,1.0528164254442924,2.5273545053073962,2.328711456781906,0.01061320754716981,1.5,5.050000000000001,3.375,1.3668341708542713,4.0,3.8307783018867925,28.0,3.90549757580738,True
1,"Etude, Op. 60 no. 10",Matteo Carcassi,4,3,X,Classical,found,pdf,pdf-20260524T103936Z-3-001/pdf/Opus 60 No 10 in D by Matteo Carcassi.pdf,,,,verified_pieces/pdf/xml/Opus 60 No 10 in D by Matteo Carcassi.musicxml,gaps_v1/musicxml/Opus 60 No 7 in A Minor by Matteo Carcassi.xml,0.0,1.2347826086956522,2,1.6786324786324784,0.5042735042735043,0.0,0.005128205128205128,1,0.0,1.7959183673469388,352,120.0,5.8664680569332965,5.389204545454546,9.900000000000034,0.4375,0.13352272727272727,2.0,0.5867346938775511,1.9652173913043478,0.30434782608695654,0.2,6.833333333333333,1.2677792500082206,3.160623409679228,1.8636150011189376,0.08205128205128205,,,,,,,,,False
1,"Etude, Op. 60 no. 19",Matteo Carcassi,7,2,VII,Classical,found,pdf,pdf-20260524T103936Z-3-001/pdf/carcassi-op60-19.pdf,,,,verified_pieces/pdf/xml/carcassi-op60-19.musicxml,gaps_v1/musicxml/Opus 60 No 7 in A Minor by Matteo Carcassi.xml,0.0,0.22580645161290322,2,1.1346153846153846,0.6299559471365639,0.9971098265895953,1.0048076923076923,2,0.0,1.091127098321343,455,105.0,6.1224928095143865,1.3296703296703296,3.0,0.04835164835164835,0.4857142857142857,1.0,0.08633093525179857,4.444444444444445,0.5277777777777778,0.11057692307692307,9.0,1.2113858267710478,2.173434098814816,2.0709197628213194,0.0,1.0,8.0,4.5,0.9032258064516129,4.0,4.466346153846154,32.0,4.728217426059153,True
1,"Etude, Op. 60 no. 25",Matteo Carcassi,11,4,XII,Classical,found,pdf,pdf-20260524T103936Z-3-001/pdf/Opus 60 No 25 in A by Matteo Carcassi.pdf,,,,verified_pieces/pdf/xml/Opus 60 No 25 in A by Matteo Carcassi.musicxml,gaps_v1/musicxml/Opus 60 No 7 in A Minor by Matteo Carcassi.xml,0.0,0.7741935483870968,3,3.0208071936428267,0.7676886792452831,0.721399730820996,0.9473023839397742,5,0.0,1.0639097744360901,849,120.0,6.745236349484363,3.4381625441696113,9.0,0.19316843345111898,0.3121319199057715,2.0,0.03884711779448621,3.6451612903225805,0.4838709677419355,0.3186951066499373,22.0,4.343200201048333,3.092108053529159,2.267807349300594,0.03513174404015056,3.0,22.0,4.8125,2.2634920634920634,8.0,10.644134253450439,88.0,4.027912590841653,True
1,"Etude, Op. 60 no. 5",Matteo Carcassi,8,4,VII,Classical,found,pdf,pdf-20260524T103936Z-3-001/pdf/Opus 60 No 5 in G by Matteo Carcassi.pdf,,,,verified_pieces/pdf/xml/Opus 60 No 5 in G by Matteo Carcassi.musicxml,gaps_v1/musicxml/Opus 60 No 7 in A Minor by Matteo Carcassi.xml,0.0,1.0227272727272727,3,4.486166007905139,0.5882352941176471,0.7386363636363636,0.9565217391304348,4,0.0,1.3425196850393701,341,120.0,5.834810737062605,4.331378299120234,10.0,0.20527859237536658,0.2756598240469208,3.0,0.17716535433070865,2.8222222222222224,0.5777777777777777,0.39920948616600793,22.0,6.722066887229341,2.9997255135445045,2.307250666086856,0.11067193675889328,2.6666666666666665,22.0,5.5625,3.6124031007751936,11.200000000000017,13.819499341238473,88.0,5.449990626171728,True
1,"Etude, Op. 60 no. 8",Matteo Carcassi,6,3,VII,Classical,found,pdf,pdf-20260524T103936Z-3-001/pdf/carcassi-op60-8.pdf,,,,verified_pieces/pdf/xml/carcassi-op60-8.musicxml,gaps_v1/musicxml/Opus 60 No 7 in A Minor by Matteo Carcassi.xml,0.0,0.0,0,1.5714285714285714,0.8351648351648352,0.8021978021978022,1.2307692307692308,5,0.0,1.0,183,80.0,5.214935757608986,2.300546448087432,4.0,0.03825136612021858,0.21311475409836064,0.0,0.0,0.0,0.0,0.10989010989010989,4.0,1.039260696047199,2.5381323368165427,2.191451245471825,0.0,0.0,4.0,4.0,0.0,0.0,6.285714285714286,16.0,3.9567567567567568,True
1,"Etude, Op. 60 no. 9",Matteo Carcassi,3,2,IV,Classical,found,pdf,pdf-20260524T103936Z-3-001/pdf/Opus 60 No 9 in A by Matteo Carcassi.pdf,,,,verified_pieces/pdf/xml/Opus 60 No 9 in A by Matteo Carcassi.musicxml,gaps_v1/musicxml/Opus 60 No 7 in A Minor by Matteo Carcassi.xml,0.0,0.6981132075471698,3,2.3533988533988537,0.7597535934291582,0.2895622895622896,0.3931203931203931,5,0.0,1.196078431372549,488,120.0,6.192362489474872,4.549180327868853,10.0,0.3237704918032787,0.22745901639344263,2.0,0.15196078431372548,3.064516129032258,0.5645161290322581,0.28992628992628994,12.0,2.3882775862903696,3.430959965997675,2.1760476048617625,0.05896805896805897,3.0,10.849999999999987,4.1875,1.7637362637362637,4.0,7.587837837837838,46.0,4.169187675070028,True
1,Etude; Op. 10 no. 3,Frederic Chopin,16,8,X,Romantic,found,pdf,pdf-20260524T103936Z-3-001/pdf/Opus 10 No 3 by Frederic Chopin.pdf,,,,verified_pieces/pdf/xml/Opus 10 No 3 by Frederic Chopin.musicxml,,0.02040816326530612,0.6060606060606061,3,1.711167945439045,0.6150870406189555,0.5846153846153846,0.731457800511509,4,0.0,1.3214285714285714,518,30.0,6.251903883165888,2.9208494208494207,7.0,0.11003861003861004,0.23166023166023167,2.0,0.17091836734693877,3.283582089552239,0.47761194029850745,0.1918158567774936,20.0,1.997973973786276,2.8231168626865943,2.4570451448989,0.058823529411764705,2.0,11.0,5.875,2.246153846153846,4.0,6.5116794543904515,80.0,6.581730769230769,True
1,Exercise 8,Dionisio Aguado,3,2,II,Classical,found,pdf,pdf-20260524T103936Z-3-001/pdf/Study No 8 by Dionisio Aguado.pdf,,,,verified_pieces/pdf/xml/Study No 8 by Dionisio Aguado.musicxml,,0.0,0.0,0,1.7634730538922156,0.7634730538922155,0.9341317365269461,1.062874251497006,4,0.0,1.0,335,120.0,5.817111159963204,3.6686567164179102,7.0,0.17313432835820897,0.20597014925373133,0.0,0.0,0.0,0.0,0.0688622754491018,22.0,3.2298729008833664,2.9544052773480476,2.191540594189839,0.041916167664670656,0.0,22.0,4.0,0.0,0.0,6.145708582834331,88.0,3.681318681318681,True
1,Exercise no. 10,Dionisio Aguado,2,2,III,Classical,found,pdf,pdf-20260524T103936Z-3-001/pdf/Etude No 10 Metodo Primera by Dionisio Aguado.pdf,,,,verified_pieces/pdf/xml/Etude No 10 Metodo Primera by Dionisio Aguado.musicxml,,0.0,0.0,0,4.677966101694915,0.864406779661017,0.864406779661017,1.5932203389830508,5,0.0,1.0,178,90.0,5.187385805840755,3.230337078651685,11.0,0.10674157303370786,0.39325842696629215,0.0,0.0,0.0,0.0,0.327683615819209,22.0,6.912955195542213,2.4288757656445923,2.360922238737624,0.02824858757062147,0.0,21.0,3.5,0.0,0.0,13.693032015065915,88.0,3.1785714285714284,True
1,Fabiniana,Agustin Barrios Mandore,8,6,XII,Romantic,found,pdf,pdf-20260524T103936Z-3-001/pdf/barrios-fabiniana.pdf,,,,verified_pieces/pdf/xml/barrios-fabiniana.musicxml,,0.002583979328165375,2.0,5,1.4917962003454233,0.42813455657492355,0.36477987421383645,0.43005181347150256,4,0.0,1.6925064599483204,655,115.0,6.486160788944089,5.433587786259542,10.0,0.39236641221374047,0.0900763358778626,3.0,0.3643410852713178,2.851063829787234,0.4326241134751773,0.19689119170984457,13.5,1.9141506495533034,3.4070856138845764,2.428277951389378,0.22279792746113988,2.6842105263157894,10.0,6.8125,8.528186274509805,22.0,5.608160621761658,216.0,7.512692799770605,True
1,Fantasia,Anonymous,4,3,V,Renaissance,found,pdf,pdf-20260524T103936Z-3-001/pdf/Fantasia by Anonymous.pdf,,,,verified_pieces/pdf/xml/Fantasia by Anonymous.musicxml,,0.0,0.8387096774193549,3,1.7836538461538463,0.46226415094339623,0.4,0.4230769230769231,3,0.0,2.0285714285714285,213,120.0,5.365976015021851,2.0093896713615025,4.0,0.046948356807511735,0.3568075117370892,2.0,0.6476190476190476,2.4411764705882355,0.6764705882352942,0.3173076923076923,7.0,1.3795824587604015,2.3374708234752903,2.524532040364426,0.038461538461538464,1.8,5.9499999999999975,1.5,0.4262295081967213,1.0,0.9815705128205128,3.5,2.204518950437318,True
1,Fantasia,Alonso de Mudarra,9,6,VIII,Renaissance,found,pdf,pdf-20260524T103936Z-3-001/pdf/Fantasia by Alonso Mudarra.pdf,,,,verified_pieces/pdf/xml/Fantasia by Alonso Mudarra.musicxml,,0.006535947712418301,0.8409090909090909,3,2.5946142649199415,0.7457943925233644,0.6775956284153005,0.9978165938864629,5,0.0,1.167755991285403,536,130.0,6.285998094508865,2.792910447761194,7.0,0.1044776119402985,0.2891791044776119,3.0,0.10457516339869281,3.0,0.6041666666666666,0.40611353711790393,11.0,2.153947406857761,2.7083905950570326,2.316092056238162,0.03056768558951965,2.0,11.0,3.125,1.3953488372093024,6.0,4.977711062590975,22.0,2.1145851734087024,True
1,Fantasia,William Byrd,8,4,III,Renaissance,found,pdf,pdf-20260524T103936Z-3-001/pdf/Fantasia by William Byrd.pdf,,,,verified_pieces/pdf/xml/Fantasia by William Byrd.musicxml,,0.0,0.8557692307692307,4,1.4449815837937383,0.6096654275092936,0.3387096774193548,0.4116022099447514,4,0.0,1.4848484848484849,539,76.0,6.29156913955832,1.7031539888682745,3.0,0.0,0.300556586270872,2.0,0.30303030303030304,2.7363636363636363,0.4727272727272727,0.17679558011049723,6.0,1.0329442101198312,2.2530316127871908,2.220627772380724,0.06906077348066299,3.0,4.349999999999998,4.6875,1.6019417475728153,4.0,4.586172498465316,24.0,5.335555555555556,True
1,Fantasia (que contrahaze la harpa en la manera de Luduvico),Alonso Mudarra,9,6,III,Renaissance,found,dada_gp,,"datasets/DadaGP-v1.1/M/Mudarra, Alonso/Mudarra, Alonso - Fantasdega Que Contrahaze El Harpa En La Manera De Ludovico.gp3.tokens.txt","datasets/DadaGP-v1.1/M/Mudarra, Alonso/Mudarra, Alonso - Fantasdega Que Contrahaze El Harpa En La Manera De Ludovico.gp3",,"verified_pieces/dada/xml/Mudarra, Alonso - Fantasdega Que Contrahaze El Harpa En La Manera De Ludovico.musicxml",,0.0039603960396039604,1.4146341463414633,3,1.6860119047619047,0.7743589743589744,0.38967136150234744,0.6686507936507936,5,0.020477815699658702,1.1603960396039603,586,140.0,6.375024819828097,3.7525597269624575,8.0,0.15187713310580206,0.1296928327645051,3.0,0.08118811881188119,3.268292682926829,0.5365853658536586,0.2261904761904762,8.0,1.169661684320114,2.8695674989262883,1.9702916205324736,0.051587301587301584,2.5,6.0,3.125,2.504166666666667,6.0,3.128102590319842,17.996400719856933,2.0237859500235738,True
1,Fantasia in Am,George Philip Telemann,6,4,V,Baroque,found,pdf,pdf-20260524T103936Z-3-001/pdf/Fantasia by Georg Philipp Telemann.pdf,,,,verified_pieces/pdf/xml/Fantasia by Georg Philipp Telemann.musicxml,,0.010582010582010581,0.6811594202898551,4,1.6687279151943464,0.607773851590106,0.37383177570093457,0.43286219081272087,4,0.0,1.4991181657848325,850,168.0,6.7464121285733745,2.8905882352941177,7.0,0.13176470588235295,0.23294117647058823,2.0,0.37389770723104054,3.297169811320755,0.49056603773584906,0.2332155477031802,9.0,1.478105712467875,2.9054775702860365,2.5266826821757715,0.030035335689045935,2.0,7.5,3.0,1.0805016181229774,4.0,2.7978504122497054,16.0,3.1776818975488967,True
1,Feste lariane,Luigi Mozzani,10,4,X,Romantic,found,pdf,pdf-20260524T103936Z-3-001/pdf/Feste Lariane by Luigi Mozzani.pdf,,,,verified_pieces/pdf/xml/Feste Lariane by Luigi Mozzani.musicxml,,0.0036968576709796672,0.68,3,1.288467468393463,0.49049128367670364,0.6403607666290868,1.024976873265495,5,0.0,1.16728280961183,1263,110.0,7.142036574706803,2.7695961995249405,6.0,0.09263657957244656,0.25336500395882816,2.0,0.12939001848428835,2.5142857142857142,0.2642857142857143,0.21091581868640147,12.0,1.7597588069635448,2.9365605997194235,2.060578237700798,0.2895467160037003,,,,,,,,,False
1,Forlorne Hope,John Dowland,18,10,IV,Renaissance,found,pdf,pdf-20260524T103936Z-3-001/pdf/Forlorn Hope Fancy Chromatic Fantasia by John Dowland.pdf,,,,verified_pieces/pdf/xml/Forlorn Hope Fancy Chromatic Fantasia by John Dowland.musicxml,,0.006493506493506494,1.2269938650306749,4,1.8020245842371656,0.6182572614107884,0.5136612021857924,0.4945770065075922,5,0.0,1.567099567099567,724,52.0,6.586171654854675,2.1726519337016574,4.0,0.019337016574585635,0.23756906077348067,3.0,0.36147186147186144,2.5748502994011977,0.7485029940119761,0.25162689804772237,22.0,1.7414327698616556,2.5838486382444756,2.4859346128510125,0.008676789587852495,,,,,,,,,False
1,Four Easy Studies: No. 1 in C,Dionisio Aguado,3,1,III,Classical,found,pdf,pdf-20260524T103936Z-3-001/pdf/Etude No 1 Metodo Primera by Dionisio Aguado.pdf,,,,verified_pieces/pdf/xml/Etude No 1 Metodo Primera by Dionisio Aguado.musicxml,,0.0,1.2857142857142858,2,6.206666666666667,0.610062893081761,0.8142857142857143,0.96,3,0.0,1.0596026490066226,160,95.0,5.081404364984463,4.4125,22.0,0.16875,0.4375,2.0,0.046357615894039736,1.5714285714285714,0.5714285714285714,0.35333333333333333,22.0,8.665292198702181,2.3306475772528192,1.796094737678377,0.09333333333333334,2.0,22.0,3.125,2.020408163265306,4.400000000000002,17.39,88.0,3.0274361400189216,True
1,Four Easy Studies: No. 2 in E,Dionisio Aguado,2,2,II,Classical,found,pdf,pdf-20260524T103936Z-3-001/pdf/Etude No 2 Metodo Primera by Dionisio Aguado.pdf,,,,verified_pieces/pdf/xml/Etude No 2 Metodo Primera by Dionisio Aguado.musicxml,,0.0,0.9333333333333333,2,4.62962962962963,0.596244131455399,0.8688524590163934,0.9281045751633987,3,0.0,1.3896103896103895,214,95.0,5.3706380281276624,2.967289719626168,11.0,0.10747663551401869,0.411214953271028,2.0,0.19480519480519481,2.8333333333333335,0.5,0.27450980392156865,22.0,7.539733101648188,2.1575665994658473,2.038836022482197,0.09803921568627451,1.2,22.0,3.25,0.9333333333333333,2.0,13.028322440087146,88.0,4.115939423897902,True
1,Four Easy Studies: No. 3 in A,Dionisio Aguado,2,1,I,Classical,found,pdf,pdf-20260524T103936Z-3-001/pdf/Etude No 3 Metodo Primera by Dionisio Aguado.pdf,,,,verified_pieces/pdf/xml/Etude No 3 Metodo Primera by Dionisio Aguado.musicxml,,0.0,0.7777777777777778,2,2.2742316784869976,0.3629032258064516,0.47619047619047616,0.7304964539007093,4,0.0,1.3180212014134276,373,90.0,5.924255797414532,3.517426273458445,5.0,0.08310991957104558,0.289544235924933,2.0,0.15901060070671377,2.8666666666666667,0.4888888888888889,0.22340425531914893,22.0,5.137477018436364,2.6113991968472714,2.189652419968936,0.42907801418439717,1.1111111111111112,20.450000000000003,5.6875,1.5555555555555556,4.0,22.483451536643027,352.0,6.834014361455548,True
1,Four Easy Studies: No. 4 in E,Dionisio Aguado,2,2,IV,Classical,found,pdf,pdf-20260524T103936Z-3-001/pdf/Etude No 4 Metodo Primera by Dionisio Aguado.pdf,,,,verified_pieces/pdf/xml/Etude No 4 Metodo Primera by Dionisio Aguado.musicxml,,0.0,0.5,3,1.619565217391304,0.5751633986928104,0.0,0.45652173913043476,1,0.0,1.6559139784946237,154,88.0,5.043425116919247,2.0324675324675323,4.0,0.012987012987012988,0.2662337662337662,2.0,0.5376344086021505,2.4,0.52,0.2608695652173913,6.666666666666667,1.2910707103331038,2.2919093819056884,2.3467007922858953,0.0,0.75,6.666666666666667,3.125,1.0204081632653061,4.0,3.0434782608695654,13.333333333333334,5.204301075268817,True
1,"Fuge in A Minor, BWV 1000",J.S. Bach,17,7,XII,Baroque,found,pdf,pdf-20260524T103936Z-3-001/pdf/Bwv 1000 Fugue In A Minor by Johann Sebastian Bach.pdf,,,,verified_pieces/pdf/xml/Bwv 1000 Fugue In A Minor by Johann Sebastian Bach.musicxml,,0.0016849199663016006,1.3633633633633633,4,2.2080944350758855,0.6019585253456221,0.59472049689441,0.7495784148397976,5,0.0,1.4633529907329401,1737,70.0,7.460490305825338,4.65572826712723,9.0,0.333909038572251,0.16407599309153714,3.0,0.2847514743049705,2.6508875739644973,0.665680473372781,0.29595278246205736,14.0,2.4340834206397024,3.4723515665895803,2.3930212502296695,0.03288364249578415,2.8,14.0,6.0,3.299196787148594,6.0,7.952960464680532,60.8,6.387546147078667,True
1,Fugue in C,Johann Pachelbel,7,4,VII,Baroque,found,pdf,pdf-20260524T103936Z-3-001/pdf/Fugue in C Major by Johann Pachelbel.pdf,,,,verified_pieces/pdf/xml/Fugue in C Major by Johann Pachelbel.musicxml,,0.0,1.1833333333333333,4,1.3017031630170317,0.47368421052631576,0.3333333333333333,0.32116788321167883,5,0.0,1.7971014492753623,248,110.0,5.517452896464707,2.0,4.300000000000011,0.04435483870967742,0.29435483870967744,2.0,0.47101449275362317,2.7384615384615385,0.5538461538461539,0.1897810218978102,6.0,1.132857859097705,2.561252809446465,2.452016180855108,0.12408759124087591,2.125,4.224999999999998,5.8125,3.457627118644068,8.0,4.035279805352799,16.0,8.570791527313267,True
1,"Fugue, BWV 1000",J.S. Bach,15,6,XII,Baroque,found,dada_gp,,"datasets/DadaGP-v1.1/B/Bach, Johann Sebastian/Bach, Johann Sebastian - Fugue (G-Moll) BWV 1000.gp4.tokens.txt","datasets/DadaGP-v1.1/B/Bach, Johann Sebastian/Bach, Johann Sebastian - Fugue (G-Moll) BWV 1000.gp4",,"verified_pieces/dada/xml/Bach, Johann Sebastian - Fugue (G-Moll) BWV 1000.musicxml",,0.0034453057708871662,1.8785310734463276,14,2.0778448275862065,0.6191860465116279,0.5664,0.5137931034482759,5,0.0894828588030215,1.4823428079242034,1721,90.0,7.451241684987676,3.864032539221383,8.0,0.2283556072051133,0.17664148750726322,4.0,0.30921619293712316,2.4930362116991645,0.6545961002785515,0.3137931034482759,12.0,1.8077271484807855,3.3761097974049625,2.2631435399910584,0.028448275862068967,6.666666666666667,10.199999999999996,6.0625,4.3890462700661,8.0,7.726532567049808,64.0,6.6870562842399845,True
1,Gavota al Estilo Antiguo,Agustin Barrios Mandore,6,5,X,Romantic,found,pdf,pdf-20260524T103936Z-3-001/pdf/Gavota al Estilo Antiguo by Agustin Barrios Mangore.pdf,,,,verified_pieces/pdf/xml/Gavota al Estilo Antiguo by Agustin Barrios Mangore.musicxml,,0.0064516129032258064,1.1676300578034682,3,1.6709816612729236,0.4704861111111111,0.4230769230769231,0.2621359223300971,2,0.0,1.8612903225806452,577,120.0,6.359573868672378,4.351819757365685,9.0,0.28596187175043325,0.1317157712305026,2.0,0.5709677419354838,2.406779661016949,0.4632768361581921,0.23624595469255663,8.0,1.5542969426720048,3.3310330180526377,2.361498147843085,0.11003236245954692,1.7,6.875,3.3125,1.5365448504983388,3.9000000000000057,2.493360558894539,20.0,4.3924929085032,True
1,Gavotte,Lodovico Roncalli,7,4,VIII,Baroque,found,pdf,pdf-20260524T103936Z-3-001/pdf/Gavotte by Lodovico Roncalli.pdf,,,,verified_pieces/pdf/xml/Gavotte by Lodovico Roncalli.musicxml,,0.0,0.7714285714285715,3,1.4829545454545454,0.477124183006536,0.4074074074074074,0.3068181818181818,1,0.0,1.7303370786516854,154,120.0,5.043425116919247,3.0779220779220777,6.700000000000017,0.1038961038961039,0.23376623376623376,2.0,0.42696629213483145,3.210526315789474,0.7105263157894737,0.22727272727272727,6.5,1.2071022392969464,2.8038015023143887,2.3691244863591097,0.07954545454545454,2.0,4.599999999999999,3.375,1.1344537815126048,2.6666666666666665,3.547619047619048,16.0,4.758426966292135,True
1,"Gavotte 1 (from Suite #6 for Violoncello, BWV 1012)",J.S. Bach,6,3,III,Baroque,found,pdf,pdf-20260524T103936Z-3-001/pdf/BWV1012 Gavotte 1 by Johann Sebastian Bach.pdf,,,,verified_pieces/pdf/xml/BWV1012 Gavotte 1 by Johann Sebastian Bach.musicxml,,0.0,0.9672131147540983,2,1.5735815602836878,0.5681818181818182,0.5308641975308642,0.5053191489361702,5,0.0,1.6349206349206349,309,120.0,5.736572297479192,1.4627831715210355,3.0,0.0,0.36893203883495146,2.0,0.3386243386243386,3.15625,0.578125,0.18085106382978725,6.0,0.9690738235548519,2.0644492021363705,2.3550396807881127,0.0425531914893617,2.0,4.649999999999997,3.1875,1.45,4.0,2.875,12.0,4.317867317867318,True
1,"Gavotte 2 (from Suite #6 for Violoncello, BWV 1012)",J.S. Bach,5,2,III,Baroque,found,pdf,pdf-20260524T103936Z-3-001/pdf/BWV1012 Gavotte 2 by Johann Sebastian Bach.pdf,,,,verified_pieces/pdf/xml/BWV1012 Gavotte 2 by Johann Sebastian Bach.musicxml,,0.0,1.1363636363636365,19,1.6290322580645162,0.5450980392156862,0.46153846153846156,0.6838709677419355,2,0.0,1.641025641025641,256,140.0,5.54907608489522,1.4296875,3.0,0.00390625,0.41796875,2.0,0.4935897435897436,2.5324675324675323,0.19480519480519481,0.21935483870967742,5.25,0.9855221469785567,1.845195435444855,2.2536467178532784,0.06451612903225806,3.0,4.662499999999999,2.875,1.7472527472527473,4.0,2.9629032258064516,10.5,4.039447731755424,True
1,Gigue,Lodovico Roncalli,7,3,VII,Baroque,found,pdf,pdf-20260524T103936Z-3-001/pdf/Gigue by Lodovico Roncalli.pdf,,,,verified_pieces/pdf/xml/Gigue by Lodovico Roncalli.musicxml,,0.0,0.6666666666666666,2,1.8379953379953382,0.5943396226415094,0.43333333333333335,0.46153846153846156,3,0.0,1.4791666666666667,213,176.0,5.365976015021851,3.596244131455399,7.0,0.19718309859154928,0.20187793427230047,1.6000000000000014,0.3194444444444444,2.239130434782609,0.6739130434782609,0.20279720279720279,10.0,1.5953803812799088,2.996271174592514,2.222500928331674,0.03496503496503497,2.0,7.375,4.0625,1.1439393939393938,2.0,5.430846930846931,80.0,5.000992063492064,True
1,Gigue,Johann Anton Losy von Losinthal,1,2,II,Baroque,found,pdf,pdf-20260524T103936Z-3-001/pdf/Gigue in A Minor by Johann Anton Logy.pdf,,,,verified_pieces/pdf/xml/Gigue in A Minor by Johann Anton Logy.musicxml,,0.0,0.6206896551724138,2,2.084507042253521,0.6898395721925134,0.9222222222222223,1.2605633802816902,4,0.0,1.3146853146853146,188,110.0,5.241747015059643,2.026595744680851,5.0,0.0425531914893617,0.32978723404255317,2.0,0.21678321678321677,2.967741935483871,0.6774193548387096,0.2676056338028169,21.0,2.789234732107622,2.6044646361839345,2.404498873088913,0.0,1.5,13.999999999999968,2.875,1.0357142857142858,4.0,3.9166666666666674,42.0,3.209881028062846,True
1,"Gigue (from Suite #1 for Violoncello, BWV 1007)",J.S. Bach,6,3,V,Baroque,found,pdf,pdf-20260524T103936Z-3-001/pdf/BWV 1007 Gigue by Johann Sebastian Bach.pdf,,,,verified_pieces/pdf/xml/BWV 1007 Gigue by Johann Sebastian Bach.musicxml,,0.0,0.5645161290322581,3,2.4454545454545453,0.7342657342657343,0.6310679611650486,0.8681818181818182,4,0.0,1.2986425339366516,287,100.0,5.662960480135946,2.5609756097560976,5.0,0.0627177700348432,0.2857142857142857,2.0,0.2986425339366516,2.909090909090909,0.696969696969697,0.32272727272727275,22.0,3.4465697403660083,2.766800710638632,2.4548695352951597,0.0,,,,,,,,,False
1,Gnossienne No. 1 (from Trois Snossiennes),Erik Satie,6,4,II,Modern,found,pdf,pdf-20260524T103936Z-3-001/pdf/Gnossienne 1 by Erik Satie.pdf,,,,verified_pieces/pdf/xml/Gnossienne 1 by Erik Satie.musicxml,,0.0,1.0461538461538462,3,2.851581508515815,0.4985507246376812,0.07692307692307693,0.8345498783454988,4,0.0,1.6771844660194175,691,70.0,6.539585955617669,3.0593342981186686,10.0,0.18523878437047755,0.4934876989869754,3.0,0.5218446601941747,2.2465116279069766,0.07441860465116279,0.3795620437956204,14.0,3.2126371791436727,2.5398284111702223,2.141512004072209,0.0413625304136253,2.0,12.299999999999997,2.5,1.4974358974358974,4.0,5.459042984590431,40.0,3.610387744608777,True
1,Gnossienne No. 2,Erik Satie,7,4,IX,Modern,found,pdf,pdf-20260524T103936Z-3-001/pdf/Gnossienne 2 by Eric Satie.pdf,,,,verified_pieces/pdf/xml/Gnossienne 2 by Eric Satie.musicxml,,0.020942408376963352,1.088,4,0.9431321084864392,0.3105263157894737,0.1407035175879397,0.35170603674540685,4,0.0,1.4947643979057592,571,90.0,6.349138991379798,4.474605954465849,8.0,0.23117338003502627,0.06654991243432574,3.0,0.34293193717277487,2.236641221374046,0.22137404580152673,0.12335958005249344,12.0,1.430593707361524,3.407256745036841,2.304477463739595,0.5039370078740157,2.0,4.399999999999999,5.875,8.903225806451612,43.200000000000045,11.908792650918635,192.0,6.9040280784969745,True
1,Go From My Window,Anonymous,9,4,IV,Renaissance,found,pdf,pdf-20260524T103936Z-3-001/pdf/Go From My Window by Anonymous.pdf,,,,verified_pieces/pdf/xml/Go From My Window by Anonymous.musicxml,,0.002840909090909091,0.3472222222222222,2,1.745489078822412,0.6558704453441295,0.4083769633507853,0.48717948717948717,5,0.0,1.40625,495,100.0,6.206575926724928,1.5232323232323233,3.0,0.00404040404040404,0.4080808080808081,1.0,0.2471590909090909,3.206896551724138,0.3563218390804598,0.245014245014245,7.0,1.1106656114539408,1.9447692124809735,2.2797947441644757,0.008547008547008548,,,,,,,,,False
1,"Grand Solo, Op. 14",Fernando Sor,15,6,X,Classical,found,pdf,pdf-20260524T103936Z-3-001/pdf/Opus 14 Gran Solo by Fernando Sor.pdf,,,,verified_pieces/pdf/xml/Opus 14 Gran Solo by Fernando Sor.musicxml,,0.00796812749003984,1.3678804855275444,22,1.7610869565217393,0.3974947807933194,0.3235294117647059,0.44565217391304346,4,0.0,1.7352408547627671,4791,60.0,8.474703139795285,3.944270507201002,8.0,0.2650803590064705,0.2563139219369651,3.0,0.4009416877942774,2.5356820234869017,0.18518518518518517,0.2797101449275362,19.0,2.1196951560154456,3.2319916747863746,2.458545656496357,0.27355072463768115,5.25,18.39999999999999,10.6875,3.873787271918113,8.0,5.6954478663446055,104.0,7.009729287663085,True
1,"Grand Sonata, Op. 22: iii. Minuet and Trio",Fernando Sor,7,3,V,Classical,found,dada_gp,,"datasets/DadaGP-v1.1/S/Sor, Fernando/Sor, Fernando - Grand Sonata.gp4.tokens.txt","datasets/DadaGP-v1.1/S/Sor, Fernando/Sor, Fernando - Grand Sonata.gp4",,"verified_pieces/dada/xml/Sor, Fernando - Grand Sonata.musicxml",,0.015424164524421594,1.3070866141732282,3,1.2306701030927836,0.3439829605963791,0.08,0.12886597938144329,1,0.125531914893617,2.416452442159383,940,152.0,6.846943139585379,2.3872340425531915,5.0,0.029787234042553193,0.23404255319148937,2.0,0.6529562982005142,3.0078740157480315,0.24015748031496062,0.14690721649484537,5.5,1.069391551742829,2.5407793766678406,2.4835002347637203,0.1134020618556701,2.0,4.299999999999999,5.0625,1.4229249011857708,2.8000000000000114,2.2274505175263504,12.0,7.054240048539813,True
1,Grand Vals,Francisco Tarrega,11,7,X,Romantic,found,dada_gp,,"datasets/DadaGP-v1.1/T/Tarrega, Francisco/Tarrega, Francisco - Gran Vals en La (Grand Waltz in A).gp3.tokens.txt","datasets/DadaGP-v1.1/T/Tarrega, Francisco/Tarrega, Francisco - Gran Vals en La (Grand Waltz in A).gp3",,"verified_pieces/dada/xml/Tarrega, Francisco - Gran Vals en La (Grand Waltz in A).musicxml",,0.013986013986013986,1.5193370165745856,4,1.9134502923976608,0.33641975308641975,0.375,0.3824561403508772,5,0.05546995377503852,2.269230769230769,649,150.0,6.476972362889683,5.269645608628659,10.0,0.41602465331278893,0.14175654853620956,3.0,0.6328671328671329,3.3370165745856353,0.5193370165745856,0.3087719298245614,14.0,2.3340045788804287,3.373925870325151,2.4984359485889773,0.14736842105263157,2.7,11.699999999999996,3.5,1.701657458563536,3.0,3.108284600389864,28.0,6.110916054899458,True
1,"Grazioso, Op. 50 no. 23",Mauro Giuliani,5,3,V,Classical,found,pdf,pdf-20260524T103936Z-3-001/pdf/Opus 50 No 23 (Etude) by Mauro Giuliani.pdf,,,,verified_pieces/pdf/xml/Opus 50 No 23 (Etude) by Mauro Giuliani.musicxml,,0.0058823529411764705,0.6304347826086957,2,1.4059171597633136,0.5129151291512916,0.7888888888888889,0.9289940828402367,5,0.0,1.6,272,82.0,5.60947179518496,1.2022058823529411,3.0,0.025735294117647058,0.45955882352941174,1.5,0.3058823529411765,3.019230769230769,0.7692307692307693,0.14792899408284024,9.0,1.5579801877196142,2.07277744241895,2.403169066232266,0.07100591715976332,2.0,8.7,4.6875,1.1703703703703703,3.200000000000003,4.61923076923077,36.0,6.217142857142857,True
1,Greensleeves,Anonymous,5,2,III,Renaissance,found,dada_gp,,datasets/DadaGP-v1.1/A/Anonymous/Anonymous - Greensleeves (2).gp4.tokens.txt,datasets/DadaGP-v1.1/A/Anonymous/Anonymous - Greensleeves (2).gp4,,verified_pieces/dada/xml/Anonymous - Greensleeves (2).musicxml,,0.0,0.25,2,0.7474747474747475,0.38071065989847713,0.0,0.09090909090909091,1,0.010101010101010102,1.98,198,80.0,5.293304824724492,1.3383838383838385,3.0,0.0,0.41414141414141414,1.0,0.98,2.9183673469387754,0.21428571428571427,0.0,2.0,0.5789826386230907,1.9121243070851113,2.3400496815697363,0.21212121212121213,0.4,1.8999999999999986,4.1875,0.7951807228915663,2.0,1.8518518518518516,6.0,7.687058823529411,True
1,Gymnopedie No. 1,Erik Satie,6,4,IX,Modern,found,pdf,pdf-20260524T103936Z-3-001/pdf/Gymnopedie No. 1 by Eric Satie.pdf,,,,verified_pieces/pdf/xml/Gymnopedie No. 1 by Eric Satie.musicxml,,0.03821656050955414,1.3942307692307692,20,2.50982905982906,0.3885542168674699,0.0,0.6987179487179487,3,0.0,2.121019108280255,333,80.0,5.811140992976701,4.123123123123123,11.0,0.21621621621621623,0.25825825825825827,3.0,0.7515923566878981,2.694915254237288,0.5847457627118644,0.4423076923076923,12.333333333333334,2.535035747003526,3.2602699712752106,2.4761395862802993,0.12179487179487179,5.444444444444445,11.866666666666665,2.5,1.3398058252427185,2.0,2.402991452991453,12.333333333333334,4.20416287534122,True
1,Gymnopedie No. 3,Erik Satie,6,3,VII,Modern,found,pdf,pdf-20260524T103936Z-3-001/pdf/Gymnopedie 3 by Erik Satie.pdf,,,,verified_pieces/pdf/xml/Gymnopedie 3 by Erik Satie.musicxml,,0.04225352112676056,0.8651685393258427,3,2.2700945626477544,0.44368600682593856,1.0,1.0354609929078014,5,0.0,2.0704225352112675,294,68.0,5.68697535633982,3.193877551020408,7.0,0.17006802721088435,0.23469387755102042,2.0,0.6830985915492958,2.814432989690722,0.4329896907216495,0.36879432624113473,8.0,1.971249736327896,2.786574513758628,2.50018427269032,0.0,2.0,7.5,2.0625,0.6534090909090909,2.0,1.9216903073286056,8.0,3.498300145701797,True
1,Habanera,Agustin Barrios Mandore,8,6,XIII,Romantic,found,pdf,pdf-20260524T103936Z-3-001/pdf/barrios-habanera.pdf,,,,verified_pieces/pdf/xml/barrios-habanera.musicxml,,0.007792207792207792,1.0615384615384615,4,2.2340277777777775,0.5181268882175226,0.532258064516129,0.6276041666666666,5,0.0,1.722077922077922,663,65.0,6.498282149476434,4.110105580693816,8.0,0.22926093514328807,0.17496229260935142,2.0,0.5168831168831168,2.1557788944723617,0.46733668341708545,0.3802083333333333,12.0,2.1000267533936645,3.352057662108683,2.431102175932999,0.06770833333333333,,,,,,,,,False
1,Hark! The Herald Angels Sing,Felix Mendelssohn,4,2,III,Romantic,found,pdf,pdf-20260524T103936Z-3-001/pdf/Hark The Herald Angels Sing by Felix Mendelssohn.pdf,,,,verified_pieces/pdf/xml/Hark The Herald Angels Sing by Felix Mendelssohn.musicxml,,0.0211864406779661,2.3333333333333335,20,1.974468085106383,0.4692982456140351,0.746031746031746,0.5404255319148936,3,0.0,1.9364406779661016,457,126.0,6.126869184114185,2.8030634573304156,5.0,0.06564551422319474,0.2363238512035011,3.0,0.4830508474576271,2.692982456140351,0.5877192982456141,0.251063829787234,21.0,2.7502629383513333,2.532973273395979,2.3280282741203164,0.03829787234042553,7.866666666666666,13.024999999999956,3.8125,2.6608187134502925,4.0,3.831382978723404,42.0,5.841276500531409,True
1,Hie folget ein welscher tantz washa mesa,Hans Neusidler,2,1,I,Renaissance,found,pdf,pdf-20260524T103936Z-3-001/pdf/Ein Tuger Welscher Tantz by Hans Newsidler.pdf,,,,verified_pieces/pdf/xml/Ein Tuger Welscher Tantz by Hans Newsidler.musicxml,,0.0,0.5714285714285714,2,1.0385802469135803,0.41228070175438597,0.12,0.2361111111111111,2,0.0,2.1059907834101383,457,120.0,6.126869184114185,1.5557986870897156,3.0,0.0,0.36980306345733044,2.0,0.6129032258064516,2.857142857142857,0.17293233082706766,0.05555555555555555,3.0,0.8450127478162418,1.792692332793929,2.437478050772573,0.08333333333333333,,,,,,,,,False
1,Hommage a Tarrega: I. Garrotin,Joaquin Turina,12,7,XI,Modern,found,pdf,pdf-20260524T103936Z-3-001/pdf/Hommage A Tarrega 1 Garrotin by Joaquin Turina.pdf,,,,verified_pieces/pdf/xml/Hommage A Tarrega 1 Garrotin by Joaquin Turina.musicxml,,0.09070796460176991,0.5567010309278351,2,1.8935328898743533,0.5103448275862069,0.29152542372881357,0.38137472283813745,5,0.0,1.6061946902654867,726,90.0,6.588926477533519,4.31267217630854,10.0,0.2768595041322314,0.19972451790633608,2.0,0.22787610619469026,2.7475728155339807,0.42718446601941745,0.2771618625277162,10.0,1.6865745791038507,3.3496550083720655,2.4291394854698134,0.11086474501108648,1.2222222222222223,9.041666666666668,6.6875,1.2604166666666667,4.0,5.662010347376201,29.333333333333332,6.7796357275159504,True
1,Hommage a Tarrega: II. Solearas,Joaquin Turina,11,7,VIII,Modern,found,pdf,pdf-20260524T103936Z-3-001/pdf/Hommage A Tarrega 2 Soleares by Joaquin Turina.pdf,,,,verified_pieces/pdf/xml/Hommage A Tarrega 2 Soleares by Joaquin Turina.musicxml,,0.03063063063063063,0.30952380952380953,2,1.2216305655836341,0.5222381635581061,0.5071574642126789,0.6155234657039711,5,0.0,1.2576576576576577,698,175.0,6.54965074223381,3.402578796561605,6.0,0.0673352435530086,0.1489971346704871,1.0,0.07747747747747748,3.6511627906976742,0.37209302325581395,0.12454873646209386,8.8,1.318587582869912,2.938765522103193,2.4358255444125545,0.2364620938628159,2.0,5.916666666666666,5.5,0.3902439024390244,2.0,4.76759927797834,108.0,3.5087486187161434,True
1,Hornpipe in Em,Henry Purcell,6,4,V,Baroque,found,pdf,pdf-20260524T103936Z-3-001/pdf/Hornpipe by Daniel Purcell.zip,,,,verified_pieces/pdf/xml/Hornpipe by Daniel Purcell.musicxml,,0.0,0.36363636363636365,2,1.6221498371335505,0.8328267477203647,0.4795539033457249,0.6026058631921825,3,0.0,1.0714285714285714,330,192.0,5.802118375377063,8.075757575757576,15.0,0.5818181818181818,0.12727272727272726,1.0,0.07142857142857142,1.5454545454545454,0.36363636363636365,0.13029315960912052,11.0,1.047984541726962,3.4786297310404284,2.2343120584958793,0.006514657980456026,,,,,,,,,False
1,Humoresque,Agustin Barrios Mandore,7,5,XII,Romantic,found,pdf,pdf-20260524T103936Z-3-001/pdf/humoresque-barrios.pdf,,,,verified_pieces/pdf/xml/humoresque-barrios.musicxml,,0.0,1.127906976744186,5,1.776470588235294,0.4198717948717949,0.25,0.3411764705882353,4,0.0,1.8304093567251463,313,80.0,5.749392985908253,6.476038338658147,11.0,0.5686900958466453,0.09904153354632587,3.0,0.5029239766081871,2.7906976744186047,0.5697674418604651,0.3235294117647059,9.0,1.7729223210068992,3.3193401907730817,2.514610000361746,0.18823529411764706,3.0,7.599999999999994,3.625,1.9871148459383756,4.0,4.046895424836601,48.0,5.616844398578145,True
1,"In Dulci Jubilo, BWV 751",J.S. Bach,12,6,X,Baroque,found,pdf,pdf-20260524T103936Z-3-001/pdf/bach-bwv751.pdf,,,,verified_pieces/pdf/xml/bach-bwv751.musicxml,,0.0,0.7368421052631579,3,1.9514091350826046,0.6161417322834646,0.5220588235294118,0.5626822157434402,2,0.0,1.4796511627906976,509,150.0,6.234410725718371,3.275049115913556,7.0,0.16306483300589392,0.2770137524557957,2.0,0.3546511627906977,3.2131147540983607,0.4672131147540984,0.27988338192419826,11.0,1.6340552311055259,2.938367280148371,2.4309289461181587,0.008746355685131196,3.0,11.0,2.0,0.5707964601769911,1.0,1.889698736637512,11.0,2.0083798449612402,True
1,Jha che Valle,Agustin Barrios Mandore,9,6,X,Romantic,found,pdf,pdf-20260524T103936Z-3-001/pdf/barrios-jha-che-valle.pdf,,,,verified_pieces/pdf/xml/barrios-jha-che-valle.musicxml,,0.0,1.2768361581920904,3,0.6809003641178418,0.15964673913043478,0.13245033112582782,0.2740814299900695,5,0.0,1.4613095238095237,1473,120.0,7.295735072749282,3.3163611676849967,7.0,0.21792260692464357,0.36863543788187375,2.0,0.3541666666666667,1.9355742296918768,0.15126050420168066,0.1002979145978153,12.0,1.8041342989308484,2.7333245544241116,2.400079627948626,0.7378351539225422,3.0,12.0,6.1875,6.804397679751787,32.0,4.151991614255764,192.0,2.5986676871004946,True
1,John Dowland's Galliard,John Dowland,5,5,V,Renaissance,found,pdf,pdf-20260524T103936Z-3-001/pdf/Dowlands Galliard by John Dowland.pdf,,,,verified_pieces/pdf/xml/Dowlands Galliard by John Dowland.musicxml,,0.0,0.68,3,1.7140151515151514,0.6176470588235294,0.3181818181818182,0.4659090909090909,5,0.0,1.5393258426966292,137,100.0,4.927253685157205,2.145985401459854,5.0,0.058394160583941604,0.3284671532846715,2.0,0.2808988764044944,3.56,0.88,0.20454545454545456,7.0,1.2061628530398618,2.4354698724327695,2.2245620569002176,0.0,1.1,5.083333333333334,3.3125,1.1805555555555556,2.0,3.728219696969697,14.0,4.584513922813874,True
1,Jota,Agustin Barrios Mandore,12,5,XIV,Romantic,found,pdf,pdf-20260524T103936Z-3-001/pdf/barrios-jota.pdf,,,,verified_pieces/pdf/xml/barrios-jota.musicxml,,0.00901481004507405,1.1360544217687074,20,2.177298109965636,0.44850018070112035,0.5550847457627118,1.0264175257731958,5,0.0,1.7823567289117836,2768,102.0,7.926241523170962,4.006502890173411,10.0,0.2828757225433526,0.29804913294797686,3.0,0.47907276239536384,2.538978494623656,0.19489247311827956,0.28286082474226804,20.0,2.713737619309742,3.265557684650094,2.462851655548617,0.16881443298969073,3.3636363636363638,14.0,9.6875,4.166666666666666,8.0,7.588058419243987,320.0,8.657272955696982,True
1,"La Catedral - i. Preludio ""Saudade""",Agustin Barrios Mandore,9,6,XII,Romantic,found,pdf,pdf-20260524T103936Z-3-001/pdf/La Catedral (preludio saudade) by Augustin Barrios Mangore.pdf,,,,verified_pieces/pdf/xml/La Catedral (preludio saudade) by Augustin Barrios Mangore.musicxml,,0.0,1.0,2,4.468498659517426,0.8025974025974026,0.981029810298103,1.8659517426273458,5,0.0,1.032085561497326,386,50.0,5.958424693029782,6.9067357512953365,12.0,0.582901554404145,0.21761658031088082,2.0,0.0106951871657754,4.0,0.5,0.4128686327077748,15.0,4.987972762235962,3.517981916776411,2.3803819604364427,0.005361930294906166,2.0,14.899999999999999,4.25,3.5555555555555554,6.933333333333334,17.859919571045577,60.0,4.149844028520499,True
1,La Catedral - ii. Andante Religioso,Agustin Barrios Mandore,8,6,XI,Romantic,found,pdf,pdf-20260524T103936Z-3-001/pdf/La Catedral (Andante Religioso) by Augustin Barrios Mangore.pdf,,,,verified_pieces/pdf/xml/La Catedral (Andante Religioso) by Augustin Barrios Mangore.musicxml,,0.0,1.338235294117647,3,1.546875,0.3811188811188811,0.3333333333333333,0.265625,4,0.0,2.2248062015503876,287,90.0,5.662960480135946,5.006968641114983,10.0,0.3554006968641115,0.13588850174216027,2.0,0.5271317829457365,3.176470588235294,0.75,0.15625,11.25,1.8485621641299428,3.6115394396102602,2.501134572085015,0.1171875,2.142857142857143,9.0,5.0625,1.80672268907563,4.0,3.448691716269841,36.0,6.945146211773882,True
1,La Catedral - iii.  Allegro Solemne,Agustin Barrios Mandore,14,6,XIV,Romantic,found,pdf,pdf-20260524T103936Z-3-001/pdf/La Catedral (Allegro Solemne) by Augustin Barrios Mangore.pdf,,,,verified_pieces/pdf/xml/La Catedral (Allegro Solemne) by Augustin Barrios Mangore.musicxml,,0.0,0.5,3,1.8116883116883118,0.8452685421994884,0.7506702412868632,1.0454545454545454,4,0.0,1.0155642023346303,783,120.0,6.664409020350408,4.006385696040868,7.0,0.19540229885057472,0.1251596424010217,1.0,0.01556420233463035,0.6666666666666666,0.6666666666666666,0.24545454545454545,10.0,1.5065634779988553,3.142036199729145,2.4134992900398715,0.015584415584415584,2.0,7.899999999999999,4.1875,2.0,4.0,7.234632034632034,40.0,4.083115637627808,True
1,La Cavalleria de Napoles,Gaspar Sanz,3,4,VII,Baroque,found,pdf,pdf-20260524T103936Z-3-001/pdf/La Cavalleria de Napoles con dos Clarines by Gaspar Sanz.pdf,,,,verified_pieces/pdf/xml/La Cavalleria de Napoles con dos Clarines by Gaspar Sanz.musicxml,,0.0,0.6575342465753424,3,1.5298742138364783,0.441025641025641,0.0,0.03773584905660377,1,0.0,1.8317757009345794,196,140.0,5.2832037287379885,2.739795918367347,7.0,0.14285714285714285,0.336734693877551,2.0,0.6822429906542056,1.9315068493150684,0.2191780821917808,0.27358490566037735,9.0,1.4134345612057762,2.5548120546302338,2.130568383175063,0.16981132075471697,1.3636363636363635,5.733333333333328,2.3125,0.6481481481481481,2.0,1.9772012578616351,9.0,3.419314641744548,True
1,La Maja de Goya,Enrique Granados,17,9,All,Romantic,found,pdf,pdf-20260524T103936Z-3-001/pdf/La Maja De Goya by Enrique Granados.pdf,,,,verified_pieces/pdf/xml/La Maja De Goya by Enrique Granados.musicxml,,0.009925558312655087,1.276470588235294,5,2.5897180762852403,0.5796661608497724,0.6774193548387096,0.7761194029850746,5,0.0,1.6377171215880892,660,85.0,6.493753839851686,5.774242424242424,10.0,0.45,0.14545454545454545,3.0,0.42431761786600497,2.8362573099415203,0.8011695906432749,0.4129353233830846,15.75,2.356073301491382,3.620943383091678,2.449316517097475,0.0024875621890547263,,,,,,,,,False
1,La minona da Cataluna (The Girl from Catalonia),Gaspar Sanz,1,2,VII,Baroque,found,pdf,pdf-20260524T103936Z-3-001/pdf/La Minona de Cataluna by Gaspar Sanz.pdf,,,,verified_pieces/pdf/xml/La Minona de Cataluna by Gaspar Sanz.musicxml,,0.0,0.045454545454545456,1,2.8606060606060604,0.6470588235294118,0.5,0.2909090909090909,2,0.0,1.5357142857142858,86,120.0,4.465908118654584,2.988372093023256,7.0,0.18604651162790697,0.3953488372093023,0.0,0.5,2.7857142857142856,0.32142857142857145,0.5818181818181818,5.5,1.4173398173843375,2.3516901580609324,2.0486275388197077,0.0,0.5,5.1,1.9375,0.031746031746031744,0.0,4.4222222222222225,9.0,2.934920634920635,True
1,La Muerte Del Angel (Tango),Astor Piazzolla,11,5,X,Modern,found,pdf,pdf-20260524T103936Z-3-001/pdf/Muerte Del Angel by Astor Piazzolla.pdf,,,,verified_pieces/pdf/xml/Muerte Del Angel by Astor Piazzolla.musicxml,,0.056910569105691054,2.1073825503355703,4,1.3343410852713178,0.36283704572098474,0.38636363636363635,0.3988372093023256,5,0.0,1.9825783972125435,1707,160.0,7.443078374348516,4.224956063268893,9.0,0.26362038664323373,0.19156414762741653,4.0,0.34727061556329847,3.270903010033445,0.27759197324414714,0.14651162790697675,11.0,1.6240295110166827,3.445418407717704,2.404401077130464,0.20465116279069767,3.933333333333333,10.333333333333334,17.5,7.4563892897226225,16.0,5.037015503875969,116.0,9.188559508683012,True
1,La Samaritana,Agustin Barrios Mandore,8,5,XIII,Romantic,found,pdf,pdf-20260524T103936Z-3-001/pdf/barrios-samaritana.pdf,,,,verified_pieces/pdf/xml/barrios-samaritana.musicxml,,0.0,1.0388349514563107,4,1.8462783171521036,0.44655172413793104,0.4794520547945205,0.5825242718446602,3,0.0,1.8741935483870968,581,57.0,6.366470447731438,5.700516351118761,10.0,0.4750430292598967,0.1549053356282272,2.0,0.6645161290322581,2.033980582524272,0.5388349514563107,0.2783171521035599,14.0,1.8930439084532837,3.3813238642035115,2.4914671262580987,0.10679611650485436,1.8333333333333333,8.616666666666658,5.25,2.6373983739837397,7.199999999999989,5.130579955822674,56.0,8.202685134560477,True
1,Lachrimae Pavan,John Dowland,16,8,VII,Renaissance,found,pdf,pdf-20260524T103936Z-3-001/pdf/Lachrimae Pavan by John Dowland.pdf,,,,verified_pieces/pdf/xml/Lachrimae Pavan by John Dowland.musicxml,,0.02276707530647986,0.8913043478260869,3,1.8485380116959063,0.6152073732718893,0.4391025641025641,0.6,5,0.0,1.521891418563923,869,45.0,6.76849321164863,1.805523590333717,4.0,0.00805523590333717,0.3383199079401611,2.0,0.2679509632224168,3.241830065359477,0.43137254901960786,0.2736842105263158,7.0,1.1676323518059788,2.315504636600412,2.4473069853827707,0.031578947368421054,1.75,5.324999999999996,4.75,1.8941605839416058,4.0,5.25219298245614,28.0,4.8622192747501805,True
1,Lady Hammond's Alman,John Dowland,8,4,IV,Renaissance,found,pdf,pdf-20260524T103936Z-3-001/pdf/Lady Hammonds Alman by John Dowland.pdf,,,,verified_pieces/pdf/xml/Lady Hammonds Alman by John Dowland.musicxml,,0.0,0.75,3,1.9444444444444444,0.5475113122171946,0.5531914893617021,0.7906976744186046,5,0.0,1.7076923076923076,222,66.0,5.407171771460119,2.3378378378378377,5.0,0.04504504504504504,0.3063063063063063,3.0,0.36923076923076925,4.0625,0.3333333333333333,0.2713178294573643,7.0,1.3368144694155644,2.212259268039783,2.192704208185795,0.046511627906976744,1.1428571428571428,5.0,4.6875,1.8333333333333333,6.0,5.922480620155039,16.0,7.857154244719012,True
1,Lantururu,Gaspar Sanz,4,3,VII,Baroque,found,pdf,pdf-20260524T103936Z-3-001/pdf/Lantururu by Gaspar Sanz.pdf,,,,verified_pieces/pdf/xml/Lantururu by Gaspar Sanz.musicxml,,0.0,0.05263157894736842,1,1.9444444444444444,0.6056338028169014,0.3333333333333333,0.2916666666666667,3,0.0,1.469387755102041,72,120.0,4.290459441148391,2.8194444444444446,7.0,0.19444444444444445,0.4027777777777778,0.0,0.4489795918367347,2.8636363636363638,0.45454545454545453,0.3541666666666667,5.5,1.499356858007566,2.4599804718437857,1.954662376929293,0.041666666666666664,0.16666666666666666,5.5,1.5625,0.027777777777777776,0.0,2.220486111111111,11.0,2.159100374843815,True
1,Larghetto,Matteo Carcassi,5,3,IX,Classical,found,dada_gp,,"datasets/DadaGP-v1.1/C/Carcassi, Mateo/Carcassi, Mateo - Sonatina II Larghetto.gp3.tokens.txt","datasets/DadaGP-v1.1/C/Carcassi, Mateo/Carcassi, Mateo - Sonatina II Larghetto.gp3",,"verified_pieces/dada/xml/Carcassi, Mateo - Sonatina II Larghetto.musicxml",,0.0,0.7304347826086957,10,1.4733893557422968,0.6683006535947712,0.512396694214876,0.6764705882352942,3,0.0,1.2851153039832286,613,69.0,6.419994928147142,2.2822185970636215,5.0,0.04567699836867863,0.24306688417618272,2.0,0.2620545073375262,2.224,0.344,0.17647058823529413,7.0,1.3104626721742758,2.494616216411764,2.2082393292209668,0.03361344537815126,1.8571428571428572,6.8666666666666645,6.6875,3.617391304347826,12.0,7.321428571428571,56.0,6.690239331989122,True
1,"Larghetto, Op. 50 no. 17",Mauro Giuliani,4,3,III,Classical,found,pdf,pdf-20260524T103936Z-3-001/pdf/Opus 50 No 17 by Mauro Giuliani.pdf,,,,verified_pieces/pdf/xml/Opus 50 No 17 by Mauro Giuliani.musicxml,,0.03,0.4864864864864865,2,1.5218855218855218,0.4418604651162791,0.9387755102040817,0.898989898989899,3,0.0,1.73,173,100.0,5.159055299214529,1.583815028901734,3.0,0.0,0.3815028901734104,1.0,0.37,3.108108108108108,0.6756756756756757,0.32323232323232326,4.0,1.2256280518880498,2.037010593808321,2.416497863367511,0.09090909090909091,2.0,4.0,5.375,0.9537037037037036,3.0,5.637485970819304,16.0,8.675072463768116,True
1,Las Abejas,Agustin Barrios Mandore,10,5,X,Romantic,found,pdf,pdf-20260524T103936Z-3-001/pdf/Las Abejas (The Bees) by Augustin Barrios Mangore.pdf,,,,verified_pieces/pdf/xml/Las Abejas (The Bees) by Augustin Barrios Mangore.musicxml,,0.0028089887640449437,1.2857142857142858,3,1.995774647887324,0.8297297297297297,0.8,0.9408450704225352,5,0.0,1.0421348314606742,371,60.0,5.918893854273146,4.862533692722372,9.0,0.31805929919137466,0.10512129380053908,3.0,0.019662921348314606,3.4285714285714284,0.5714285714285714,0.2591549295774648,12.0,1.8978257848864333,3.3389132723870074,2.37208169670439,0.005633802816901409,2.25,11.0,2.3125,2.25,6.0,3.991784037558686,24.0,2.142005664664322,True
1,Las Dos Hermanitas,Francisco Tarrega,9,7,X,Romantic,found,pdf,pdf-20260524T103936Z-3-001/pdf/Las dos Hermanitas by Francisco Tarrega.pdf,,,,verified_pieces/pdf/xml/Las dos Hermanitas by Francisco Tarrega.musicxml,gaps_v1/musicxml/Las dos Hermanitas by Francisco Tarrega.xml,0.006802721088435374,1.0615384615384615,3,2.1982366325369735,0.4796747967479675,0.5609756097560976,0.757679180887372,5,0.0,1.6768707482993197,493,170.0,6.202535517187923,4.855983772819473,10.0,0.33874239350912777,0.15415821501014199,3.0,0.4421768707482993,2.623076923076923,0.5846153846153846,0.29692832764505117,12.0,2.4284360384511725,3.4485020520046015,2.4002463472713735,0.16040955631399317,2.4,12.0,3.5,1.3259505352528607,3.0,4.743390757895877,160.0,3.720719117464144,True
1,Le Fandango,Dionisio Aguado,13,5,X,Classical,found,pdf,pdf-20260524T103936Z-3-001/pdf/aguado-fandango.pdf,,,,verified_pieces/pdf/xml/aguado-fandango.musicxml,,0.0013328890369876708,1.0254691689008042,3,1.2021666666666666,0.36744301288404363,0.3413897280966767,0.57,5,0.0,1.3452182605798066,4037,70.0,8.303504798872783,3.3534803071587813,7.0,0.1624969036413178,0.19866237304929402,2.0,0.2585804731756081,1.9845360824742269,0.18170103092783504,0.17766666666666667,17.0,1.7741374873650784,3.1450704421790365,2.3637462132729836,0.43633333333333335,3.0,9.899999999999999,6.5625,5.273601789709172,16.0,6.100240079365079,160.0,3.7185063502961815,True
1,Le Petit-Rien (Rondeau),Francois Couperin,8,3,V,Baroque,found,pdf,pdf-20260524T103936Z-3-001/pdf/Le Petit Rien by Francois Couperin.pdf,,,,verified_pieces/pdf/xml/Le Petit Rien by Francois Couperin.musicxml,,0.0,0.6590909090909091,2,1.2592592592592593,0.5390625,0.42105263157894735,0.38271604938271603,2,0.0,1.5731707317073171,129,120.0,4.867534450455582,1.8372093023255813,3.0,0.0,0.24806201550387597,2.0,0.573170731707317,3.0,0.48936170212765956,0.16049382716049382,3.0,0.9266663706071706,2.031004408827316,2.485445617759647,0.13580246913580246,1.0,3.0,2.9375,1.0,2.0,2.240740740740741,6.0,3.902673545966229,True
1,"Lesson, Op. 139 no. 3",Mauro Giuliani,6,3,V,Classical,found,pdf,pdf-20260524T103936Z-3-001/pdf/giuliani-op139no3.pdf,,,,verified_pieces/pdf/xml/giuliani-op139no3.musicxml,gaps_v1/musicxml/giuliani-op139no3.xml,0.0,0.65625,3,1.7223731884057971,0.5488958990536278,0.5641025641025641,0.6847826086956522,5,0.0,1.718918918918919,318,80.0,5.765191102784844,2.0849056603773586,5.0,0.04716981132075472,0.3490566037735849,2.0,0.5513513513513514,2.2941176470588234,0.4117647058823529,0.2826086956521739,6.0,1.231977215014529,2.459713223617545,2.396697460262876,0.016304347826086956,1.6666666666666667,4.0,4.375,1.1789473684210525,4.0,3.272795893719807,12.0,5.3589825119236885,True
1,"Lesson, Op. 31 no. 4",Fernando Sor,5,3,V,Classical,found,pdf,pdf-20260524T103936Z-3-001/pdf/sor-op31-4.pdf,,,,verified_pieces/pdf/xml/sor-op31-4.musicxml,,0.023255813953488372,1.0579710144927537,3,1.5078125,0.461864406779661,0.6363636363636364,0.375,3,0.0,1.8372093023255813,237,56.0,5.472270673671475,2.5738396624472575,5.0,0.02531645569620253,0.19831223628691982,2.0,0.5426356589147286,1.9142857142857144,0.5428571428571428,0.21875,5.0,1.244058688486723,2.434488341871402,2.1294395541944082,0.078125,2.0,4.0,4.3125,2.077294685990338,4.0,3.7339409722222223,16.0,6.91140642303433,True
1,"Lesson, Op. 60 no. 5",Fernando Sor,2,2,II,Classical,found,dada_gp,,"datasets/DadaGP-v1.1/S/Sor, Fernando/Sor, Fernando - Op. 60 - No 5 (study In A Minor).gp4.tokens.txt","datasets/DadaGP-v1.1/S/Sor, Fernando/Sor, Fernando - Op. 60 - No 5 (study In A Minor).gp4",,"verified_pieces/dada/xml/Sor, Fernando - Op. 60 - No 5 (study In A Minor).musicxml",,0.0,0.4,3,1.5942028985507246,0.7433628318584071,0.7374301675977654,1.3140096618357489,5,0.02643171806167401,1.0913461538461537,227,66.0,5.429345628954441,1.1938325991189427,3.0,0.0,0.4669603524229075,1.0,0.09134615384615384,3.4210526315789473,0.7894736842105263,0.21739130434782608,5.0,1.1376580815530646,1.9916575239312508,2.2981781391275473,0.03864734299516908,3.0,5.0,2.375,0.8,2.0,3.0789049919484706,10.0,2.09059558584875,True
1,Leyenda de Espana,Agustin Barrios Mangore,8,6,X,Romantic,found,pdf,pdf-20260524T103936Z-3-001/pdf/Leyenda Espana by Augustin Barrios Mangore.pdf,,,,verified_pieces/pdf/xml/Leyenda Espana by Augustin Barrios Mangore.musicxml,,0.0012919896640826874,0.8055555555555556,3,1.868046571798189,0.7416974169741697,0.4686192468619247,0.5834411384217335,4,0.0,1.0516795865633075,814,40.0,6.703188113240863,3.171990171990172,7.7000000000000455,0.15724815724815724,0.257985257985258,2.0,0.046511627906976744,1.6666666666666667,0.5277777777777778,0.2703751617076326,14.5,1.6584041311793951,3.0261909243997467,2.233427920790309,0.11772315653298836,2.3333333333333335,9.0,4.0,1.5529100529100528,4.0,6.418684161892441,36.0,3.1271860583106204,True
1,Libertango,Astor Piazzolla,12,5,IX,Modern,found,pdf,pdf-20260524T103936Z-3-001/pdf/Libertango by Astor Piazzolla.pdf,,,,verified_pieces/pdf/xml/Libertango by Astor Piazzolla.musicxml,gaps_v1/musicxml/Libertango by Astor Piazzolla.xml,0.006097560975609756,0.4166666666666667,2,2.00611620795107,0.5555555555555556,0.45180722891566266,0.7339449541284404,5,0.0,1.3475609756097562,442,100.0,6.093569770045136,3.3122171945701355,8.0,0.18778280542986425,0.23755656108597284,2.0,0.31097560975609756,2.4607843137254903,0.5294117647058824,0.3211009174311927,10.0,2.134962896055917,3.1143828816396044,2.517449695211903,0.21100917431192662,1.3333333333333333,9.100000000000001,4.1875,2.0280701754385966,4.0,7.212028542303771,112.0,4.673835811433151,True
1,Libra Sonatine: A. India,Roland Dyens,15,9,X,Modern,found,dada_gp,,"datasets/DadaGP-v1.1/D/Dyens, Roland/Dyens, Roland - Libra Sonatine.gp4.tokens.txt","datasets/DadaGP-v1.1/D/Dyens, Roland/Dyens, Roland - Libra Sonatine.gp4",,"verified_pieces/dada/xml/Dyens, Roland - Libra Sonatine.musicxml",,0.000782472613458529,0.24797843665768193,3,2.2615505090054815,0.5091267883571781,0.695067264573991,0.8645262333594361,5,0.14891518737672585,1.5868544600938967,2028,120.0,7.615298339825815,2.113412228796844,7.0,0.10749506903353057,0.5384615384615384,1.0,0.4014084507042254,3.3859649122807016,0.17153996101364521,0.3422083007047768,25.0,2.2765211256571605,2.418497215296962,2.4753937012952196,0.047768206734534066,1.3333333333333333,24.25,9.75,0.7690893088228724,4.0,8.88527753795078,40.0,9.649597736343095,True
1,Little Italian Song (from Album for the Young); Op. 39 no. 15,Peter Ilyitch Tchaikovsky,7,4,IX,Romantic,found,pdf,pdf-20260524T103936Z-3-001/pdf/Opus 39 No 15 Italian Air by Pyotr Ilyich Tchaikovsky.pdf,,,,verified_pieces/pdf/xml/Opus 39 No 15 Italian Air by Pyotr Ilyich Tchaikovsky.musicxml,,0.0,0.46153846153846156,3,2.263803680981595,0.5333333333333333,0.4117647058823529,0.49079754601226994,2,0.0,1.5609756097560976,256,100.0,5.54907608489522,3.9921875,9.0,0.375,0.3671875,2.0,0.5304878048780488,2.586206896551724,0.42528735632183906,0.4049079754601227,9.0,1.9654320022132217,2.704767573540353,2.324225144463985,0.09202453987730061,3.0,7.699999999999996,3.9375,0.9090909090909091,4.0,5.6462167689161555,36.0,5.40013183915623,True
1,London Carape,Agustin Barrios Mandore,6,5,XII,Romantic,found,pdf,pdf-20260524T103936Z-3-001/pdf/london-carape-barrios.pdf,,,,verified_pieces/pdf/xml/london-carape-barrios.musicxml,,0.021367521367521368,0.43243243243243246,3,1.9858369098712445,0.45272206303724927,0.30952380952380953,0.44635193133047213,5,0.0,1.4957264957264957,350,120.0,5.860786223465865,5.828571428571428,10.0,0.5371428571428571,0.19714285714285715,1.0,0.32905982905982906,2.727272727272727,0.38961038961038963,0.3133047210300429,10.25,2.2569517844392126,3.152383373429674,2.488494473148566,0.2832618025751073,3.0,10.0,6.125,2.1141552511415522,7.199999999999989,8.376037195994279,160.0,5.1928508221130665,True
1,Lord Strang's March,John Dowland,11,8,IV,Renaissance,found,pdf,pdf-20260524T103936Z-3-001/pdf/Lord Strangs March by John Dowland.pdf,,,,verified_pieces/pdf/xml/Lord Strangs March by John Dowland.musicxml,,0.0,1.0222222222222221,3,1.9774590163934427,0.4827586206896552,0.2608695652173913,0.30327868852459017,5,0.0,1.8943089430894309,233,50.0,5.455321115357702,2.6566523605150216,5.0,0.0815450643776824,0.2918454935622318,2.0,0.37398373983739835,4.456521739130435,0.43478260869565216,0.29508196721311475,7.0,1.4361024879124984,2.505907357393529,2.275348019339266,0.05737704918032787,1.8,6.699999999999998,3.125,1.1306818181818181,3.0,3.5204918032786883,16.0,4.59764566395664,True
1,Luz Mala,Agustin Barrios Mandore,9,6,XII,Romantic,found,pdf,pdf-20260524T103936Z-3-001/pdf/Luz Mala (Bad Light) by Agustin Barrios Mangore.pdf,,,,verified_pieces/pdf/xml/Luz Mala (Bad Light) by Agustin Barrios Mangore.musicxml,,0.006493506493506494,1.85,4,1.8257080610021785,0.4395973154362416,0.40476190476190477,0.5359477124183006,3,0.0,1.9415584415584415,299,95.0,5.703782474656201,6.076923076923077,12.0,0.4013377926421405,0.056856187290969896,3.0,0.5194805194805194,2.7375,0.5625,0.2679738562091503,9.5,1.7612384099969545,3.6245939806121386,2.5108938107737195,0.09803921568627451,3.0,7.749999999999997,4.5,4.135021097046414,8.0,4.540232389251997,21.333333333333332,7.740346320346321,True
1,Mabelita,Agustin Barrios Mandore,8,6,XII,Romantic,found,pdf,pdf-20260524T103936Z-3-001/pdf/Mabelita by Augustin Barrios Mangore.pdf,,,,verified_pieces/pdf/xml/Mabelita by Augustin Barrios Mangore.musicxml,,0.0,1.5757575757575757,3,2.293981481481482,0.40425531914893614,0.3076923076923077,0.3472222222222222,5,0.0,1.9452054794520548,142,50.0,4.962844630259907,5.767605633802817,11.0,0.44366197183098594,0.1267605633802817,3.0,0.4520547945205479,3.0,0.7575757575757576,0.3333333333333333,9.0,2.4923483298262963,3.533624795975321,2.4779059143810525,0.16666666666666666,2.0,8.683333333333334,5.25,4.121212121212121,7.600000000000001,6.413194444444445,36.0,9.207305936073059,True
1,Madrecita,Agustin Barrios Mandore,7,6,XII,Romantic,found,pdf,pdf-20260524T103936Z-3-001/pdf/barrios-madrecita.pdf,,,,verified_pieces/pdf/xml/barrios-madrecita.musicxml,,0.0,1.3943661971830985,3,2.117948717948718,0.4139194139194139,0.2702702702702703,0.2692307692307692,3,0.0,2.0916030534351147,274,110.0,5.616771097666572,6.9416058394160585,11.0,0.6751824817518248,0.1386861313868613,3.0,0.549618320610687,2.9722222222222223,0.7083333333333334,0.36923076923076925,9.333333333333332,1.8685940317494887,3.419540272036242,2.4714821404412883,0.11538461538461539,2.1666666666666665,7.208333333333334,3.6875,2.833333333333333,3.1000000000000014,5.1797008547008545,48.0,6.178967510956565,True
1,Madrigal (Gavota),Agustin Barrios Mandore,11,7,XII,Romantic,found,pdf,pdf-20260524T103936Z-3-001/pdf/barrios-madrigal.pdf,,,,verified_pieces/pdf/xml/barrios-madrigal.musicxml,,0.02284263959390863,1.5925925925925926,6,2.17557251908397,0.437094682230869,0.425,0.42493638676844786,4,0.0,1.9593908629441625,772,120.0,6.650279048587422,7.8782383419689115,12.0,0.7564766839378239,0.07124352331606218,3.0,0.5482233502538071,2.560185185185185,0.48148148148148145,0.36895674300254455,12.0,2.1099843740434716,3.3692760439110425,2.457617932324145,0.09414758269720101,3.5454545454545454,10.699999999999996,3.875,2.70874861572536,6.0,4.028837998303647,34.66666666666667,5.7297338870942935,True
1,Madronos,Federico Moreno Torroba,10,6,X,Modern,found,pdf,pdf-20260524T103936Z-3-001/pdf/Madronos by Federico Moreno Torroba.pdf,,,,verified_pieces/pdf/xml/Madronos by Federico Moreno Torroba.musicxml,,0.01347305389221557,1.2222222222222223,3,1.7766116941529235,0.5133079847908745,0.25,0.3868065967016492,5,0.0,1.5763473053892216,1053,126.0,6.960347729101308,4.7245963912630575,9.0,0.30009496676163344,0.10921177587844255,3.0,0.2874251497005988,2.6666666666666665,0.40625,0.25337331334332835,12.0,1.7066718633699243,3.434315039119628,2.3690101458503516,0.15142428785607195,2.6666666666666665,8.212499999999995,4.8125,2.49645390070922,6.0,4.605072463768115,48.0,5.684567508817981,True
1,Mallorca,Isaac Albeniz,16,9,All,Romantic,found,pdf,pdf-20260524T103936Z-3-001/pdf/Opus 202 Mallorca by Isaac Albeniz.pdf,,,,verified_pieces/pdf/xml/Opus 202 Mallorca by Isaac Albeniz.musicxml,,0.0106544901065449,1.0731707317073171,5,2.2746443089430897,0.5721153846153846,0.49056603773584906,0.6676829268292683,5,0.0,1.5844748858447488,1041,56.0,6.948897222313312,5.88088376560999,10.0,0.4745437079731028,0.11623439000960614,3.0,0.4368340943683409,2.156794425087108,0.49825783972125437,0.3704268292682927,12.0,2.001599515073214,3.553483515450954,2.4443602240558224,0.04878048780487805,2.4545454545454546,10.333333333333334,6.625,3.2692307692307687,8.0,8.0258722899729,48.0,7.234378755106945,True
1,March (from the Notebook of Anna Magdalena Bach),C.P.E. Bach,7,4,VII,Baroque,found,dada_gp,,"datasets/DadaGP-v1.1/B/Bach, Johann Sebastian/Bach, Johann Sebastian - March.gp4.tokens.txt","datasets/DadaGP-v1.1/B/Bach, Johann Sebastian/Bach, Johann Sebastian - March.gp4",,"verified_pieces/dada/xml/Bach, Johann Sebastian - March.musicxml",,0.0,0.4714285714285714,3,1.206451612903226,0.5240174672489083,0.41025641025641024,0.4129032258064516,2,0.0,1.4743589743589745,230,130.0,5.442417710521793,1.891304347826087,4.0,0.004347826086956522,0.3173913043478261,2.0,0.46794871794871795,2.767123287671233,0.5616438356164384,0.13548387096774195,4.5,1.0407613478327105,2.2872313389815204,2.5222563777388043,0.15483870967741936,2.0,4.0,3.3125,0.9130434782608695,4.0,2.4008064516129033,18.0,3.853438228438229,True
1,Matachin,Gaspar Sanz,5,3,IX,Baroque,found,pdf,pdf-20260524T103936Z-3-001/pdf/Matachin by Gaspar Sanz.pdf,,,,verified_pieces/pdf/xml/Matachin by Gaspar Sanz.musicxml,,0.0,0.6363636363636364,3,1.8225806451612903,0.6458333333333334,0.16666666666666666,0.22580645161290322,2,0.0,1.5396825396825398,97,120.0,4.584967478670572,2.288659793814433,5.0,0.08247422680412371,0.3711340206185567,2.900000000000002,0.38095238095238093,3.1666666666666665,0.6666666666666666,0.25806451612903225,4.0,1.0303942627394245,2.4126962610597773,2.097006661448455,0.0,3.0,4.0,1.625,0.3492063492063492,1.3333333333333333,2.0743727598566313,6.0,2.164481251437773,True
1,Maxixe,Agustin Barrios Mandore,10,5,IX,Romantic,found,pdf,pdf-20260524T103936Z-3-001/pdf/Maxixe by Augustin Barrios Mangore.pdf,,,,verified_pieces/pdf/xml/Maxixe by Augustin Barrios Mangore.musicxml,,0.0,0.6831683168316832,3,1.9639550264550263,0.6719492868462758,0.5308219178082192,0.9742063492063492,5,0.0,1.2514851485148515,632,110.0,6.450470422144176,3.550632911392405,9.0,0.1629746835443038,0.19145569620253164,2.0,0.2297029702970297,2.1724137931034484,0.3620689655172414,0.2698412698412698,12.0,2.013641563730678,3.082878940988008,2.561258331084159,0.10119047619047619,2.0,10.549999999999997,4.6875,2.5,8.0,8.145833333333334,96.0,5.380534788172695,True
1,"Mazurka, Op. 67 no. 3",Frederic Chopin,5,3,III,Romantic,found,pdf,pdf-20260524T103936Z-3-001/pdf/Opus 67 No 3 Mazurka by Frederic Chopin.pdf,,,,verified_pieces/pdf/xml/Opus 67 No 3 Mazurka by Frederic Chopin.musicxml,,0.0,0.9633507853403142,5,2.341207349081365,0.4584103512014787,0.6,0.39763779527559057,5,0.0,2.1254901960784314,542,144.0,6.297109319933935,6.2250922509225095,10.0,0.5498154981549815,0.1088560885608856,2.0,0.7490196078431373,2.6387434554973823,0.3193717277486911,0.35039370078740156,10.5,2.2310599025104434,3.2867290341334257,2.2097109418825114,0.007874015748031496,2.0,8.924999999999997,3.6875,1.5491228070175438,4.0,3.9897200349956257,18.0,6.857236227824464,True
1,"Mazurka, Op. 68 no. 3",Frederic Chopin,8,6,X,Romantic,found,pdf,pdf-20260524T103936Z-3-001/pdf/Opus 68 No 3 Mazurka by Frederic Chopin.pdf,,,,verified_pieces/pdf/xml/Opus 68 No 3 Mazurka by Frederic Chopin.musicxml,,0.02145922746781116,1.6435643564356435,5,2.150862068965517,0.3082191780821918,0.5,0.15948275862068967,3,0.0,2.5107296137339055,585,132.0,6.373319789577012,4.218803418803419,9.0,0.1264957264957265,0.1076923076923077,3.0,0.8669527896995708,2.4257425742574257,0.2079207920792079,0.3017241379310345,16.0,2.7710772253111,2.943758219271959,2.4825706211591188,0.1939655172413793,3.0,14.866666666666651,3.9375,2.8291873963515757,8.0,3.7891522988505755,32.0,8.251555191204128,True
1,Mazurka; Op. 24 no. 1,Frederic Chopin,10,6,VII,Romantic,found,pdf,pdf-20260524T103936Z-3-001/pdf/Opus 24 No 1 Mazurka by Frederic Chopin.pdf,,,,verified_pieces/pdf/xml/Opus 24 No 1 Mazurka by Frederic Chopin.musicxml,,0.021621621621621623,0.9607843137254902,3,1.8121951219512196,0.345679012345679,0.0975609756097561,0.21680216802168023,4,0.0,2.191891891891892,811,76.0,6.699500340161678,3.776818742293465,10.0,0.2589395807644883,0.3008631319358816,3.0,0.5945945945945946,2.9272727272727272,0.32727272727272727,0.33604336043360433,9.333333333333334,1.7153860386326967,3.2239185779575856,2.356116940666114,0.21138211382113822,1.7058823529411764,7.0,6.375,1.4532019704433496,4.0,9.447109304426379,112.0,9.107265190262307,True
1,Mazurka; Op. 24 no. 3,Frederic Chopin,8,6,X,Romantic,found,pdf,pdf-20260524T103936Z-3-001/pdf/Opus 24 No 3 Mazurka by Frederic Chopin.pdf,,,,verified_pieces/pdf/xml/Opus 24 No 3 Mazurka by Frederic Chopin.musicxml,,0.006557377049180328,1.0283687943262412,7,1.3898026315789473,0.36213235294117646,0.27450980392156865,0.3355263157894737,4,0.0,1.7868852459016393,545,126.0,6.302618975744905,3.6458715596330276,10.0,0.1908256880733945,0.2036697247706422,3.0,0.4918032786885246,2.8933333333333335,0.26,0.18092105263157895,12.0,1.8217738140248803,3.0359078222387863,2.4400930001483836,0.33223684210526316,2.1666666666666665,7.474999999999998,6.4375,6.3947990543735225,32.0,6.615588450292399,120.0,7.160679845708776,True
1,Mazurka; Op. 33 no. 1,Frederic Chopin,10,7,X,Romantic,found,pdf,pdf-20260524T103936Z-3-001/pdf/Opus 33 No 1 Mazurka by Frederic Chopin.pdf,,,,verified_pieces/pdf/xml/Opus 33 No 1 Mazurka by Frederic Chopin.musicxml,,0.024242424242424242,1.131578947368421,3,2.288617886178862,0.44285714285714284,0.2549019607843137,0.2682926829268293,2,0.0,2.1272727272727274,351,80.0,5.863631175598097,4.586894586894587,9.0,0.4472934472934473,0.22792022792022792,2.5,0.5272727272727272,3.0,0.4482758620689655,0.3780487804878049,8.333333333333334,1.950900316879607,3.1061357197332793,2.3653038839200864,0.006097560975609756,1.7692307692307692,7.583333333333331,3.5,1.4,3.0,4.137703252032519,33.333333333333336,6.170848985725019,True
1,"Menuet (from Pieces de Clavecin, Premier Livre, (Pg. 31)",Jean-Philippe Rameau,4,2,II,Baroque,found,pdf,pdf-20260524T103936Z-3-001/pdf/Menuet Premier Livre by Jean-Philippe Rameau.pdf,,,,verified_pieces/pdf/xml/Menuet Premier Livre by Jean-Philippe Rameau.musicxml,,0.0,0.5434782608695652,3,1.4071428571428573,0.6377551020408163,0.34782608695652173,0.5571428571428572,5,0.0,1.3971631205673758,197,120.0,5.288267030694535,1.517766497461929,3.0,0.0,0.3604060913705584,2.0,0.3829787234042553,2.6481481481481484,0.5925925925925926,0.18571428571428572,5.0,0.9866713779994154,2.2689235857306778,2.3469781398495018,0.08571428571428572,3.0,3.1999999999999993,3.4375,1.4021739130434783,4.0,3.4869047619047615,24.0,4.1703202235117125,True
1,"Menuet, Op. 11 no. 5",Fernando Sor,8,4,VII,Classical,found,pdf,pdf-20260524T103936Z-3-001/pdf/sor-op11-5.pdf,,,,verified_pieces/pdf/xml/sor-op11-5.musicxml,gaps_v1/musicxml/Opus 11 No 6 by Fernando Sor.xml,0.0,1.2911392405063291,3,2.043859649122807,0.42857142857142855,0.42424242424242425,0.5338345864661654,4,0.0,1.9402985074626866,260,80.0,5.564520407322694,3.5961538461538463,8.0,0.23076923076923078,0.23076923076923078,2.0,0.6044776119402985,2.4074074074074074,0.4444444444444444,0.39097744360902253,8.0,1.8539955201733729,2.9727079542364043,2.385546873428782,0.15037593984962405,2.0,7.524999999999999,5.625,3.388888888888889,8.0,5.873015873015873,24.0,9.342177998894417,True
1,"Menuet, Op. 22",Fernando Sor,7,4,V,Classical,found,pdf,pdf-20260524T103936Z-3-001/pdf/sor-opus22.pdf,,,,verified_pieces/pdf/xml/sor-opus22.musicxml,,0.00816326530612245,1.308411214953271,3,1.6058743169398908,0.4069529652351738,0.2087912087912088,0.3524590163934426,4,0.0,2.0,490,140.0,6.19644412779452,1.953061224489796,5.0,0.02040816326530612,0.2816326530612245,2.0,0.4489795918367347,2.918181818181818,0.35454545454545455,0.21721311475409835,6.25,1.332160382517892,2.466545851436765,2.427143987124095,0.14754098360655737,2.1666666666666665,6.25,4.0625,1.5786163522012577,3.0,2.864981785063752,12.0,5.157894736842105,True
1,Menuett,Johann Krieger,1,1,I,Baroque,found,pdf,pdf-20260524T103936Z-3-001/pdf/Menuett by Johann Krieger.pdf,,,,verified_pieces/pdf/xml/Menuett by Johann Krieger.musicxml,,0.0,0.39285714285714285,2,1.3205128205128205,0.6403508771929824,0.6470588235294118,0.6794871794871795,4,0.0,1.4556962025316456,115,120.0,4.7535901911063645,1.2434782608695651,3.0,0.0,0.41739130434782606,1.0,0.45569620253164556,2.1666666666666665,0.5,0.10256410256410256,3.0,0.759446318954866,1.8856114644169664,2.3697757756343267,0.0,1.1666666666666667,3.0,1.8125,0.48148148148148145,1.0,1.6623931623931627,4.0,2.4261603375527425,True
1,Milonga,Agustin Barrios Mandore,13,4,XIV,Romantic,found,pdf,pdf-20260524T103936Z-3-001/pdf/barrios-milonga.pdf,,,,verified_pieces/pdf/xml/barrios-milonga.musicxml,,0.002680965147453083,0.30498533724340177,3,1.9014093959731544,0.49886963074604374,0.2925170068027211,1.1919463087248323,5,0.0,1.7801608579088473,1328,95.0,7.192182058713246,2.4698795180722892,9.0,0.1430722891566265,0.38403614457831325,1.0,0.4812332439678284,2.6128133704735377,0.181058495821727,0.26174496644295303,12.0,1.7816750608771335,2.581228615650832,2.5431048660113724,0.05100671140939597,3.0,9.099999999999994,8.375,1.1294117647058823,4.0,7.395346756152125,48.0,11.588498133837986,True
1,Milonga del Angel (Milonga),Astor Piazzolla,12,8,VIII,Modern,found,dada_gp,,"datasets/DadaGP-v1.1/P/Piazzola, Astor/Piazzola, Astor - Milonga Del Angel (2).gp3.tokens.txt","datasets/DadaGP-v1.1/P/Piazzola, Astor/Piazzola, Astor - Milonga Del Angel (2).gp3",,"verified_pieces/dada/xml/Piazzola, Astor - Milonga Del Angel (2).musicxml",,0.003683241252302026,1.3144654088050314,4,1.7005535055350554,0.5685279187817259,0.5863309352517986,0.8782287822878229,5,0.03802281368821293,1.4530386740331491,789,100.0,6.672032945461067,4.23574144486692,8.0,0.2534854245880862,0.1520912547528517,3.0,0.3001841620626151,3.079754601226994,0.6503067484662577,0.2564575645756458,12.0,1.643691177150241,3.2403294657820285,2.5337944230855394,0.03690036900369004,3.0,8.0,4.1875,2.5970540091983887,6.0,3.8549963719009472,24.0,4.123911920187607,True
1,Miniature No. 12: Prelude,Alain Reiher,7,4,VII,Modern,found,dada_gp,,"datasets/DadaGP-v1.1/R/Reiher, Alain/Reiher, Alain - Miniature No. 12.gp4.tokens.txt","datasets/DadaGP-v1.1/R/Reiher, Alain/Reiher, Alain - Miniature No. 12.gp4",,"verified_pieces/dada/xml/Reiher, Alain - Miniature No. 12.musicxml",,0.0,0.87409200968523,4,1.0085158150851583,0.45506692160611856,0.0,0.040145985401459854,2,0.0,1.907103825136612,1047,92.0,6.954638864880987,2.1232091690544412,5.0,0.033428844317096466,0.3113658070678128,2.8000000000000114,0.7814207650273224,1.9836829836829837,0.2564102564102564,0.08759124087591241,8.5,0.9467409346581273,2.5167481946676835,2.378829645641024,0.0,2.75,8.5,8.625,3.453995157384988,8.0,3.9557481751824817,30.0,13.67628565012351,True
1,"Minuet from 'Pensees Melodiques', Op. 38 No. 1",Jose Ferrer,5,3,V,Romantic,found,pdf,pdf-20260524T103936Z-3-001/pdf/Minuet Opus 38 No 1 by Jose Ferrer.pdf,,,,verified_pieces/pdf/xml/Minuet Opus 38 No 1 by Jose Ferrer.musicxml,,0.0,0.7560975609756098,3,1.3758389261744965,0.36524822695035464,0.40476190476190477,0.4899328859060403,4,0.0,1.8866666666666667,283,80.0,5.648974238161206,2.1201413427561837,5.0,0.028268551236749116,0.34275618374558303,2.0,0.6,2.033333333333333,0.4888888888888889,0.21476510067114093,6.5,1.4699518782568337,2.4936397490005837,2.4211018287427866,0.26174496644295303,1.5384615384615385,5.899999999999999,4.5625,1.7139917695473248,4.0,3.4942207307979123,80.0,6.591687242798354,True
1,"Minuet I, BWV 1007",J.S. Bach,8,5,VI,Baroque,found,pdf,pdf-20260524T103936Z-3-001/pdf/BWV1007 Minuet 1 by Johann Sebastian Bach.pdf,,,,verified_pieces/pdf/xml/BWV1007 Minuet 1 by Johann Sebastian Bach.musicxml,,0.0,0.5869565217391305,3,2.7170542635658914,0.6574585635359116,0.6764705882352942,0.6356589147286822,3,0.0,1.4,182,120.0,5.209486152841421,2.802197802197802,5.0,0.04945054945054945,0.2692307692307692,1.5,0.38461538461538464,2.8,0.74,0.27906976744186046,22.0,4.423218272278873,2.506703826531412,2.4439924973603566,0.023255813953488372,1.0,20.93333333333333,2.9375,1.0888888888888888,2.6000000000000014,5.189922480620155,44.0,3.692753623188406,True
1,"Minuet II, BWV 1007",J.S. Bach,6,4,V,Baroque,found,pdf,pdf-20260524T103936Z-3-001/pdf/BWV 1007 Minuet 2 by Johann Sebastian Bach.pdf,,,,verified_pieces/pdf/xml/BWV 1007 Minuet 2 by Johann Sebastian Bach.musicxml,,0.0,0.875,3,2.221774193548387,0.7215189873417721,0.5967741935483871,0.7338709677419355,3,0.0,1.272,159,120.0,5.075173815233827,2.880503144654088,6.0,0.06918238993710692,0.22641509433962265,2.0,0.264,2.909090909090909,0.9090909090909091,0.24193548387096775,22.0,3.7852123237816158,2.8916791124624344,2.4756323089407593,0.008064516129032258,1.625,19.49999999999998,2.625,1.7419354838709677,4.0,3.838709677419355,42.0,2.8892571428571427,True
1,Minuet In A Minor,Henry Purcell,6,4,VIII,Baroque,found,pdf,pdf-20260524T103936Z-3-001/pdf/Minuet in A Minor by Henry Purcell.pdf,,,,verified_pieces/pdf/xml/Minuet in A Minor by Henry Purcell.musicxml,,0.0,0.3333333333333333,2,1.2473958333333335,0.6464646464646465,0.36363636363636365,0.375,2,0.0,1.5384615384615385,100,120.0,4.61512051684126,1.15,3.0,0.0,0.39,1.0,0.4461538461538462,2.9310344827586206,0.5862068965517241,0.015625,2.75,0.6819486653736196,1.9686811355441574,2.244584898626157,0.0,0.6,2.224999999999999,1.9375,0.5,1.0,1.9075520833333333,11.0,2.699055330634278,True
1,Minuet In E,Anonymous,6,3,VII,Baroque,found,pdf,pdf-20260524T103936Z-3-001/pdf/Minuet in E by Anonymous.pdf,,,,verified_pieces/pdf/xml/Minuet in E by Anonymous.musicxml,,0.0,1.0,3,2.231981981981982,0.639269406392694,0.38095238095238093,0.5540540540540541,4,0.0,1.476510067114094,220,96.0,5.3981627015177525,3.168181818181818,7.0,0.15,0.2545454545454545,2.8999999999999986,0.348993288590604,3.480769230769231,0.7115384615384616,0.36486486486486486,9.5,1.6232677455828182,2.670560861146807,2.270810989260741,0.02702702702702703,2.5,6.1750000000000025,2.6875,1.1442307692307692,3.0,3.6041666666666665,10.0,3.2483221476510074,True
1,Minueto en La,Agustin Barrios Mangore,6,6,IX,Romantic,found,dada_gp,,"datasets/DadaGP-v1.1/B/Barrios, Agustin/Barrios, Agustin - Minueto En La.gp4.tokens.txt","datasets/DadaGP-v1.1/B/Barrios, Agustin/Barrios, Agustin - Minueto En La.gp4",,"verified_pieces/dada/xml/Barrios, Agustin - Minueto En La.musicxml",,0.007009345794392523,2.685483870967742,11,2.482669789227166,0.6461538461538462,0.22115384615384615,0.2786885245901639,4,0.0,1.5210280373831775,651,120.0,6.480044561926653,3.7235023041474653,9.0,0.19815668202764977,0.19508448540706605,8.0,0.2897196261682243,2.411290322580645,0.28225806451612906,0.39344262295081966,8.666666666666668,1.880003571560997,3.123182852843969,2.158882897182404,0.00936768149882904,9.0,7.426666666666662,4.625,6.282258064516129,16.0,8.729864658616025,84.03361344538405,5.598243122750239,True
1,Minueto en Mi,Agustin Barrios Mangore,8,6,IX,Romantic,found,pdf,pdf-20260524T103936Z-3-001/pdf/Minueto En Mi by Agustin Barrios Mangore.pdf,,,,verified_pieces/pdf/xml/Minueto En Mi by Agustin Barrios Mangore.musicxml,,0.0,1.5319148936170213,4,2.2273504273504274,0.7489539748953975,0.5197368421052632,0.5743589743589743,5,0.0,1.225063938618926,479,108.0,6.173786103901937,5.701461377870563,10.0,0.4363256784968685,0.07933194154488518,3.0,0.12020460358056266,3.1702127659574466,0.8723404255319149,0.3128205128205128,18.0,2.1411431804916536,3.4904041334362272,2.4995536874197315,0.010256410256410256,2.1538461538461537,10.649999999999991,4.25,3.134751773049645,6.799999999999997,6.794586894586894,68.0,3.8228379582961924,True
1,Minueto en Si Mayor,Agustin Barrios Mangore,8,8,IX,Romantic,found,pdf,pdf-20260524T103936Z-3-001/pdf/Minueto En Si Mayor by Agustin Barrios Mangore.pdf,,,,verified_pieces/pdf/xml/Minueto En Si Mayor by Agustin Barrios Mangore.musicxml,,0.0,1.369047619047619,4,1.7364341085271315,0.5508982035928144,0.4977973568281938,0.41569767441860467,2,0.0,1.4550724637681158,502,120.0,6.220590170099739,4.597609561752988,9.0,0.28884462151394424,0.08764940239043825,2.0,0.24347826086956523,3.2023809523809526,0.4880952380952381,0.2441860465116279,11.0,1.6099035625777194,3.269949265624479,2.409247872071281,0.13372093023255813,1.8333333333333333,7.649999999999999,4.4375,3.583049886621316,8.0,6.251003599114064,80.0,5.217474120082816,True
1,Moderato,Dionisio Aguado,1,1,I,Classical,found,dada_gp,,"datasets/DadaGP-v1.1/A/Aguado, Dionso/Aguado, Dionso - Moderato.gp3.tokens.txt","datasets/DadaGP-v1.1/A/Aguado, Dionso/Aguado, Dionso - Moderato.gp3",,"verified_pieces/dada/xml/Aguado, Dionso - Moderato.musicxml",,0.0,0.5625,2,0.9310344827586207,0.4126984126984127,0.0,0.06896551724137931,1,0.0,2.1333333333333333,64,200.0,4.174387269895637,1.3125,3.0,0.0,0.390625,1.5,0.6,2.3333333333333335,0.6111111111111112,0.0,2.0,0.7382764973574623,1.8952510970005558,2.104680893634668,0.0,,,,,,,,,False
1,"Moderato, Op. 31 no. 1",Ferdinando Sor,1,1,I,Classical,found,dada_gp,,"datasets/DadaGP-v1.1/S/Sor, Fernando/Sor, Fernando - Op. 31 - No 1 (Study In C Major).gp4.tokens.txt","datasets/DadaGP-v1.1/S/Sor, Fernando/Sor, Fernando - Op. 31 - No 1 (Study In C Major).gp4",,"verified_pieces/dada/xml/Sor, Fernando - Op. 31 - No 1 (Study In C Major).musicxml",,0.0,0.5740740740740741,2,1.0916030534351144,0.5846153846153846,0.4827586206896552,0.6641221374045801,2,0.0,1.4848484848484849,196,100.0,5.2832037287379885,1.2091836734693877,3.0,0.0,0.41836734693877553,2.0,0.4696969696969697,2.370967741935484,0.24193548387096775,0.09923664122137404,3.0,0.9054574288228706,1.886711707497414,2.251893976682119,0.0916030534351145,2.0,3.0,1.6875,0.5031446540880503,1.0,1.052798982188295,3.0,2.0351769442678536,True
1,"Moderato, Op. 35 no. 17",Fernando Sor,5,3,V,Classical,found,pdf,pdf-20260524T103936Z-3-001/pdf/Opus 35 No 17 in D by Fernando Sor.pdf,,,,verified_pieces/pdf/xml/Opus 35 No 17 in D by Fernando Sor.musicxml,gaps_v1/musicxml/Opus 35 No 17 in D by Fernando Sor.xml,0.0,0.3333333333333333,2,1.7114624505928853,0.7443609022556391,0.8602620087336245,1.6284584980237153,5,0.0,1.0511811023622046,267,120.0,5.5909869805108565,1.9325842696629214,4.0,0.003745318352059925,0.30337078651685395,1.0,0.051181102362204724,1.7692307692307692,0.7692307692307693,0.20553359683794467,22.0,2.176443012198788,2.306308154113397,2.437711614879294,0.023715415019762844,1.0,15.349999999999973,2.625,0.6666666666666666,2.0,3.3807641633728593,44.0,2.192698080708661,True
1,"Moderato, Op. 39 no. 15",Anton Diabelli,1,1,II,Classical,found,pdf,pdf-20260524T103936Z-3-001/pdf/Opus 39 No 15 by Anton Diabelli.pdf,,,,verified_pieces/pdf/xml/Opus 39 No 15 by Anton Diabelli.musicxml,,0.0,0.0,0,1.7951807228915662,0.8876404494382022,0.43661971830985913,0.7951807228915663,5,0.0,1.0714285714285714,90,120.0,4.51085950651685,1.8888888888888888,3.1000000000000085,0.0,0.2777777777777778,0.0,0.07142857142857142,2.5,0.5,0.21686746987951808,5.0,0.9475273610135788,2.198766663661321,2.2411714310520323,0.024096385542168676,0.0,3.3499999999999996,2.0625,0.0,0.0,3.4457831325301207,7.0,2.119309262166405,True
1,Monotonia,Rodrigo Riera,5,4,III,Modern,found,pdf,pdf-20260524T103936Z-3-001/pdf/Monotonia by Rodrigo Riera.pdf,,,,verified_pieces/pdf/xml/Monotonia by Rodrigo Riera.musicxml,,0.0,0.8888888888888888,2,1.5207619047619048,0.6933962264150944,0.8545454545454545,1.3085714285714285,4,0.0,1.2102272727272727,213,120.0,5.365976015021851,1.6384976525821595,3.0,0.03755868544600939,0.3145539906103286,1.2000000000000002,0.05113636363636364,4.111111111111111,0.5555555555555556,0.17142857142857143,7.0,1.1257311093739237,2.363852034759011,2.296780235721975,0.05142857142857143,2.0,6.719999999999996,3.0625,0.8333333333333333,1.5333333333333332,2.977650793650794,14.0,2.6851917613636362,True
1,Moonlight Sonata,Ludwig van Beethoven,12,7,X,Classical,found,pdf,pdf-20260524T103936Z-3-001/pdf/Moonlight Sonata by Ludwig van beethoven.pdf,,,,verified_pieces/pdf/xml/Moonlight Sonata by Ludwig van beethoven.musicxml,,0.0,1.5353535353535352,21,1.9292252734985487,0.4077490774907749,0.4345193035579107,0.5780308104487609,4,0.0,1.0890227576974565,1627,40.0,7.395107546562485,4.2728948985863555,9.0,0.16656422864167178,0.20467117393976644,3.0,0.07429718875502007,3.315315315315315,0.36036036036036034,0.174146014735432,22.0,4.463397635397338,3.3842646676067125,2.346314425883217,0.49765572672471536,21.0,21.5,7.4375,3.0306122448979593,10.599999999999994,22.872041750390707,352.0,5.977111623103561,True
1,Mrs. Anne Harecourt's Galliard,Francis Pilkington,7,4,VII,Renaissance,found,pdf,pdf-20260524T103936Z-3-001/pdf/Mrs Anne Harcourts Galliard by Francis Pilkington.pdf,,,,verified_pieces/pdf/xml/Mrs Anne Harcourts Galliard by Francis Pilkington.musicxml,,0.0,1.0677966101694916,5,2.337301587301587,0.41578947368421054,0.5714285714285714,0.21428571428571427,2,0.0,2.2470588235294118,191,120.0,5.2574953720277815,4.204188481675392,8.0,0.31413612565445026,0.17277486910994763,2.0,0.6941176470588235,3.0677966101694913,0.7288135593220338,0.42857142857142855,10.666666666666666,2.0556455670676517,3.081556211697516,2.268904615730647,0.05952380952380952,1.8571428571428572,10.666666666666666,3.5625,1.310734463276836,2.133333333333335,3.095568783068783,16.0,6.131260504201681,True
1,Mrs. Winter's Jump,John Dowland,5,4,IV,Renaissance,found,dada_gp,,"datasets/DadaGP-v1.1/D/Dowland, John/Dowland, John - Mrs Winter_'s Jump.gp3.tokens.txt","datasets/DadaGP-v1.1/D/Dowland, John/Dowland, John - Mrs Winter_'s Jump.gp3",,"verified_pieces/dada/xml/Dowland, John - Mrs Winter_'s Jump.musicxml",,0.015151515151515152,0.3076923076923077,2,1.7692307692307694,0.5825242718446602,0.4782608695652174,0.46153846153846156,5,0.0,1.5757575757575757,104,120.0,4.653960350157523,1.6442307692307692,4.0,0.009615384615384616,0.40384615384615385,1.0,0.42424242424242425,3.5,0.7142857142857143,0.2923076923076923,5.0,1.2440258289058466,2.1304073885160273,2.379827166228669,0.0,1.0,5.0,3.1875,0.5733333333333333,2.0,5.013675213675214,24.0,4.750109793588054,True
1,"Nocturne, Op. 4 no. 1",Johann Kaspar Mertz,8,5,VIII,Romantic,found,pdf,pdf-20260524T103936Z-3-001/pdf/mertz-op4-1.pdf,,,,verified_pieces/pdf/xml/mertz-op4-1.musicxml,,0.002976190476190476,0.652027027027027,3,0.7097615499254843,0.2545612510860122,0.1390728476821192,0.17138599105812222,4,0.0,1.7142857142857142,1152,64.0,7.050122520269059,1.6857638888888888,3.900000000000091,0.036458333333333336,0.3289930555555556,2.0,0.4494047619047619,2.377483443708609,0.2251655629139073,0.08792846497764531,10.0,1.2595863279694381,2.4417457354704295,2.3662999371267768,0.5409836065573771,1.0,4.608333333333331,16.5,5.266666666666667,16.0,8.930907435005796,160.0,13.497528528711783,True
1,"Nocturne, Op. 4 no. 2",Johann Kaspar Mertz,5,3,III,Romantic,found,pdf,pdf-20260524T103936Z-3-001/pdf/Opus 4 No 2 Part 1 Nocturne by Johann Kaspar Mertz.pdf,,,,verified_pieces/pdf/xml/Opus 4 No 2 Part 1 Nocturne by Johann Kaspar Mertz.musicxml,,0.0,0.6666666666666666,10,0.9636416521233276,0.23229461756373937,0.41025641025641024,0.3717277486910995,4,0.0,1.8466898954703832,1060,63.0,6.966967138613983,1.0660377358490567,3.0,0.009433962264150943,0.48867924528301887,2.0,0.44773519163763065,2.8560311284046693,0.13229571984435798,0.08551483420593368,22.0,2.553985953843203,1.925173014908841,2.3326414969752354,0.5322862129144852,2.0,11.0,20.125,6.148305084745763,32.0,12.005962769051774,352.0,19.1558780594359,True
1,Ode to Joy,Ludwig van Beethoven,2,1,II,Romantic,found,pdf,pdf-20260524T103936Z-3-001/pdf/Ode to Joy by Ludwig van Beethoven.pdf,,,,verified_pieces/pdf/xml/Ode to Joy by Ludwig van Beethoven.musicxml,,0.0,0.4883720930232558,2,1.4210526315789473,0.5986394557823129,0.8571428571428571,1.1368421052631579,2,0.0,1.5416666666666667,148,120.0,5.003946305945459,1.0675675675675675,3.0,0.0,0.5067567567567568,1.0,0.4583333333333333,3.1818181818181817,0.5,0.2,3.0,0.7882885841915758,1.7669261010754118,2.4159036690932516,0.0,2.0,3.0,3.0,0.8571428571428571,2.0,2.7907894736842107,6.0,4.5633333333333335,True
1,Oracion por Todos,Agustin Barrios Mandore,7,6,VIII,Romantic,found,pdf,pdf-20260524T103936Z-3-001/pdf/Oracion por Todos by Augustin Barrios Mangore.pdf,,,,verified_pieces/pdf/xml/Oracion por Todos by Augustin Barrios Mangore.musicxml,,0.0,0.7551020408163265,3,1.4833333333333332,0.451063829787234,0.0,0.8807692307692307,3,0.0,1.8045977011494252,471,60.0,6.156978985585555,4.503184713375796,9.0,0.33121019108280253,0.15074309978768577,2.0,0.7777777777777778,2.2118226600985222,0.42857142857142855,0.19615384615384615,10.5,1.6854518276260118,3.396741911648038,2.3158181272859655,0.1423076923076923,3.0,8.0,6.5625,2.6,8.0,5.783333333333332,36.0,11.038513210927004,True
1,Oremus,Francisco Tarrega,6,5,X,Romantic,found,pdf,pdf-20260524T103936Z-3-001/pdf/tarrega-oremus.pdf,,,,verified_pieces/pdf/xml/tarrega-oremus.musicxml,,0.0,0.9,3,2.7857142857142856,0.65,0.9090909090909091,2.1,3,0.0,1.4225352112676057,101,35.0,4.624972813284271,3.792079207920792,10.0,0.2079207920792079,0.2079207920792079,2.0,0.4225352112676056,1.1666666666666667,0.6333333333333333,0.2571428571428571,12.0,3.0385281076903814,3.159005891316778,2.325517750965917,0.014285714285714285,1.0,10.0,5.75,3.6,8.0,11.142857142857142,48.0,7.982003129890454,True
1,Oriental,Isaac Albeniz,15,9,All,Romantic,found,pdf,pdf-20260524T103936Z-3-001/pdf/Opus 232 No 2 Oriental by Issac Albeniz.pdf,,,,verified_pieces/pdf/xml/Opus 232 No 2 Oriental by Issac Albeniz.musicxml,,0.015319148936170212,1.4455645161290323,5,1.3049971607041453,0.35346534653465345,0.12836438923395446,0.22146507666098808,4,0.0,1.72,2021,64.0,7.611842399580417,7.119247897080653,12.0,0.5878278080158338,0.0851063829787234,3.0,0.4246808510638298,2.338677354709419,0.374749498997996,0.1737649063032368,13.0,1.8116132756226297,3.7665784686790986,2.4741692227959313,0.3798977853492334,4.333333333333333,11.099999999999998,9.0,10.255026455026455,32.0,9.380068143100512,200.0,10.58783932990672,True
1,Orlando Sleepeth,John Dowland,4,4,II,Renaissance,found,pdf,pdf-20260524T103936Z-3-001/pdf/Orlando Sleepeth by John Dowland.pdf,,,,verified_pieces/pdf/xml/Orlando Sleepeth by John Dowland.musicxml,,0.0,0.72,2,1.2023809523809523,0.4528301886792453,0.29411764705882354,0.32142857142857145,2,0.0,1.8771929824561404,107,92.0,4.68213122712422,1.4205607476635513,3.0,0.0,0.37383177570093457,2.0,0.47368421052631576,2.7777777777777777,0.6666666666666666,0.10714285714285714,3.5,0.9186743628914511,1.9011814278533712,2.3814493057024917,0.125,1.2,3.125,2.5,0.6875,2.0,1.8139880952380953,6.0,3.8258980785296575,True
1,Pais de Abanico,Agustin Barrios Mandore,11,8,XII,Romantic,found,pdf,pdf-20260524T103936Z-3-001/pdf/barrios-abanico.pdf,,,,verified_pieces/pdf/xml/barrios-abanico.musicxml,,0.020594965675057208,1.1989795918367347,5,1.4980886850152904,0.38171262699564584,0.16666666666666666,0.3669724770642202,5,0.0,1.5789473684210527,690,115.0,6.53813982376767,6.471014492753623,11.0,0.5507246376811594,0.07971014492753623,3.0,0.448512585812357,2.454081632653061,0.4897959183673469,0.2545871559633027,14.0,1.8769899847735652,3.6827566597835353,2.4764660468418263,0.38073394495412843,3.0,9.774999999999999,4.9375,5.6952380952380945,16.0,7.945909785932723,144.0,5.395103357278992,True
1,"Partita for Lute, BWV 997: Sarabande",J.S. Bach,8,6,VII,Baroque,found,pdf,pdf-20260524T103936Z-3-001/pdf/BWV997 Sarabande by Johann Sebastian Bach.pdf,,,,verified_pieces/pdf/xml/BWV997 Sarabande by Johann Sebastian Bach.musicxml,,0.003048780487804878,0.865546218487395,4,1.5716106014271152,0.5389105058365758,0.38461538461538464,0.41896024464831805,4,0.0,1.5701219512195121,515,40.0,6.246106765481563,2.130097087378641,5.0,0.02330097087378641,0.26990291262135924,2.0,0.39634146341463417,2.6538461538461537,0.7230769230769231,0.24770642201834864,7.333333333333333,1.3398123123015326,2.6167546347972905,2.469406152318244,0.09480122324159021,3.0,7.083333333333333,5.8125,2.5861581920903953,8.0,5.707101597009854,28.0,7.927576518412242,True
1,"Partita II, BWV 1004: v. Ciaccona",J.S. Bach,19,8,X,Baroque,found,pdf,pdf-20260524T103936Z-3-001/pdf/BWV 1004 Ciaccona by Johann Sebastian Bach.pdf,,,,verified_pieces/pdf/xml/BWV 1004 Ciaccona by Johann Sebastian Bach.musicxml,,0.0069767441860465115,1.0722689075630252,4,1.8573390938296224,0.6290560471976401,0.621904761904762,0.7630442007311399,5,0.0,1.351827242524917,4069,60.0,8.311398278436641,3.351437699680511,7.0,0.15433767510444826,0.20275251904644875,3.0,0.20664451827242525,2.2057877813504825,0.49356913183279744,0.26154868727151875,11.0,1.6808540263609022,3.1093717883362224,2.4420131055294814,0.04519774011299435,,,,,,,,,False
1,Partita II: BWV 1004: iv. Giga,J.S. Bach,15,7,IX,Baroque,found,pdf,pdf-20260524T103936Z-3-001/pdf/BWV 1004 4 Giga by Johann Sebastian Bach.pdf,,,,verified_pieces/pdf/xml/BWV 1004 4 Giga by Johann Sebastian Bach.musicxml,,0.0,0.0,0,1.7218124341412013,0.8735511064278187,0.6164383561643836,0.804004214963119,5,0.0,1.0,950,120.0,6.85751406254539,5.996842105263158,8.0,0.4789473684210526,0.0431578947368421,0.0,0.0,0.0,0.0,0.23182297154899895,9.0,1.164344939734904,2.711490216821752,2.400990128701622,0.002107481559536354,0.0,5.0,4.0,0.0,0.0,6.755883386020373,36.0,3.8114343029087263,True
1,Partita III: BWV 1006: i. Preludio,J.S. Bach,17,9,X,Baroque,found,pdf,pdf-20260524T103936Z-3-001/pdf/BWV 1006 Preludio by Johann Sebastian Bach.pdf,,,,verified_pieces/pdf/xml/BWV 1006 Preludio by Johann Sebastian Bach.musicxml,,0.0012360939431396785,1.0,2,2.735148514851485,0.8776009791921665,0.6079900124843945,0.8985148514851485,4,0.0,1.011124845488257,818,80.0,6.70808408385307,6.167481662591687,11.0,0.43031784841075793,0.10146699266503667,2.0,0.004944375772558714,2.25,0.75,0.3948019801980198,14.0,2.491401495862701,3.4238654429223407,2.2952181243929455,0.038366336633663366,2.0,13.799999999999997,4.3125,1.5,3.4000000000000004,10.801567656765679,56.0,3.938572017187592,True
1,Partita III: BWV 1006: ii. Loure,J.S. Bach,11,8,VI,Baroque,found,pdf,pdf-20260524T103936Z-3-001/pdf/BWV1006a Loure by Johann Sebastian Bach.pdf,,,,verified_pieces/pdf/xml/BWV1006a Loure by Johann Sebastian Bach.musicxml,,0.011235955056179775,1.446808510638298,5,1.6005639097744362,0.48711943793911006,0.3277310924369748,0.3082706766917293,3,0.0,1.6029962546816479,428,100.0,6.061456918928017,4.240654205607477,7.0,0.1588785046728972,0.06775700934579439,2.0,0.352059925093633,2.6595744680851063,0.6914893617021277,0.18045112781954886,21.0,2.4536409052733914,2.9861038022591098,2.2828602792562775,0.18796992481203006,2.5714285714285716,18.599999999999994,4.0625,5.4214029697900665,28.799999999999955,6.512949039264829,272.0,4.524863294336325,True
1,Partita III: BWV 1006: v. Bourree,J.S. Bach,12,7,VII,Baroque,found,pdf,pdf-20260524T103936Z-3-001/pdf/BWV 1006a Bourree by Johann Sebastian Bach.pdf,,,,verified_pieces/pdf/xml/BWV 1006a Bourree by Johann Sebastian Bach.musicxml,,0.0,0.5111111111111111,3,2.132616487455197,0.7737003058103975,0.6473684210526316,0.7741935483870968,4,0.0,1.1714285714285715,328,160.0,5.796057750765372,3.1554878048780486,7.0,0.11280487804878049,0.20426829268292682,1.0,0.17142857142857143,2.7708333333333335,0.6875,0.34408602150537637,7.0,1.543390567651616,2.8228405012972697,2.304885852138275,0.007168458781362007,2.0,7.0,2.4375,0.9777777777777777,2.0,4.112903225806452,14.0,2.5445600756859035,True
1,Partita III: BWV 1006: vi. Gigue,J.S. Bach,14,7,V,Baroque,found,pdf,pdf-20260524T103936Z-3-001/pdf/BWV 1006 Gigue From Partita No 3 by Johann Sebastian Bach.pdf,,,,verified_pieces/pdf/xml/BWV 1006 Gigue From Partita No 3 by Johann Sebastian Bach.musicxml,,0.0,0.0,0,2.226361031518625,0.9054441260744985,0.40974212034383956,0.6103151862464183,5,0.0,1.0,350,120.0,5.860786223465865,4.054285714285714,7.0,0.1657142857142857,0.10285714285714286,0.0,0.0,0.0,0.0,0.36962750716332377,7.0,1.310217154850833,2.7698542963907267,2.3211532847407663,0.025787965616045846,0.0,5.0,3.8125,0.0,0.0,8.25978987583572,28.0,3.3653846153846154,True
1,"Partita in A Minor, BWV 1013: i. Allemande",J.S. Bach,12,7,All,Baroque,found,pdf,pdf-20260524T103936Z-3-001/pdf/bach-bwv1013-allemande.pdf,,,,verified_pieces/pdf/xml/bach-bwv1013-allemande.musicxml,,0.0,0.6785714285714286,3,1.4232142857142858,0.5477759472817133,0.41114616193480547,0.5651785714285714,4,0.0,1.0838537020517396,1215,67.0,7.103322062526113,4.642798353909465,10.0,0.3358024691358025,0.1440329218106996,2.0,0.07939339875111508,2.764044943820225,0.8202247191011236,0.18571428571428572,17.0,2.03175602017324,3.444733349116574,2.1051540699353306,0.3517857142857143,3.0,10.599999999999998,5.4375,3.380952380952381,8.0,6.535767431972789,160.0,2.284518699759928,True
1,"Partita in A Minor, BWV 1013: iii. Sarabande",J.S. Bach,11,7,All,Baroque,found,pdf,pdf-20260524T103936Z-3-001/pdf/BWV1013 Sarabande by Johann Sebastian Bach.pdf,,,,verified_pieces/pdf/xml/BWV1013 Sarabande by Johann Sebastian Bach.musicxml,,0.0,0.7840909090909091,4,0.639539204756596,0.2767695099818512,0.07728706624605679,0.1616499442586399,4,0.0,1.2282850779510022,1103,80.0,7.00669522683704,2.941069809610154,7.0,0.13055303717135086,0.14959202175883954,2.0,0.20489977728285078,2.5869565217391304,0.375,0.09921962095875139,8.0,1.1675056221102633,2.9262816261438607,2.2717161112761177,0.6588628762541806,3.0,6.416666666666667,4.0625,3.3076190476190477,8.0,2.1665295252251773,56.0,1.490427327810732,True
1,"Partita in A Minor, BWV 1013: iv. Bourree Anglaise",J.S. Bach,9,6,VII,Baroque,found,pdf,pdf-20260524T103936Z-3-001/pdf/bach-bwv1013-bourree-anglaise.pdf,,,,verified_pieces/pdf/xml/bach-bwv1013-bourree-anglaise.musicxml,,0.0,0.3835616438356164,3,1.0989345509893456,0.5389876880984952,0.3313840155945419,0.4977168949771689,5,0.0,1.1124620060790273,732,120.0,6.597145701886651,3.209016393442623,7.0,0.14207650273224043,0.16393442622950818,1.0,0.11246200607902736,2.7972972972972974,0.581081081081081,0.1491628614916286,10.0,1.3829629003860808,3.1095500637374793,2.2154199997380033,0.350076103500761,2.0,6.824999999999999,4.375,1.5342465753424657,4.0,3.95535261288686,40.0,2.1422484405125894,True
1,"Partita No. 1, BWV 825: ii. Allemande",J.S. Bach,12,7,IX,Baroque,found,pdf,pdf-20260524T103936Z-3-001/pdf/bach-bwv825-allemande.pdf,,,,verified_pieces/pdf/xml/bach-bwv825-allemande.musicxml,,0.0,0.7718631178707225,4,2.12472497249725,0.6261061946902655,0.6776315789473685,0.6782178217821783,5,0.0,1.4909390444810544,905,75.0,6.80903930604298,3.5082872928176796,9.0,0.2132596685082873,0.22320441988950276,2.0,0.4596375617792422,2.695340501792115,0.5878136200716846,0.35313531353135313,11.0,1.7270069099902734,3.120036794923364,2.5149873794518816,0.01485148514851485,2.0,7.75,6.125,2.6259541984732824,8.0,8.024477447744776,44.0,7.167595406402945,True
1,"Partita No. 1, BWV 825: iii. Corrente",J.S. Bach,14,6,VII,Baroque,found,pdf,pdf-20260524T103936Z-3-001/pdf/bach-bwv825-corante.pdf,,,,verified_pieces/pdf/xml/bach-bwv825-corante.musicxml,,0.0,0.7,3,2.3248945147679327,0.6771428571428572,0.6993464052287581,0.7992766726943942,5,0.0,1.2653429602888087,701,100.0,6.553933404025811,3.7146932952924394,8.0,0.2211126961483595,0.21255349500713266,2.0,0.24548736462093862,2.5808823529411766,0.6470588235294118,0.3779385171790235,11.0,2.1430012608916713,3.124208346265866,2.470353480566102,0.05063291139240506,2.0,9.399999999999999,4.4375,2.0852713178294575,6.400000000000006,7.663954189270644,44.0,4.348065760600269,True
1,"Partita No. 1, BWV 825: iv.  Sarabande",J.S. Bach,11,8,IX,Baroque,found,pdf,pdf-20260524T103936Z-3-001/pdf/BWV 825 Sarabande by Johann Sebastian Bach.pdf,,,,verified_pieces/pdf/xml/BWV 825 Sarabande by Johann Sebastian Bach.musicxml,,0.0,1.015625,4,1.7790037243947858,0.721030042918455,0.3148936170212766,0.3854748603351955,2,0.0,1.3008356545961002,467,70.0,6.148468295917647,3.329764453961456,7.0,0.13704496788008566,0.1734475374732334,2.0,0.181058495821727,2.9692307692307693,0.8923076923076924,0.2206703910614525,6.5,1.237875663494887,2.986778133685219,2.348873051838881,0.019553072625698324,,,,,,,,,False
1,"Partita No. 1, BWV 825: v.  Minuet I and II",J.S. Bach,8,5,VII,Baroque,found,pdf,pdf-20260524T103936Z-3-001/pdf/bach-bwv825-minuets.pdf,,,,verified_pieces/pdf/xml/bach-bwv825-minuets.musicxml,,0.0,0.8734939759036144,3,1.6418650793650793,0.5291970802919708,0.3125,0.6220238095238095,3,0.0,1.629080118694362,549,170.0,6.309918278226516,3.0418943533697633,7.0,0.12932604735883424,0.20765027322404372,2.0,0.5044510385756676,2.911764705882353,0.5411764705882353,0.23511904761904762,9.0,1.6278353246659456,2.8472806201770577,2.4330861615139026,0.12202380952380952,1.6666666666666667,7.249999999999993,4.125,1.6626262626262625,4.0,3.699900793650794,36.0,5.177221332348508,True
1,"Partita, BWV 1002: v. Sarabande",J.S. Bach,7,5,VII,Baroque,found,dada_gp,,"datasets/DadaGP-v1.1/B/Bach, Johann Sebastian/Bach, Johann Sebastian - Sarabande - Bwv 1002.gp4.tokens.txt","datasets/DadaGP-v1.1/B/Bach, Johann Sebastian/Bach, Johann Sebastian - Sarabande - Bwv 1002.gp4",,"verified_pieces/dada/xml/Bach, Johann Sebastian - Sarabande - Bwv 1002.musicxml",,0.012987012987012988,1.2393162393162394,6,1.3050108932461875,0.3819628647214854,0.3157894736842105,0.0718954248366013,1,0.037037037037037035,2.4545454545454546,378,56.0,5.937536205082426,2.7169312169312168,6.0,0.082010582010582,0.23015873015873015,3.0,0.7922077922077922,2.8688524590163933,0.7950819672131147,0.17647058823529413,7.0,1.1891882906970663,2.7392433673730574,2.4490581627360304,0.006535947712418301,3.0,6.699999999999996,5.0625,2.192528748048461,6.0,2.401125637792773,14.0,9.976539589442815,True
1,Passacaglia,Lodvico Roncalli,10,5,VII,Baroque,found,pdf,pdf-20260524T103936Z-3-001/pdf/Passacaglia by Lodovico Roncalli.pdf,,,,verified_pieces/pdf/xml/Passacaglia by Lodovico Roncalli.musicxml,,0.026385224274406333,1.373913043478261,3,1.559196271101033,0.5306122448979592,0.18134715025906736,0.17989417989417988,4,0.0,1.683377308707124,638,60.0,6.459904454377535,3.2037617554858935,6.0,0.03761755485893417,0.1238244514106583,3.0,0.3034300791556728,2.6608695652173915,0.6260869565217392,0.17195767195767195,8.0,1.1695158111195891,2.7618865077557575,2.3161364721502147,0.07671957671957672,2.1666666666666665,4.799999999999997,7.0,3.6228070175438596,8.0,5.319412950365332,32.0,8.167260250609468,True
1,Passacaille,Robert de Visee,7,4,VII,Baroque,found,pdf,pdf-20260524T103936Z-3-001/pdf/Passacaille by Robert de Visee.pdf,"datasets/DadaGP-v1.1/D/De Visee, Robert/De Visee, Robert - Passacaille En Mi Mineur.gp4.tokens.txt","datasets/DadaGP-v1.1/D/De Visee, Robert/De Visee, Robert - Passacaille En Mi Mineur.gp4",,verified_pieces/pdf/xml/Passacaille by Robert de Visee.musicxml,,0.0,1.2,20,1.5783242258652097,0.425531914893617,0.46938775510204084,0.4371584699453552,4,0.0,2.0489130434782608,377,120.0,5.934894195619588,1.909814323607427,4.0,0.042440318302387266,0.3952254641909814,2.0,0.47282608695652173,3.3908045977011496,0.3793103448275862,0.1912568306010929,7.333333333333333,1.2254625472381013,2.3050896426704592,2.4265217896604216,0.06557377049180328,7.0,5.333333333333329,2.5,1.0405405405405408,2.0,1.5074377656344868,6.666666666666667,3.660854110859262,True
1,Passacaille,Silvius Leopold Weiss,11,5,IX,Baroque,found,pdf,pdf-20260524T103936Z-3-001/pdf/Passacaille by Silvius Leopold Weiss.pdf,,,,verified_pieces/pdf/xml/Passacaille by Silvius Leopold Weiss.musicxml,,0.002638522427440633,1.05,4,1.9834214002642006,0.7129337539432177,0.580078125,0.857331571994716,5,0.0,1.2559366754617414,952,85.0,6.859614903654202,3.5021008403361344,7.0,0.17857142857142858,0.20693277310924368,2.0,0.19261213720316622,2.7260273972602738,0.589041095890411,0.31175693527080584,10.0,1.4879204375269428,2.9867827879876647,2.2214254849375314,0.04095112285336856,3.0,7.599999999999987,4.625,2.0599520383693046,4.0,6.590907089387935,40.0,4.416072816397333,True
1,Pastoral,Joaquin Rodrigo,13,6,XI,Modern,found,pdf,pdf-20260524T103936Z-3-001/pdf/Pastorale by Joaquin Rodrigo.pdf,,,,verified_pieces/pdf/xml/Pastorale by Joaquin Rodrigo.musicxml,,0.01532567049808429,1.2941176470588236,9,1.6452564102564102,0.4381818181818182,0.6875,0.5038461538461538,4,0.0,2.111111111111111,551,120.0,6.313548046277095,3.206896551724138,7.0,0.11070780399274047,0.1996370235934664,3.0,0.5938697318007663,3.096774193548387,0.4645161290322581,0.22692307692307692,7.666666666666666,1.5588727773500897,2.916214787073649,2.458529733280431,0.007692307692307693,,,,,,,,,False
1,Pavan I,Luis Milan,6,3,III,Renaissance,found,pdf,pdf-20260524T103936Z-3-001/pdf/Pavan I by Luys Milan.pdf,,,,verified_pieces/pdf/xml/Pavan I by Luys Milan.musicxml,,0.04430379746835443,1.1066666666666667,4,1.5583864118895967,0.3982808022922636,0.46296296296296297,0.4140127388535032,4,0.0,2.2151898734177213,350,130.0,5.860786223465865,1.5771428571428572,3.0,0.005714285714285714,0.36857142857142855,2.0,0.4810126582278481,3.25,0.3684210526315789,0.18471337579617833,18.0,2.1418525361559624,2.242959138008503,2.3999208382182426,0.08917197452229299,2.8,16.34999999999999,4.0625,1.3558558558558558,3.700000000000003,3.2014331210191083,72.0,6.683762549105193,True
1,Pavan VI,Luis Milan,6,4,II,Renaissance,found,pdf,pdf-20260524T103936Z-3-001/pdf/Pavana 6 by Luys Milan.pdf,,,,verified_pieces/pdf/xml/Pavana 6 by Luys Milan.musicxml,,0.009433962264150943,0.851063829787234,3,1.6531746031746033,0.5228426395939086,0.21428571428571427,0.23809523809523808,1,0.0,1.8679245283018868,198,140.0,5.293304824724492,2.080808080808081,4.0,0.0,0.25757575757575757,2.0,0.4528301886792453,2.8333333333333335,0.6458333333333334,0.20952380952380953,5.333333333333333,1.1837817063309815,2.2333529315689082,2.400839135596165,0.009523809523809525,1.75,4.766666666666667,1.75,0.5634057971014492,1.25,1.5305555555555557,5.333333333333333,2.6800656275635766,True
1,Pavana I,Luis Milan,3,2,III,Renaissance,found,dada_gp,,"datasets/DadaGP-v1.1/M/Milan, Luis/Milan, Luis - Pavana.gp3.tokens.txt","datasets/DadaGP-v1.1/M/Milan, Luis/Milan, Luis - Pavana.gp3",,"verified_pieces/dada/xml/Milan, Luis - Pavana.musicxml",,0.0457516339869281,0.9826086956521739,3,0.9866228070175437,0.2681912681912682,0.5714285714285714,0.15789473684210525,3,0.0,3.150326797385621,482,112.0,6.180016653652572,1.329875518672199,3.0,0.0,0.43983402489626555,2.0,0.7777777777777778,3.092436974789916,0.42016806722689076,0.11842105263157894,3.75,0.9068836803980087,2.121274817003979,2.428209067441773,0.046052631578947366,2.076923076923077,3.4499999999999993,5.4375,1.3333333333333333,3.700000000000003,1.9610745614035086,12.0,13.55765639589169,True
1,Pavana VI,Luis Milan,4,2,III,Renaissance,found,gaps,,,,lf1wc,datasets/gaps_v1/readable_musicxml/Luys Milan - Pavana 6.xml,,0.009259259259259259,0.9387755102040817,3,1.5708722741433023,0.49047619047619045,0.21428571428571427,0.19626168224299065,1,0.0,1.9537037037037037,211,100.0,5.356586274672012,2.104265402843602,4.0,0.0,0.25118483412322273,2.0,0.46296296296296297,2.82,0.68,0.19626168224299065,5.333333333333333,1.2119496180653224,2.229289288568802,2.3778667927226467,0.028037383177570093,1.6,4.766666666666667,1.9375,0.6458333333333334,1.5,1.460669781931464,5.333333333333333,2.9871846484165325,True
1,Pavane,Gabriel Faure,11,6,X,Romantic,found,dada_gp,,"datasets/DadaGP-v1.1/F/Faure, Gabriel/Faure, Gabriel - Pavane.gp4.tokens.txt","datasets/DadaGP-v1.1/F/Faure, Gabriel/Faure, Gabriel - Pavane.gp4",,"verified_pieces/dada/xml/Faure, Gabriel - Pavane.musicxml",,0.0010834236186348862,1.6194444444444445,12,1.762292118582791,0.616398243045388,0.5777777777777777,0.559652928416486,4,0.0,1.4810400866738895,1367,80.0,7.221105098182496,2.822970007315289,5.0,0.07388441843452817,0.14776883686905634,4.0,0.39544962080173346,2.0904109589041098,0.5780821917808219,0.23427331887201736,12.0,1.555627412154091,2.8257483717261676,2.3644163602433697,0.010845986984815618,12.0,9.399999999999991,4.0,3.158325999730889,8.0,4.694022492005445,48.0,4.866783169430787,True
1,Pepita,Agustin Barrios Mangore,12,8,All,Romantic,found,pdf,pdf-20260524T103936Z-3-001/pdf/barrios-pepita.pdf,,,,verified_pieces/pdf/xml/barrios-pepita.musicxml,,0.009594882729211088,1.3175803402646502,8,1.9986837424404127,0.428087986463621,0.602803738317757,0.6776947705442903,5,0.0,1.8912579957356077,1774,120.0,7.4815557019095165,6.109357384441939,11.0,0.5264937993235626,0.12514092446448705,3.0,0.5660980810234542,2.5386064030131825,0.3728813559322034,0.2913553895410886,15.0,2.307197231347047,3.652857684091363,2.483890016159758,0.13233724653148346,5.333333333333333,12.799999999999997,4.0,1.6792929292929295,4.0,3.4564779522623708,64.0,4.745952342936919,True
1,Pericon,Agustin Barrios Mangore,13,7,XIII,Romantic,found,pdf,pdf-20260524T103936Z-3-001/pdf/Pericon by Agustin Barrios Mangore.pdf,,,,verified_pieces/pdf/xml/Pericon by Agustin Barrios Mangore.musicxml,,0.0021994134897360706,1.4497607655502391,6,1.3644778674492541,0.4381099126861839,0.5278154681139756,0.8268525311812179,5,0.0,1.4281524926686218,1948,130.0,7.575071699507561,4.762833675564682,10.0,0.303388090349076,0.07597535934291581,3.0,0.3189149560117302,2.586206896551724,0.33793103448275863,0.1672780630961115,22.0,2.0631768618829627,3.4437184318779996,2.5373131803080535,0.30300807043286865,3.6666666666666665,10.449999999999996,11.6875,9.345323741007196,32.0,7.562435803374907,184.0,6.909757356643217,True
1,Petite Piece,Wolfgang Amadeus Mozart,4,2,II,Classical,found,pdf,pdf-20260524T103936Z-3-001/pdf/Petite Piece in C by Wolfgang Amadeus Mozart.pdf,,,,verified_pieces/pdf/xml/Petite Piece in C by Wolfgang Amadeus Mozart.musicxml,,0.0,0.6981132075471698,2,1.135135135135135,0.4835164835164835,0.15789473684210525,0.3783783783783784,2,0.0,1.6339285714285714,183,120.0,5.214935757608986,1.5191256830601092,3.0,0.0,0.3224043715846995,2.0,0.5625,2.238095238095238,0.3333333333333333,0.0990990990990991,3.0,0.8514585947039658,2.08068656791118,2.297932094314357,0.17117117117117117,2.0,3.0,3.5625,1.1730769230769231,2.0,2.364864864864865,6.0,4.942296340023613,True
1,Pezzo Tedesco,Anonymous,3,2,I,Renaissance,found,pdf,pdf-20260524T103936Z-3-001/pdf/Pezzo Tedesco by Anonymous.pdf,,,,verified_pieces/pdf/xml/Pezzo Tedesco by Anonymous.musicxml,,0.018518518518518517,0.8032786885245902,2,1.298286604361371,0.3952569169960474,0.2727272727272727,0.09345794392523364,2,0.0,2.3518518518518516,254,120.0,5.541263545158426,1.2244094488188977,3.0,0.0,0.40551181102362205,2.0,0.5833333333333334,3.3968253968253967,0.42857142857142855,0.1588785046728972,4.25,1.055202545555412,2.038037294171165,2.4319412453800564,0.037383177570093455,1.1,4.0875,2.875,0.7777777777777778,2.0,1.750908618899273,6.0,5.973703703703703,True
1,Pictures at an Exhibition: Promenade (Pg. 11),Modest Mussorgsky,18,9,All,Modern,found,pdf,pdf-20260524T103936Z-3-001/pdf/Promenade by Modest Moussorgski.pdf,,,,verified_pieces/pdf/xml/Promenade by Modest Moussorgski.musicxml,,0.022099447513812154,1.7857142857142858,4,1.3833333333333333,0.3904761904761905,0.8571428571428571,0.29444444444444445,2,0.0,2.3259668508287294,421,100.0,6.045005314036012,2.5748218527315916,5.0,0.009501187648456057,0.12351543942992874,3.0,0.7734806629834254,2.6,0.5785714285714286,0.24444444444444444,3.8333333333333335,1.0590075134673251,2.513523306764695,2.471209240487538,0.0,2.888888888888889,3.6583333333333337,3.875,2.597122302158273,4.0,1.9402777777777778,7.333333333333334,7.095884378252863,True
1,Pictures at an Exhibition: V. Ballet of the Little Chickens,Modest Mussorgsky,16,9,All,Modern,found,pdf,pdf-20260524T103936Z-3-001/pdf/Ballet Of The Little Chickens by Modest Moussorgski.pdf,,,,verified_pieces/pdf/xml/Ballet Of The Little Chickens by Modest Moussorgski.musicxml,,0.0,2.4516129032258065,17,3.2504045307443366,0.5319488817891374,0.5179856115107914,0.6286407766990292,4,0.0,1.5181598062953996,627,200.0,6.4425401664681985,7.964912280701754,14.0,0.6347687400318979,0.11961722488038277,3.5999999999999943,0.37530266343825663,2.174193548387097,0.44516129032258067,0.3932038834951456,14.5,3.980590191437613,3.9572128085987788,2.2925025396956,0.17233009708737865,9.0,13.0,5.1875,4.521645021645021,6.0,10.35302049622438,144.0,6.181079211345555,True
1,Pictures at an Exhibition: VII. A Market Place in Limoges,Modest Mussorgsky,15,9,All,Modern,found,pdf,pdf-20260524T103936Z-3-001/pdf/Market At Limoges by Modest Mussorgsky.pdf,,,,verified_pieces/pdf/xml/Market At Limoges by Modest Mussorgsky.musicxml,,0.0058823529411764705,1.9161073825503356,6,1.7167403043691705,0.5127118644067796,0.4672489082969432,0.625920471281296,5,0.0,1.736764705882353,1181,150.0,7.074963197966044,5.504657070279424,10.0,0.384419983065199,0.09737510584250635,3.0,0.43823529411764706,2.251677852348993,0.40939597315436244,0.23858615611192932,10.0,1.7121519084363601,3.5569874737269513,2.4907444913951533,0.07069219440353461,4.0,9.0,7.1875,6.377104377104377,12.0,6.061282932416954,40.0,7.86622863910665,True
1,Pictures at an Exhibition: X.  The Bohatyr Gate of Kiev,Modest Mussorgsky,15,8,All,Modern,found,pdf,pdf-20260524T103936Z-3-001/pdf/The Great Gate At Kiev by Modest Moussorgski.zip,,,,verified_pieces/pdf/xml/The Great Gate At Kiev by Modest Moussorgski.musicxml,,0.07451403887688984,1.7796610169491525,4,1.0694594594594593,0.21503416856492027,0.23529411764705882,0.22054054054054054,3,0.0,2.3714902807775378,2196,145.0,7.69484807238461,15.820127504553733,22.0,0.9590163934426229,0.013205828779599272,3.0,0.7645788336933045,2.110169491525424,0.2330508474576271,0.16108108108108107,18.333333333333332,1.6728452167571677,3.8791095808655136,2.4008279218371396,0.4735135135135135,2.978723404255319,12.05,17.4375,9.487523540489642,32.0,5.994583869583869,200.0,10.597059965076888,True
1,Prelude,Francisco Tarrega,7,5,X,Romantic,found,pdf,pdf-20260524T103936Z-3-001/pdf/Prelude in D Minor by Francisco Tarrega.pdf,,,,verified_pieces/pdf/xml/Prelude in D Minor by Francisco Tarrega.musicxml,gaps_v1/musicxml/Prelude 2 in A Minor by Francisco Tarrega.xml,0.0,1.0,1,4.174603174603175,0.8532110091743119,0.9611650485436893,1.3333333333333333,4,0.0,1.0377358490566038,110,120.0,4.709530201312334,4.6454545454545455,8.0,0.35454545454545455,0.3181818181818182,1.0,0.018867924528301886,2.0,0.5,0.5619047619047619,8.0,3.0377153898315674,2.2496680745345854,1.9739397025491243,0.047619047619047616,1.0,8.0,4.125,1.0,1.0,16.6984126984127,32.0,4.227812718378757,True
1,"Prelude (from Suite #1 for Violoncello, BWV 1007)",J.S. Bach,6,4,VII,Baroque,found,pdf,pdf-20260524T103936Z-3-001/pdf/BWV1007 Prelude by Johann Sebastian Bach.pdf,,,,verified_pieces/pdf/xml/BWV1007 Prelude by Johann Sebastian Bach.musicxml,,0.0,0.3508771929824561,3,2.6956521739130435,0.8042049934296978,0.7255244755244755,0.9942028985507246,4,0.0,1.1027496382054993,762,70.0,6.637258031284457,3.2913385826771653,7.0,0.2125984251968504,0.2952755905511811,1.0,0.08972503617945007,3.338709677419355,0.5483870967741935,0.34057971014492755,14.0,2.7379448140791554,3.0204328225852155,2.383997130085056,0.02608695652173913,3.0,12.0,4.5,1.1607142857142858,4.0,10.067391304347824,56.0,3.9636567184556157,True
1,Prelude 1,Francisco Tarrega,4,5,X,Romantic,found,pdf,pdf-20260524T103936Z-3-001/pdf/Prelude 1 in D Minor by Francisco Tarrega.pdf,,,,verified_pieces/pdf/xml/Prelude 1 in D Minor by Francisco Tarrega.musicxml,,0.0,1.14,3,1.831858407079646,0.47596153846153844,0.2,0.4778761061946903,3,0.0,1.8333333333333333,209,80.0,5.3471075307174685,3.8229665071770333,10.0,0.22488038277511962,0.24401913875598086,3.0,0.4649122807017544,2.3773584905660377,0.8301886792452831,0.24778761061946902,12.0,1.814667051277385,3.2233285648601395,2.511221179342279,0.07964601769911504,1.6875,8.399999999999991,4.5,2.1564625850340136,6.0,3.5449852507374633,24.0,6.18010752688172,True
1,Prelude 2,Francisco Tarrega,7,6,X,Romantic,found,pdf,pdf-20260524T103936Z-3-001/pdf/Prelude 2 in A Minor by Francisco Tarrega.pdf,,,,verified_pieces/pdf/xml/Prelude 2 in A Minor by Francisco Tarrega.musicxml,gaps_v1/musicxml/Prelude 2 in A Minor by Francisco Tarrega.xml,0.0,0.7717391304347826,3,1.8012048192771084,0.5851851851851851,0.5,1.2108433734939759,4,0.0,1.622754491017964,271,100.0,5.605802066295998,4.387453874538745,8.0,0.24723247232472326,0.13653136531365315,2.0,0.5748502994011976,1.71875,0.5104166666666666,0.25903614457831325,6.5,1.4133158650804687,3.3080677392939033,2.4702677503283077,0.006024096385542169,1.3333333333333333,5.575,3.5625,1.6956521739130435,4.0,3.9518072289156625,20.0,5.531653673784507,True
1,Prelude 3,Francisco Tarrega,8,4,X,Romantic,found,pdf,pdf-20260524T103936Z-3-001/pdf/Prelude 3 in G by Francsico Tarrega.pdf,,,,verified_pieces/pdf/xml/Prelude 3 in G by Francsico Tarrega.musicxml,,0.02040816326530612,1.8709677419354838,4,2.075601374570447,0.4099099099099099,0.45454545454545453,0.31958762886597936,5,0.0,2.2755102040816326,223,100.0,5.4116460518550396,6.255605381165919,10.0,0.5605381165919282,0.11210762331838565,3.8999999999999986,0.6326530612244898,2.4516129032258065,0.6290322580645161,0.4020618556701031,9.5,1.8676529393966796,3.396167960193743,2.201029845989345,0.041237113402061855,2.3333333333333335,9.049999999999999,5.0625,3.80327868852459,8.0,5.305841924398625,80.0,10.79656969170647,True
1,Prelude and Allegro,Santiago de Murcia,5,2,V,Baroque,found,pdf,pdf-20260524T103936Z-3-001/pdf/Prelude and Allegro by Santiago de Murcia.pdf,,,,verified_pieces/pdf/xml/Prelude and Allegro by Santiago de Murcia.musicxml,,0.00477326968973747,0.6666666666666666,3,1.5330940988835726,0.5224625623960066,0.41798941798941797,0.4665071770334928,5,0.0,1.4367541766109786,602,120.0,6.401917196727186,2.3853820598006643,5.0,0.054817275747508304,0.2724252491694352,2.0,0.3460620525059666,2.7241379310344827,0.5241379310344828,0.20095693779904306,22.0,1.9956741351662757,2.7611905739895044,2.349642670249726,0.20095693779904306,2.0,20.4,3.1875,1.1193926846100757,4.0,2.4467627401837926,22.0,3.0671135259567697,True
1,Prelude No. 13,Francisco Tarrega,6,6,XI,Romantic,found,pdf,pdf-20260524T103936Z-3-001/pdf/Prelude 13 in D by Francisco Tarrega.pdf,,,,verified_pieces/pdf/xml/Prelude 13 in D by Francisco Tarrega.musicxml,,0.0,1.625,3,1.8225806451612903,0.358974358974359,0.25,0.1935483870967742,3,0.0,2.46875,79,120.0,4.382026634673881,3.1772151898734178,7.200000000000003,0.16455696202531644,0.25316455696202533,3.0,0.5,3.4375,0.75,0.25806451612903225,5.0,1.3344655702533874,2.8515184710439883,2.3678435488319347,0.0967741935483871,2.2222222222222223,5.0,3.6875,2.066666666666667,5.199999999999999,3.2983870967741935,10.0,9.071220930232558,True
1,Prelude No. 4,Francisco Tarrega,8,6,XII,Romantic,found,pdf,pdf-20260524T103936Z-3-001/pdf/Prelude 4 in E by Francisco Tarrega.pdf,,,,verified_pieces/pdf/xml/Prelude 4 in E by Francisco Tarrega.musicxml,,0.038461538461538464,1.569767441860465,4,1.872168284789644,0.38345864661654133,0.5555555555555556,0.14563106796116504,4,0.0,2.5673076923076925,267,60.0,5.5909869805108565,5.790262172284645,11.0,0.41198501872659177,0.0749063670411985,3.0,0.8269230769230769,2.5697674418604652,0.6046511627906976,0.3106796116504854,5.666666666666667,1.1760381544950056,3.396002723696148,2.320009623646132,0.009708737864077669,2.16,5.383333333333334,5.6875,3.2705882352941176,6.0,4.11326860841424,13.333333333333334,13.847902097902098,True
1,Prelude Opus 28 No. 20,Frederic Chopin,10,7,IX,Romantic,found,pdf,pdf-20260524T103936Z-3-001/pdf/Opus 28 No 20 in C Minor by Frederic Chopin.pdf,,,,verified_pieces/pdf/xml/Opus 28 No 20 in C Minor by Frederic Chopin.musicxml,,0.057971014492753624,2.0,18,1.4948529411764704,0.25,0.0,0.08823529411764706,1,0.0,3.2028985507246377,221,50.0,5.402677381872279,5.0588235294117645,9.0,0.28054298642533937,0.058823529411764705,3.0,0.8985507246376812,3.129032258064516,0.7903225806451613,0.25,8.0,1.7386261041430644,3.3729926247118396,2.5491588862931525,0.17647058823529413,6.0,7.8999999999999995,5.625,3.0952380952380945,8.0,2.6641339869281047,29.333333333333336,14.746678743961354,True
1,"Prelude, Op. 28 no. 7",Frederic Chopin,3,3,VII,Romantic,found,pdf,pdf-20260524T103936Z-3-001/pdf/Opus 28 No 7 Prelude by Frederic Chopin.pdf,,,,verified_pieces/pdf/xml/Opus 28 No 7 Prelude by Frederic Chopin.musicxml,,0.0,1.3255813953488371,3,1.347872340425532,0.2246376811594203,0.0,0.1702127659574468,2,0.0,2.8958333333333335,139,93.0,4.941642422609304,3.4964028776978417,8.200000000000003,0.2158273381294964,0.2517985611510791,2.8000000000000043,0.9166666666666666,2.909090909090909,0.6363636363636364,0.2978723404255319,6.75,1.5864512675670095,3.161514545990942,2.4857675511910493,0.23404255319148937,3.0,6.370833333333334,3.3125,1.7976190476190477,3.8999999999999986,1.9486997635933803,13.0,8.750452898550725,True
1,Prelude; Op. 28 no. 6,Frederic Chopin,10,7,VII,Romantic,found,pdf,pdf-20260524T103936Z-3-001/pdf/Opus 28 No 6 Prelude by Frederic Chopin.pdf,,,,verified_pieces/pdf/xml/Opus 28 No 6 Prelude by Frederic Chopin.musicxml,,0.0379746835443038,1.5632183908045978,4,0.7441613588110404,0.4235294117647059,0.7142857142857143,0.08280254777070063,2,0.0,2.1582278481012658,341,70.0,5.834810737062605,3.5161290322580645,5.0,0.03225806451612903,0.07917888563049853,3.0,0.5569620253164557,2.3068181818181817,0.5340909090909091,0.03821656050955414,4.0,0.6990613113762781,2.3811730326025957,2.240733575719067,0.01910828025477707,3.0,3.15,5.25,3.2413793103448274,6.0,1.583864118895966,8.0,9.620335898072309,True
1,Preludio No. 1,Francisco Tarrega,6,5,X,Romantic,found,dada_gp,,"datasets/DadaGP-v1.1/T/Tarrega, Francisco/Tarrega, Francisco - Preludio 1.gp3.tokens.txt","datasets/DadaGP-v1.1/T/Tarrega, Francisco/Tarrega, Francisco - Preludio 1.gp3",,"verified_pieces/dada/xml/Tarrega, Francisco - Preludio 1.musicxml",,0.0,1.435483870967742,4,1.8333333333333335,0.5115384615384615,0.21052631578947367,0.5323741007194245,3,0.06130268199233716,1.8642857142857143,261,122.0,5.568344503761097,2.9578544061302683,8.0,0.14942528735632185,0.2413793103448276,3.0,0.4642857142857143,2.3846153846153846,0.676923076923077,0.2733812949640288,8.666666666666666,1.473351074689454,2.919517046317344,2.48394777983559,0.0,1.9333333333333333,5.75,3.9375,2.661290322580645,6.0,3.6103117505995206,17.333333333333332,6.40234962406015,True
1,"Preludio, Op. 5 no. 1",Agustin Barrios Mandore,11,7,XII,Romantic,found,dada_gp,,"datasets/DadaGP-v1.1/B/Barrios, Agustin/Barrios, Agustin - PrClude Op 5, No 1.gp3.tokens.txt","datasets/DadaGP-v1.1/B/Barrios, Agustin/Barrios, Agustin - PrClude Op 5, No 1.gp3",,"verified_pieces/dada/xml/Barrios, Agustin - PrClude Op 5, No 1.musicxml",,0.0,0.6666666666666666,3,2.1933256616800922,0.8137697516930023,0.8202380952380952,1.2117376294591484,5,0.1713641488162345,1.0195402298850575,887,85.0,6.78897174299217,5.293122886133033,10.0,0.3573844419391206,0.1319052987598647,2.0,0.017241379310344827,3.2,0.9333333333333333,0.3222094361334868,12.0,2.0919653652896906,3.625553115882542,2.4436653887452757,0.0011507479861910242,3.0,12.0,4.3125,2.2857142857142856,8.0,8.756041426927503,48.0,4.148312770220395,True
1,Preludium,John Dowland,11,8,I,Renaissance,found,pdf,pdf-20260524T103936Z-3-001/pdf/dowland-preludium.pdf,,,,verified_pieces/pdf/xml/dowland-preludium.musicxml,,0.0,0.5333333333333333,3,1.7408477842003856,0.7387387387387387,0.45535714285714285,0.6820809248554913,5,0.0,1.2816091954022988,223,40.0,5.4116460518550396,1.8026905829596414,4.0,0.03139013452914798,0.35874439461883406,2.0,0.1781609195402299,3.806451612903226,0.7419354838709677,0.2254335260115607,8.0,1.1334543403961683,2.2899276570704394,2.3005055093588003,0.017341040462427744,,,,,,,,,False
1,Primavera Portena (Tango),Astor Piazzolla,14,8,XII,Modern,found,pdf,pdf-20260524T103936Z-3-001/pdf/Primavera Portena by Astor Piazzolla.pdf,,,,verified_pieces/pdf/xml/Primavera Portena by Astor Piazzolla.musicxml,,0.007194244604316547,1.2179487179487178,4,2.1895158063225293,0.5115384615384615,0.532608695652174,0.7647058823529411,5,0.0,1.5599520383693046,1301,160.0,7.171656822768514,4.916986933128363,10.0,0.4811683320522675,0.24289008455034589,3.0,0.29856115107913667,3.0481927710843375,0.4979919678714859,0.3169267707082833,13.0,2.4009489682268286,3.271549393986585,2.5407515273206887,0.1056422569027611,2.4285714285714284,11.175,5.8125,2.177396280400572,4.0,6.14407763105242,48.0,5.305876083446968,True
1,Rafaga,Joaquin Turina,12,6,All,Modern,found,pdf,pdf-20260524T103936Z-3-001/pdf/Rafaga by Joaquin Turina.pdf,,,,verified_pieces/pdf/xml/Rafaga by Joaquin Turina.musicxml,,0.09073724007561437,0.9121621621621622,3,1.2419191919191919,0.3700707785642063,0.24260355029585798,0.22348484848484848,5,0.0,1.8714555765595464,990,78.0,6.898714534329988,3.097979797979798,7.0,0.12525252525252525,0.24141414141414141,2.0,0.29111531190926276,3.227272727272727,0.21428571428571427,0.13636363636363635,9.0,1.2872954462207291,3.00828003494773,2.493265175598614,0.2803030303030303,3.0,6.543333333333333,12.875,3.870748299319728,8.0,6.456944444444444,80.0,11.203271478723815,True
1,Registro (Prelude),Antonio Lauro,10,6,IX,Modern,found,pdf,pdf-20260524T103936Z-3-001/pdf/Registro by Antonio Lauro.pdf,,,,verified_pieces/pdf/xml/Registro by Antonio Lauro.musicxml,,0.0,0.47058823529411764,2,2.192434210526316,0.7177914110429447,0.8966789667896679,1.1578947368421053,4,0.0,1.0721311475409836,327,80.0,5.793013608384144,2.779816513761468,8.0,0.14984709480122324,0.363914373088685,2.0,0.06557377049180328,3.35,0.6,0.33881578947368424,12.0,2.211366948794671,3.0100510269310288,2.476961687969982,0.0,2.0,11.0,4.5,2.0,8.0,8.769736842105264,48.0,4.612985332182916,True
1,Robinson's May,Thomas Robinson,4,3,III,Renaissance,found,pdf,pdf-20260524T103936Z-3-001/pdf/Robinsons May by Thomas Robinson.pdf,,,,verified_pieces/pdf/xml/Robinsons May by Thomas Robinson.musicxml,,0.0,0.23076923076923078,1,1.6495098039215688,0.6594594594594595,0.7640449438202247,1.2279411764705883,5,0.0,1.3576642335766422,186,120.0,5.231108616854587,1.6129032258064515,4.0,0.0,0.3655913978494624,1.0,0.20437956204379562,3.142857142857143,0.6428571428571429,0.18382352941176472,5.0,1.1097881156637914,2.1037169774369637,2.3611460441904826,0.007352941176470588,0.5,4.199999999999999,2.25,0.24,1.0,2.819240196078431,8.0,2.6864419940984625,True
1,Romance,Niccolo Paganini,10,5,IX,Romantic,found,pdf,pdf-20260524T103936Z-3-001/pdf/Romance in A Minor by Niccolo Paganini.pdf,,,,verified_pieces/pdf/xml/Romance in A Minor by Niccolo Paganini.musicxml,,0.0036496350364963502,1.4864864864864864,4,1.9964655697745277,0.6371463714637147,0.5693430656934306,0.6837294332723949,5,0.0,1.4854014598540146,814,68.0,6.703188113240863,3.101965601965602,7.0,0.13022113022113022,0.24692874692874692,3.0,0.3448905109489051,2.804232804232804,0.4444444444444444,0.283363802559415,10.5,1.5526639973635419,3.088088585473843,2.471296301073134,0.003656307129798903,,,,,,,,,False
1,Romance,Anonymous,6,5,IX,Romantic,found,dada_gp,,datasets/DadaGP-v1.1/A/Anonymous/Anonymous - Romance (2).gp3.tokens.txt,datasets/DadaGP-v1.1/A/Anonymous/Anonymous - Romance (2).gp3,,verified_pieces/dada/xml/Anonymous - Romance (2).musicxml,,0.0,0.0,0,3.0142857142857142,0.6883116883116883,0.8205128205128205,1.1214285714285714,3,0.03870967741935484,1.099290780141844,155,145.0,5.049856007249537,3.4387096774193546,8.0,0.3225806451612903,0.432258064516129,0.0,0.0851063829787234,4.666666666666667,0.6666666666666666,0.4142857142857143,12.0,2.989829699607163,2.617465892836531,2.253854318927813,0.007142857142857143,0.0,10.575000000000001,2.1875,0.0,0.0,5.751785714285714,24.0,2.2718676122931445,True
1,Romanza en Imitacion al Violoncello,Agustin Barrios Mangore,8,8,X,Romantic,found,pdf,pdf-20260524T103936Z-3-001/pdf/Romanza En Imitacion Al Violincello by Agustin Barrios Mangore.pdf,,,,verified_pieces/pdf/xml/Romanza En Imitacion Al Violincello by Agustin Barrios Mangore.musicxml,,0.0029239766081871343,1.0748663101604279,3,2.4688590978913556,0.5807017543859649,0.5714285714285714,1.598240469208211,4,0.0,1.6695906432748537,571,52.0,6.349138991379798,4.352014010507881,8.0,0.329246935201401,0.2031523642732049,2.0,0.6140350877192983,1.2380952380952381,0.37142857142857144,0.3870967741935484,14.0,2.4681022328187954,3.3395662469697935,2.405818930740634,0.005865102639296188,,,,,,,,,False
1,"Rondeau, Op. 14, No. 5",Mauro Giuliani,3,2,VII,Classical,found,pdf,pdf-20260524T103936Z-3-001/pdf/Opus 14 No 5 Rondo in D Major by Mauro Giuliani.pdf,,,,verified_pieces/pdf/xml/Opus 14 No 5 Rondo in D Major by Mauro Giuliani.musicxml,,0.0,0.5846153846153846,3,3.862455197132616,0.7117903930131004,0.749034749034749,1.3763440860215055,4,0.0,1.230563002680965,459,120.0,6.131226489483141,3.237472766884532,7.0,0.10239651416122005,0.2962962962962963,1.0,0.19571045576407506,2.0547945205479454,0.4246575342465753,0.33602150537634407,22.0,5.769518728758344,2.79840700798454,2.3876951019511874,0.06989247311827956,3.0,22.0,3.0,0.9140625,2.0,6.980846774193548,44.0,2.824142091152815,True
1,Rondo,Napoleon Coste,6,4,VII,Romantic,found,pdf,pdf-20260524T103936Z-3-001/pdf/Rondo by Napoleon Coste.pdf,,,,verified_pieces/pdf/xml/Rondo by Napoleon Coste.musicxml,,0.0,0.9113924050632911,2,1.4965811965811968,0.5331325301204819,0.4657534246575342,0.4461538461538462,5,0.0,1.6989795918367347,333,90.0,5.811140992976701,1.7207207207207207,4.0,0.03903903903903904,0.33633633633633636,2.0,0.40816326530612246,2.8375,0.5125,0.18461538461538463,7.0,1.2215082189151247,2.4661682385499053,2.2867114380252596,0.035897435897435895,1.3125,5.324999999999996,5.5625,2.4871794871794872,8.0,5.286324786324786,28.0,8.507672241829063,True
1,Rondo in A Minor,Dionisio Aguado,18,7,All,Classical,found,pdf,pdf-20260524T103936Z-3-001/pdf/rondo-by-dionisio-aguado.pdf,,,,verified_pieces/pdf/xml/rondo-by-dionisio-aguado.musicxml,gaps_v1/musicxml/rondo-by-dionisio-aguado.xml,0.0011282437006393381,0.9432773109243697,4,1.1450338600451466,0.42806811509101583,0.3068297655453619,0.4224981188863807,5,0.0,1.2813087626927417,3407,98.0,8.133880887949207,4.870854123862636,10.0,0.34663927208687995,0.13941884355738185,2.0,0.18239939827002632,2.8329896907216496,0.334020618556701,0.1655379984951091,13.0,1.5654024754778384,3.583457745752799,2.3285114366636765,0.40669676448457487,3.0,10.0,8.5625,5.136842105263158,16.0,8.51691121143717,208.0,5.8449124076909404,True
1,"Rondo, Op. 241 no. 34",Ferdinando Carulli,5,2,II,Classical,found,pdf,pdf-20260524T103936Z-3-001/pdf/carulli-op241-34.pdf,,,,verified_pieces/pdf/xml/carulli-op241-34.musicxml,gaps_v1/musicxml/Andantino in G Major by Ferdinando Carulli.xml,0.0,0.3333333333333333,1,1.525943396226415,0.7120921305182342,0.6401673640167364,1.0377358490566038,4,0.0,1.228235294117647,522,63.0,6.259581464064923,1.2088122605363985,3.0,0.0,0.4846743295019157,1.0,0.2188235294117647,2.3870967741935485,0.23655913978494625,0.23113207547169812,4.0,1.0031960984226127,1.896254524940078,2.2542030865906404,0.007075471698113208,0.5,4.0,5.625,1.3333333333333333,4.0,6.0459905660377355,16.0,5.789063869340061,True
1,"Rondo, Op. 48",Fernando Sor,10,4,X,Classical,found,pdf,pdf-20260524T103936Z-3-001/pdf/Opus 48 Rondo by Fernando Sor.pdf,,,,verified_pieces/pdf/xml/Opus 48 Rondo by Fernando Sor.musicxml,,0.0,1.00374531835206,4,1.5818102697998258,0.5468025949953661,0.5352112676056338,0.5469973890339426,4,0.0,1.4080834419817472,1080,120.0,6.985641817639208,2.912037037037037,7.0,0.13240740740740742,0.2675925925925926,3.0,0.35071707953063885,2.382899628252788,0.24535315985130113,0.21801566579634465,10.0,1.7834359798929398,2.9523729876042624,2.058693289726387,0.16971279373368145,3.0,9.0,3.75,1.7218045112781954,6.0,3.2790107339715693,20.0,3.745640683104155,True
1,Rumores de la Caleta,Isaac Albeniz,12,6,X,Romantic,found,pdf,pdf-20260524T103936Z-3-001/pdf/Rumores De La Caleta by Isaac Albeniz.pdf,,,,verified_pieces/pdf/xml/Rumores De La Caleta by Isaac Albeniz.musicxml,,0.01644398766700925,0.91796875,4,1.9151234567901234,0.6669139465875371,0.47104247104247104,0.8868312757201646,5,0.0,1.3864337101747173,1349,50.0,7.2078598714324755,3.4899925871015567,8.200000000000045,0.2223869532987398,0.24388435878428466,2.0,0.263103802672148,2.55078125,0.22265625,0.19547325102880658,12.0,1.6158371921640347,3.109990229826854,2.5271996993000134,0.00720164609053498,,,,,,,,,False
1,Saltarello,Anonymous,2,1,I,Renaissance,found,dada_gp,,datasets/DadaGP-v1.1/A/Anonymous/Anonymous - Saltarello.gp3.tokens.txt,datasets/DadaGP-v1.1/A/Anonymous/Anonymous - Saltarello.gp3,,verified_pieces/dada/xml/Anonymous - Saltarello.musicxml,,0.0,0.3673469387755102,3,1.96316758747698,0.7032520325203252,0.31,0.34806629834254144,1,0.04048582995951417,1.3571428571428572,247,110.0,5.5134287461649825,3.2267206477732793,8.0,0.17408906882591094,0.27125506072874495,1.0,0.2692307692307692,2.7346938775510203,0.32653061224489793,0.23756906077348067,10.0,1.4459337483769041,2.7457081423958134,1.745617759977458,0.0055248618784530384,1.6666666666666667,6.299999999999997,3.75,0.53125,2.0,6.35267034990792,40.0,4.243218806509946,True
1,Sarabande,Anonymous,4,3,III,Baroque,found,pdf,pdf-20260524T103936Z-3-001/pdf/Sarabande by Anonymous.pdf,,,,verified_pieces/pdf/xml/Sarabande by Anonymous.musicxml,,0.0,0.9583333333333334,4,1.5893719806763285,0.5904761904761905,0.44,0.5362318840579711,3,0.0,1.5142857142857142,106,92.0,4.672828834461906,2.292452830188679,5.0,0.018867924528301886,0.27358490566037735,2.0,0.34285714285714286,3.0833333333333335,1.0,0.21739130434782608,4.333333333333333,1.1773423598608894,2.5112667703891454,2.4552264448592336,0.057971014492753624,1.8333333333333333,4.05,1.9375,1.2083333333333333,2.6999999999999993,2.3599033816425123,8.666666666666666,2.631381733021077,True
1,Sarabande,George Frideric Handel,6,3,VIII,Baroque,found,pdf,pdf-20260524T103936Z-3-001/pdf/Sarabande by George Friedrich Handel.pdf,,,,verified_pieces/pdf/xml/Sarabande by George Friedrich Handel.musicxml,,0.0,0.36363636363636365,3,1.2857142857142858,0.6293706293706294,0.6956521739130435,0.6224489795918368,5,0.0,1.4545454545454546,144,120.0,4.976733742420574,1.5069444444444444,3.0,0.0,0.3680555555555556,1.0,0.45454545454545453,3.0444444444444443,0.7111111111111111,0.14285714285714285,3.5,0.9035079029052513,2.0510766435175865,2.4925809950169358,0.030612244897959183,0.8,3.1499999999999995,2.1875,0.3178294573643411,1.0,2.329081632653061,24.0,2.687468105270832,True
1,Sarabande (from BWV 995),J.S. Bach,6,3,V,Baroque,found,pdf,pdf-20260524T103936Z-3-001/pdf/BWV995 Sarabande by Johann Sebastian Bach.pdf,,,,verified_pieces/pdf/xml/BWV995 Sarabande by Johann Sebastian Bach.musicxml,,0.0,1.1111111111111112,3,1.7788161993769471,0.7692307692307693,0.7078651685393258,1.308411214953271,5,0.0,1.0925925925925926,118,60.0,4.77912349311153,3.3983050847457625,7.299999999999997,0.17796610169491525,0.22033898305084745,2.2,0.08333333333333333,3.111111111111111,1.0,0.2336448598130841,7.0,1.6339110970206034,3.193382171544869,2.3335623072858915,0.009345794392523364,2.5,6.899999999999999,2.375,1.851851851851852,4.4,3.3738317757009346,14.0,2.185185185185185,True
1,Sarabande (from Great Suite #7 for Harpsichord),George Friedrich Handel,8,5,VII,Baroque,found,pdf,pdf-20260524T103936Z-3-001/pdf/Suite In E Minor 4 Sarabande by Georg Friedrich Handel.pdf,,,,verified_pieces/pdf/xml/Suite In E Minor 4 Sarabande by Georg Friedrich Handel.musicxml,,0.011933174224343675,0.9289617486338798,4,1.737639553429027,0.48339973439575035,0.25,0.4019138755980861,3,0.0,1.7995226730310263,754,84.0,6.626717749249025,2.489389920424403,5.0,0.08620689655172414,0.3196286472148541,2.0,0.4606205250596659,3.1191709844559585,0.5284974093264249,0.23684210526315788,9.0,1.5582074413949236,2.697499370000777,2.5357106559235008,0.08373205741626795,1.6875,8.0,4.625,1.8727106227106225,4.0,4.464447102604997,128.0,6.1170587566768955,True
1,Sarabande And Variations,George Friedrich Handel,9,4,XII,Baroque,found,pdf,pdf-20260524T103936Z-3-001/pdf/Sarabande And Variations by Georg Friedrich Handel.pdf,,,,verified_pieces/pdf/xml/Sarabande And Variations by Georg Friedrich Handel.musicxml,,0.01556420233463035,1.503875968992248,4,2.014322916666667,0.4737903225806452,0.52,0.45703125,5,0.0,1.933852140077821,497,120.0,6.210600077024653,4.810865191146881,10.0,0.29979879275653926,0.15492957746478872,3.0,0.5019455252918288,3.108527131782946,0.5891472868217055,0.3203125,11.666666666666666,1.8094775258505311,3.368349060055487,2.438657591882118,0.0078125,2.8,10.416666666666663,2.375,1.3940568475452197,3.0,1.9852430555555556,11.666666666666666,3.520602613987828,True
1,"Sarabande, BWV 996",J.S. Bach,11,7,VII,Baroque,found,pdf,pdf-20260524T103936Z-3-001/pdf/BWV 996 4 Sarabande by Johann Sebastian Bach.pdf,,,,verified_pieces/pdf/xml/BWV 996 4 Sarabande by Johann Sebastian Bach.musicxml,,0.0,1.2659574468085106,3,1.311701081612586,0.4180790960451977,0.24378109452736318,0.336283185840708,4,0.0,1.5647058823529412,532,100.0,6.278521424165844,2.6353383458646618,5.0,0.07330827067669173,0.23684210526315788,2.0,0.2823529411764706,2.71875,0.4895833333333333,0.17994100294985252,7.0,1.3985380379246983,2.750574568880656,2.3540961780816647,0.336283185840708,2.5,4.699999999999999,5.3125,10.235055724417427,32.0,8.582838179519594,112.0,4.573755656108597,True
1,Sargento Cabral (Zamba),Agustin Barrios Mandore,8,6,VII,Romantic,found,pdf,pdf-20260524T103936Z-3-001/pdf/Sargento Cabral by Agustin Barrios Mangore.pdf,,,,verified_pieces/pdf/xml/Sargento Cabral by Agustin Barrios Mangore.musicxml,,0.0045871559633027525,1.082191780821918,2,1.7734254992319505,0.49577464788732395,0.625,1.0092165898617511,5,0.0,1.6330275229357798,356,100.0,5.877735781779639,2.764044943820225,7.0,0.1404494382022472,0.32303370786516855,2.0,0.3394495412844037,2.391891891891892,0.36486486486486486,0.2626728110599078,7.0,1.694693803694237,2.7445449598896676,2.3784921057552486,0.07373271889400922,1.6428571428571428,6.599999999999998,3.875,2.421296296296296,4.0,3.73399897593446,28.0,5.156166724302772,True
1,Sarita (Mazurka),Agustin Barrios Mandore,8,6,X,Romantic,found,pdf,pdf-20260524T103936Z-3-001/pdf/Sarita (Mazurka) by Agustin Barrios Mangore.pdf,,,,verified_pieces/pdf/xml/Sarita (Mazurka) by Agustin Barrios Mangore.musicxml,,0.006896551724137931,1.2135922330097086,4,1.558246828143022,0.5209713024282561,0.4295774647887324,0.6539792387543253,5,0.0,1.5655172413793104,454,120.0,6.12029741895095,4.493392070484582,9.0,0.2511013215859031,0.0947136563876652,3.0,0.35517241379310344,2.6407766990291264,0.5631067961165048,0.22491349480968859,8.666666666666666,1.3870627048369821,3.2823650875159536,2.44780138808847,0.13494809688581316,3.5,7.899999999999997,3.875,1.9724919093851132,6.0,3.475490196078431,18.0,4.421429720598488,True
1,Se io m'accorgo ben mio d'un altro amante,Anonymous,4,3,V,Renaissance,found,pdf,pdf-20260524T103936Z-3-001/pdf/Se Io maccorgo by Anonymous.pdf,,,,verified_pieces/pdf/xml/Se Io maccorgo by Anonymous.musicxml,,0.08737864077669903,1.2820512820512822,20,1.4722222222222223,0.4742268041237113,0.425,0.45098039215686275,3,0.0,1.8932038834951457,195,120.0,5.278114659230517,2.066666666666667,5.0,0.041025641025641026,0.29743589743589743,2.0,0.39805825242718446,3.073170731707317,0.5365853658536586,0.23529411764705882,5.5,1.058689876983896,2.5477402977566475,2.426544331481283,0.08823529411764706,5.0,5.1499999999999995,2.5625,1.105263157894737,2.0,1.661764705882353,6.0,3.2962031900138697,True
1,Serenata Morisca,Agustin Barrios Mangore,10,6,All,Romantic,found,pdf,pdf-20260524T103936Z-3-001/pdf/Serenata Morisca by Agustin Barrios Mangore.pdf,,,,verified_pieces/pdf/xml/Serenata Morisca by Agustin Barrios Mangore.musicxml,,0.0020470829068577278,1.3344947735191637,20,1.8100239071038253,0.6298984034833092,0.45229007633587787,0.5778688524590164,4,0.0,1.4114636642784033,1379,120.0,7.22983877815125,4.147933284989122,10.0,0.19434372733865118,0.19071791153009426,3.0,0.30194472876151485,2.6203389830508477,0.4847457627118644,0.2581967213114754,12.0,1.5044112010399973,3.3113987795044544,2.4526809338420197,0.035860655737704916,20.0,7.399999999999999,4.9375,3.271561771561772,8.0,5.800930669398908,48.0,5.053965317857625,True
1,Sevilla,Isaac Albeniz,14,9,All,Romantic,found,pdf,pdf-20260524T103936Z-3-001/pdf/Sevilla by Isaac Albeniz.pdf,,,,verified_pieces/pdf/xml/Sevilla by Isaac Albeniz.musicxml,,0.007042253521126761,1.4556451612903225,4,1.9954171562867213,0.5489614243323442,0.23543123543123542,0.2890716803760282,5,0.0,1.5833333333333333,1349,112.0,7.2078598714324755,5.308376575240919,10.0,0.429948109710897,0.17494440326167532,3.0,0.3028169014084507,2.7829457364341086,0.4728682170542636,0.3008225616921269,12.0,1.8604205252853308,3.563191468629924,2.440688584835883,0.09870740305522914,,,,,,,,,False
1,Sheep May Safely Graze (from Cantata No. 208,J.S. Bach,19,9,All,Baroque,found,pdf,pdf-20260524T103936Z-3-001/pdf/BWV208 Sheep May Safely Graze by Johann Sebastian Bach.pdf,,,,verified_pieces/pdf/xml/BWV208 Sheep May Safely Graze by Johann Sebastian Bach.musicxml,,0.0,0.7790697674418605,3,1.5381263616557732,0.4143835616438356,0.38461538461538464,0.24183006535947713,3,0.0,1.9025974025974026,293,105.0,5.683579767338681,1.6860068259385665,3.0,0.006825938566552901,0.3174061433447099,2.0,0.5714285714285714,2.7954545454545454,0.6136363636363636,0.17647058823529413,13.0,2.092344063251032,2.0947256148593043,2.546202753068513,0.1568627450980392,2.0,11.733333333333334,3.375,1.5137254901960784,4.0,2.5034495279593316,23.0,5.161676286676286,True
1,"Sir John Smith, His Almain",John Dowland,10,7,V,Renaissance,found,pdf,pdf-20260524T103936Z-3-001/pdf/Sir John Smith-His Almain by John Dowland.pdf,,,,verified_pieces/pdf/xml/Sir John Smith-His Almain by John Dowland.musicxml,,0.0,0.574468085106383,6,1.5207093253968254,0.6017797552836485,0.2396088019559902,0.2961309523809524,3,0.0,1.337295690936107,900,112.0,6.803505257608338,1.9877777777777779,4.100000000000023,0.01888888888888889,0.3188888888888889,2.0,0.24071322436849926,3.154320987654321,0.3333333333333333,0.1949404761904762,5.0,1.1525272478525905,2.231686969801635,2.1585360991636064,0.1800595238095238,3.0,5.0,7.75,0.9678571428571429,2.1000000000000085,6.685714285714285,72.0,4.18358851824461,True
1,"Soldatenmarsh, Op. 68 no. 2",Robert Schumann,3,2,III,Romantic,found,pdf,pdf-20260524T103936Z-3-001/pdf/marcha-militar-opus-68-no-2-by-robert-schumann.pdf,,,,verified_pieces/pdf/xml/marcha-militar-opus-68-no-2-by-robert-schumann.musicxml,,0.0,1.7142857142857142,4,2.024122807017544,0.36363636363636365,1.0,0.21052631578947367,3,0.0,2.727272727272727,210,120.0,5.351858133476067,5.5285714285714285,9.0,0.3952380952380952,0.07142857142857142,3.0,0.9090909090909091,3.085714285714286,0.35714285714285715,0.3684210526315789,9.0,1.6082876430580362,3.2001801072554916,2.4321389921019785,0.0,3.0,7.299999999999997,3.5625,2.0966183574879227,4.400000000000006,2.854166666666667,12.0,9.237536656891495,True
1,"Sonata I, BWV 1001: i. Adagio",J.S. Bach,13,8,V,Baroque,found,pdf,pdf-20260524T103936Z-3-001/pdf/BWV 1001 Adagio by Johann Sebastian Bach.pdf,,,,verified_pieces/pdf/xml/BWV 1001 Adagio by Johann Sebastian Bach.musicxml,,0.002457002457002457,1.1578947368421053,3,1.6736453201970443,0.732421875,0.42394822006472493,0.5123152709359606,4,0.0,1.2604422604422605,513,56.0,6.2422232654551655,2.676413255360624,5.0,0.029239766081871343,0.15789473684210525,3.0,0.14004914004914004,2.807017543859649,0.9298245614035088,0.21428571428571427,6.0,1.0737477965929803,2.7163091335732266,2.3430528267844255,0.024630541871921183,,,,,,,,,False
1,"Sonata I, BWV 1001: iii. Siciliana",J.S. Bach,12,6,VII,Baroque,found,pdf,pdf-20260524T103936Z-3-001/pdf/BWV 1001 Siciliana by Johann Sebastian Bach.pdf,,,,verified_pieces/pdf/xml/BWV 1001 Siciliana by Johann Sebastian Bach.musicxml,,0.003076923076923077,0.8921568627450981,3,1.7788065843621401,0.6181434599156118,0.49044585987261147,0.6265432098765432,5,0.0,1.4615384615384615,475,70.0,6.16541785423142,2.8526315789473684,5.0,0.06315789473684211,0.1726315789473684,2.0,0.3292307692307692,2.2616822429906542,0.6074766355140186,0.22839506172839505,19.0,1.8150940116788348,2.6909912627941477,2.467269381498859,0.015432098765432098,3.0,6.299999999999997,4.875,1.9933993399339938,4.0,5.9830246913580245,72.0,6.268449383573537,True
1,Sonata II: BWV 1003: i. Grave,J.S. Bach,13,8,VII,Baroque,found,pdf,pdf-20260524T103936Z-3-001/pdf/bach-bwv1003-grave.pdf,,,,verified_pieces/pdf/xml/bach-bwv1003-grave.musicxml,,0.0,0.8484848484848485,3,2.046653144016227,0.780327868852459,0.547683923705722,0.6369168356997972,5,0.0,1.236842105263158,611,30.0,6.416732282512326,2.5875613747954174,6.0,0.09001636661211129,0.2520458265139116,2.0,0.13562753036437247,2.7761194029850746,0.9253731343283582,0.29817444219066935,10.0,1.5627036030836177,2.9619572377866725,2.340890333148021,0.006085192697768763,,,,,,,,,False
1,Sonata II: BWV 1003: iii. Andante,J.S. Bach,9,6,VII,Baroque,found,pdf,pdf-20260524T103936Z-3-001/pdf/BWV 1003 Andante by Johann Sebastian Bach.pdf,,,,verified_pieces/pdf/xml/BWV 1003 Andante by Johann Sebastian Bach.musicxml,,0.0,1.0333333333333334,19,1.6412121212121211,0.5427927927927928,0.52,0.31636363636363635,3,0.0,1.6123188405797102,445,38.0,6.100318952020064,2.5303370786516854,6.0,0.08314606741573034,0.28314606741573034,2.0,0.463768115942029,2.03125,0.640625,0.22545454545454546,12.5,1.680956481405253,2.8483735084111066,2.372142820400493,0.07272727272727272,2.0,6.6499999999999915,5.9375,2.8403361344537816,8.0,6.1,50.0,7.325915855090961,True
1,Sonata II: BWV 1003: iv. Allegro,J.S. Bach,14,6,VIII,Baroque,found,pdf,pdf-20260524T103936Z-3-001/pdf/BWV 1003 Allegro by Johann Sebastian Bach.pdf,,,,verified_pieces/pdf/xml/BWV 1003 Allegro by Johann Sebastian Bach.musicxml,,0.0,0.0,0,2.4006376195536663,0.9140127388535032,0.48668796592119273,0.5770456960680127,4,0.0,1.0010615711252655,943,90.0,6.8501261661455,12.50371155885472,17.0,0.943796394485684,0.019088016967126194,0.0,0.0010615711252653928,1.0,1.0,0.3379383634431456,16.0,2.1355399652241025,3.806390436527646,1.9476772774192255,0.012752391073326248,0.0,14.0,4.0,0.0,0.0,9.165072617782501,64.0,3.3122844265653524,True
1,"Sonata III, BWV 1005: i. Adagio",J.S. Bach,9,5,V,Baroque,found,pdf,pdf-20260524T103936Z-3-001/pdf/BWV 1005 Adagio by Johann Sebastian Bach.pdf,,,,verified_pieces/pdf/xml/BWV 1005 Adagio by Johann Sebastian Bach.musicxml,,0.0,1.0661764705882353,4,1.4766260162601625,0.511986301369863,0.35294117647058826,0.2530487804878049,2,0.0,1.778115501519757,585,46.0,6.373319789577012,2.2034188034188036,5.0,0.037606837606837605,0.26837606837606837,2.0,0.425531914893617,2.7785714285714285,0.5928571428571429,0.19817073170731708,7.0,1.127370612084833,2.7059531438935247,2.4562499029935863,0.06097560975609756,1.6666666666666667,4.766666666666666,4.875,2.088888888888889,4.0,5.233909214092141,64.0,6.675957117619304,True
1,"Sonata III, BWV 1005: ii. Fuga",J.S. Bach,17,6,XII,Baroque,found,pdf,pdf-20260524T103936Z-3-001/pdf/bach-bwv1005-fuga.pdf,,,,verified_pieces/pdf/xml/bach-bwv1005-fuga.musicxml,,0.0,1.0662358642972536,4,0.8745913548855794,0.34320288362512874,0.24436090225563908,0.2960406828913912,5,0.0,1.4106753812636166,3885,120.0,8.265135629937385,2.2996138996138997,5.0,0.047876447876447875,0.25096525096525096,2.0,0.22839506172839505,2.6136724960254374,0.26391096979332274,0.11805303305484925,9.0,1.2185215752610905,2.710881811669439,2.420758572547053,0.4845622956774428,3.0,7.549999999999997,3.5625,1.3697796270611804,4.0,1.6860827149603033,24.0,1.6427047901713452,True
1,"Sonata III, BWV 1005: iii. Largo",J.S. Bach,8,4,V,Baroque,found,pdf,pdf-20260524T103936Z-3-001/pdf/BWV 1005 Largo by Johann Sebastian Bach.pdf,,,,verified_pieces/pdf/xml/BWV 1005 Largo by Johann Sebastian Bach.musicxml,,0.0,0.9298245614035088,3,1.5761374187558033,0.7123287671232876,0.44047619047619047,0.5543175487465181,3,0.0,1.2194444444444446,439,50.0,6.0867747269123065,2.4533029612756265,5.0,0.02050113895216401,0.17539863325740318,2.0,0.15833333333333333,1.9824561403508771,0.7543859649122807,0.2395543175487465,6.5,1.1332964922443534,2.6046415073784015,2.2649152477159866,0.07242339832869081,2.0,4.449999999999999,4.9375,3.202380952380952,8.0,6.621169916434541,80.0,4.624934005279578,True
1,"Sonata in A Major, L 238/ K 208",Domenico Scarlatti,6,3,V,Baroque,found,pdf,pdf-20260524T103936Z-3-001/pdf/Sonata L238 by Domenico Scarlatti.pdf,,,,verified_pieces/pdf/xml/Sonata L238 by Domenico Scarlatti.musicxml,,0.0,0.9803921568627451,6,2.0360486891385765,0.7186046511627907,0.6707317073170732,1.098314606741573,5,0.0,1.207282913165266,431,60.0,6.068425588244111,2.5522041763341066,6.0,0.09048723897911833,0.28074245939675174,3.0,0.16526610644257703,2.5084745762711864,0.9322033898305084,0.3089887640449438,10.0,1.6845099511155006,2.836523859007687,2.4323265742781635,0.0702247191011236,6.0,7.0,5.5,3.0980392156862746,8.0,8.377652933832708,112.0,4.183629632757626,True
1,"Sonata in A Major, L 483/ K 322",Domenico Scarlatti,10,5,IX,Baroque,found,pdf,pdf-20260524T103936Z-3-001/pdf/Sonata K322 by Domenico Scarlatti.pdf,,,,verified_pieces/pdf/xml/Sonata K322 by Domenico Scarlatti.musicxml,,0.0,0.5803571428571429,3,1.9710806697108065,0.6929824561403509,0.6885245901639344,0.7602739726027398,5,0.0,1.3006833712984054,571,180.0,6.349138991379798,2.8546409807355517,7.0,0.17162872154115585,0.30823117338003503,2.0,0.29157175398633256,2.6953125,0.640625,0.2968036529680365,10.0,1.7135493704704967,2.9585655806742004,2.3971121991363944,0.0091324200913242,1.8,8.100000000000001,2.25,0.6981981981981982,2.0,3.234670580560991,16.0,2.264299405522529,True
1,"Sonata in E minor, BWV 1023 - ii. Allemande",J.S. Bach,12,8,VII,Baroque,found,pdf,pdf-20260524T103936Z-3-001/pdf/bach-bwv1023-allemande.pdf,,,,verified_pieces/pdf/xml/bach-bwv1023-allemande.musicxml,,0.0,0.7878787878787878,4,0.8555016181229774,0.34559884559884557,0.11291963377416073,0.27346278317152106,5,0.0,1.1212611156022636,1387,55.0,7.23561914106675,2.8154289834174477,5.0,0.07209805335255948,0.2631578947368421,2.9000000000000057,0.1099434114793856,2.9411764705882355,0.5955882352941176,0.11407766990291263,19.0,1.810987140968887,2.6886109276351084,2.218385937487862,0.6003236245954693,3.0,18.95,5.6875,5.753180661577608,16.0,5.1409076899368165,288.0,1.6324231894932386,True
1,"Sonata in E minor, BWV 1023 - iii.  Gigue",J.S. Bach,12,7,VII,Baroque,found,pdf,pdf-20260524T103936Z-3-001/pdf/bach-bwv1023-gigue.pdf,,,,verified_pieces/pdf/xml/bach-bwv1023-gigue.musicxml,,0.0043859649122807015,0.7280701754385965,4,2.0783882783882786,0.7224080267558528,0.6619718309859155,0.8967032967032967,5,0.0,1.3135964912280702,599,180.0,6.396929655216146,2.4440734557595993,7.0,0.10517529215358931,0.2988313856427379,2.0,0.27850877192982454,2.968503937007874,0.5354330708661418,0.3384615384615385,8.0,1.6620421087746287,2.792540078200542,2.5122471556787116,0.008791208791208791,2.2857142857142856,8.0,3.0,1.412280701754386,4.0,4.176007326007326,22.0,3.334086009515314,True
1,Sonata in G (K. 431),Domenico Scarlatti,8,4,VII,Baroque,found,pdf,pdf-20260524T103936Z-3-001/pdf/sonata-k431-l83-scarlatti.pdf,,,,verified_pieces/pdf/xml/sonata-k431-l83-scarlatti.musicxml,,0.0,0.7868852459016393,3,1.2003610108303249,0.35344827586206895,0.36666666666666664,0.49458483754512633,3,0.0,1.2553956834532374,349,120.0,5.857933154483459,4.28080229226361,9.0,0.3209169054441261,0.23782234957020057,2.0,0.24100719424460432,3.1940298507462686,0.40298507462686567,0.18411552346570398,10.0,1.8623720016579037,3.1136742720663606,2.4281503208228026,0.5126353790613718,1.5789473684210527,6.362499999999994,8.1875,8.39344262295082,32.0,18.752707581227437,160.0,9.511708950343117,True
1,Sonata No. 1,Niccolo Paganini,7,4,VIII,Romantic,found,pdf,pdf-20260524T103936Z-3-001/pdf/Sonata No_ 01 In A by Nicolo Paganini.pdf,,,,verified_pieces/pdf/xml/Sonata No_ 01 In A by Nicolo Paganini.musicxml,,0.0,0.44285714285714284,4,1.7275541795665634,0.5576519916142557,0.41935483870967744,0.934984520123839,5,0.0,1.4753086419753085,478,80.0,6.171700597410915,1.7196652719665273,4.0,0.014644351464435146,0.3702928870292887,1.0,0.4444444444444444,2.7708333333333335,0.3055555555555556,0.2848297213622291,6.5,1.5290696441571057,2.4059484333196184,2.44248294510866,0.11764705882352941,1.2,5.599999999999994,5.5625,1.4532374100719425,4.0,6.09391124871001,48.0,6.353130908686464,True
1,Sonata no. 12: i. Minuetto,Niccolo Paganini,7,3,VII,Romantic,found,pdf,pdf-20260524T103936Z-3-001/pdf/Minuetto in A by Niccolo Paganini.pdf,,,,verified_pieces/pdf/xml/Minuetto in A by Niccolo Paganini.musicxml,,0.0,0.0425531914893617,2,2.154228855721393,0.6854838709677419,0.4049586776859504,0.6467661691542289,5,0.0,1.2326732673267327,249,120.0,5.521460917862246,3.927710843373494,10.0,0.30120481927710846,0.3534136546184739,0.0,0.23267326732673269,3.4893617021276597,0.574468085106383,0.30845771144278605,20.0,2.4689302228166548,3.00483225621296,2.1735562293608264,0.1044776119402985,0.3333333333333333,10.800000000000011,4.5625,0.17391304347826086,0.0,10.078772802653399,80.0,5.016312867241781,True
1,Sonata Romantica: I,Manuel M. Ponce,12,9,VIII,Modern,found,pdf,pdf-20260524T103936Z-3-001/pdf/Sonata Romantica I Allegro Moderato by Manuel Maria Ponce.pdf,,,,verified_pieces/pdf/xml/Sonata Romantica I Allegro Moderato by Manuel Maria Ponce.musicxml,,0.0021037868162692847,1.5641592920353982,5,1.2883040935672516,0.4123178185237424,0.21903520208604954,0.31508771929824564,5,0.0,1.4922861150070126,2128,112.0,7.663407664893479,4.573778195488722,9.0,0.30357142857142855,0.13157894736842105,3.0,0.3211781206171108,2.458515283842795,0.4388646288209607,0.21824561403508771,11.166666666666666,1.5792821823919465,3.377446415860752,2.393361474440757,0.36140350877192984,3.6666666666666665,7.949999999999999,15.25,9.524020694752402,32.0,7.246851851851852,128.0,5.411007203808175,True
1,Sonata Romantica: II,Manuel M. Ponce,8,9,IX,Modern,found,pdf,pdf-20260524T103936Z-3-001/pdf/Sonata Romantica II Andante Espressivo by Manuel Maria Ponce.pdf,,,,verified_pieces/pdf/xml/Sonata Romantica II Andante Espressivo by Manuel Maria Ponce.musicxml,,0.02142857142857143,2.1363636363636362,20,2.12788385043755,0.45241199478487615,0.6039603960396039,0.6157517899761337,4,0.0,1.8285714285714285,768,56.0,6.645090969505644,4.110677083333333,7.0,0.20572916666666666,0.140625,3.0,0.38571428571428573,3.2901234567901234,0.6049382716049383,0.3126491646778043,22.0,2.4493552538725156,3.1418704485943096,2.5187681080997253,0.081145584725537,10.25,21.099999999999998,4.9375,3.0813881107998755,6.0,4.0494066560594,44.0,4.927518796992481,True
1,Sonata Romantica: III,Manuel M. Ponce,10,6,IX,Modern,found,pdf,pdf-20260524T103936Z-3-001/pdf/Sonata Romantica III Moment Musical Vivo by Manuel Maria Ponce.pdf,,,,verified_pieces/pdf/xml/Sonata Romantica III Moment Musical Vivo by Manuel Maria Ponce.musicxml,,0.005555555555555556,1.1578947368421053,4,1.7659245516388373,0.522956326987682,0.3968253968253968,0.7755102040816326,4,0.0,1.6555555555555554,894,124.0,6.796823718274855,3.423937360178971,8.0,0.20246085011185683,0.2740492170022371,2.0,0.3962962962962963,2.4065420560747666,0.37383177570093457,0.21706864564007422,10.0,1.7466549193278278,3.1277310089495223,2.4828465543406115,0.03153988868274583,2.8,7.983333333333333,3.8125,1.492156862745098,4.0,3.231091527520099,20.0,4.3276803118908385,True
1,Sonata Romantica: IV,Manuel M. Ponce,11,8,XII,Modern,found,pdf,pdf-20260524T103936Z-3-001/pdf/Sonata Romantica IV Allegro Non Troppo E Serioso by Manuel Maria Ponce.pdf,,,,verified_pieces/pdf/xml/Sonata Romantica IV Allegro Non Troppo E Serioso by Manuel Maria Ponce.musicxml,,0.009823182711198428,0.9383116883116883,5,1.5358671909130626,0.5764925373134329,0.7942973523421588,0.8892529488859764,5,0.0,1.4047151277013752,2145,104.0,7.671360923190644,3.3496503496503496,8.0,0.16923076923076924,0.22843822843822845,3.0,0.2134905042567125,3.6012269938650308,0.5337423312883436,0.1382699868938401,22.0,2.164782203339509,3.180101140822282,2.460751454556383,0.0399737876802097,3.0,19.0,4.8125,1.339227547696603,4.0,3.97223496432212,44.0,4.243822463266831,True
1,Sonata: Allemande,Silvius Leopold Weiss,10,5,IX,Baroque,found,pdf,pdf-20260524T103936Z-3-001/pdf/weiss-sonata-34-allemande.pdf,,,,verified_pieces/pdf/xml/weiss-sonata-34-allemande.musicxml,,0.0,1.3846153846153846,4,2.3078512396694215,0.5920679886685553,0.7238095238095238,0.9834710743801653,5,0.0,1.4567901234567902,354,70.0,5.872117789475416,4.935028248587571,9.0,0.4350282485875706,0.1864406779661017,3.0,0.3292181069958848,3.2375,0.6,0.359504132231405,11.0,2.2483246230384317,3.258375722058771,2.4502794335404103,0.09090909090909091,3.0,8.299999999999999,3.5625,2.871985157699443,6.800000000000011,4.710743801652892,44.0,3.9899706282685004,True
1,"Stuckchen, Op. 68 no. 5",Robert Schumann,4,3,V,Romantic,found,pdf,pdf-20260524T103936Z-3-001/pdf/Opus 68 No 5 Little Piece (Stuckchen) by Robert Schumann.pdf,,,,verified_pieces/pdf/xml/Opus 68 No 5 Little Piece (Stuckchen) by Robert Schumann.musicxml,,0.0,1.532258064516129,21,3.5515873015873014,0.6335078534031413,0.625,0.9761904761904762,2,0.0,1.5118110236220472,192,120.0,5.262690188904886,2.578125,6.0,0.06770833333333333,0.359375,2.0,0.4881889763779528,3.0161290322580645,0.25806451612903225,0.7222222222222222,10.0,2.3761625100410253,2.644739338946419,2.004343772857407,0.023809523809523808,2.6,9.0,3.0625,2.721311475409836,4.0,6.904761904761905,18.0,4.4315681913806575,True
1,"Studio in Si Minore, Op. 35 no. 22",Fernando Sor,4,3,V,Classical,found,gaps,,,,Z41wc,datasets/gaps_v1/readable_musicxml/Fernando Sor - Opus 35 No 22 in B Minor.xml,gaps_v1/musicxml/Opus 35 No 17 in D by Fernando Sor.xml,0.0,0.1896551724137931,2,1.2629901960784313,0.5252293577981652,0.9333333333333333,1.099264705882353,4,0.0,1.6007326007326008,437,100.0,6.082218910376446,2.606407322654462,4.0,0.013729977116704805,0.16247139588100687,1.0,0.4908424908424908,0.6119402985074627,0.3358208955223881,0.0625,7.0,1.1036771781772845,2.365569751725842,2.156568396965107,0.0,2.0,7.0,3.6875,0.34782608695652173,2.0,2.5235294117647062,14.0,5.105986470949975,True
1,"Study in A, Op. 44 no. 20",Fernando Sor,5,3,V,Classical,found,pdf,pdf-20260524T103936Z-3-001/pdf/Opus 44 No 20 by Fernando Sor.pdf,,,,verified_pieces/pdf/xml/Opus 44 No 20 by Fernando Sor.musicxml,,0.0,2.0,2,5.0347305389221555,0.7840236686390533,0.7771084337349398,1.0868263473053892,3,0.0,1.0119402985074626,339,80.0,5.8289456176102075,4.740412979351032,22.0,0.14749262536873156,0.25958702064896755,2.0,0.0029850746268656717,2.0,1.0,0.45808383233532934,22.0,7.077601746656629,2.399525587871626,1.8479346879269303,0.1317365269461078,2.0,22.0,4.0,8.0,8.0,15.925149700598803,88.0,3.1911419645956265,True
1,"Study in B Minor, Op. 31 No. 18",Fernando Sor,6,3,VII,Classical,found,pdf,pdf-20260524T103936Z-3-001/pdf/Opus 31 No 18 by Fernando Sor.pdf,,,,verified_pieces/pdf/xml/Opus 31 No 18 by Fernando Sor.musicxml,,0.0,3.727272727272727,20,4.336206896551724,0.7540983606557377,0.8851674641148325,1.043103448275862,4,0.0,1.0515021459227467,245,100.0,5.5053315359323625,5.048979591836734,22.0,0.1510204081632653,0.11428571428571428,20.0,0.05150214592274678,2.8333333333333335,0.75,0.2672413793103448,20.0,6.448996133477489,2.606654962722939,2.061993051191337,0.08620689655172414,10.5,19.0,3.75,9.454545454545455,20.0,12.537356321839082,76.0,3.4349070100143058,True
1,"Study in E Minor, Op. 35 no. 18",Fernando Sor,4,2,II,Classical,found,pdf,pdf-20260524T103936Z-3-001/pdf/Opus 35 No 18 by Fernando Sor.pdf,,,,verified_pieces/pdf/xml/Opus 35 No 18 by Fernando Sor.musicxml,gaps_v1/musicxml/Opus 35 No 17 in D by Fernando Sor.xml,0.0,3.3035714285714284,21,4.512195121951219,0.5166666666666667,0.8,1.048780487804878,3,0.0,1.8242424242424242,301,120.0,5.71042701737487,3.6411960132890364,22.0,0.11627906976744186,0.3787375415282392,20.0,0.7878787878787878,2.546153846153846,0.23846153846153847,0.4024390243902439,21.5,5.020100551242301,2.214003335702417,2.5247757335838,0.036585365853658534,6.904761904761905,21.15,3.4375,4.598214285714286,20.900000000000006,7.668699186991869,43.0,5.936183456183456,True
1,"Study in E minor, Op. 48 no. 5",Mauro Giuliani,3,3,XII,Classical,found,pdf,pdf-20260524T103936Z-3-001/pdf/Opus 48 no5 (Estudio in E Minor) by Mauro Giuliani.pdf,,,,verified_pieces/pdf/xml/Opus 48 no5 (Estudio in E Minor) by Mauro Giuliani.musicxml,,0.0,0.0,0,2.4620155038759686,0.6887871853546911,1.0,1.2302325581395348,3,0.0,1.0162412993039442,438,120.0,6.0844994130751715,3.308219178082192,9.0,0.2831050228310502,0.4474885844748858,0.0,0.0069605568445475635,2.3333333333333335,0.6666666666666666,0.24651162790697675,15.0,3.0476795205053877,2.7423366023894182,2.258513759872135,0.0,,,,,,,,,False
1,Study No. 6,Fernando Sor,3,2,II,Classical,found,dada_gp,,"datasets/DadaGP-v1.1/S/Sor, Fernando/Sor, Fernando - Etude N-6 En Re Majeur.gp4.tokens.txt","datasets/DadaGP-v1.1/S/Sor, Fernando/Sor, Fernando - Etude N-6 En Re Majeur.gp4",,"verified_pieces/dada/xml/Sor, Fernando - Etude N-6 En Re Majeur.musicxml",,0.0,0.36363636363636365,2,1.5793650793650793,0.7575757575757576,0.868995633187773,1.626984126984127,5,0.022641509433962263,1.0474308300395256,265,120.0,5.583496308781699,1.8754716981132076,4.0,0.0,0.2981132075471698,1.0,0.04743083003952569,1.9166666666666667,0.75,0.1984126984126984,5.0,1.208292607544719,2.2816008167120634,2.4384753954844633,0.015873015873015872,1.0,4.0,2.5,0.7272727272727273,2.0,3.2195767195767195,12.0,2.1942226874345794,True
1,"Study, 31 no. 17",Fernando Sor,3,1,I,Classical,found,gaps,,,,Bk1wc,datasets/gaps_v1/readable_musicxml/Fernando Sor - Opus 35 No 17 in D.xml,,0.0,0.36363636363636365,2,1.5714285714285714,0.7537878787878788,0.8646288209606987,1.6349206349206349,5,0.0,1.0474308300395256,265,100.0,5.583496308781699,1.8452830188679246,4.0,0.0,0.30566037735849055,1.0,0.04743083003952569,1.9166666666666667,0.75,0.20238095238095238,5.0,1.2055004324001741,2.2727365935598285,2.4376562999772404,0.015873015873015872,1.0,4.0,2.5,0.7272727272727273,2.0,3.2037037037037037,12.0,2.1942226874345794,True
1,"Study, Op. 139 no. 1",Mauro Giuliani,2,1,II,Classical,found,pdf,pdf-20260524T103936Z-3-001/pdf/Opus 139 No 1 by Mauro Giuliani.pdf,,,,verified_pieces/pdf/xml/Opus 139 No 1 by Mauro Giuliani.musicxml,gaps_v1/musicxml/giuliani-op139no3.xml,0.0,0.5925925925925926,2,2.185082872928177,0.5392491467576792,0.8958333333333334,1.0773480662983426,4,0.0,1.6153846153846154,294,150.0,5.68697535633982,1.4183673469387754,3.0,0.013605442176870748,0.41496598639455784,2.0,0.4725274725274725,2.4767441860465116,0.4186046511627907,0.32044198895027626,22.0,3.3249500948277775,2.0731680245131634,2.417000664083112,0.049723756906077346,2.0,21.85,3.5,0.9125,2.0,3.8918047882136286,43.0,4.397435897435898,True
1,"Study, Op. 139 no. 3",Mauro Giuliani,5,3,VII,Classical,found,gaps,,,,fY1wc,datasets/gaps_v1/readable_musicxml/Mauro Giuliani - Opus 139 No. 3.xml,gaps_v1/musicxml/giuliani-op139no3.xml,0.0,0.7037037037037037,3,1.7169117647058822,0.5346260387811634,0.55,0.6176470588235294,5,0.0,1.7658536585365854,362,100.0,5.8944028342648505,2.069060773480663,5.0,0.052486187845303865,0.36464088397790057,2.0,0.5560975609756098,2.3684210526315788,0.42105263157894735,0.27941176470588236,6.0,1.233591076606932,2.486246251834318,2.3931855995686684,0.0196078431372549,1.6666666666666667,4.5,4.375,1.2897196261682242,4.0,3.278730936819172,12.0,5.7074912891986065,True
1,"Study, Op. 139 no. 5",Mauro Giuliani,4,3,VII,Classical,found,pdf,pdf-20260524T103936Z-3-001/pdf/Opus 139 No 5 by Mauro Giuliani.pdf,,,,verified_pieces/pdf/xml/Opus 139 No 5 by Mauro Giuliani.musicxml,gaps_v1/musicxml/giuliani-op139no3.xml,0.03763440860215054,0.9438202247191011,3,1.9243243243243244,0.4447513812154696,0.3076923076923077,0.3081081081081081,5,0.0,1.9516129032258065,363,120.0,5.8971538676367405,2.3002754820936637,6.0,0.09641873278236915,0.3691460055096419,2.0,0.5053763440860215,2.9574468085106385,0.6595744680851063,0.31351351351351353,10.0,1.7522769168462589,2.6642860638057595,2.470197527109069,0.11351351351351352,1.7,9.45,4.6875,1.4526515151515151,3.299999999999997,4.757057057057057,40.0,6.325316820276497,True
1,"Study, Op. 139 no. 6",Mauro Giuliani,8,4,VII,Classical,found,pdf,pdf-20260524T103936Z-3-001/pdf/Opus 139 No 6 By Mauro Giuliani.pdf,,,,verified_pieces/pdf/xml/Opus 139 No 6 By Mauro Giuliani.musicxml,gaps_v1/musicxml/giuliani-op139no3.xml,0.0,0.8,3,1.7385588558855885,0.5423728813559322,0.3586206896551724,0.44224422442244227,3,0.0,1.555921052631579,473,100.0,6.161207321695077,2.4503171247357294,5.0,0.07188160676532769,0.3128964059196617,2.0,0.34868421052631576,2.9056603773584904,0.4339622641509434,0.26732673267326734,22.0,1.9536218784151604,2.6366679839993754,2.3536266463543147,0.11551155115511551,1.7272727272727273,5.166666666666666,6.0625,2.141414141414142,6.400000000000006,5.959057572423909,76.0,7.5097005907626215,True
1,"Study, Op. 31 no. 16",Fernando Sor,9,3,VI,Classical,found,pdf,pdf-20260524T103936Z-3-001/pdf/Opus 31 No 16 by Fernando Sor.pdf,,,,verified_pieces/pdf/xml/Opus 31 No 16 by Fernando Sor.musicxml,,0.0,1.4545454545454546,4,1.7932263814616758,0.6151202749140894,0.36585365853658536,0.47593582887700536,4,0.0,1.553191489361702,292,90.0,5.680172609017068,2.328767123287671,5.0,0.0410958904109589,0.2465753424657534,2.6000000000000014,0.2925531914893617,2.581818181818182,0.6727272727272727,0.2192513368983957,8.0,1.4130666811879262,2.6644436041746964,2.3051549075188222,0.0,2.0,6.65,6.5,5.818181818181818,10.400000000000006,7.172905525846703,32.0,9.701217430879508,True
1,"Study, Op. 35 no. 10",Fernando Sor,2,2,II,Classical,found,pdf,pdf-20260524T103936Z-3-001/pdf/Opus 35 No 10 by Fernando Sor.pdf,,,,verified_pieces/pdf/xml/Opus 35 No 10 by Fernando Sor.musicxml,gaps_v1/musicxml/Opus 35 No 17 in D by Fernando Sor.xml,0.0,0.16981132075471697,1,1.6569696969696968,0.6646884272997032,0.7513227513227513,0.9854545454545455,4,0.0,1.2246376811594204,338,116.0,5.82600010738045,1.8136094674556213,5.0,0.038461538461538464,0.378698224852071,1.0,0.19202898550724637,2.8867924528301887,0.39622641509433965,0.24,6.5,1.3351907173160613,2.386383512181136,2.2481559307579997,0.09090909090909091,0.4,5.0,4.25,0.3269230769230769,2.0,6.4763636363636365,80.0,4.267294187957568,True
1,"Study, Op. 35 no. 14",Fernando Sor,2,2,III,Classical,found,pdf,pdf-20260524T103936Z-3-001/pdf/Opus 35 No 14 by Fernando Sor.pdf,,,,verified_pieces/pdf/xml/Opus 35 No 14 by Fernando Sor.musicxml,gaps_v1/musicxml/Opus 35 No 17 in D by Fernando Sor.xml,0.0,1.018181818181818,19,1.3734177215189873,0.5782608695652174,0.47619047619047616,0.7721518987341772,5,0.0,1.4528301886792452,231,120.0,5.44673737166631,1.2121212121212122,3.0,0.004329004329004329,0.41125541125541126,2.0,0.3710691823899371,2.0,0.5254237288135594,0.13924050632911392,12.5,1.5745291953379146,1.989726036250489,2.3032222919355267,0.11392405063291139,3.0,12.024999999999993,2.8125,1.1939393939393939,2.400000000000001,3.651371308016878,50.0,3.270195114103831,True
1,"Study, Op. 39 no. 27",Anton Diabelli,1,1,I,Classical,found,pdf,pdf-20260524T103936Z-3-001/pdf/Opus 39 No 27 by Anton Diabelli.pdf,,,,verified_pieces/pdf/xml/Opus 39 No 27 by Anton Diabelli.musicxml,,0.0,2.0,2,5.381818181818182,0.6962962962962963,0.8857142857142857,1.490909090909091,5,0.0,1.2252252252252251,136,130.0,4.919980925828125,3.6323529411764706,12.5,0.10294117647058823,0.13970588235294118,2.0,0.1891891891891892,1.1904761904761905,0.19047619047619047,0.24545454545454545,21.0,7.935801292167056,2.0303494440968337,2.215633201100736,0.06363636363636363,2.0,21.0,2.1875,3.7142857142857144,4.0,9.145454545454545,42.0,2.4504504504504503,True
1,"Study, Op. 48 no. 23",Mauro Giuliani,9,4,VII,Classical,found,pdf,pdf-20260524T103936Z-3-001/pdf/Opus 48 No 23 by Mauro Giuliani.pdf,,,,verified_pieces/pdf/xml/Opus 48 No 23 by Mauro Giuliani.musicxml,,0.014084507042253521,1.5,3,4.233992467043314,0.7416020671834626,0.7331378299120235,1.0254237288135593,5,0.0,1.0929577464788733,388,100.0,5.963579343618446,4.644329896907217,9.0,0.21391752577319587,0.18298969072164947,2.9000000000000004,0.03380281690140845,3.4166666666666665,0.6666666666666666,0.3022598870056497,22.0,6.569105668434394,2.973802951742785,2.2657284542538116,0.0480225988700565,3.0,22.0,4.875,3.1255411255411256,8.0,12.752667922159448,88.0,3.7198912774894985,True
1,"Study, Op. 48 no. 24",Mauro Giuliani,11,4,All,Classical,found,pdf,pdf-20260524T103936Z-3-001/pdf/Opus 48 No 24 by Mauro Giuliani.pdf,,,,verified_pieces/pdf/xml/Opus 48 No 24 by Mauro Giuliani.musicxml,,0.0028089887640449437,1.2777777777777777,3,4.289389671361502,0.5961904761904762,0.7606837606837606,1.180281690140845,4,0.0,1.4775280898876404,526,100.0,6.267200548541362,5.420152091254753,14.0,0.3365019011406844,0.2908745247148289,3.0,0.25280898876404495,3.466666666666667,0.36666666666666664,0.48450704225352115,22.0,5.5684661652420715,3.420474360749641,2.288113084350808,0.10985915492957747,2.375,22.0,5.9375,2.867576243980738,6.0,13.200801475519784,88.0,5.821571350418718,True
1,"Study, Op. 50 no. 1",Mauro Giuliani,1,1,I,Classical,found,pdf,pdf-20260524T103936Z-3-001/pdf/Opus 50 No 1 by Mauro Giuliani.pdf,,,,verified_pieces/pdf/xml/Opus 50 No 1 by Mauro Giuliani.musicxml,,0.0,0.46153846153846156,2,1.0875,0.5085714285714286,0.23684210526315788,0.7166666666666667,3,0.0,1.4545454545454546,176,120.0,5.176149732573829,1.1363636363636365,3.0,0.0,0.44886363636363635,1.0,0.45454545454545453,2.2181818181818183,0.38181818181818183,0.16666666666666666,3.0,0.9324307391615386,1.8633930808636434,2.210437430192422,0.25,1.0,2.8499999999999996,2.6875,0.657051282051282,2.0,1.9173611111111113,6.0,2.7379679144385025,True
1,"Study, Op. 50 no. 3",Mauro Giuliani,1,1,I,Classical,found,pdf,pdf-20260524T103936Z-3-001/pdf/Opus 50 No 3 by Mauro Giuliani.pdf,,,,verified_pieces/pdf/xml/Opus 50 No 3 by Mauro Giuliani.musicxml,,0.0,1.7878787878787878,8,1.9433497536945812,0.4457831325301205,0.5947712418300654,0.8916256157635468,4,0.0,1.2254901960784315,250,120.0,5.5254529391317835,2.372,3.0,0.072,0.448,6.800000000000004,0.16666666666666666,3.264705882352941,0.35294117647058826,0.16748768472906403,22.0,4.686177060869217,2.115976651785348,2.3792373321305953,0.3251231527093596,3.1666666666666665,22.0,5.75,4.177083333333333,8.0,18.008210180623976,352.0,4.6685340802987865,True
1,"Study, Op. 50 no. 5",Mauro Giuliani,1,1,V,Classical,found,pdf,pdf-20260524T103936Z-3-001/pdf/Opus 50 No 5 by Mauro Giuliani.pdf,,,,verified_pieces/pdf/xml/Opus 50 No 5 by Mauro Giuliani.musicxml,,0.0,0.07692307692307693,1,2.280808080808081,0.7912087912087912,0.7761194029850746,1.1939393939393939,5,0.0,1.1024096385542168,183,100.0,5.214935757608986,1.7759562841530054,3.0,0.03278688524590164,0.3770491803278688,0.0,0.0963855421686747,3.3125,0.6875,0.22424242424242424,22.0,3.855242879962781,2.1896590188181437,2.460199735437428,0.01818181818181818,0.2,20.4,4.5,0.3333333333333333,0.0,7.945454545454545,88.0,4.483132530120481,True
1,"Study, Op. 50 no. 7",Mauro Giuliani,5,2,II,Classical,found,pdf,pdf-20260524T103936Z-3-001/pdf/Opus 50 No 7 by Mauro Giuliani.pdf,,,,verified_pieces/pdf/xml/Opus 50 No 7 by Mauro Giuliani.musicxml,,0.0,0.37037037037037035,3,2.1153846153846154,0.7180232558139535,0.7055214723926381,1.0183150183150182,5,0.0,1.2591240875912408,345,100.0,5.846438775057725,1.5971014492753624,3.0,0.008695652173913044,0.41739130434782606,1.0,0.2116788321167883,3.189655172413793,0.4827586206896552,0.2490842490842491,22.0,3.0363865446430567,2.0955790004032,2.525881044888869,0.01098901098901099,1.0,19.199999999999996,5.625,1.169811320754717,4.0,7.607448107448106,88.0,5.850475558504755,True
1,"Study, Op. 60 no. 1",Matteo Carcassi,2,2,VIII,Classical,found,pdf,pdf-20260524T103936Z-3-001/pdf/Opus 60 No 1 in C by Matteo Carcassi.pdf,,,,verified_pieces/pdf/xml/Opus 60 No 1 in C by Matteo Carcassi.musicxml,gaps_v1/musicxml/Opus 60 No 7 in A Minor by Matteo Carcassi.xml,0.0,1.0,2,2.308333333333333,0.8553459119496856,0.5140845070422535,0.6833333333333333,5,0.0,1.0598006644518272,319,120.0,5.768320995793772,2.3636363636363638,5.0,0.07210031347962383,0.3166144200626959,2.0,0.03322259136212625,2.4,0.8,0.24666666666666667,22.0,3.164769168342122,2.7499117472414585,2.366891023748342,0.006666666666666667,2.0,15.999999999999979,2.375,0.7777777777777778,2.0,4.310833333333333,44.0,2.1129775747508304,True
1,"Study, Op. 60 no. 10",Matteo Carcassi,4,3,X,Classical,found,pdf,pdf-20260524T103936Z-3-001/pdf/carcassi-op60-10.pdf,,,,verified_pieces/pdf/xml/carcassi-op60-10.musicxml,gaps_v1/musicxml/Opus 60 No 7 in A Minor by Matteo Carcassi.xml,0.0,1.3275862068965518,2,1.265873015873016,0.35502958579881655,0.0,0.0,0,0.0,2.0,170,138.0,5.14166355650266,4.747058823529412,7.0,0.35294117647058826,0.1588235294117647,2.0,0.6823529411764706,2.2413793103448274,0.27586206896551724,0.13095238095238096,5.833333333333334,1.1980250082460582,2.568429242505997,2.0377968062004843,0.2619047619047619,1.5714285714285714,4.024999999999999,4.9375,4.099415204678363,8.0,3.4947089947089944,18.666666666666664,9.251700680272108,True
1,"Study, Op. 60 no. 11",Matteo Carcassi,2,2,III,Classical,found,pdf,pdf-20260524T103936Z-3-001/pdf/Opus 60 No 11 in D Minor by Matteo Carcassi.pdf,,,,verified_pieces/pdf/xml/Opus 60 No 11 in D Minor by Matteo Carcassi.musicxml,gaps_v1/musicxml/Opus 60 No 7 in A Minor by Matteo Carcassi.xml,0.0,0.0,0,1.9196428571428572,0.9333333333333333,0.6756756756756757,1.1919642857142858,4,0.0,1.0044444444444445,226,110.0,5.424950017481403,1.8539823008849559,4.0,0.0,0.2920353982300885,0.0,0.0044444444444444444,4.0,1.0,0.26785714285714285,5.0,1.0898344636518271,2.4304564603193586,2.2627535788628643,0.004464285714285714,0.0,5.0,4.0625,0.0,0.0,7.678571428571429,20.0,4.053650793650793,True
1,"Study, Op. 60 no. 12",Matteo Carcassi,10,4,X,Classical,found,pdf,pdf-20260524T103936Z-3-001/pdf/Opus 60 No 12 in D by Matteo Carcassi.pdf,,,,verified_pieces/pdf/xml/Opus 60 No 12 in D by Matteo Carcassi.musicxml,gaps_v1/musicxml/Opus 60 No 7 in A Minor by Matteo Carcassi.xml,0.0,0.0,0,7.983193277310924,0.7899159663865546,0.907563025210084,1.3445378151260505,5,0.0,1.0,239,120.0,5.480638923341991,6.585774058577406,22.0,0.3138075313807531,0.25523012552301255,0.0,0.0,0.0,0.0,0.5,22.0,8.621824168228784,3.00135077412802,2.1889511253780913,0.02100840336134454,,,,,,,,,False
1,"Study, Op. 60 no. 13",Matteo Carcassi,6,3,IX,Classical,found,pdf,pdf-20260524T103936Z-3-001/pdf/Opus 60 No 13 in A by Matteo Carcassi.pdf,,,,verified_pieces/pdf/xml/Opus 60 No 13 in A by Matteo Carcassi.musicxml,gaps_v1/musicxml/Opus 60 No 7 in A Minor by Matteo Carcassi.xml,0.0,0.3333333333333333,1,3.8229166666666665,0.5324232081911263,0.6219081272084805,1.1041666666666667,5,0.0,1.0173010380622838,294,70.0,5.68697535633982,2.642857142857143,7.0,0.11904761904761904,0.5476190476190477,0.8,0.010380622837370242,2.6666666666666665,1.0,0.3784722222222222,22.0,5.882964090750135,2.3574497427871974,1.7818851040474197,0.3645833333333333,,,,,,,,,False
1,"Study, Op. 60 no. 14",Matteo Carcassi,5,3,IX,Classical,found,pdf,pdf-20260524T103936Z-3-001/pdf/Opus 60 No 14 in D by Matteo Carcassi.pdf,,,,verified_pieces/pdf/xml/Opus 60 No 14 in D by Matteo Carcassi.musicxml,gaps_v1/musicxml/Opus 60 No 7 in A Minor by Matteo Carcassi.xml,0.0,0.23529411764705882,3,2.339527027027027,0.8702064896755162,0.3303964757709251,0.42567567567567566,5,0.0,1.1447811447811447,340,90.0,5.831882477283517,2.8794117647058823,9.0,0.14411764705882352,0.3205882352941177,1.0,0.12457912457912458,2.945945945945946,0.5675675675675675,0.32094594594594594,11.0,1.6177097735476849,2.793648141029158,2.266030012052199,0.0,3.0,6.824999999999999,4.6875,0.42424242424242425,1.0,9.206925675675675,44.0,4.990071656738323,True
1,"Study, Op. 60 no. 15",Matteo Carcassi,6,4,X,Classical,found,pdf,pdf-20260524T103936Z-3-001/pdf/carcassi-op60-15.pdf,,,,verified_pieces/pdf/xml/carcassi-op60-15.musicxml,gaps_v1/musicxml/Opus 60 No 7 in A Minor by Matteo Carcassi.xml,0.0,1.4285714285714286,2,1.7128712871287128,0.8015267175572519,0.9778672032193159,1.3386138613861387,4,0.0,1.0375494071146245,525,115.0,6.26530121273771,3.499047619047619,8.0,0.18666666666666668,0.18095238095238095,2.0,0.01383399209486166,3.7142857142857144,0.5714285714285714,0.22772277227722773,11.0,1.6274205652824605,3.2261135075120793,2.223385399354564,0.015841584158415842,2.0,7.875,4.4375,2.7619047619047614,6.0,6.7620933521923625,44.0,4.126616960114983,True
1,"Study, Op. 60 no. 17",Matteo Carcassi,7,3,VIII,Classical,found,pdf,pdf-20260524T103936Z-3-001/pdf/Opus 60 No 17 in A Minor by Matteo Carcassi.pdf,,,,verified_pieces/pdf/xml/Opus 60 No 17 in A Minor by Matteo Carcassi.musicxml,gaps_v1/musicxml/Opus 60 No 7 in A Minor by Matteo Carcassi.xml,0.013793103448275862,0.875,2,6.558535178777394,0.7087087087087087,0.7769230769230769,1.6228373702422145,5,0.0,1.1517241379310346,334,100.0,5.814130531825066,4.895209580838324,22.0,0.24550898203592814,0.3323353293413174,2.0,0.08275862068965517,2.0833333333333335,0.5,0.5190311418685121,22.0,7.520052662637367,3.1306309768380842,2.3774677416272505,0.09342560553633218,1.1666666666666667,22.0,5.3125,2.8550724637681157,7.200000000000003,20.145905420991923,88.0,3.846758620689655,True
1,"Study, Op. 60 no. 18",Matteo Carcassi,7,4,IX,Classical,found,pdf,pdf-20260524T103936Z-3-001/pdf/Opus 60 No 18 in A by Matteo Carcassi.pdf,,,,verified_pieces/pdf/xml/Opus 60 No 18 in A by Matteo Carcassi.musicxml,gaps_v1/musicxml/Opus 60 No 7 in A Minor by Matteo Carcassi.xml,0.0,0.23529411764705882,2,1.906837606837607,0.7663551401869159,0.5925925925925926,0.8358974358974359,5,0.0,1.096938775510204,215,120.0,5.375278407684165,3.395348837209302,7.0,0.12558139534883722,0.1813953488372093,1.0,0.08673469387755102,3.235294117647059,0.7647058823529411,0.26153846153846155,9.0,1.7618169119344718,3.109692967528343,2.2168159331049937,0.09743589743589744,2.0,8.399999999999999,2.3125,0.47058823529411764,2.0,3.6222222222222222,18.0,2.2249229880631494,True
1,"Study, Op. 60 no. 2",Matteo Carcassi,4,3,X,Classical,found,pdf,pdf-20260524T103936Z-3-001/pdf/Opus 60 No 2 in A minor by Matteo Carcassi.pdf,,,,verified_pieces/pdf/xml/Opus 60 No 2 in A minor by Matteo Carcassi.musicxml,gaps_v1/musicxml/Opus 60 No 7 in A Minor by Matteo Carcassi.xml,0.0,1.0,1,1.943469785575049,0.4046242774566474,0.48823529411764705,0.8713450292397661,5,0.0,1.0116618075801749,347,120.0,5.8522024797744745,3.636887608069164,8.0,0.19020172910662825,0.27089337175792505,1.0,0.0058309037900874635,3.0,1.0,0.1871345029239766,22.0,4.289407134048679,3.136967045497269,1.821445938622413,0.49707602339181284,1.0,21.0,4.25,4.0,4.0,6.706627680311891,88.0,3.8470865449898155,True
1,"Study, Op. 60 no. 20",Matteo Carcassi,12,4,XII,Classical,found,pdf,pdf-20260524T103936Z-3-001/pdf/carcassi-opus60-20.pdf,,,,verified_pieces/pdf/xml/carcassi-opus60-20.musicxml,gaps_v1/musicxml/Opus 60 No 7 in A Minor by Matteo Carcassi.xml,0.0,0.0,0,2.232,0.7386666666666667,0.8106666666666666,1.392,5,0.0,1.0,376,210.0,5.932245187448011,2.845744680851064,8.0,0.19414893617021275,0.3404255319148936,0.0,0.0,0.0,0.0,0.31733333333333336,12.0,2.3948923427438933,2.832991709203049,2.3392947984408066,0.005333333333333333,0.0,10.0,2.0625,0.0,0.0,4.490666666666667,24.0,2.0106951871657754,True
1,"Study, Op. 60 no. 21",Matteo Carcassi,7,4,VII,Classical,found,pdf,pdf-20260524T103936Z-3-001/pdf/carcassi-opus60-21.pdf,,,,verified_pieces/pdf/xml/carcassi-opus60-21.musicxml,gaps_v1/musicxml/Opus 60 No 7 in A Minor by Matteo Carcassi.xml,0.002890173410404624,0.967741935483871,3,1.0304347826086957,0.3785310734463277,0.028037383177570093,0.1072463768115942,2,0.0,1.5375722543352601,532,70.0,6.278521424165844,2.142857142857143,5.0,0.02819548872180451,0.2424812030075188,2.0,0.28901734104046245,2.9,0.59,0.0927536231884058,10.0,1.3125799002494907,2.59206642293347,2.3090608728944,0.40869565217391307,3.0,8.599999999999998,6.0,2.5869565217391304,4.0,8.008051529790661,112.0,7.262938417814503,True
1,"Study, Op. 60 no. 22",Matteo Carcassi,12,4,X,Classical,found,pdf,pdf-20260524T103936Z-3-001/pdf/Opus 60 No 22 in C by Matteo Carcassi.pdf,,,,verified_pieces/pdf/xml/Opus 60 No 22 in C by Matteo Carcassi.musicxml,gaps_v1/musicxml/Opus 60 No 7 in A Minor by Matteo Carcassi.xml,0.0,0.7142857142857143,2,2.263507896924356,0.8878048780487805,0.6005154639175257,0.8478802992518704,5,0.0,1.0223880597014925,411,120.0,6.021023349349527,3.1094890510948905,8.0,0.1654501216545012,0.2360097323600973,1.4000000000000004,0.01990049751243781,1.375,0.75,0.3117206982543641,22.0,2.740832928132408,3.094900183085381,2.430036703542189,0.017456359102244388,1.5,20.69999999999999,4.3125,2.857142857142857,5.600000000000001,8.486284289276808,88.0,4.001918976545842,True
1,"Study, Op. 60 no. 23",Matteo Carcassi,7,3,X,Classical,found,pdf,pdf-20260524T103936Z-3-001/pdf/Opus 60 No 23 in A by Matteo Carcassi.pdf,,,,verified_pieces/pdf/xml/Opus 60 No 23 in A by Matteo Carcassi.musicxml,gaps_v1/musicxml/Opus 60 No 7 in A Minor by Matteo Carcassi.xml,0.0,0.6808510638297872,2,2.5159420289855072,0.6717171717171717,0.23170731707317074,0.5449275362318841,3,0.0,1.1473988439306357,397,160.0,5.986452005284438,3.667506297229219,9.0,0.30730478589420657,0.36523929471032746,2.0,0.14739884393063585,1.8823529411764706,0.5098039215686274,0.3159420289855073,13.0,2.836696547216002,3.077006701319504,2.1733980905533166,0.21739130434782608,1.6666666666666667,12.95,2.5625,1.3617021276595744,4.0,5.030434782608696,26.0,2.6104145618364605,True
1,"Study, Op. 60 no. 24",Matteo Carcassi,11,6,IX,Classical,found,pdf,pdf-20260524T103936Z-3-001/pdf/Opus 60 No 24 in E by Matteo Carcassi.pdf,,,,verified_pieces/pdf/xml/Opus 60 No 24 in E by Matteo Carcassi.musicxml,gaps_v1/musicxml/Opus 60 No 7 in A Minor by Matteo Carcassi.xml,0.0,1.6608695652173913,7,2.066030230708035,0.4657142857142857,0.4344262295081967,0.4152744630071599,5,0.0,1.6690476190476191,701,100.0,6.553933404025811,2.920114122681883,6.0,0.09985734664764621,0.24251069900142652,3.0,0.2785714285714286,3.2564102564102564,0.48717948717948717,0.29832935560859186,18.5,2.449636618588045,2.923991750513032,2.3508268646476194,0.17422434367541767,3.5,17.724999999999998,6.6875,5.963768115942029,12.0,8.481384248210023,144.0,8.674716448210425,True
1,"Study, Op. 60 no. 25",Matteo Carcassi,11,4,XII,Classical,found,pdf,pdf-20260524T103936Z-3-001/pdf/carcassi-op60-25.pdf,,,,verified_pieces/pdf/xml/carcassi-op60-25.musicxml,gaps_v1/musicxml/Opus 60 No 7 in A Minor by Matteo Carcassi.xml,0.0,0.875,3,2.187832310838446,0.7600922722029988,0.7447368421052631,1.007361963190184,5,0.0,1.0637254901960784,868,120.0,6.767343125265392,2.966589861751152,9.0,0.16013824884792627,0.3122119815668203,3.0,0.0392156862745098,3.59375,0.5,0.2920245398773006,14.0,2.2473578073702387,2.967053578625397,2.299205818151938,0.026993865030674847,3.0,10.899999999999999,4.8125,2.21505376344086,8.0,8.598108384458078,56.0,4.27460058097313,True
1,"Study, Op. 60 no. 4",Matteo Carcassi,6,4,XII,Classical,found,pdf,pdf-20260524T103936Z-3-001/pdf/Opus 60 No 4 by Matteo Carcassi.pdf,,,,verified_pieces/pdf/xml/Opus 60 No 4 by Matteo Carcassi.musicxml,gaps_v1/musicxml/Opus 60 No 7 in A Minor by Matteo Carcassi.xml,0.0,0.3333333333333333,1,2.0455153949129854,0.83399209486166,0.6707818930041153,1.108433734939759,4,0.0,1.016,254,120.0,5.541263545158426,3.6535433070866143,8.0,0.24803149606299213,0.2677165354330709,0.8,0.012,3.0,0.6666666666666666,0.17269076305220885,12.0,2.121515693950486,3.0581174446003376,1.9106732680179128,0.03614457831325301,1.0,8.749999999999986,4.125,1.3333333333333333,3.2,8.160642570281123,48.0,4.03225,True
1,"Study, Op. 60 no. 5",Matteo Carcassi,8,4,VII,Classical,found,pdf,pdf-20260524T103936Z-3-001/pdf/carcassi-op60-5.pdf,,,,verified_pieces/pdf/xml/carcassi-op60-5.musicxml,gaps_v1/musicxml/Opus 60 No 7 in A Minor by Matteo Carcassi.xml,0.0,0.9696969696969697,3,1.6156028368794324,0.6254180602006689,0.9106145251396648,1.4170212765957446,5,0.0,1.271186440677966,300,69.0,5.707110264748875,2.9133333333333336,8.0,0.15666666666666668,0.2633333333333333,2.8000000000000007,0.13983050847457626,2.909090909090909,0.6060606060606061,0.23829787234042554,9.0,1.4395806630013688,2.8211970008928167,2.4291494725698777,0.02127659574468085,2.0,5.649999999999999,5.5,2.9166666666666665,8.0,6.089361702127659,20.0,5.778120184899846,True
1,"Study, Op. 60 no. 6",Matteo Carcassi,2,2,V,Classical,found,gaps,,,,Dc1wc,datasets/gaps_v1/readable_musicxml/Matteo Carcassi - Opus 60 No 6 in C.xml,gaps_v1/musicxml/Opus 60 No 7 in A Minor by Matteo Carcassi.xml,0.0033333333333333335,0.6666666666666666,3,1.732329988851728,0.6908665105386417,0.34814814814814815,0.5351170568561873,5,0.0,1.4266666666666667,428,100.0,6.061456918928017,1.5350467289719627,3.0,0.002336448598130841,0.3341121495327103,2.0,0.30666666666666664,2.902173913043478,0.5652173913043478,0.23076923076923078,5.0,0.9451920799463323,2.1511182618307365,2.4745641043512574,0.0,2.3333333333333335,4.983333333333333,3.5625,1.228405315614618,4.0,3.401520942825291,10.0,3.9141880341880344,True
1,"Study, Op. 60 no. 7",Matteo Carcassi,3,2,III,Classical,found,dada_gp,,"datasets/DadaGP-v1.1/C/Carcassi, Mateo/Carcassi, Mateo - Etude op 60 no 7.gp3.tokens.txt","datasets/DadaGP-v1.1/C/Carcassi, Mateo/Carcassi, Mateo - Etude op 60 no 7.gp3",,"verified_pieces/dada/xml/Carcassi, Mateo - Etude op 60 no 7.musicxml",gaps_v1/musicxml/Opus 60 No 7 in A Minor by Matteo Carcassi.xml,0.018306636155606407,0.5094339622641509,8,1.1629969418960244,0.4044213263979194,0.6111111111111112,0.481651376146789,2,0.046753246753246755,1.7620137299771168,770,120.0,6.647688373563329,1.4792207792207792,3.0,0.01038961038961039,0.35194805194805195,1.0,0.3707093821510298,1.9382716049382716,0.345679012345679,0.11926605504587157,7.0,1.184970241819078,2.228276243819978,2.263398312042493,0.19724770642201836,2.6666666666666665,6.849999999999987,10.0,2.057142857142857,4.0,4.613761467889908,28.0,12.222978126868288,True
1,"Study, Op. 60 no. 8",Matteo Carcassi,6,3,VII,Classical,found,dada_gp,,"datasets/DadaGP-v1.1/C/Carcassi, Mateo/Carcassi, Mateo - Andante nss 8.gp3.tokens.txt","datasets/DadaGP-v1.1/C/Carcassi, Mateo/Carcassi, Mateo - Andante nss 8.gp3",,"verified_pieces/dada/xml/Carcassi, Mateo - Andante nss 8.musicxml",gaps_v1/musicxml/Opus 60 No 7 in A Minor by Matteo Carcassi.xml,0.0,0.391304347826087,2,1.8235294117647058,0.75,0.927536231884058,1.3445378151260505,5,0.0,1.2083333333333333,145,135.0,4.983606621708336,1.0689655172413792,3.0,0.0,0.5310344827586206,1.0,0.20833333333333334,2.68,0.48,0.3277310924369748,4.0,1.0095931356517418,1.7449696445094312,2.265291629671932,0.0,2.0,3.599999999999998,2.3125,0.782608695652174,2.0,3.5588235294117645,8.0,2.737630208333333,True
1,"Study, Op. 60 no. 9",Matteo Carcassi,11,4,IX,Classical,found,pdf,pdf-20260524T103936Z-3-001/pdf/carcassi-op60-9.pdf,,,,verified_pieces/pdf/xml/carcassi-op60-9.musicxml,gaps_v1/musicxml/Opus 60 No 7 in A Minor by Matteo Carcassi.xml,0.0,0.8571428571428571,3,2.2775641025641025,0.72782874617737,0.2756756756756757,0.39615384615384613,5,0.0,1.2567049808429118,328,105.0,5.796057750765372,3.8658536585365852,10.0,0.24695121951219512,0.25914634146341464,2.0,0.17624521072796934,2.891304347826087,0.6521739130434783,0.28076923076923077,12.0,2.2922758738398605,3.332750459957745,2.2940900311770527,0.06538461538461539,1.5714285714285714,10.849999999999987,4.6875,2.761904761904762,7.799999999999997,6.925320512820512,44.0,4.542140316434987,True
1,"Suite 1 for Cello, BWV 1007: i. Prelude",J.S. Bach,8,5,VII,Baroque,found,pdf,pdf-20260524T103936Z-3-001/pdf/bach-bwv1007-prelude.pdf,,,,verified_pieces/pdf/xml/bach-bwv1007-prelude.musicxml,,0.0,0.30357142857142855,3,2.1435406698564594,0.7965367965367965,0.696078431372549,0.9059011164274322,4,0.0,1.105095541401274,694,70.0,6.543911845564792,3.195965417867435,7.0,0.19596541786743515,0.27521613832853026,1.0,0.09713375796178345,3.3114754098360657,0.5573770491803278,0.28548644338118023,9.0,1.9192096279083617,2.9599287544695447,2.395078430665453,0.023923444976076555,3.0,7.0,4.5,0.9636363636363636,4.0,7.86735778841042,36.0,3.9380554851475438,True
1,"Suite 1 for Cello, BWV 1007: ii.  Allemande",J.S. Bach,7,4,VII,Baroque,found,pdf,pdf-20260524T103936Z-3-001/pdf/BWV 1007 Allemande by Johann Sebastian Bach.pdf,,,,verified_pieces/pdf/xml/BWV 1007 Allemande by Johann Sebastian Bach.musicxml,,0.0,0.7,4,2.236652236652237,0.8034682080924855,0.42777777777777776,0.5541125541125541,4,0.0,1.123110151187905,520,70.0,6.255750041753367,2.6,5.0,0.057692307692307696,0.25384615384615383,2.0,0.11231101511879049,3.4423076923076925,0.7115384615384616,0.25757575757575757,22.0,2.9637920066959547,2.6118293868999087,2.2363734281945757,0.032467532467532464,1.8333333333333333,19.299999999999994,4.5625,1.7733333333333332,4.0,8.298821548821548,88.0,4.209133539587103,True
1,"Suite 1 for Cello, BWV 1007: iii.  Courante",J.S. Bach,8,4,VII,Baroque,found,pdf,pdf-20260524T103936Z-3-001/pdf/BWV 1007 Courante by Johann Sebastian Bach.pdf,,,,verified_pieces/pdf/xml/BWV 1007 Courante by Johann Sebastian Bach.musicxml,,0.0,0.5128205128205128,2,1.658595641646489,0.8373626373626374,0.6578171091445427,0.87409200968523,5,0.0,1.1014492753623188,456,72.0,6.124683390894205,1.5921052631578947,3.0,0.0,0.33114035087719296,2.0,0.0966183574879227,2.825,0.55,0.22518159806295399,5.0,0.9764179164709306,2.1594100717819043,2.3179077941162647,0.012106537530266344,2.0,4.0,4.375,1.4035087719298245,4.0,6.03591606133979,20.0,3.986197377501725,True
1,"Suite 1 for Cello, BWV 1007: iv.  Sarabande",J.S. Bach,7,4,V,Baroque,found,pdf,pdf-20260524T103936Z-3-001/pdf/BWV 1007 Sarabande by Johann Sebastian Bach.pdf,,,,verified_pieces/pdf/xml/BWV 1007 Sarabande by Johann Sebastian Bach.musicxml,,0.0,0.6923076923076923,2,1.3726190476190478,0.6280193236714976,0.484375,0.4714285714285714,2,0.0,1.475177304964539,208,40.0,5.342334251964811,1.4230769230769231,3.0,0.0,0.36538461538461536,2.0,0.2978723404255319,2.9761904761904763,0.8095238095238095,0.15,4.5,0.954128604831562,2.1308735796057867,2.4757090728718034,0.03571428571428571,2.0,4.0,4.4375,1.3640350877192984,4.0,4.785119047619047,18.0,5.682164433937483,True
1,"Suite 1 for Cello, BWV 1007: vi. Gigue",J.S. Bach,8,4,V,Baroque,found,pdf,pdf-20260524T103936Z-3-001/pdf/bach-bwv1007-gigue.pdf,,,,verified_pieces/pdf/xml/bach-bwv1007-gigue.musicxml,,0.0047169811320754715,0.4745762711864407,3,1.6745655608214849,0.6735395189003437,0.53125,0.5924170616113744,4,0.0,1.3773584905660377,292,115.0,5.680172609017068,2.1575342465753424,5.0,0.02054794520547945,0.2842465753424658,1.0,0.2830188679245283,3.033333333333333,0.7833333333333333,0.24644549763033174,6.0,1.188274625615148,2.4981342932541644,2.3625965438152345,0.014218009478672985,1.0,6.0,3.6875,1.11864406779661,4.0,3.8233280674038967,16.0,3.904744458692068,True
1,"Suite 2 for Cello, BWV 1008: i. Prelude",J.S. Bach,8,6,VII,Baroque,found,pdf,pdf-20260524T103936Z-3-001/pdf/BWV 1008 Prelude by Johann Sebastian Bach.pdf,,,,verified_pieces/pdf/xml/BWV 1008 Prelude by Johann Sebastian Bach.musicxml,,0.006015037593984963,1.380281690140845,18,2.2572791164658637,0.7414448669201521,0.5551330798479087,0.6355421686746988,3,0.0,1.1879699248120301,790,60.0,6.673297967767654,3.8443037974683545,9.0,0.22658227848101264,0.20126582278481012,3.0,0.11127819548872181,3.2837837837837838,0.8243243243243243,0.24548192771084337,22.0,3.4127272655892296,3.2748181601021615,2.341955747568958,0.03463855421686747,18.0,21.349999999999994,5.125,4.2714285714285705,12.0,7.942352744310576,88.0,4.965588574611131,True
1,"Suite 2 for Cello, BWV 1008: ii. Allemande",J.S. Bach,6,4,V,Baroque,found,pdf,pdf-20260524T103936Z-3-001/pdf/bach-bwv1008-allemande.pdf,,,,verified_pieces/pdf/xml/bach-bwv1008-allemande.musicxml,,0.013623978201634877,0.7047619047619048,3,1.676457194899818,0.6699029126213593,0.5321637426900585,0.6366120218579235,5,0.0,1.4059945504087195,516,60.0,6.248042874508429,2.2073643410852712,5.0,0.03682170542635659,0.28488372093023256,2.0,0.29427792915531337,2.824074074074074,0.6944444444444444,0.25956284153005466,8.666666666666666,1.2838905131933112,2.7573884449008164,2.3708366077474987,0.01912568306010929,1.2941176470588236,5.699999999999996,5.375,2.451923076923077,8.0,6.3025956284153,48.0,6.409658204403307,True
1,"Suite 2 for Cello, BWV 1008: iii.  Courante",J.S. Bach,8,6,VII,Baroque,found,pdf,pdf-20260524T103936Z-3-001/pdf/bach-bwv1008-courante.pdf,,,,verified_pieces/pdf/xml/bach-bwv1008-courante.musicxml,,0.008746355685131196,0.4666666666666667,3,1.8121345029239766,0.7571428571428571,0.6621004566210046,0.8596491228070176,4,0.0,1.227405247813411,421,80.0,6.045005314036012,2.4346793349168645,6.0,0.0997624703087886,0.28741092636579574,2.0,0.18950437317784258,3.046153846153846,0.6923076923076923,0.24561403508771928,9.0,1.3829762187669914,2.862632161781926,2.3468485320878307,0.0,1.0,5.166666666666667,5.25,1.7627118644067796,4.800000000000011,7.07050032488629,36.0,5.789777135343933,True
1,"Suite 2 for Cello, BWV 1008: iv. Sarabande",J.S. Bach,7,5,IV,Baroque,found,pdf,pdf-20260524T103936Z-3-001/pdf/bach-bwv1008-sarabande.pdf,,,,verified_pieces/pdf/xml/bach-bwv1008-sarabande.musicxml,,0.010526315789473684,0.6567164179104478,3,1.533068783068783,0.5993031358885017,0.6031746031746031,0.6878306878306878,5,0.0,1.5157894736842106,288,50.0,5.666426688112432,1.9548611111111112,5.0,0.010416666666666666,0.2951388888888889,2.0,0.3631578947368421,2.6666666666666665,0.7246376811594203,0.21164021164021163,6.0,1.1141367220770213,2.578834524254239,2.4711287477635224,0.047619047619047616,1.25,4.7749999999999995,4.1875,1.4242424242424243,4.0,4.325984714873604,24.0,5.389473684210526,True
1,"Suite 2 for Cello, BWV 1008: vi. Gigue",J.S. Bach,6,4,V,Baroque,found,pdf,pdf-20260524T103936Z-3-001/pdf/bach-bwv1008-gigue.pdf,,,,verified_pieces/pdf/xml/bach-bwv1008-gigue.musicxml,,0.01015228426395939,0.5925925925925926,3,1.839058524173028,0.6642728904847397,0.5,0.5674300254452926,5,0.0,1.416243654822335,558,90.0,6.326149473155099,2.175627240143369,5.0,0.06810035842293907,0.3046594982078853,2.0,0.2918781725888325,3.1130434782608694,0.6608695652173913,0.2697201017811705,10.0,1.4726271210029949,2.694256482685309,2.4110945936345303,0.02544529262086514,1.0,6.875,6.25,2.0186915887850465,6.800000000000011,6.882315521628499,40.0,6.842112202518294,True
1,"Suite 3 for Cello, BWV 1009: i. Prelude",J.S. Bach,9,6,VII,Baroque,found,pdf,pdf-20260524T103936Z-3-001/pdf/BWV 1009 Prelude by Johann Sebastian Bach.pdf,,,,verified_pieces/pdf/xml/BWV 1009 Prelude by Johann Sebastian Bach.musicxml,,0.009453781512605041,0.8666666666666667,3,2.4077892489564414,0.7513089005235603,0.708171206225681,1.0347003154574133,5,0.0,1.2048319327731092,1147,100.0,7.045776576879511,3.774193548387097,7.0,0.1935483870967742,0.17436791630340018,3.0,0.11239495798319328,3.149532710280374,0.6635514018691588,0.352260778128286,21.0,2.243215667442797,3.068961438525429,2.346242299768602,0.027339642481598318,3.0,10.0,7.75,2.764423076923077,8.0,9.575704468448949,76.0,5.485258156847457,True
1,"Suite 3 for Cello, BWV 1009: ii. Allemande",J.S. Bach,9,6,IX,Baroque,found,pdf,pdf-20260524T103936Z-3-001/pdf/BWV 1009 Cello Suite In A Major Allemande by Johann Sebastian Bach.pdf,,,,verified_pieces/pdf/xml/BWV 1009 Cello Suite In A Major Allemande by Johann Sebastian Bach.musicxml,,0.005893909626719057,0.8492063492063492,3,1.7807742782152234,0.6641104294478528,0.36981132075471695,0.6003937007874016,4,0.0,1.2829076620825148,653,50.0,6.483107351457199,3.4777947932618685,9.0,0.1638591117917305,0.17457886676875958,2.0,0.25736738703339884,2.8702290076335877,0.6106870229007634,0.23031496062992127,11.75,1.8286611342660812,3.045996784344234,2.362104400234811,0.11220472440944881,3.0,10.05,4.4375,3.853333333333334,8.0,6.721850393700787,48.0,4.244401283545952,True
1,"Suite 3 for Cello, BWV 1009: iii. Courante",J.S. Bach,8,5,VII,Baroque,found,pdf,pdf-20260524T103936Z-3-001/pdf/bach-bwv1009-courante.pdf,,,,verified_pieces/pdf/xml/bach-bwv1009-courante.musicxml,,0.006024096385542169,0.7605633802816901,3,2.166465459423206,0.7687074829931972,0.6481994459833795,0.9476861167002012,5,0.0,1.1827309236947792,589,138.0,6.380122536899765,3.66723259762309,7.0,0.21052631578947367,0.1969439728353141,3.0,0.142570281124498,3.267605633802817,0.7183098591549296,0.3058350100603622,12.0,1.910248918863016,3.1271017622596893,2.4177733512902884,0.01006036217303823,3.0,12.0,3.25,1.3166666666666667,4.0,4.416767270288397,28.0,2.731876525710686,True
1,"Suite 3 for Cello, BWV 1009: iv. Sarabande",J.S. Bach,9,6,VIII,Baroque,found,pdf,pdf-20260524T103936Z-3-001/pdf/bach-bwv1009-sarabande.pdf,,,,verified_pieces/pdf/xml/bach-bwv1009-sarabande.musicxml,,0.04395604395604396,1.52,4,1.8572744014732963,0.5105740181268882,0.39215686274509803,0.3867403314917127,2,0.0,1.8241758241758241,332,52.0,5.808142489980444,3.5421686746987953,7.900000000000034,0.1716867469879518,0.1566265060240964,3.0,0.4230769230769231,3.168831168831169,0.922077922077922,0.26519337016574585,7.0,1.4495413847544127,3.028884891646251,2.487378139078625,0.04419889502762431,3.0,7.0,5.125,3.2947232947232945,8.0,6.124002455494168,28.0,8.296251693511968,True
1,"Suite 3 for Cello, BWV 1009: vi. Gigue",J.S. Bach,8,5,VII,Baroque,found,pdf,pdf-20260524T103936Z-3-001/pdf/BWV 1009 Cello Suite In A Major Gigue by Johann Sebastian Bach.pdf,,,,verified_pieces/pdf/xml/BWV 1009 Cello Suite In A Major Gigue by Johann Sebastian Bach.musicxml,,0.0043859649122807015,0.8095238095238095,9,2.6496703296703297,0.6245791245791246,0.3807531380753138,0.6351648351648351,5,0.0,1.3048245614035088,595,95.0,6.39024066706535,3.515966386554622,7.0,0.1899159663865546,0.29747899159663865,2.0,0.27850877192982454,2.6141732283464565,0.5826771653543307,0.33186813186813185,22.0,3.857476828957637,2.9752225516934105,2.2658573985012604,0.12527472527472527,3.0,22.0,4.6875,2.032,6.0,7.923699633699635,88.0,4.913738063513214,True
1,"Suite 4 for Cello, BWV 1010: i. Prelude",J.S. Bach,9,6,V,Baroque,found,pdf,pdf-20260524T103936Z-3-001/pdf/bach-bwv1010-1-prelude.pdf,,,,verified_pieces/pdf/xml/bach-bwv1010-1-prelude.musicxml,,0.0,1.8823529411764706,3,1.7596679277007148,0.8117505995203836,0.7314211212516297,1.1071878940731399,5,0.0,1.0516372795969773,835,110.0,6.728628613084702,3.325748502994012,6.0,0.07784431137724551,0.11497005988023952,3.0,0.021410579345088162,3.176470588235294,0.5882352941176471,0.244640605296343,8.0,1.3734039184607967,2.9199086156864573,2.3845630967067035,0.02269861286254729,3.0,7.0,4.4375,3.9791666666666665,12.0,4.5116295362197,24.0,2.5160949239641144,True
1,"Suite 4 for Cello, BWV 1010: ii. Allemande",J.S. Bach,7,4,VII,Baroque,found,pdf,pdf-20260524T103936Z-3-001/pdf/bach-bwv1010-2-allemande.pdf,,,,verified_pieces/pdf/xml/bach-bwv1010-2-allemande.musicxml,,0.0036231884057971015,0.8817204301075269,3,1.7309437386569873,0.7957639939485628,0.46070460704607047,0.6642468239564429,4,0.0,1.1992753623188406,662,85.0,6.4967749901858625,2.6797583081570995,5.0,0.03474320241691843,0.16012084592145015,2.0,0.1721014492753623,2.6315789473684212,0.6421052631578947,0.19056261343012704,5.0,0.9748629495358383,2.650477726340507,2.4517253850159593,0.018148820326678767,3.0,4.0,4.75,3.0217391304347827,8.0,6.267090139140956,18.0,4.797101449275362,True
1,"Suite 4 for Cello, BWV 1010: iv. Sarabande",J.S. Bach,8,5,IV,Baroque,found,pdf,pdf-20260524T103936Z-3-001/pdf/bach-bwv1010-4-sarabande.pdf,,,,verified_pieces/pdf/xml/bach-bwv1010-4-sarabande.musicxml,,0.0,1.1081081081081081,4,1.87012987012987,0.6192660550458715,0.6161616161616161,0.7077922077922078,4,0.0,1.4129032258064516,219,60.0,5.393627546352362,2.287671232876712,5.0,0.0319634703196347,0.2237442922374429,2.3999999999999986,0.24516129032258063,2.5526315789473686,0.7894736842105263,0.2532467532467532,7.0,1.3476633555640987,2.5655343510580924,2.396485028257638,0.032467532467532464,2.0,5.0,3.0625,1.4144144144144142,4.0,5.105970418470418,28.0,3.6296282281714123,True
1,"Suite 5 for Cello, BWV 1011: i. Prelude",J.S. Bach,11,6,VIII,Baroque,found,pdf,pdf-20260524T103936Z-3-001/pdf/bach-bwv1011-i-prelude.pdf,,,,verified_pieces/pdf/xml/bach-bwv1011-i-prelude.musicxml,,0.0,1.0,2,1.401895206243032,0.5564102564102564,0.27601809954751133,0.3277591973244147,5,0.0,1.3033333333333332,391,75.0,5.971261839790462,2.1483375959079285,4.0,0.01278772378516624,0.24296675191815856,2.0,0.15666666666666668,2.5106382978723403,0.6808510638297872,0.18729096989966554,7.0,1.2649661962614622,2.507277600309126,2.3868089759711824,0.2508361204013378,2.0,6.5,3.5,2.0434782608695654,6.0,4.842046238785369,64.0,2.313749527052592,True
1,"Suite 5 for Cello, BWV 1011: ii.  Allemande",J.S. Bach,6,7,VII,Baroque,found,pdf,pdf-20260524T103936Z-3-001/pdf/bach-bwv1011-ii-allemande.pdf,,,,verified_pieces/pdf/xml/bach-bwv1011-ii-allemande.musicxml,,0.0,0.7419354838709677,3,1.1267313019390581,0.3270718232044199,0.1684027777777778,0.24376731301939059,4,0.0,1.2531120331950207,906,70.0,6.810142450115136,1.695364238410596,4.0,0.016556291390728478,0.40286975717439294,2.0,0.13692946058091288,2.6161616161616164,0.4444444444444444,0.11218836565096953,23.0,2.8337749309024094,2.154034373397057,2.2783916014734293,0.5761772853185596,3.0,22.35,4.875,2.621376811594203,8.0,4.641604010025063,320.0,2.1607127433323443,True
1,"Suite 5 for Cello, BWV 1011: iii. Courante",J.S. Bach,8,6,VII,Baroque,found,pdf,pdf-20260524T103936Z-3-001/pdf/bach-bwv1011-iii-courante.pdf,,,,verified_pieces/pdf/xml/bach-bwv1011-iii-courante.musicxml,,0.0,1.0943396226415094,3,1.2089407191448007,0.3572778827977316,0.3005464480874317,0.37900874635568516,4,0.0,1.5406976744186047,530,60.0,6.274762021241939,2.0452830188679245,4.0,0.016981132075471698,0.269811320754717,2.0,0.33430232558139533,2.791304347826087,0.5391304347826087,0.12536443148688048,21.0,2.610436259622057,2.3494163570224664,2.4189633169199287,0.4198250728862974,2.090909090909091,18.749999999999993,4.5625,5.995283018867925,24.0,5.201652089407191,256.0,4.046180327986921,True
1,"Suite 5 for Cello, BWV 1011: iv.  Sarabande",J.S. Bach,5,4,V,Baroque,found,pdf,pdf-20260524T103936Z-3-001/pdf/bach-bwv1011-iv-sarabande.pdf,,,,verified_pieces/pdf/xml/bach-bwv1011-iv-sarabande.musicxml,,0.0,0.6818181818181818,2,1.6844660194174756,0.6616541353383458,0.8135593220338984,1.174757281553398,5,0.0,1.2884615384615385,134,50.0,4.90527477843843,1.7014925373134329,4.0,0.007462686567164179,0.2835820895522388,2.0,0.23076923076923078,2.625,0.9583333333333334,0.22330097087378642,11.0,1.7016019201282837,2.2768759082518093,2.4815264335196554,0.009708737864077669,1.25,11.0,2.75,1.380952380952381,4.0,3.2605177993527508,22.0,3.029014844804319,True
1,"Suite 6 for Cello, BWV 1012: i . Prelude",J.S. Bach,9,6,IX,Baroque,found,pdf,pdf-20260524T103936Z-3-001/pdf/bach-bwv1012-prelude.pdf,,,,verified_pieces/pdf/xml/bach-bwv1012-prelude.musicxml,,0.0,0.6176470588235294,5,2.1531614487415593,0.7928388746803069,0.6324152542372882,0.7882136279926335,4,0.0,1.0800367985280588,1174,130.0,7.069023426578259,3.2793867120954006,7.0,0.15928449744463374,0.2402044293015332,2.0,0.07175712971481141,2.6794871794871793,0.6410256410256411,0.31123388581952116,14.0,1.7940634121540244,3.029288004435401,2.468299366743987,0.029465930018416207,5.0,9.5,3.9375,1.0441176470588236,4.0,4.877883013242129,48.0,2.4407376351721677,True
1,"Suite 6 for Cello, BWV 1012: ii. Allemande",J.S. Bach,10,7,V,Baroque,found,pdf,pdf-20260524T103936Z-3-001/pdf/bach-bwv1012-allemande.pdf,,,,verified_pieces/pdf/xml/bach-bwv1012-allemande.musicxml,,0.0,1.1216216216216217,4,1.9564102564102568,0.7626582278481012,0.4366576819407008,0.5826923076923077,5,0.0,1.2149712092130518,633,60.0,6.452048954437226,3.0979462875197474,6.0,0.0947867298578199,0.18799368088467613,3.0,0.14779270633397312,2.883116883116883,0.6623376623376623,0.20384615384615384,23.0,2.3385122330593675,2.8912014640402948,2.35624372293726,0.01730769230769231,,,,,,,,,False
1,"Suite 6 for Cello, BWV 1012: iii.  Courante",J.S. Bach,7,6,VII,Baroque,found,pdf,pdf-20260524T103936Z-3-001/pdf/bach-bwv1012-courante.pdf,,,,verified_pieces/pdf/xml/bach-bwv1012-courante.musicxml,,0.0,0.0,0,2.018932874354561,0.9122203098106713,0.4423407917383821,0.6540447504302926,5,0.0,1.0,582,30.0,6.368187186350492,2.9948453608247423,5.0,0.058419243986254296,0.16666666666666666,0.0,0.0,0.0,0.0,0.27538726333907054,8.0,1.301919500660401,2.706897061531589,2.452134018655317,0.022375215146299483,0.0,6.599999999999994,3.875,0.0,0.0,6.540447504302926,32.0,2.7681331747919145,True
1,"Suite 6 for Cello, BWV 1012: iv.  Sarabande",J.S. Bach,6,4,V,Baroque,found,pdf,pdf-20260524T103936Z-3-001/pdf/BWV 1012 Sarabande by Johann Sebastian Bach.pdf,,,,verified_pieces/pdf/xml/BWV 1012 Sarabande by Johann Sebastian Bach.musicxml,,0.0,1.0449438202247192,3,1.6749539594843463,0.4277286135693215,0.5111111111111111,0.4143646408839779,5,0.0,1.8681318681318682,340,90.0,5.831882477283517,3.0588235294117645,7.0,0.14705882352941177,0.22058823529411764,3.0,0.521978021978022,2.8,0.6,0.23204419889502761,10.0,1.8565850353762834,2.9017665275201643,2.438249174763771,0.17679558011049723,2.2,9.024999999999999,2.625,1.0454545454545454,3.0,1.6963627992633517,10.0,3.3785363572597618,True
1,"Suite 6 for Cello, BWV 1012: vi.  Gigue",J.S. Bach,10,6,X,Baroque,found,pdf,pdf-20260524T103936Z-3-001/pdf/bach-bwv1012-gigue.pdf,,,,verified_pieces/pdf/xml/bach-bwv1012-gigue.musicxml,,0.0,0.6141732283464567,3,1.5789473684210527,0.6304106548279689,0.344294003868472,0.5465587044534413,5,0.0,1.215633423180593,902,110.0,6.805722553416985,3.057649667405765,7.0,0.10753880266075388,0.2073170731707317,2.0,0.1738544474393531,2.5348837209302326,0.5193798449612403,0.20647773279352227,9.0,1.4538011876856776,2.885336762872586,2.3924092479093106,0.20512820512820512,1.8,6.174999999999997,4.8125,2.671916010498688,8.0,5.933423301844353,64.0,3.7153794077387374,True
1,Suite Andaluza: III. Tango,Celedonio Romero,8,6,All,Modern,found,pdf,pdf-20260524T103936Z-3-001/pdf/Tango by Celedonio Romero.pdf,,,,verified_pieces/pdf/xml/Tango by Celedonio Romero.musicxml,,0.01741654571843251,0.6638655462184874,3,1.625484496124031,0.4500574052812859,0.46124031007751937,0.7136627906976745,5,0.0,1.2656023222060957,872,80.0,6.771935555839602,5.147935779816514,11.0,0.45642201834862384,0.21330275229357798,2.0,0.17271407837445574,2.8403361344537816,0.4117647058823529,0.21656976744186046,14.0,2.2525465974164085,3.4842268026474073,2.4491706087592098,0.34738372093023256,2.0,11.0,7.1875,5.364406779661017,16.0,14.447472545219636,224.0,5.768599673119715,True
1,Suite Andaluza: IV. Zapateado,Celedonio Romero,8,5,All,Modern,found,pdf,pdf-20260524T103936Z-3-001/pdf/Zapateado by Celedonio Romero.pdf,,,,verified_pieces/pdf/xml/Zapateado by Celedonio Romero.musicxml,,0.0031545741324921135,0.8411214953271028,5,2.641350210970464,0.3947826086956522,0.5340909090909091,0.569620253164557,5,0.0,1.8170347003154574,576,140.0,6.3578422665081,4.118055555555555,9.0,0.2899305555555556,0.1423611111111111,1.0,0.34069400630914826,3.314814814814815,0.2777777777777778,0.2468354430379747,21.0,4.701751858594787,3.2102213111484246,2.5520869926629595,0.22468354430379747,2.3333333333333335,21.0,7.125,1.419811320754717,2.0,4.690400843881857,42.0,5.537629562866155,True
1,Suite Castellana: Arada,Federico Moreno-Torroba,10,8,XII,Modern,found,pdf,pdf-20260524T103936Z-3-001/pdf/Suite Castellana II Arada by Federico Moreno Torroba.pdf,,,,verified_pieces/pdf/xml/Suite Castellana II Arada by Federico Moreno Torroba.musicxml,,0.009925558312655087,1.158273381294964,7,1.5657131011608625,0.41500765696784075,0.25118483412322273,0.39800995024875624,5,0.0,1.6228287841191067,654,80.0,6.484635235635252,5.908256880733945,9.0,0.47553516819571867,0.0856269113149847,2.0,0.34491315136476425,2.633093525179856,0.39568345323741005,0.20398009950248755,13.0,1.9575504211241932,3.4575171137489042,2.479410366152004,0.2960199004975124,2.2857142857142856,9.787499999999998,5.5625,6.490855762594893,16.0,8.10820895522388,192.0,7.131995126846842,True
1,Suite en La Mayor: Chacona,Gaspar Sanz,8,4,IV,Baroque,found,pdf,pdf-20260524T103936Z-3-001/pdf/Suite En La Mayor (Chacona) by Gaspar Sanz.pdf,,,,verified_pieces/pdf/xml/Suite En La Mayor (Chacona) by Gaspar Sanz.musicxml,,0.0,0.9230769230769231,3,1.85196905766526,0.7133105802047781,0.4235294117647059,0.7341772151898734,4,0.0,1.2352941176470589,294,69.0,5.68697535633982,2.3435374149659864,5.0,0.006802721088435374,0.2619047619047619,2.200000000000003,0.1638655462184874,3.1794871794871793,0.5641025641025641,0.24050632911392406,7.0,1.238509632076882,2.325542815314438,2.2987915995773807,0.0759493670886076,3.0,5.100000000000001,3.5,1.4605263157894737,4.0,4.599390529770277,20.0,3.3016042780748664,True
1,Suite en La Mayor: Granduque I,Gaspar Sanz,6,3,II,Baroque,found,pdf,pdf-20260524T103936Z-3-001/pdf/Suite En La Mayor (Granduque 1) by Gaspar Sanz.pdf,,,,verified_pieces/pdf/xml/Suite En La Mayor (Granduque 1) by Gaspar Sanz.musicxml,,0.004761904761904762,0.5084745762711864,3,1.6842105263157894,0.6883561643835616,0.2553191489361702,0.3684210526315789,4,0.0,1.3952380952380952,293,72.0,5.683579767338681,2.0102389078498293,4.0,0.0,0.3037542662116041,2.0,0.2857142857142857,3.05,0.5333333333333333,0.21052631578947367,4.5,0.9874736593318888,2.1846261154982054,2.3179025414514394,0.014354066985645933,1.6,4.1,2.1875,0.4942528735632184,2.0,2.507708665603402,8.0,2.433361678004535,True
1,Suite en La Mayor: Granduque II,Gaspar Sanz,7,3,II,Baroque,found,pdf,pdf-20260524T103936Z-3-001/pdf/Suite En La Mayor (Granduque 2) by Gaspar Sanz.pdf,,,,verified_pieces/pdf/xml/Suite En La Mayor (Granduque 2) by Gaspar Sanz.musicxml,,0.0,0.5769230769230769,3,1.7991293532338306,0.7817109144542773,0.32926829268292684,0.34701492537313433,2,0.0,1.2639405204460967,340,80.0,5.831882477283517,1.9617647058823529,4.0,0.0029411764705882353,0.31176470588235294,2.0,0.20074349442379183,3.037037037037037,0.5185185185185185,0.22014925373134328,7.0,0.9858930701594725,2.1475447987177816,2.2268503516318763,0.011194029850746268,1.5,4.0,2.5625,1.0,4.0,3.4380182421227197,14.0,2.7547421599466206,True
1,Suite en La Mayor: Matachin,Gaspar Sanz,6,3,IX,Baroque,found,pdf,pdf-20260524T103936Z-3-001/pdf/Suite En La Mayor (Matachin) by Gaspar Sanz.pdf,,,,verified_pieces/pdf/xml/Suite En La Mayor (Matachin) by Gaspar Sanz.musicxml,,0.0,0.9285714285714286,3,1.885135135135135,0.47692307692307695,0.038461538461538464,0.25675675675675674,2,0.0,1.7466666666666666,131,58.0,4.882801922586371,3.114503816793893,7.0,0.11450381679389313,0.2366412213740458,3.0,0.37333333333333335,3.392857142857143,0.6071428571428571,0.3108108108108108,5.666666666666667,1.3970355991247965,2.896233777368682,2.368762735660496,0.16216216216216217,2.2857142857142856,5.0,2.3125,0.9382716049382716,2.0,2.304429429429429,11.333333333333334,3.1779629629629627,True
1,Suite en La Mayor: Passacalles,Gaspar Sanz,9,4,IX,Baroque,found,pdf,pdf-20260524T103936Z-3-001/pdf/Suite En La Mayor (Passacalles) by Gaspar Sanz.pdf,,,,verified_pieces/pdf/xml/Suite En La Mayor (Passacalles) by Gaspar Sanz.musicxml,,0.02356902356902357,1.2358490566037736,3,1.9109234234234238,0.502970297029703,0.28125,0.2972972972972973,4,0.0,1.7037037037037037,506,80.0,6.2285110035911835,4.1106719367588935,9.0,0.3142292490118577,0.233201581027668,3.0,0.3569023569023569,2.9716981132075473,0.44339622641509435,0.23310810810810811,13.0,1.900768092767862,3.1183993730422612,2.2850810595681086,0.12162162162162163,2.2,12.0,4.6875,1.9285714285714286,6.0,3.06356981981982,26.0,4.278283246025182,True
1,Suite en Re Mayor: 2. Rujero y Paradetas,Gaspar Sanz,4,2,II,Baroque,found,pdf,pdf-20260524T103936Z-3-001/pdf/Paradetas by Gaspar Sanz.pdf,,,,verified_pieces/pdf/xml/Paradetas by Gaspar Sanz.musicxml,,0.0,0.11764705882352941,1,1.8813131313131315,0.7529411764705882,0.5526315789473685,0.5151515151515151,4,0.0,1.2835820895522387,86,120.0,4.465908118654584,1.627906976744186,3.0,0.0,0.3953488372093023,0.40000000000000036,0.2537313432835821,2.8823529411764706,0.5294117647058824,0.25757575757575757,5.0,0.9123014296721108,1.8311759528776768,1.9874129308246749,0.030303030303030304,0.3333333333333333,3.5,1.9375,0.11764705882352941,0.40000000000000036,3.0,6.0,2.399740428293316,True
1,"Suite for Solo Violoncello, BWV 1009: Gigue",J.S. Bach,8,4,IV,Baroque,found,pdf,pdf-20260524T103936Z-3-001/pdf/bach-bwv1009-gigue.pdf,,,,verified_pieces/pdf/xml/bach-bwv1009-gigue.musicxml,,0.005597014925373134,0.855072463768116,3,1.9001869158878504,0.553623188405797,0.4033333333333333,0.6093457943925233,5,0.0,1.289179104477612,691,110.0,6.539585955617669,3.1968162083936322,7.0,0.12011577424023155,0.21273516642547033,2.0,0.2593283582089552,2.676258992805755,0.539568345323741,0.28785046728971964,10.0,2.0385961630614706,2.897288347390033,2.306923680196327,0.24485981308411214,3.0,9.849999999999998,4.9375,2.18978102189781,4.0,6.647414330218068,40.0,3.6887070856895647,True
1,Suite I: i. Passagio-Presto; BWV 996,J.S. Bach,14,7,VII,Baroque,found,dada_gp,,"datasets/DadaGP-v1.1/B/Bach, Johann Sebastian/Bach, Johann Sebastian - Bwv 996 N-1 Suite PrCdule Presto.gp4.tokens.txt","datasets/DadaGP-v1.1/B/Bach, Johann Sebastian/Bach, Johann Sebastian - Bwv 996 N-1 Suite PrCdule Presto.gp4",,"verified_pieces/dada/xml/Bach, Johann Sebastian - Bwv 996 N-1 Suite PrCdule Presto.musicxml",,0.018867924528301886,0.8564102564102564,3,1.6313025210084033,0.5079950799507995,0.45962732919254656,0.3949579831932773,4,0.07125307125307126,1.7064989517819706,814,70.0,6.703188113240863,2.382063882063882,5.0,0.04054054054054054,0.25675675675675674,2.0,0.429769392033543,2.4390243902439024,0.6926829268292682,0.2773109243697479,8.0,1.2860771653524825,2.6558456999896256,2.5189951214200255,0.06722689075630252,2.0,5.0,7.1875,2.45085910652921,7.400000000000034,7.3528664799253045,64.0,9.21452833665356,True
1,Suite I: iii. Courante; BWV 996,J.S. Bach,12,8,VII,Baroque,found,pdf,pdf-20260524T103936Z-3-001/pdf/BWV996 Courante by Johann Sebastian Bach.pdf,,,,verified_pieces/pdf/xml/BWV996 Courante by Johann Sebastian Bach.musicxml,,0.0,1.0,3,1.75484496124031,0.49887640449438203,0.5294117647058824,0.6124031007751938,5,0.0,1.722007722007722,446,120.0,6.102558594613569,2.6300448430493275,5.0,0.08071748878923767,0.2533632286995516,2.0,0.46332046332046334,2.3916666666666666,0.7166666666666667,0.25193798449612403,21.5,2.1720275553500348,2.820488798939397,2.483288619575724,0.10852713178294573,1.8181818181818181,17.39999999999995,4.125,1.9698275862068964,4.0,4.25947459086994,43.0,5.468734803848288,True
1,Suite I: vi. Gigue; BWV 996,J.S. Bach,18,7,VIII,Baroque,found,pdf,pdf-20260524T103936Z-3-001/pdf/BWV 996 6 Gigue by Johann Sebastian Bach.pdf,,,,verified_pieces/pdf/xml/BWV 996 6 Gigue by Johann Sebastian Bach.musicxml,,0.004301075268817204,0.8342245989304813,21,1.8317169540229887,0.6358381502890174,0.6814159292035398,0.665948275862069,4,0.0,1.4903225806451612,693,90.0,6.542471960506805,2.7085137085137085,6.0,0.09379509379509379,0.25685425685425683,2.0,0.43870967741935485,2.4362745098039214,0.5931372549019608,0.27801724137931033,11.5,1.4836514567042893,2.8599782131137443,2.4940761576397206,0.004310344827586207,2.0,7.899999999999997,6.5,2.826164874551971,8.0,7.225215517241379,46.0,8.606612903225807,True
1,Suite in D Minor: v. Gavotte,Robert de Visee,5,3,III,Baroque,found,pdf,pdf-20260524T103936Z-3-001/pdf/Lute Suite In D Minor 5 Gavotte by Robert de Visee.pdf,,,,verified_pieces/pdf/xml/Lute Suite In D Minor 5 Gavotte by Robert de Visee.musicxml,,0.0,0.7450980392156863,3,1.3558052434456929,0.47770700636942676,0.7857142857142857,0.43820224719101125,4,0.0,1.7555555555555555,158,132.0,5.0689042022202315,1.879746835443038,3.0,0.0,0.2911392405063291,2.0,0.5777777777777777,2.7115384615384617,0.5769230769230769,0.24719101123595505,4.0,1.1165509502444826,2.2148412755374003,2.306693087373115,0.10112359550561797,1.2142857142857142,4.0,2.8125,0.9,2.0,1.9831460674157304,6.0,4.17109440267335,True
1,"Suite IV, BWV 1006a: i. Prelude",J.S. Bach,16,8,X,Baroque,found,pdf,pdf-20260524T103936Z-3-001/pdf/bach-bwv1006a-prelude.pdf,,,,verified_pieces/pdf/xml/bach-bwv1006a-prelude.musicxml,,0.0,1.0,5,2.3115325921081316,0.8156766687078996,0.7602078693392724,1.2001308044473513,5,0.0,1.0679738562091503,1634,100.0,7.399398083331354,4.211138310893513,9.0,0.23929008567931456,0.17258261933904528,2.0,0.06013071895424837,2.608695652173913,0.6521739130434783,0.31916285153695223,13.0,2.0992636594872103,3.211506166649528,2.47648593093625,0.007848266841072597,2.3333333333333335,10.899999999999999,5.125,4.173913043478261,8.0,9.165903640723785,52.0,4.417896914039877,True
1,Suite Populaire Bresilienne: 3.  Valsa-Choro,Heitor Villa-Lobos,8,5,X,Modern,found,pdf,pdf-20260524T103936Z-3-001/pdf/Suite Populaire Bresilienne No 3 by Heitor Villa-Lobos.pdf,,,,verified_pieces/pdf/xml/Suite Populaire Bresilienne No 3 by Heitor Villa-Lobos.musicxml,gaps_v1/musicxml/Valsa Choro by Heitor Villa Lobos.xml,0.06483790523690773,0.7551669316375199,3,0.7674157303370787,0.19040835707502374,0.3783783783783784,0.12609238451935081,2,0.0,2.6271820448877805,2107,124.0,7.653494909661253,2.6943521594684388,7.0,0.12387280493592787,0.3222591362126246,2.0,0.8491271820448878,2.834067547723935,0.21145374449339208,0.1111111111111111,10.0,1.270189755996129,2.869249082238195,2.428499658439129,0.4469413233458177,1.6923076923076923,6.274999999999999,9.1875,4.174085850556438,16.0,3.4921140241364963,160.0,14.292005986325133,True
1,Suite Populaire Bresilienne: 4.  Gavotta - Choro,Heitor Villa-Lobos,9,6,IX,Modern,found,pdf,pdf-20260524T103936Z-3-001/pdf/Suite Populaire Bresilienne No 4 Gavotta Choro by Heitor Villa-Lobos.pdf,,,,verified_pieces/pdf/xml/Suite Populaire Bresilienne No 4 Gavotta Choro by Heitor Villa-Lobos.musicxml,,0.016270337922403004,0.9004237288135594,4,1.8849206349206347,0.42389431361286617,0.3728813559322034,0.19423558897243107,2,0.0,2.1802252816020027,1742,70.0,7.463363045520021,3.145235361653272,7.0,0.14982778415614237,0.2818599311136625,2.0,0.6107634543178974,3.057377049180328,0.3135245901639344,0.3408521303258145,8.666666666666666,1.474577421531879,2.9763680627665665,2.432866435682183,0.06015037593984962,1.8571428571428572,8.383333333333333,4.625,1.489384288747346,4.0,3.6795460874408237,32.0,7.59875441400663,True
1,"Suite, BWV 995: i. Prelude",J.S. Bach,14,5,VIII,Baroque,found,pdf,pdf-20260524T103936Z-3-001/pdf/BWV 995 1 Prelude by Johann Sebastian Bach.pdf,,,,verified_pieces/pdf/xml/BWV 995 1 Prelude by Johann Sebastian Bach.musicxml,,0.0014336917562724014,0.8290598290598291,4,1.8717838354854135,0.740011580775912,0.4984093319194062,0.6305595408895266,5,0.0,1.238709677419355,1728,60.0,7.455298485683291,3.1979166666666665,7.0,0.16261574074074073,0.2175925925925926,2.0,0.17347670250896058,2.884297520661157,0.6487603305785123,0.25896700143472023,10.0,1.4964189273297124,3.1495439323207406,2.360070033599106,0.036585365853658534,3.0,8.399999999999999,5.5625,2.311874105865522,8.0,7.02362505978001,40.0,5.096405529953917,True
1,"Suite, BWV 995: ii. Allemande",J.S. Bach,11,7,VII,Baroque,found,pdf,pdf-20260524T103936Z-3-001/pdf/BWV 995 2 Allemande by Johann Sebastian Bach.pdf,,,,verified_pieces/pdf/xml/BWV 995 2 Allemande by Johann Sebastian Bach.musicxml,,0.014141414141414142,1.46875,4,1.6282726045883942,0.6117274167987322,0.2734375,0.3765182186234818,5,0.0,1.2767676767676768,632,76.0,6.450470422144176,4.069620253164557,8.0,0.25949367088607594,0.15981012658227847,3.0,0.13535353535353536,2.970149253731343,0.6268656716417911,0.1862348178137652,10.0,1.6439296680202105,3.25173389748881,2.277596917651899,0.19230769230769232,2.8,7.700000000000001,4.0,4.498866213151928,12.0,6.59746160272476,128.0,3.718512312060699,True
1,"Suite, BWV 995: iii. Courante",J.S. Bach,12,7,VII,Baroque,found,pdf,pdf-20260524T103936Z-3-001/pdf/BWV 995 3 Courante by Johann Sebastian Bach.pdf,,,,verified_pieces/pdf/xml/BWV 995 3 Courante by Johann Sebastian Bach.musicxml,,0.0,1.8122866894197953,3,0.5397104851330203,0.17028985507246377,0.09036144578313253,0.13262910798122066,5,0.0,1.618991793669402,1381,76.0,7.231287004327616,3.1817523533671253,7.0,0.10209992758870384,0.16075307748008688,3.0,0.34349355216881594,3.0341296928327646,0.2150170648464164,0.07042253521126761,9.0,1.201553786558182,2.893023342380335,2.2712972212080746,0.7206572769953051,3.0,8.325,4.9375,11.070653946510111,48.0,1.8198403383262538,120.0,2.336593251007127,True
1,"Suite, BWV 995: vi. Gigue",J.S. Bach,13,6,VII,Baroque,found,pdf,pdf-20260524T103936Z-3-001/pdf/BWV 995 6 Gigue by Johann Sebastian Bach.pdf,,,,verified_pieces/pdf/xml/BWV 995 6 Gigue by Johann Sebastian Bach.musicxml,,0.0,0.8072289156626506,3,1.9923076923076923,0.6945244956772334,0.5217391304347826,0.5884615384615385,5,0.0,1.3333333333333333,348,208.0,5.855071922202427,3.0344827586206895,7.0,0.1724137931034483,0.25862068965517243,2.0,0.3333333333333333,3.0,0.7701149425287356,0.29615384615384616,21.5,2.2213861017431777,3.028452921396671,2.412137137499337,0.046153846153846156,1.4666666666666666,20.825,4.0,2.7791164658634537,4.0,6.2846153846153845,80.0,4.18018018018018,True
1,"Suite, BWV 996: i. Praeludio",J.S. Bach,13,6,VII,Baroque,found,pdf,pdf-20260524T103936Z-3-001/pdf/BWV 996 1 Prelude by Johann Sebastian Bach.pdf,,,,verified_pieces/pdf/xml/BWV 996 1 Prelude by Johann Sebastian Bach.musicxml,,0.02264808362369338,1.025735294117647,4,1.404479348458406,0.3952153110047847,0.3776595744680851,0.32111692844677137,3,0.0,1.8222996515679442,1046,90.0,6.953684210870537,2.630975143403442,5.0,0.0621414913957935,0.22848948374760994,2.0,0.4808362369337979,2.5905797101449277,0.532608695652174,0.23734729493891799,8.0,1.3932808877467204,2.7680624929356976,2.518789133269306,0.2286212914485166,2.75,7.09,9.3125,3.9692496924969243,8.0,5.629338762846617,80.0,10.71233121483706,True
1,"Suite, BWV 997: iii. Sarabande",J.S. Bach,8,7,VII,Baroque,found,dada_gp,,"datasets/DadaGP-v1.1/B/Bach, Johann Sebastian/Bach, Johann Sebastian - Sarabande - Bwv 997.gp4.tokens.txt","datasets/DadaGP-v1.1/B/Bach, Johann Sebastian/Bach, Johann Sebastian - Sarabande - Bwv 997.gp4",,"verified_pieces/dada/xml/Bach, Johann Sebastian - Sarabande - Bwv 997.musicxml",,0.009287925696594427,0.9433962264150944,6,1.0556418219461696,0.3732590529247911,0.2692307692307692,0.07763975155279502,2,0.030598052851182198,2.2260061919504643,719,48.0,6.579251212010101,2.5076495132127956,5.0,0.06536856745479833,0.25869262865090403,3.0,0.8637770897832817,2.7992831541218637,0.6845878136200717,0.11490683229813664,5.5,0.9982559422456952,2.797611250578932,2.5106231669729553,0.07763975155279502,3.0,3.8499999999999988,8.125,3.5820707070707067,12.0,3.9134230503795724,20.0,16.16665103042812,True
1,"Suite, BWV 997: iv. Gigue",J.S. Bach,8,6,V,Baroque,found,pdf,pdf-20260524T103936Z-3-001/pdf/BWV 997 Gigue  in A Minor by Johann Sebastian Bach.pdf,,,,verified_pieces/pdf/xml/BWV 997 Gigue  in A Minor by Johann Sebastian Bach.musicxml,,0.0,0.6201550387596899,3,1.5349462365591398,0.6038461538461538,0.4198473282442748,0.41397849462365593,4,0.0,1.3967828418230563,521,85.0,6.257667587882639,2.2476007677543186,5.0,0.05758157389635317,0.2821497120921305,2.0,0.38873994638069703,2.986206896551724,0.6482758620689655,0.22311827956989247,8.0,1.4088081944573525,2.76342742523405,2.438803575924602,0.09946236559139784,0.9285714285714286,6.0,4.125,1.4108527131782946,4.0,4.352150537634409,40.0,4.471421570444316,True
1,"Suite, BWV 997: v. Double",J.S. Bach,15,6,VIII,Baroque,found,pdf,pdf-20260524T103936Z-3-001/pdf/BWV997 Double bu Johann Sebastian Bach.pdf,,,,verified_pieces/pdf/xml/BWV997 Double bu Johann Sebastian Bach.musicxml,,0.0,0.651685393258427,3,1.89419795221843,0.8140556368960469,0.6096938775510204,0.7559726962457338,5,0.0,1.1652470187393527,684,100.0,6.529418838262226,2.172514619883041,5.0,0.07017543859649122,0.26900584795321636,2.0,0.16524701873935263,2.845360824742268,0.6288659793814433,0.27986348122866894,10.0,1.5036589463793055,2.7584807033982113,2.4429842766037826,0.0017064846416382253,,,,,,,,,False
1,Sunburst,Andrew York,13,7,VII,Modern,found,pdf,pdf-20260524T103936Z-3-001/pdf/Sunburst by Andrew York.pdf,,,,verified_pieces/pdf/xml/Sunburst by Andrew York.musicxml,,0.003755868544600939,1.0902255639097744,3,3.886434837092732,0.5646687697160884,0.5108303249097473,0.8148496240601504,5,0.0,1.4892018779342724,1586,160.0,7.369600720526409,3.218158890290038,8.0,0.2578814627994956,0.4735182849936948,2.0,0.3305164319248826,2.0795454545454546,0.17897727272727273,0.6127819548872181,11.0,2.851118492604248,2.5541408849084166,2.519670380693564,0.05733082706766917,,,,,,,,,False
1,Swan Lake (Theme); Op. 20,Peter Ilyitch Tchaikovsky,8,4,VI,Romantic,found,pdf,pdf-20260524T103936Z-3-001/pdf/Theme From Swan Lake (Opus 20) by Pyotr Ilych Tchaikovsky.pdf,,,,verified_pieces/pdf/xml/Theme From Swan Lake (Opus 20) by Pyotr Ilych Tchaikovsky.musicxml,,0.0,0.6190476190476191,3,1.1023391812865497,0.4341317365269461,0.264,0.35526315789473684,3,0.0,1.462882096069869,335,80.0,5.817111159963204,2.564179104477612,6.0,0.03283582089552239,0.30149253731343284,1.8000000000000043,0.28820960698689957,3.5454545454545454,0.4393939393939394,0.15350877192982457,6.333333333333333,1.1738518864949656,2.69521886688211,2.3687807079536705,0.31140350877192985,1.5,4.433333333333333,6.875,3.4838709677419355,16.0,7.447002923976608,64.0,5.1756092639831675,True
1,Swing '59,Charlie Byrd,7,5,VI,Modern,found,pdf,pdf-20260524T103936Z-3-001/pdf/Swing 59 by Charlie Byrd.pdf,,,,verified_pieces/pdf/xml/Swing 59 by Charlie Byrd.musicxml,,0.0,1.641025641025641,3,1.2526455026455026,0.3447098976109215,0.35714285714285715,0.2698412698412698,2,0.0,2.3149606299212597,294,120.0,5.68697535633982,3.748299319727891,6.0,0.04421768707482993,0.05442176870748299,2.0,0.6141732283464567,2.41025641025641,0.2564102564102564,0.1746031746031746,4.75,1.0020336743647402,2.4106281346411382,2.425026743856755,0.1746031746031746,2.0,4.299999999999999,3.1875,2.2835775335775335,4.0,1.5212585034013604,8.0,5.5109184226465615,True
1,Tango,Isaac Albeniz,8,5,X,Romantic,found,pdf,pdf-20260524T103936Z-3-001/pdf/albeniz-tango.pdf,,,,verified_pieces/pdf/xml/albeniz-tango.musicxml,,0.006956521739130435,1.4961538461538462,5,1.2125435540069687,0.27238805970149255,0.1148936170212766,0.16202090592334495,3,0.0,1.866086956521739,1073,50.0,6.97914527506881,6.006523765144455,11.0,0.4911463187325256,0.11742777260018639,3.0,0.45565217391304347,3.099236641221374,0.4312977099236641,0.20209059233449478,11.5,1.7853504487562784,3.6002772916170747,2.4680016068637682,0.4651567944250871,2.0952380952380953,6.924999999999999,9.0625,11.746093031807318,32.0,10.726190476190476,184.0,12.986210324104263,True
1,Tango En Skai,Roland Dyens,14,8,All,Modern,found,dada_gp,,"datasets/DadaGP-v1.1/D/Dyens, Roland/Dyens, Roland - Tango en Skai.gp3.tokens.txt","datasets/DadaGP-v1.1/D/Dyens, Roland/Dyens, Roland - Tango en Skai.gp3",,"verified_pieces/dada/xml/Dyens, Roland - Tango en Skai.musicxml",,0.023346303501945526,0.6764705882352942,2,1.5716145833333333,0.421978021978022,0.5545454545454546,0.72265625,4,0.02631578947368421,1.7743190661478598,456,58.0,6.124683390894205,3.7171052631578947,10.0,0.23464912280701755,0.20833333333333334,1.0,0.3968871595330739,2.264705882352941,0.39215686274509803,0.1875,12.0,2.3865930136001623,3.0563637089351094,2.5003794003801065,0.10546875,1.0,10.699999999999998,8.125,2.444444444444444,5.200000000000007,8.74488545418167,96.0,11.641575455588836,True
1,Tango No. 2,Agustin Barrios Mangore,9,8,XII,Romantic,found,pdf,pdf-20260524T103936Z-3-001/pdf/Tango No 2 by Agustin Barrios Mangore.pdf,,,,verified_pieces/pdf/xml/Tango No 2 by Agustin Barrios Mangore.musicxml,,0.011235955056179775,0.954337899543379,4,2.4382426516572857,0.5613608748481167,0.5675675675675675,0.7185741088180112,5,0.0,1.5430711610486891,824,80.0,6.715383386334681,6.381067961165049,12.0,0.5521844660194175,0.13592233009708737,3.0,0.4101123595505618,2.776255707762557,0.3744292237442922,0.34146341463414637,15.0,2.7375115598757005,3.4936520820199544,2.4483770600964605,0.06941838649155722,,,,,,,,,False
1,Tanz,Georg Fuhrmann,1,1,I,Renaissance,found,pdf,pdf-20260524T103936Z-3-001/pdf/Tanz by Georg Leopold Fuhrmann.pdf,,,,verified_pieces/pdf/xml/Tanz by Georg Leopold Fuhrmann.musicxml,,0.0,0.0,0,1.0,0.4714285714285714,1.0,1.0222222222222221,2,0.0,1.5434782608695652,71,120.0,4.276666119016055,0.7605633802816901,3.0,0.0,0.7323943661971831,0.0,0.5434782608695652,3.72,0.32,0.13333333333333333,2.5,0.7958224257542215,1.2292039883372974,2.423948314533367,0.0,,,,,,,,,False
1,Tarantella,Agustin Barrios Mandore,8,4,XII,Romantic,found,pdf,pdf-20260524T103936Z-3-001/pdf/Tarantella (Recuerdos De Napoles) by Agustin Barrios Mangore.pdf,,,,verified_pieces/pdf/xml/Tarantella (Recuerdos De Napoles) by Agustin Barrios Mangore.musicxml,,0.024185068349106203,0.9239130434782609,3,1.6450877192982458,0.5444287729196051,0.5979166666666667,0.7578947368421053,5,0.0,1.4921135646687698,1419,100.0,7.258412150595307,3.5813953488372094,8.0,0.1832276250880902,0.2036645525017618,2.0,0.3049421661409043,3.3586206896551722,0.3620689655172414,0.24105263157894738,15.666666666666666,1.6926619640285734,3.2796963581955225,2.5428905045002668,0.08947368421052632,3.0,15.083333333333332,4.5625,1.5648484848484847,4.0,3.142309941520468,28.0,4.135369430205047,True
1,Tarleton's Resurrection,John Dowland,5,3,VII,Renaissance,found,dada_gp,,"datasets/DadaGP-v1.1/D/Dowland, John/Dowland, John - Tarleton_'s Resurrection.gp3.tokens.txt","datasets/DadaGP-v1.1/D/Dowland, John/Dowland, John - Tarleton_'s Resurrection.gp3",,"verified_pieces/dada/xml/Dowland, John - Tarleton_'s Resurrection.musicxml",,0.0,0.82,3,1.3816425120772946,0.3675675675675676,0.0,0.028985507246376812,1,0.0,2.657142857142857,186,76.0,5.231108616854587,2.0806451612903225,5.0,0.03225806451612903,0.3279569892473118,3.0,0.7142857142857143,3.76,0.6,0.18840579710144928,4.5,0.8760094013400778,2.3505550537696336,2.47417245267821,0.014492753623188406,1.263157894736842,3.4791666666666643,4.875,1.346938775510204,4.0,2.863929146537842,9.333333333333334,12.203174603174602,True
1,Tempo di Minuetto; Op. 2 no. 1,Fernando Sor,3,2,V,Classical,found,pdf,pdf-20260524T103936Z-3-001/pdf/Opus 2 No 1 (Minuet in G) by Fernando Sor.pdf,,,,verified_pieces/pdf/xml/Opus 2 No 1 (Minuet in G) by Fernando Sor.musicxml,gaps_v1/musicxml/sor-opus29-no24.xml,0.022222222222222223,0.868421052631579,3,1.2803030303030303,0.36363636363636365,1.0,0.3181818181818182,3,0.0,2.466666666666667,111,104.0,4.718498871295094,2.1531531531531534,5.0,0.02702702702702703,0.3153153153153153,2.0,0.8444444444444444,2.1578947368421053,0.7631578947368421,0.18181818181818182,5.0,1.0795520999263832,2.519479622262347,2.1900458590940346,0.0,1.3076923076923077,4.0249999999999995,2.625,0.8378378378378378,2.0,1.240530303030303,5.0,5.952173913043478,True
1,The Easy Winners (Theme),Scott Joplin,6,4,VII,Modern,found,pdf,pdf-20260524T103936Z-3-001/pdf/The Easy Winner by Scott Joplin.pdf,,,,verified_pieces/pdf/xml/The Easy Winner by Scott Joplin.musicxml,,0.00967741935483871,0.6216216216216216,4,1.8809908454496502,0.5630865484880083,0.819672131147541,1.024232633279483,5,0.0,1.5483870967741935,960,80.0,6.8679744089702925,3.073958333333333,7.0,0.20625,0.26979166666666665,2.0,0.4290322580645161,2.601503759398496,0.40225563909774437,0.2552504038772213,10.0,1.7628020812394598,2.901998662103513,2.4846106276291318,0.014539579967689823,3.0,8.783333333333326,5.875,2.193798449612403,8.0,6.818120624663436,48.0,7.948939106434363,True
1,The Entertainer (Theme),Scott Joplin,5,3,III,Modern,found,pdf,pdf-20260524T103936Z-3-001/pdf/The Entertainer by Scott Joplin.pdf,,,,verified_pieces/pdf/xml/The Entertainer by Scott Joplin.musicxml,gaps_v1/musicxml/joplin-entertainer.xml,0.0,1.0618556701030928,3,1.6051587301587302,0.6574468085106383,0.6473684210526316,0.9851190476190477,5,0.0,1.3976261127596439,471,80.0,6.156978985585555,2.239915074309979,5.0,0.036093418259023353,0.2229299363057325,2.0,0.29376854599406527,2.1818181818181817,0.31313131313131315,0.21428571428571427,7.0,1.192726873781109,2.6576935613032338,2.3517488398282165,0.020833333333333332,1.5,5.725,5.6875,3.0416666666666665,8.0,5.966765873015873,28.0,6.26935142009326,True
1,The Frog Galliard,John Dowland,13,7,V,Renaissance,found,pdf,pdf-20260524T103936Z-3-001/pdf/dowland-frog-galliard.pdf,,,,verified_pieces/pdf/xml/dowland-frog-galliard.musicxml,,0.0,0.8833333333333333,3,1.8013888888888887,0.42231075697211157,0.42857142857142855,0.5583333333333333,5,0.0,2.0826446280991737,252,100.0,5.53338948872752,2.3015873015873014,5.0,0.03571428571428571,0.3055555555555556,3.0,0.49586776859504134,3.9833333333333334,0.5166666666666667,0.325,6.5,1.3881602255245593,2.4346751225206384,2.4579165151440714,0.09166666666666666,1.875,5.791666666666666,3.375,1.0416666666666667,3.1000000000000014,2.7234953703703706,13.0,5.301277235161533,True
1,The King Of Denmark's Galliard,John Dowland,7,4,V,Renaissance,found,pdf,pdf-20260524T103936Z-3-001/pdf/The King of Denmarks Galliard by John Dowland.pdf,,,,verified_pieces/pdf/xml/The King of Denmarks Galliard by John Dowland.musicxml,,0.05263157894736842,0.7428571428571429,3,1.9648936170212767,0.5087719298245614,0.4827586206896552,0.3191489361702128,3,0.0,1.8105263157894738,172,108.0,5.153291594497779,2.2674418604651163,5.0,0.08139534883720931,0.3081395348837209,2.0,0.3684210526315789,3.4285714285714284,0.5428571428571428,0.2765957446808511,6.0,1.4202446849194683,2.5785621968286483,2.46255064814024,0.031914893617021274,1.75,5.8,2.75,0.9238095238095236,2.866666666666667,3.581471631205674,18.0,4.448721804511279,True
1,"The Last Rose of Summer, Op. 125 no. 2","Traditional Irish melody, arr. by Mauro Giuliani",7,4,V,Classical,found,dada_gp,,"datasets/DadaGP-v1.1/G/Giuliani, Mauro/Giuliani, Mauro - The Last Rose Of Summer.gp4.tokens.txt","datasets/DadaGP-v1.1/G/Giuliani, Mauro/Giuliani, Mauro - The Last Rose Of Summer.gp4",,"verified_pieces/dada/xml/Giuliani, Mauro - The Last Rose Of Summer.musicxml",,0.0035149384885764497,0.42475728155339804,4,1.0453345070422535,0.43777581641659313,0.6964285714285714,0.24295774647887325,3,0.02292768959435626,1.9929701230228472,1134,69.0,7.034387929915503,1.597883597883598,3.0,0.0026455026455026454,0.38095238095238093,2.0,0.8031634446397188,2.466083150984683,0.2735229759299781,0.07570422535211267,5.0,0.7954328783781082,2.1790995524188483,2.5173964094893404,0.017605633802816902,1.6333333333333333,4.125,10.0625,1.3682076236820762,4.0,3.3183440923317686,16.0,11.300140597539544,True
1,The Prince's Toys: The Doll with Blinking Eyes,Nikita Koshkin,13,10,IX,Modern,found,pdf,pdf-20260524T103936Z-3-001/pdf/The Princes Toys Doll With Closing Eyes by Nikita Koshkin.pdf,,,,verified_pieces/pdf/xml/The Princes Toys Doll With Closing Eyes by Nikita Koshkin.musicxml,,0.0,0.9205479452054794,3,1.3666408468887168,0.3282078472958643,0.2755498059508409,0.3563129357087529,4,0.0,1.4605263157894737,1887,56.0,7.543273346705446,3.2506624271330153,7.0,0.151033386327504,0.3333333333333333,2.0,0.30572755417956654,2.4253164556962026,0.19240506329113924,0.21843532145623548,10.0,1.9482776448038104,2.9972143013222423,2.556483768029691,0.5135553834237025,2.0,8.633333333333331,9.1875,6.171245421245421,32.0,18.84675961786729,160.0,9.623791035861151,True
1,"The Right Honourable Robert, Earl of Essex, His Galliard",John Dowland,12,8,V,Renaissance,found,pdf,pdf-20260524T103936Z-3-001/pdf/The Right Honorable Robert Earl of Essex His Galliard by John Dowland.pdf,,,,verified_pieces/pdf/xml/The Right Honorable Robert Earl of Essex His Galliard by John Dowland.musicxml,,0.0,0.7613636363636364,3,1.70536858974359,0.6886120996441281,0.5192307692307693,0.7403846153846154,5,0.0,1.3501199040767387,563,84.0,6.335054251498059,1.7317939609236235,4.0,0.015985790408525755,0.3392539964476021,2.0,0.2158273381294964,2.7888888888888888,0.6222222222222222,0.22115384615384615,7.0,1.161318107419424,2.4284722731536688,2.3417677588361228,0.019230769230769232,2.0,6.599999999999994,4.625,1.4636015325670497,4.0,5.816933760683762,48.0,4.6957066007425725,True
1,The Round Battle Galliard,John Dowland,5,3,IV,Renaissance,found,pdf,pdf-20260524T103936Z-3-001/pdf/Round Battle Galliard by John Dowland.pdf,,,,verified_pieces/pdf/xml/Round Battle Galliard by John Dowland.musicxml,,0.017094017094017096,0.9272727272727272,3,1.2852011494252875,0.3958333333333333,0.34375,0.47413793103448276,4,0.0,2.0598290598290596,241,104.0,5.488937726156687,1.6307053941908713,4.0,0.012448132780082987,0.37344398340248963,3.0,0.4700854700854701,3.6363636363636362,0.38181818181818183,0.12931034482758622,7.0,1.1644658460707833,2.133819599595014,2.4613702373401933,0.13793103448275862,1.6,4.150000000000002,5.25,1.962962962962963,6.0,2.730124521072797,32.0,6.864909986776883,True
1,The Sick Tune,John Dowland,2,1,III,Renaissance,found,pdf,pdf-20260524T103936Z-3-001/pdf/The Sick Tune by John Dowland.pdf,,,,verified_pieces/pdf/xml/The Sick Tune by John Dowland.musicxml,,0.0,0.9166666666666666,2,1.3170731707317074,0.5535714285714286,0.6538461538461539,0.7317073170731707,2,0.0,1.3571428571428572,57,66.0,4.060443010546419,1.5087719298245614,3.3999999999999986,0.0,0.3684210526315789,2.0,0.2857142857142857,2.0,0.5833333333333334,0.17073170731707318,3.0,1.0403804273776176,1.83661736679652,2.080697222634497,0.12195121951219512,2.0,3.0,3.25,3.1666666666666665,8.0,3.5121951219512195,12.0,4.484472049689441,True
1,The Squirrel's Toy,Francis Cutting,3,2,V,Renaissance,found,pdf,pdf-20260524T103936Z-3-001/pdf/The Squirrels Toy by Francis Cutting.pdf,,,,verified_pieces/pdf/xml/The Squirrels Toy by Francis Cutting.musicxml,,0.0,0.44,3,1.7727272727272727,0.525,0.2857142857142857,0.18181818181818182,1,0.0,1.8,81,150.0,4.406719247264253,1.9012345679012346,4.0,0.037037037037037035,0.37037037037037035,1.6000000000000014,0.5777777777777777,3.423076923076923,0.6538461538461539,0.3181818181818182,5.5,1.1225933343409373,2.274698261357949,2.283404876169723,0.0,,,,,,,,,False
1,The Weeping Willow,Scott Joplin,11,5,VIII,Modern,found,pdf,pdf-20260524T103936Z-3-001/pdf/Weeping Willow by Scott Joplin.pdf,,,,verified_pieces/pdf/xml/Weeping Willow by Scott Joplin.musicxml,,0.012269938650306749,0.9386792452830188,3,1.6678620218579234,0.49940828402366866,0.7753623188405797,0.8032786885245902,4,0.0,1.7300613496932515,846,145.0,6.741700694652055,2.5685579196217496,6.0,0.09929078014184398,0.2895981087470449,2.0,0.4601226993865031,2.8,0.52,0.26024590163934425,8.0,1.508787724357978,2.848981510424518,2.5002607007794406,0.07991803278688525,3.0,7.0,4.0,1.6026856240126384,4.0,3.0302994080145718,14.5,4.986820789916494,True
1,The Woods So Wild,William Byrd,4,4,II,Renaissance,found,pdf,pdf-20260524T103936Z-3-001/pdf/The Woods So Wild by William Byrd.pdf,,,,verified_pieces/pdf/xml/The Woods So Wild by William Byrd.musicxml,,0.0,1.7159090909090908,7,0.9661458333333331,0.26595744680851063,0.0,0.08333333333333333,1,0.0,2.917525773195876,283,130.0,5.648974238161206,2.056537102473498,3.0,0.02120141342756184,0.14487632508833923,2.0,0.9175257731958762,2.4269662921348316,0.3707865168539326,0.15625,6.0,1.061381364085942,2.369757883891761,2.416244346010887,0.13541666666666666,2.5384615384615383,4.4833333333333325,3.375,2.071702244116037,4.0,1.4802000661375663,16.0,8.40366202355657,True
1,Theme from Op. 102,Mauro Giuliani,6,4,X,Classical,found,pdf,pdf-20260524T103936Z-3-001/pdf/Opus 102 Theme by Mauro Giuliani.pdf,,,,verified_pieces/pdf/xml/Opus 102 Theme by Mauro Giuliani.musicxml,,0.01098901098901099,1.3253012048192772,3,3.0552486187845305,0.536741214057508,0.5116279069767442,1.0828729281767955,4,0.0,1.7252747252747254,314,88.0,5.752572638825633,3.4012738853503186,8.0,0.20382165605095542,0.2929936305732484,3.0,0.46703296703296704,2.235294117647059,0.4823529411764706,0.5027624309392266,14.0,2.6800026369416803,2.993124261095822,2.3346399197920498,0.049723756906077346,3.0,12.074999999999998,3.625,2.231707317073171,4.0,5.892725598526704,28.0,5.209002535925613,True
1,"Three Pieces from Recreation du Guitariste; Chasse, Op. 51 no. 9",Napoleon Coste,5,3,VII,Romantic,found,pdf,pdf-20260524T103936Z-3-001/pdf/Opus 51 No 9 by Napoleon Coste.pdf,,,,verified_pieces/pdf/xml/Opus 51 No 9 by Napoleon Coste.musicxml,,0.0,0.8426966292134831,3,1.4388341543513958,0.4519774011299435,0.509090909090909,0.28078817733990147,3,0.0,1.7401960784313726,355,92.0,5.87493073085203,1.9943661971830986,5.0,0.030985915492957747,0.38028169014084506,2.0,0.5196078431372549,1.9811320754716981,0.33962264150943394,0.22660098522167488,4.333333333333333,1.1492607787506655,2.3920406003039614,2.226657103996758,0.10344827586206896,2.25,3.933333333333333,3.375,1.1136363636363635,2.0,2.584564860426929,37.333333333333336,4.290066721132898,True
1,"Three Pieces from Recreation du Guitariste; Rondeau, Op. 51 no. 6",Napoleon Coste,5,4,VII,Romantic,found,pdf,pdf-20260524T103936Z-3-001/pdf/Opus 51 No 6 by Napoleon Coste.pdf,,,,verified_pieces/pdf/xml/Opus 51 No 6 by Napoleon Coste.musicxml,,0.0,0.821917808219178,3,5.652979066022545,0.5391566265060241,0.6477272727272727,0.855072463768116,5,0.0,1.6009615384615385,333,120.0,5.811140992976701,4.072072072072072,9.0,0.17717717717717718,0.32432432432432434,2.0,0.3605769230769231,3.04,0.4266666666666667,0.40096618357487923,22.0,7.851706993983444,2.9596378004308668,2.42266472706323,0.0966183574879227,1.875,22.0,3.625,1.3194444444444444,2.0,9.528985507246377,44.0,4.165001502403847,True
1,"Toccata and Fugue, BWV 565",J.S. Bach,14,7,All,Baroque,found,pdf,pdf-20260524T103936Z-3-001/pdf/BWV 565 Toccata and Fugue by Johann Sebastian Bach.pdf,,,,verified_pieces/pdf/xml/BWV 565 Toccata and Fugue by Johann Sebastian Bach.musicxml,,0.002661596958174905,1.137214137214137,5,2.2265246608342846,0.6766595289079229,0.5656506447831184,0.8345378470901483,5,0.0,1.2433460076045628,3270,100.0,8.092851027538384,4.228134556574924,10.0,0.2889908256880734,0.19694189602446482,3.0,0.18859315589353612,2.745967741935484,0.49798387096774194,0.300114111829593,18.0,2.5567931240348005,3.48301554322355,2.441609324025376,0.09395207303157094,3.75,17.75,6.4375,3.9563988095238094,12.0,9.325337203475279,208.0,4.337369190416771,True
1,Tombeau de M. Mouton (Allemande),Robert de Visee,10,5,VII,Baroque,found,pdf,pdf-20260524T103936Z-3-001/pdf/Tombeau de M Mouton by Robert de Visee.pdf,,,,verified_pieces/pdf/xml/Tombeau de M Mouton by Robert de Visee.musicxml,,0.0,0.9552238805970149,3,1.9305555555555556,0.5197889182058048,0.5754716981132075,0.6096491228070176,5,0.0,1.6593886462882097,380,66.0,5.942799375126701,2.892105263157895,7.0,0.13157894736842105,0.24736842105263157,2.0,0.314410480349345,3.361111111111111,0.7916666666666666,0.2675438596491228,22.0,2.38383364546538,2.8503521811314387,2.5168056729604458,0.08333333333333333,1.6666666666666667,19.41249999999999,4.375,1.606060606060606,4.0,3.8646442495126707,40.0,4.636527099922938,True
1,Tombeau Sur La Mort De M. Comte De Logy,Silvius Leopold Weiss,11,6,VII,Baroque,found,pdf,pdf-20260524T103936Z-3-001/pdf/Tombeau Sur La Mort De M Comte De Logy by Silvius Leopold Weiss.pdf,,,,verified_pieces/pdf/xml/Tombeau Sur La Mort De M Comte De Logy by Silvius Leopold Weiss.musicxml,,0.007407407407407408,1.6603773584905661,4,1.544155844155844,0.5344387755102041,0.5081967213114754,0.6827458256029685,5,0.0,1.4537037037037037,785,56.0,6.666956792429207,4.188535031847134,7.0,0.24203821656050956,0.10955414012738854,3.0,0.19814814814814816,3.3551401869158877,0.7289719626168224,0.2077922077922078,20.0,1.8057597452918008,3.159284066335605,2.4943207836789343,0.15213358070500926,3.0,5.6499999999999995,5.5625,4.331972789115647,12.0,5.4322407750979185,76.0,5.822231670445956,True
1,Toy,Francis Cutting,3,3,IV,Renaissance,found,pdf,pdf-20260524T103936Z-3-001/pdf/Toy by Francis Cutting.pdf,,,,verified_pieces/pdf/xml/Toy by Francis Cutting.musicxml,,0.0,0.5238095238095238,2,1.7661691542288558,0.6078431372549019,0.5172413793103449,0.8656716417910447,5,0.0,1.5147058823529411,103,120.0,4.6443908991413725,1.825242718446602,4.0,0.02912621359223301,0.3786407766990291,2.0,0.3235294117647059,3.1363636363636362,0.8636363636363636,0.22388059701492538,5.0,1.2026469223389677,2.1677923518861357,2.45289372299008,0.014925373134328358,,,,,,,,,False
1,"Traumerei from Kinderscenen, Op. 15",Robert Schumann,9,6,XII,Romantic,found,pdf,pdf-20260524T103936Z-3-001/pdf/Traumerei by Robert Schumann.pdf,,,,verified_pieces/pdf/xml/Traumerei by Robert Schumann.musicxml,,0.00975609756097561,1.617283950617284,4,2.1270424836601305,0.45066666666666666,0.2619047619047619,0.3137254901960784,3,0.0,1.8341463414634147,376,60.0,5.932245187448011,6.800531914893617,13.0,0.601063829787234,0.15159574468085107,3.0,0.40487804878048783,3.2409638554216866,0.6144578313253012,0.36764705882352944,11.5,2.317559291131926,3.572015551984469,2.4574408507076004,0.13725490196078433,2.2222222222222223,10.674999999999999,4.1875,2.645833333333333,6.0,8.412581699346406,144.0,6.212964183695892,True
1,Tres pequenas Piezas para Guitarra: III. Pequena sevillana,Joaquin Rodrigo,9,5,X,Modern,found,pdf,pdf-20260524T103936Z-3-001/pdf/Pequena Sevillana by Joaquin Rodrigo.pdf,,,,verified_pieces/pdf/xml/Pequena Sevillana by Joaquin Rodrigo.musicxml,,0.22914349276974416,0.7048780487804878,4,1.248144023756496,0.28585461689587427,0.2328767123287671,0.16926503340757237,5,0.0,2.265850945494994,2037,96.0,7.61972421378267,2.0476190476190474,4.0,0.039764359351988215,0.2660775650466372,2.0,0.4593993325917686,3.198547215496368,0.10653753026634383,0.15367483296213807,10.0,1.3151529249785845,2.378327755025302,2.4722152395082384,0.31737193763919824,4.0,5.2333333333333245,13.5,2.8810105949470257,8.0,4.491648106904231,32.0,14.387027861985748,True
1,Triptico - I. Prelude,Joaquin Rodrigo,20,10,All,Modern,found,pdf,pdf-20260524T103936Z-3-001/pdf/Triptico No 1 Prelude by Joaquin Rodrigo.pdf,,,,verified_pieces/pdf/xml/Triptico No 1 Prelude by Joaquin Rodrigo.musicxml,,0.004393673110720563,1.9707446808510638,4,2.0862210495455877,0.28828483920367537,0.6196236559139785,0.6200527704485488,5,0.0,2.296133567662566,2613,160.0,7.868636894184167,3.9077688480673554,10.0,0.1894374282433984,0.22388059701492538,3.0,0.3304042179261863,4.433510638297872,0.13829787234042554,0.23218997361477572,22.0,3.5697550060314605,3.3479650531789673,2.5788119279565387,0.1662269129287599,3.0,20.349999999999998,15.9375,6.872340425531915,12.0,7.1658164761067145,88.0,15.711416071495346,True
1,"Tu y yo (Gavota) by Alphons Czibulka, Trans. by Barrios",Agustin Barrios Mangore,7,7,All,Romantic,found,pdf,pdf-20260524T103936Z-3-001/pdf/Tu Y Yo by Augustin Barrios Mangore.pdf,,,,verified_pieces/pdf/xml/Tu Y Yo by Augustin Barrios Mangore.musicxml,,0.037037037037037035,1.2518518518518518,5,2.326517967781908,0.4969450101832994,0.6285714285714286,0.5539033457249071,5,0.0,1.8222222222222222,492,100.0,6.20050917404269,3.7052845528455283,8.0,0.17886178861788618,0.15447154471544716,3.0,0.5074074074074074,2.802919708029197,0.7372262773722628,0.31226765799256506,12.0,2.7746687509682135,3.1410518498966713,2.4546991935745157,0.011152416356877323,,,,,,,,,False
1,Tua Imagem,Agustin Barrios Mandore,10,7,X,Romantic,found,gaps,,,,s41wc,datasets/gaps_v1/readable_musicxml/Agustin Barrios - Tua Imagem.xml,,0.0,1.085972850678733,5,1.8510152284263959,0.4811594202898551,0.4174757281553398,0.6395939086294417,3,0.0,1.749367088607595,691,100.0,6.539585955617669,4.905933429811867,9.0,0.3183791606367583,0.13024602026049203,3.0,0.5721518987341773,2.1327433628318584,0.47345132743362833,0.2715736040609137,10.5,1.8417336655611085,3.4424547536181747,2.4914121357373262,0.09390862944162437,3.0,10.075,3.0,1.0825757575757575,3.0,2.6883883248730966,21.0,3.7716463595252674,True
1,Twenty-one Lessons: 1,Dionisio Aguado,2,2,II,Classical,found,pdf,pdf-20260524T103936Z-3-001/pdf/Exercise 1 by Dionisio Aguado.pdf,,,,verified_pieces/pdf/xml/Exercise 1 by Dionisio Aguado.musicxml,,0.0,1.2857142857142858,3,1.7935323383084578,0.5277777777777778,0.9166666666666666,0.7313432835820896,3,0.0,1.6029411764705883,109,120.0,4.700480365792417,3.889908256880734,7.200000000000003,0.21100917431192662,0.12844036697247707,2.0,0.5147058823529411,1.4,0.4,0.2835820895522388,6.0,1.5259202025476157,2.98417926547261,1.8129863129527046,0.08955223880597014,3.0,5.399999999999999,3.625,2.235294117647059,4.0,4.865671641791045,20.0,5.728543876567021,True
1,Un Dia de Noviembre,Leo Brouwer,8,4,IX,Modern,found,pdf,pdf-20260524T103936Z-3-001/pdf/Un Dia de Noviembre by Leo Brouwer.pdf,,,,verified_pieces/pdf/xml/Un Dia de Noviembre by Leo Brouwer.musicxml,,0.019305019305019305,1.0204081632653061,3,2.1208010335917313,0.6106194690265486,0.75,1.0813953488372092,5,0.0,1.3127413127413128,340,90.0,5.831882477283517,4.347058823529411,9.0,0.35294117647058826,0.22647058823529412,3.0,0.20463320463320464,2.8867924528301887,0.5471698113207547,0.29457364341085274,12.0,2.1702405736047345,3.2445578333721974,2.385019096839375,0.06976744186046512,2.5,9.0,3.25,1.8541666666666667,4.0,5.183785529715761,48.0,3.449909536866059,True
1,Un Sueno en la Floresta,Agustin Barrios Mandore,16,9,All,Romantic,found,pdf,pdf-20260524T103936Z-3-001/pdf/Sueno en la Floresta by Augustin Barrios Mangore.pdf,,,,verified_pieces/pdf/xml/Sueno en la Floresta by Augustin Barrios Mangore.musicxml,,0.0016313213703099511,1.5,7,1.4583843329253365,0.43868471953578336,0.5023514322359983,1.1362709098327213,5,0.0,1.0546492659053834,2586,102.0,7.8582541821860294,8.223897911832946,14.0,0.6918020108275329,0.06380510440835267,3.0,0.029771615008156605,2.0821917808219177,0.6986301369863014,0.21664626682986537,20.0,2.4801108002403915,3.77652901832737,1.6722570938885655,0.4532843737250102,,,,,,,,,False
1,Un tiempo fue Italica famosa,Joaquin Rodrigo,15,7,All,Modern,found,pdf,pdf-20260524T103936Z-3-001/pdf/Un Tiempo Fue Italica Famosa by Joaquin Rodrigo.pdf,,,,verified_pieces/pdf/xml/Un Tiempo Fue Italica Famosa by Joaquin Rodrigo.musicxml,,0.01625708884688091,1.5543859649122806,5,1.4675743822491174,0.4998583168036271,0.3436518618214446,0.4092284417549168,5,0.0,1.334593572778828,3530,48.0,8.169336395928386,4.079036827195467,10.0,0.2563739376770538,0.2254957507082153,3.0,0.10888468809073724,3.5243055555555554,0.2152777777777778,0.18683812405446293,14.0,1.7995439294625548,3.45286911246654,2.5011572098746866,0.2987897125567322,3.0,11.0,19.25,8.561904761904762,16.0,7.045851043392648,192.0,5.230576989143585,True
1,Una Limosna por el Amor de Dios,Agustin Barrios Mandore,12,6,All,Romantic,found,pdf,pdf-20260524T103936Z-3-001/pdf/Una Limosnita por el Amor de Dios by Augustin Barrios Mangore.pdf,,,,verified_pieces/pdf/xml/Una Limosnita por el Amor de Dios by Augustin Barrios Mangore.musicxml,,0.0,0.34579439252336447,3,1.1193297224102912,0.42042606516290726,0.5140562248995983,1.2261340555179419,5,0.0,1.080514208389716,1597,80.0,7.37650812632622,5.0375704445835945,12.0,0.3656856606136506,0.16530995616781466,2.0,0.07916102841677942,1.4017094017094016,0.39316239316239315,0.16926201760324983,17.0,1.9167297238815633,3.4952232260286666,1.512573323616622,0.44617467840216657,,,,,,,,,False
1,Vals,Francisco Tarrega,8,6,IX,Romantic,found,pdf,pdf-20260524T103936Z-3-001/pdf/tarrega-vals-d.pdf,,,,verified_pieces/pdf/xml/tarrega-vals-d.musicxml,,0.0,0.5276381909547738,5,1.9741784037558683,0.415,0.23275862068965517,0.5014084507042254,4,0.0,1.6882022471910112,601,160.0,6.400257445308821,4.319467554076539,9.0,0.3876871880199667,0.2079866888519135,1.200000000000017,0.5646067415730337,1.9950248756218905,0.25870646766169153,0.3464788732394366,12.0,2.227872921018984,3.0674789570780523,2.366193516756378,0.27887323943661974,3.6666666666666665,9.549999999999994,3.375,0.8148148148148148,2.0,3.3900625978090764,24.0,4.175347944698756,True
1,Vals de Primavera,Agustin Barrios Mandore,9,4,XII,Romantic,found,pdf,pdf-20260524T103936Z-3-001/pdf/vals-de-primavera-barrios.pdf,,,,verified_pieces/pdf/xml/vals-de-primavera-barrios.musicxml,,0.0025220680958385876,1.1243243243243244,5,1.7350589225589224,0.6110562685093781,0.5943204868154158,0.821969696969697,5,0.0,1.278688524590164,1014,140.0,6.922643891475888,4.868836291913215,9.0,0.34122287968441817,0.1291913214990138,2.0,0.23833543505674654,2.3386243386243386,0.5079365079365079,0.22348484848484848,11.0,1.8358342589630001,3.5042746074195144,2.544243575198192,0.1351010101010101,2.6666666666666665,8.299999999999997,3.6875,2.5882882882882883,6.0,3.8159371492704826,128.0,2.682715973483877,True
1,Vals Tropical,Agustin Barrios Mandore,8,5,X,Romantic,found,pdf,pdf-20260524T103936Z-3-001/pdf/barrios-vals-tropical.pdf,,,,verified_pieces/pdf/xml/barrios-vals-tropical.musicxml,,0.0047169811320754715,1.006779661016949,4,1.084514435695538,0.3302180685358255,0.43006993006993005,0.5464566929133858,5,0.0,1.5157232704402517,964,160.0,6.872128101338986,4.3703319502074685,8.0,0.31016597510373445,0.1545643153526971,3.0,0.4889937106918239,1.4469453376205788,0.19935691318327975,0.15590551181102363,13.0,1.6462624774940156,3.270172481551638,2.2951754911040965,0.45511811023622045,4.0,10.449999999999996,2.75,1.6355685131195334,4.0,2.121659792525934,26.0,2.563433741586671,True
1,"Vals, Op. 8 no. 4",Agustin Barrios Mandore,13,5,X,Romantic,found,pdf,pdf-20260524T103936Z-3-001/pdf/Opus 8 No 4 (Waltz) by Augustin Barrios Mangore.pdf,,,,verified_pieces/pdf/xml/Opus 8 No 4 (Waltz) by Augustin Barrios Mangore.musicxml,,0.003264417845484222,0.6898954703832753,3,1.9396877269426287,0.5687203791469194,0.650294695481336,1.0250544662309369,5,0.0,1.3786724700761697,1267,150.0,7.145196134997171,3.8555643251775846,9.0,0.21862667719021311,0.21862667719021311,2.0,0.3144722524483134,1.9480968858131489,0.2491349480968858,0.27995642701525053,12.0,2.0477670380117714,3.2187650344563634,2.5349702247648467,0.17320261437908496,2.5,9.799999999999994,3.0625,0.9545454545454546,2.0,3.863870733478577,64.0,2.962523671124031,True
1,Valse; Op. 64 no. 2,Frederic Chopin,16,8,All,Romantic,found,pdf,pdf-20260524T103936Z-3-001/pdf/Opus 64 No 2 (Valse No 7) by Frederic Chopin.pdf,,,,verified_pieces/pdf/xml/Opus 64 No 2 (Valse No 7) by Frederic Chopin.musicxml,,0.015151515151515152,0.9032967032967033,5,1.9703404111897538,0.5988296488946684,0.336322869955157,0.5278058645096056,4,0.0,1.5545454545454545,1539,109.0,7.3395376954076745,5.675763482781027,11.0,0.43664717348927873,0.12735542560103963,2.0,0.46060606060606063,2.6973684210526314,0.2543859649122807,0.2639029322548028,17.0,2.023338574076223,3.697734875703862,2.2254730628355546,0.032355915065722954,1.6666666666666667,16.25,3.8125,1.4346549192364169,4.0,3.866784630940344,112.0,4.147700430461293,True
1,Valse; Op. 69 no. 2,Frederic Chopin,8,5,VII,Romantic,found,pdf,pdf-20260524T103936Z-3-001/pdf/Opus 69 No 2 (Valse) by Frederic Chopin.pdf,,,,verified_pieces/pdf/xml/Opus 69 No 2 (Valse) by Frederic Chopin.musicxml,,0.011406844106463879,0.75,4,1.380888888888889,0.45006165228113443,0.45267489711934156,0.6342857142857142,5,0.0,1.543726235741445,812,120.0,6.70073110954781,2.4310344827586206,6.0,0.09359605911330049,0.270935960591133,2.0,0.376425855513308,2.388888888888889,0.30808080808080807,0.18857142857142858,10.0,1.849328164391597,2.8974970127774835,2.3586407251191575,0.24952380952380954,1.2105263157894737,8.799999999999983,7.3125,4.271378708551483,16.0,4.926126984126984,96.0,4.692581014214519,True
1,Valses Poeticos - Valse No. 3,Enrique Granados,13,8,All,Romantic,found,pdf,pdf-20260524T103936Z-3-001/pdf/Valses Poeticos No 3 by Enrique Granados.pdf,,,,verified_pieces/pdf/xml/Valses Poeticos No 3 by Enrique Granados.musicxml,,0.03260869565217391,1.4049586776859504,5,1.9084699453551912,0.4060324825986079,0.0,0.28415300546448086,2,0.0,2.347826086956522,432,82.0,6.07073772800249,4.414351851851852,10.900000000000034,0.2523148148148148,0.20601851851851852,3.0,0.6847826086956522,3.1984126984126986,0.48412698412698413,0.31693989071038253,9.333333333333334,1.7202037665165608,3.4062785703162723,2.5344555688076893,0.02185792349726776,,,,,,,,,False
1,Valses Poeticos - Valse No. 4,Enrique Granados,8,5,VII,Romantic,found,pdf,pdf-20260524T103936Z-3-001/pdf/Valses Poeticos No 4 by Enrique Granados.pdf,,,,verified_pieces/pdf/xml/Valses Poeticos No 4 by Enrique Granados.musicxml,,0.0,1.1568627450980393,3,1.8211009174311927,0.4322916666666667,0.4722222222222222,0.5229357798165137,5,0.0,1.7545454545454546,193,140.0,5.267858159063328,3.8082901554404147,8.0,0.2849740932642487,0.22797927461139897,2.0,0.4636363636363636,2.7254901960784315,0.5490196078431373,0.22018348623853212,10.0,2.20571221424706,3.2083747796559763,2.44890642772156,0.21100917431192662,1.7777777777777777,8.375,4.4375,3.408496732026144,8.0,3.7752293577981653,20.0,6.184973017849731,True
1,Valses Poeticos - Valse No. 5,Enrique Granados,14,9,VI,Romantic,found,pdf,pdf-20260524T103936Z-3-001/pdf/Valses Poeticos No 5 by Enrique Granados.pdf,,,,verified_pieces/pdf/xml/Valses Poeticos No 5 by Enrique Granados.musicxml,,0.04,1.1379310344827587,3,1.8855218855218854,0.441025641025641,0.23809523809523808,0.35353535353535354,2,0.0,1.96,196,130.0,5.2832037287379885,3.663265306122449,7.0,0.24489795918367346,0.1683673469387755,2.0,0.58,2.7241379310344827,0.8103448275862069,0.29292929292929293,9.0,1.6634053047873354,3.084187235360976,2.5151479724016284,0.10101010101010101,1.9,6.983333333333333,2.9375,1.7949039264828737,4.0,2.904641654641655,14.0,4.925128205128205,True
1,Valses Poeticos - Valse No. 6,Enrique Granados,11,8,VII,Romantic,found,pdf,pdf-20260524T103936Z-3-001/pdf/Valses Poeticos No 6 by Enrique Granados.pdf,,,,verified_pieces/pdf/xml/Valses Poeticos No 6 by Enrique Granados.musicxml,,0.0,1.1625,4,2.3384146341463414,0.468013468013468,0.7333333333333333,0.5182926829268293,3,0.0,1.8060606060606061,298,120.0,5.700443573390687,4.842281879194631,10.0,0.4463087248322148,0.26174496644295303,3.0,0.5393939393939394,3.0898876404494384,0.8089887640449438,0.3780487804878049,14.0,2.602728385289314,3.3077051916754048,2.5373734239703243,0.08536585365853659,2.2857142857142856,9.25,2.8125,1.25625,3.0,3.9524535423925666,56.0,4.079250104072463,True
1,Valses Poeticos - Valse No. 7,Enrique Granados,18,8,IX,Romantic,found,pdf,pdf-20260524T103936Z-3-001/pdf/Valses Poeticos No 7 by Enrique Granados.pdf,,,,verified_pieces/pdf/xml/Valses Poeticos No 7 by Enrique Granados.musicxml,,0.0,1.1833333333333333,3,1.6666666666666667,0.48292682926829267,0.7857142857142857,0.717948717948718,4,0.0,1.7457627118644068,206,150.0,5.332718793265369,3.6067961165048543,7.0,0.14563106796116504,0.1407766990291262,2.0,0.5084745762711864,2.35,0.5333333333333333,0.24786324786324787,7.5,1.6729227314305737,2.919637749730205,2.5486131485303583,0.02564102564102564,2.0,5.899999999999999,3.25,1.9152542372881356,4.0,2.997863247863248,12.0,5.21198722672562,True
1,Verano Porteno (Tango),Astor Piazzolla,10,5,X,Modern,found,pdf,pdf-20260524T103936Z-3-001/pdf/Verano Porteno Tango by Astor Piazzolla.pdf,,,,verified_pieces/pdf/xml/Verano Porteno Tango by Astor Piazzolla.musicxml,,0.009416195856873822,1.4429530201342282,4,1.6557861635220126,0.4794816414686825,0.41924398625429554,0.6849056603773584,5,0.0,1.7457627118644068,927,120.0,6.833031732786201,3.04638619201726,8.0,0.15426105717367852,0.267529665587918,3.0,0.2937853107344633,3.0641025641025643,0.5192307692307693,0.20754716981132076,11.5,1.5274696675552069,3.134173178350787,2.5411080613894708,0.13018867924528302,3.0,8.999999999999996,9.8125,3.3265765765765765,8.0,4.113018867924528,20.0,6.321570444915254,True
1,Villano,Gaspar Sanz,3,2,II,Baroque,found,pdf,pdf-20260524T103936Z-3-001/pdf/Villano by Gaspar Sanz.pdf,,,,verified_pieces/pdf/xml/Villano by Gaspar Sanz.musicxml,,0.0,0.0,0,1.9166666666666667,0.75,0.0,0.2222222222222222,1,0.0,1.3157894736842106,25,120.0,3.258096538021482,2.28,5.0,0.0,0.28,0.0,0.3157894736842105,2.5,0.6666666666666666,0.2222222222222222,4.0,1.1086778913041726,2.131346433249389,1.8448894517332408,0.0,0.0,4.0,1.5625,0.0,0.0,2.6944444444444446,5.0,2.349624060150376,True
1,Villanos,Gaspar Sanz,5,3,IX,Baroque,found,pdf,pdf-20260524T103936Z-3-001/pdf/Villanos by Gaspar Sanz.pdf,,,,verified_pieces/pdf/xml/Villanos by Gaspar Sanz.musicxml,,0.0,0.2,3,2.0697674418604652,0.702247191011236,0.31666666666666665,0.29457364341085274,2,0.0,1.376923076923077,179,120.0,5.19295685089021,2.346368715083799,7.0,0.12290502793296089,0.4022346368715084,1.0,0.2846153846153846,3.2162162162162162,0.5135135135135135,0.2868217054263566,9.0,1.4576563839553809,2.5101566032489466,2.162396951545752,0.015503875968992248,0.6666666666666666,7.875,2.4375,0.2647058823529412,1.0,3.3223514211886305,11.0,2.5673878205128204,True
1,Vivace,Adam Falckenhagen,4,2,VII,Baroque,found,pdf,pdf-20260524T103936Z-3-001/pdf/Vivace by Adam Falckenhagen.pdf,,,,verified_pieces/pdf/xml/Vivace by Adam Falckenhagen.musicxml,,0.0,0.6,3,2.1323529411764706,0.75,0.8378378378378378,1.6139705882352942,5,0.0,1.1025641025641026,301,126.0,5.71042701737487,2.1993355481727574,5.0,0.06976744186046512,0.3521594684385382,3.0,0.10256410256410256,3.8214285714285716,0.5,0.27941176470588236,9.5,1.7173801162432911,2.4777635263374296,2.466719121859398,0.01838235294117647,2.3333333333333335,7.499999999999998,2.5625,1.08,6.0,4.185661764705882,19.0,2.353700672849609,True
1,"Vivace, Op. 48 no. 1",Mauro Giuliani,5,3,IX,Classical,found,pdf,pdf-20260524T103936Z-3-001/pdf/Opus 48 No 1 Study in C by Mauro Giuliani.pdf,,,,verified_pieces/pdf/xml/Opus 48 No 1 Study in C by Mauro Giuliani.musicxml,,0.0,0.7419354838709677,2,1.316793893129771,0.6941176470588235,0.8055555555555556,1.381679389312977,5,0.0,1.2954545454545454,171,120.0,5.147494476813453,3.9590643274853803,9.0,0.27485380116959063,0.17543859649122806,2.0,0.24242424242424243,2.28125,0.78125,0.1297709923664122,6.0,0.9927333437893093,3.332017941089633,2.4125530181004686,0.0,2.0,3.75,3.0,1.1666666666666667,2.0,2.5877862595419847,12.0,3.16461038961039,True
1,Volte,Anonymous,2,1,II,Renaissance,found,pdf,pdf-20260524T103936Z-3-001/pdf/Volte by Anonymous.pdf,,,,verified_pieces/pdf/xml/Volte by Anonymous.musicxml,,0.0,0.3181818181818182,1,1.277777777777778,0.5368421052631579,0.3181818181818182,0.21666666666666667,1,0.0,1.5737704918032787,96,120.0,4.574710978503383,1.8125,3.0,0.010416666666666666,0.3645833333333333,1.0,0.39344262295081966,3.1666666666666665,0.375,0.16666666666666666,3.25,0.9873818103986789,1.8998605707465823,2.095190822654608,0.15,1.0,3.0625,2.125,0.25396825396825395,0.6666666666666666,1.9060185185185183,8.0,3.1475409836065573,True
1,Walsingham Galliard,John Dowland,6,3,V,Renaissance,found,pdf,pdf-20260524T103936Z-3-001/pdf/Walsingham (Galliard) by John Dowland.pdf,,,,verified_pieces/pdf/xml/Walsingham (Galliard) by John Dowland.musicxml,,0.0,1.4285714285714286,18,1.987218045112782,0.4725274725274725,0.6,0.5789473684210527,4,0.0,2.044776119402985,274,90.0,5.616771097666572,2.6423357664233578,5.700000000000017,0.0948905109489051,0.29927007299270075,3.0,0.5298507462686567,3.436619718309859,0.8873239436619719,0.3609022556390977,10.333333333333334,1.557907427381115,2.7714162015441275,2.492581498898077,0.0,,,,,,,,,False
1,Waltz (from Six Divertimentos); Op. 8 no. 2,Fernando Sor,4,2,VII,Classical,found,pdf,pdf-20260524T103936Z-3-001/pdf/Opus 8 No 2 Waltz by Fernando Sor.pdf,,,,verified_pieces/pdf/xml/Opus 8 No 2 Waltz by Fernando Sor.musicxml,,0.0,0.9672131147540983,3,1.5133333333333332,0.3969849246231156,0.35,0.32,3,0.0,1.9801980198019802,200,110.0,5.303304908059076,2.875,7.0,0.205,0.375,2.0,0.6237623762376238,2.253968253968254,0.5396825396825397,0.23,6.0,1.4930728939561746,2.857086777978538,2.141462913905652,0.15,1.7142857142857142,5.866666666666666,6.125,4.027777777777778,8.0,5.0216666666666665,37.33333333333333,11.001100110011,True
1,"Waltz, Op. 241 no. 1",Ferdinando Carulli,1,1,I,Classical,found,pdf,pdf-20260524T103936Z-3-001/pdf/Opus 241 Appendice No 1 by Ferdinando Carulli.pdf,,,,verified_pieces/pdf/xml/Opus 241 Appendice No 1 by Ferdinando Carulli.musicxml,gaps_v1/musicxml/Andantino in G Major by Ferdinando Carulli.xml,0.0,0.8048780487804879,2,1.3114754098360655,0.49489795918367346,0.78,1.4180327868852458,5,0.0,1.6016260162601625,197,120.0,5.288267030694535,1.218274111675127,3.0,0.0,0.4365482233502538,1.0,0.36585365853658536,2.466666666666667,0.5333333333333333,0.1557377049180328,4.5,1.1015597526868828,1.9850606693981605,2.4467276483075557,0.09836065573770492,1.0833333333333333,4.5,3.9375,1.4959349593495936,2.0,3.331967213114754,12.0,5.440005606952621,True
1,"Waltz, Op. 241 no. 24",Ferdinando Carulli,2,1,I,Classical,found,pdf,pdf-20260524T103936Z-3-001/pdf/carulli-op241-24.pdf,,,,verified_pieces/pdf/xml/carulli-op241-24.musicxml,gaps_v1/musicxml/Andantino in G Major by Ferdinando Carulli.xml,0.0,0.6129032258064516,2,1.2735849056603774,0.6312056737588653,0.8695652173913043,1.3773584905660377,5,0.0,1.3271028037383177,142,104.0,4.962844630259907,1.0633802816901408,3.0,0.0,0.4788732394366197,1.0,0.2897196261682243,2.6129032258064515,0.3548387096774194,0.16037735849056603,3.5,0.9036928313077772,1.8671972745468886,2.4420104041824273,0.0,2.0,3.5,3.0,1.0666666666666667,2.0,2.483490566037736,7.0,3.3061157566814234,True
1,"Waltz, Op. 241 no. 4",Ferdinando Carulli,1,1,I,Classical,found,pdf,pdf-20260524T103936Z-3-001/pdf/Opus 241 II Polonaise No 4 by Ferdinando Carulli.pdf,,,,verified_pieces/pdf/xml/Opus 241 II Polonaise No 4 by Ferdinando Carulli.musicxml,gaps_v1/musicxml/Andantino in G Major by Ferdinando Carulli.xml,0.0,0.24,2,5.09982174688057,0.6548672566371682,0.8046875,0.93048128342246,4,0.0,1.2074468085106382,227,120.0,5.429345628954441,2.986784140969163,11.0,0.10572687224669604,0.5110132158590308,1.0,0.1702127659574468,2.0,0.71875,0.36363636363636365,22.0,7.661074064442263,2.097068252401808,2.030778817088446,0.053475935828877004,0.4444444444444444,22.0,2.875,0.48,2.0,13.22638146167558,88.0,3.215136956386098,True
1,"Waltz, Op. 39 no. 15",Johannes Brahms,7,4,IX,Romantic,found,pdf,pdf-20260524T103936Z-3-001/pdf/Opus 39 No 15 Waltz by Johannes Brahms.pdf,,,,verified_pieces/pdf/xml/Opus 39 No 15 Waltz by Johannes Brahms.musicxml,gaps_v1/musicxml/brahms-op39-no15.xml,0.0,1.0666666666666667,3,1.1848184818481848,0.4601226993865031,0.5365853658536586,0.5445544554455446,2,0.0,1.607843137254902,164,120.0,5.10594547390058,2.1280487804878048,5.0,0.018292682926829267,0.3597560975609756,2.0,0.35294117647058826,3.5833333333333335,0.5277777777777778,0.13861386138613863,3.0,0.9483066345342974,2.433279571248287,2.3224099492196,0.13861386138613863,2.4,3.0,2.6875,1.206896551724138,2.9333333333333322,1.9636963696369638,6.0,3.8215402102870133,True
1,"Waltz, Op. 39 no. 2",Johannes Brahms,5,3,VII,Romantic,found,pdf,pdf-20260524T103936Z-3-001/pdf/Opus 39 No 2 Waltz by Johannes Brahms.pdf,,,,verified_pieces/pdf/xml/Opus 39 No 2 Waltz by Johannes Brahms.musicxml,gaps_v1/musicxml/brahms-op39-no15.xml,0.0,1.2758620689655173,3,1.1494252873563218,0.5619834710743802,0.5151515151515151,0.8735632183908046,3,0.0,1.3863636363636365,122,120.0,4.812184355372417,2.139344262295082,4.0,0.0,0.08196721311475409,2.0,0.3409090909090909,2.8,0.5,0.10344827586206896,4.0,0.9800156652769058,2.2537080366384177,2.459312556134644,0.1724137931034483,2.4,3.549999999999999,1.875,1.0357142857142858,2.0,1.4195402298850575,6.0,2.1684149184149186,True
1,"Waltz, Op. 39 no. 9",Johannes Brahms,7,4,X,Romantic,found,pdf,pdf-20260524T103936Z-3-001/pdf/Opus 39 No 9 Waltz by Johannes Brahms.pdf,,,,verified_pieces/pdf/xml/Opus 39 No 9 Waltz by Johannes Brahms.musicxml,gaps_v1/musicxml/brahms-op39-no15.xml,0.0,1.0238095238095237,4,2.2375478927203063,0.5899280575539568,0.9230769230769231,1.2413793103448276,4,0.0,1.5909090909090908,140,70.0,4.948759890378168,3.4714285714285715,7.0,0.15,0.17857142857142858,2.8999999999999986,0.5113636363636364,2.3555555555555556,0.8666666666666667,0.42528735632183906,8.0,1.841870090515939,3.1094510487491367,2.487110757285922,0.011494252873563218,,,,,,,,,False
1,"Waltz, Op. 51 no. 8",Napoleon Coste,8,4,X,Romantic,found,pdf,pdf-20260524T103936Z-3-001/pdf/Opus 51 No 8 by Napoleon Coste.pdf,,,,verified_pieces/pdf/xml/Opus 51 No 8 by Napoleon Coste.musicxml,,0.0,0.8309859154929577,4,2.8810457516339874,0.5694822888283378,0.5757575757575758,0.615686274509804,5,0.0,1.4375,368,144.0,5.910796644040527,2.8967391304347827,5.0,0.06793478260869565,0.3179347826086957,2.0,0.3046875,3.1025641025641026,0.41025641025641024,0.29411764705882354,22.0,4.773315692184332,2.6369872883339185,2.234927398671189,0.09411764705882353,2.0,20.0,5.625,2.2904761904761903,6.0,10.075816993464052,88.0,6.782051282051282,True
1,"What If a Day, a Month, or a Year",Anonymous,1,1,I,Renaissance,found,pdf,pdf-20260524T103936Z-3-001/pdf/What If A Day Or A Month Or A Year by Anonymous.pdf,,,,verified_pieces/pdf/xml/What If A Day Or A Month Or A Year by Anonymous.musicxml,,0.0,0.4666666666666667,2,1.1928104575163399,0.46601941747572817,0.125,0.2549019607843137,2,0.0,2.0,104,120.0,4.653960350157523,1.1923076923076923,3.0,0.0,0.3942307692307692,1.0,0.5769230769230769,3.2666666666666666,0.5666666666666667,0.0392156862745098,3.0,0.6716501230707276,1.9249508160984496,2.3595967457958262,0.0,,,,,,,,,False
1,Wilson's Wilde,Anonymous,2,2,II,Renaissance,found,pdf,pdf-20260524T103936Z-3-001/pdf/Wilsons Wilde by Anonymous.pdf,,,,verified_pieces/pdf/xml/Wilsons Wilde by Anonymous.musicxml,,0.021052631578947368,0.1951219512195122,3,1.2659574468085104,0.4583333333333333,0.46153846153846156,0.6702127659574468,5,0.0,1.7789473684210526,169,120.0,5.135798437050262,1.5798816568047338,4.0,0.005917159763313609,0.3905325443786982,1.0,0.4631578947368421,3.227272727272727,0.4318181818181818,0.1276595744680851,5.0,1.1104274593134231,1.9648854426547493,2.4644946338668294,0.10638297872340426,0.8333333333333334,4.625,2.75,0.2,1.0,2.037825059101655,18.0,3.4556563823351483,True
1,Zambra Granadina,Isaac Albeniz,17,9,All,Romantic,found,pdf,pdf-20260524T103936Z-3-001/pdf/Opus 92 07 Zambra Granadina by Isaac Albeniz.pdf,,,,verified_pieces/pdf/xml/Opus 92 07 Zambra Granadina by Isaac Albeniz.musicxml,,0.009271523178807948,1.4511041009463723,4,1.4312555260831124,0.3518390006939625,0.20512820512820512,0.2427055702917772,5,0.0,1.9099337748344372,1442,72.0,7.274479558773871,3.783633841886269,8.0,0.19625520110957004,0.231622746185853,2.0,0.42251655629139073,2.8495297805642634,0.3166144200626959,0.21485411140583555,12.0,1.8676084566419768,3.304451116543455,2.5137428434193336,0.3037135278514589,2.7,12.0,9.3125,5.728902953586498,12.0,6.504052460949013,80.0,9.429914841211241,True
1,Zarabanda,Gaspar Sanz,4,3,IX,Baroque,found,pdf,pdf-20260524T103936Z-3-001/pdf/Zarabanda by Gaspar Sanz.pdf,,,,verified_pieces/pdf/xml/Zarabanda by Gaspar Sanz.musicxml,,0.0,0.17857142857142858,1,2.0367231638418084,0.5757575757575758,0.5,0.2711864406779661,2,0.0,1.6666666666666667,100,120.0,4.61512051684126,2.48,8.100000000000009,0.16,0.44,1.0,0.4666666666666667,3.25,0.5714285714285714,0.3898305084745763,5.5,1.2186049094128009,2.4277891963226654,2.1454111697168408,0.0,0.3333333333333333,5.5,3.0,0.2839506172839506,1.4000000000000021,3.8653483992467046,11.0,4.761904761904762,True
1,"24 Caprices, Op. 1: 5",Niccolo Paganini,20,10,All,Romantic,found,pdf,pdf-20260524T103936Z-3-001/pdf/Caprice 5 In A Minor Op_ 1 by Nicolo Paganini.pdf,,,,verified_pieces/pdf/xml/Caprice 5 In A Minor Op_ 1 by Nicolo Paganini.musicxml,,0.0,0.0,0,1.8501628664495113,0.9011943539630836,0.5939196525515744,0.7003257328990228,5,0.0,1.0,922,168.0,6.827629234502852,7.331887201735358,12.0,0.5672451193058569,0.0010845986984815619,0.0,0.0,0.0,0.0,0.2757871878393051,7.0,1.1813436081380535,3.5054340308644636,2.4910691127642526,0.0,0.0,4.6,4.0,0.0,0.0,7.387622149837133,28.0,3.9913419913419914,True
1,Adelita (Mazurka),Francisco Tarrega,6,7,IX,Romantic,found,pdf,pdf-20260524T103936Z-3-001/pdf/Adelita (Mazurka) by Francisco Tarrega.pdf,,,,verified_pieces/pdf/xml/Adelita (Mazurka) by Francisco Tarrega.musicxml,,0.0,0.7058823529411765,2,2.5511363636363638,0.5416666666666666,0.34375,0.4659090909090909,2,0.0,1.6292134831460674,145,80.0,4.983606621708336,5.662068965517242,10.0,0.5517241379310345,0.19310344827586207,2.0,0.39325842696629215,3.0,0.6857142857142857,0.48863636363636365,9.0,2.1921012869190215,3.3120912834397878,2.4398425812272446,0.10227272727272728,1.5,9.0,3.875,1.1372549019607843,3.3999999999999986,5.259469696969696,18.0,4.632077550121172,True
1,Air,Anonymous,4,2,IV,Baroque,found,pdf,pdf-20260524T103936Z-3-001/pdf/Air by Anonymous.pdf,,,,verified_pieces/pdf/xml/Air by Anonymous.musicxml,,0.0,0.8888888888888888,2,2.4308712121212124,0.5060975609756098,0.6666666666666666,0.5568181818181818,4,0.0,1.853932584269663,165,120.0,5.111987788356544,1.915151515151515,4.0,0.01818181818181818,0.3212121212121212,2.0,0.42696629213483145,3.526315789473684,0.7894736842105263,0.22727272727272727,21.0,4.046217790437893,2.451854142926553,2.483629493282751,0.011363636363636364,1.6,20.05,2.8125,0.8809523809523809,2.0,3.7820391414141414,40.0,4.4333170493404985,True
1,"Alborada, Capriccio",Francisco Tarrega,11,6,X,Romantic,found,pdf,pdf-20260524T103936Z-3-001/pdf/tarrega-alborada.pdf,,,,verified_pieces/pdf/xml/tarrega-alborada.musicxml,,0.0045045045045045045,0.5180722891566265,3,3.294871794871795,0.6213872832369942,0.39080459770114945,0.26244343891402716,2,0.0,1.563063063063063,347,76.0,5.8522024797744745,5.858789625360231,11.0,0.5389048991354467,0.1988472622478386,2.0,0.3918918918918919,2.9770114942528734,0.4367816091954023,0.4751131221719457,13.75,2.636858065705579,3.325278428371189,2.2629805195791213,0.00904977375565611,,,,,,,,,False
1,"Allegretto moderato, Op. 6 no. 11",Fernando Sor,7,3,V,Classical,found,pdf,pdf-20260524T103936Z-3-001/pdf/Opus 6 No 11 in E minor by Fernando Sor.pdf,,,,verified_pieces/pdf/xml/Opus 6 No 11 in E minor by Fernando Sor.musicxml,,0.0,0.5,3,0.731827111984283,0.38375350140056025,0.4851380042462845,0.7976424361493124,4,0.0,1.0520117762512267,1072,90.0,6.9782137426306985,1.6753731343283582,4.0,0.0046641791044776115,0.29384328358208955,2.0,0.052011776251226695,3.943396226415094,0.3018867924528302,0.05206286836935167,7.0,1.1029024048876597,2.2023046904515233,2.339032449519388,0.5,3.0,5.099999999999994,7.1875,5.0,16.0,11.554518664047151,112.0,6.668184030399497,True
1,Allegro,Domenico Scarlatti,8,4,VIII,Baroque,found,pdf,pdf-20260524T103936Z-3-001/pdf/Allegro in A by Domenico Scarlatti.pdf,,,,verified_pieces/pdf/xml/Allegro in A by Domenico Scarlatti.musicxml,,0.0,0.48484848484848486,3,1.828087167070218,0.6697761194029851,0.6369047619047619,0.7554479418886199,5,0.0,1.2971014492753623,537,180.0,6.2878585601617845,2.0,5.0,0.0670391061452514,0.3687150837988827,2.0,0.2971014492753623,2.6991869918699187,0.5447154471544715,0.30024213075060535,10.0,1.5702239849339807,2.5625362287805955,2.3823080213504926,0.021791767554479417,2.5,7.0,2.0625,0.5918367346938775,2.0,2.7818805488297014,14.0,2.1766983695652176,True
1,Allegro,W. A. Mozart,4,2,II,Classical,found,pdf,pdf-20260524T103936Z-3-001/pdf/Allegro in D by Wolfgang Amadeus Mozart.pdf,,,,verified_pieces/pdf/xml/Allegro in D by Wolfgang Amadeus Mozart.musicxml,,0.0,0.6595744680851063,2,1.695,0.5061728395061729,0.6666666666666666,0.51,2,0.0,1.613861386138614,163,120.0,5.099866427824199,1.9877300613496933,4.0,0.0,0.294478527607362,2.0,0.5742574257425742,1.9827586206896552,0.41379310344827586,0.29,4.0,1.2527868932903155,2.146512014012632,2.192510429027994,0.12,0.8666666666666667,4.0,3.125,1.0,4.0,3.8433333333333337,16.0,4.496741981890497,True
1,Allegro Sinfonico,Agustin Barrios Mandore,14,7,All,Romantic,found,pdf,pdf-20260524T103936Z-3-001/pdf/barrios-sinfonico.pdf,,,,verified_pieces/pdf/xml/barrios-sinfonico.musicxml,,0.0,1.44,4,1.7332683560753737,0.4417721518987342,0.21254355400696864,0.23196881091617932,3,0.0,1.538910505836576,791,118.0,6.674561391814426,5.366624525916562,12.0,0.36788874841972186,0.17825537294563842,3.0,0.29377431906614787,3.225165562913907,0.5629139072847682,0.18518518518518517,21.0,2.70094601467008,3.6052455829820795,2.3775206206159614,0.30214424951267055,3.0,20.0,5.6875,3.6800894854586126,8.0,5.15616200996318,84.0,6.995851782280067,True
1,"Allegro, Op. 100 no. 11",Mauro Giuliani,6,3,V,Classical,found,pdf,pdf-20260524T103936Z-3-001/pdf/Opus 100 No 11 by Mauro Giuliani.pdf,,,,verified_pieces/pdf/xml/Opus 100 No 11 by Mauro Giuliani.musicxml,gaps_v1/musicxml/giuliani-opus100-no11.xml,0.0,1.0,4,4.373126338329764,0.6770186335403726,0.9032967032967033,1.779443254817987,5,0.0,1.0341880341880343,484,110.0,6.184148890937483,2.8057851239669422,7.0,0.10743801652892562,0.48760330578512395,1.8999999999999995,0.017094017094017096,2.625,1.0,0.3554603854389722,22.0,6.879147045820369,2.3907612666453,2.366469897274079,0.07708779443254818,4.0,22.0,4.4375,3.5,8.800000000000004,12.72296573875803,88.0,3.2930724246513723,True
1,"Allegro, Op. 40 no. 6",Mauro Giuliani,6,3,X,Classical,found,pdf,pdf-20260524T103936Z-3-001/pdf/Divertimento Opus 40 No 6 by Mauro Giuliani.pdf,,,,verified_pieces/pdf/xml/Divertimento Opus 40 No 6 by Mauro Giuliani.musicxml,,0.0,1.0612244897959184,3,2.6872246696035242,0.5922865013774105,0.6197183098591549,0.9427312775330396,5,0.0,1.5964912280701755,364,94.0,5.8998973535824915,2.681318681318681,7.0,0.12087912087912088,0.33791208791208793,2.0,0.4473684210526316,2.1470588235294117,0.2549019607843137,0.44493392070484583,7.5,2.0221196726630817,2.5428251960496526,2.1067877081388224,0.02643171806167401,3.0,7.5,5.3125,2.5876288659793816,6.0,8.405286343612335,30.0,6.87719298245614,True
1,"Allegro, Op. 50 no. 13",Mauro Giuliani,1,1,I,Classical,found,pdf,pdf-20260524T103936Z-3-001/pdf/Opus 50 No 13 by Mauro Giuliani.pdf,,,,verified_pieces/pdf/xml/Opus 50 No 13 by Mauro Giuliani.musicxml,,0.006289308176100629,0.25,1,2.7199367088607596,0.8313253012048193,0.9675324675324676,1.518987341772152,5,0.0,1.050314465408805,167,90.0,5.123963979403259,2.035928143712575,3.0,0.03592814371257485,0.30538922155688625,0.7000000000000002,0.025157232704402517,2.75,0.75,0.0949367088607595,21.0,5.097883464613432,2.141235427076631,2.2048026895365958,0.0379746835443038,0.5,21.0,4.1875,0.3333333333333333,0.8,8.544303797468354,84.0,3.876298690017026,True
1,"Allegro, Op. 60 no. 20",Matteo Carcassi,7,3,X,Classical,found,pdf,pdf-20260524T103936Z-3-001/pdf/Opus 60 No 20 in A by Matteo Carcassi.pdf,,,,verified_pieces/pdf/xml/Opus 60 No 20 in A by Matteo Carcassi.musicxml,gaps_v1/musicxml/Opus 60 No 7 in A Minor by Matteo Carcassi.xml,0.0,0.0,0,3.8753462603878117,0.7645429362880887,0.8393351800554016,1.335180055401662,5,0.0,1.0,362,180.0,5.8944028342648505,4.18232044198895,10.0,0.292817679558011,0.30939226519337015,0.0,0.0,0.0,0.0,0.43490304709141275,22.0,5.333579035068014,3.1838342415223697,2.324259133411111,0.00554016620498615,0.0,22.0,2.0,0.0,0.0,7.14404432132964,44.0,1.9306666666666668,True
1,"Andante Largo, Op. 5 no. 5",Fernando Sor,10,6,VII,Classical,found,pdf,pdf-20260524T103936Z-3-001/pdf/Opus 5 No 5 by Fernando Sor.pdf,,,,verified_pieces/pdf/xml/Opus 5 No 5 by Fernando Sor.musicxml,,0.019569471624266144,1.3726235741444868,4,1.8326797385620914,0.4957081545064378,0.3488372093023256,0.5568627450980392,4,0.0,1.8258317025440314,933,33.0,6.839476438228843,4.672025723472669,9.0,0.37513397642015006,0.1232583065380493,3.0,0.5185909980430529,2.211320754716981,0.37735849056603776,0.3176470588235294,9.0,1.6116489775519904,3.2269556287907792,2.3429027750888545,0.043137254901960784,,,,,,,,,False
1,"Andantino Grazioso, Op. 5 no. 8",Matteo Carcassi,4,3,V,Classical,found,dada_gp,,"datasets/DadaGP-v1.1/C/Carcassi, Mateo/Carcassi, Mateo - Andante Grazioso Opus 5 No. 8.gp3.tokens.txt","datasets/DadaGP-v1.1/C/Carcassi, Mateo/Carcassi, Mateo - Andante Grazioso Opus 5 No. 8.gp3",,"verified_pieces/dada/xml/Carcassi, Mateo - Andante Grazioso Opus 5 No. 8.musicxml",,0.0,1.131578947368421,3,1.6764705882352942,0.5204918032786885,0.390625,0.6840336134453782,4,0.0,1.639261744966443,977,75.0,6.885509670034818,2.5107471852610033,5.0,0.03480040941658137,0.2671443193449335,2.0,0.436241610738255,1.85,0.10384615384615385,0.2319327731092437,7.5,1.470229648157941,2.676448990244956,2.252623782976915,0.0773109243697479,1.7058823529411764,7.0,5.875,3.0584795321637426,5.333333333333333,7.094117647058823,30.0,8.276789275618682,True
1,Armonias de America,Agustin Barrios Mangore,12,8,XII,Romantic,found,pdf,pdf-20260524T103936Z-3-001/pdf/Armonias De America by Agustin Barrios Mangore.pdf,,,,verified_pieces/pdf/xml/Armonias De America by Agustin Barrios Mangore.musicxml,,0.03879849812265332,1.2981530343007917,3,1.026733500417711,0.3086510263929619,0.3050397877984085,0.21177944862155387,4,0.0,1.7083854818523154,1365,112.0,7.2196420401307355,5.753113553113553,12.0,0.3904761904761905,0.11282051282051282,2.0,0.47434292866082606,1.6675461741424802,0.2770448548812665,0.12155388471177944,16.0,1.500254882639006,3.811381437823764,2.198506502357098,0.4448621553884712,2.6,6.25,7.4375,9.078904384972985,32.0,6.255325814536341,160.0,7.996386395982548,True
1,"Cadenzas, Caprices, Rondos & Preludes, Op. 100: 1. Cadenze",Mauro Giuliani,1,1,I,Classical,found,pdf,pdf-20260524T103936Z-3-001/pdf/Opus 100 No 1 by Mauro Giuliani.pdf,,,,verified_pieces/pdf/xml/Opus 100 No 1 by Mauro Giuliani.musicxml,gaps_v1/musicxml/giuliani-opus100-no11.xml,0.0,1.0,1,1.4603174603174602,0.890625,0.904,1.1587301587301588,3,0.0,1.015748031496063,129,100.0,4.867534450455582,1.3255813953488371,3.0,0.0,0.3333333333333333,1.0,0.007874015748031496,3.0,1.0,0.16666666666666666,3.0,0.8787689228994544,1.9708195601766882,2.361629217819279,0.007936507936507936,1.0,3.0,3.625,0.0,0.0,5.349206349206349,12.0,3.6397637795275593,True
1,"Cadenzas, Caprices, Rondos & Preludes, Op. 100: 10. Capricie",Mauro Giuliani,3,1,II,Classical,found,pdf,pdf-20260524T103936Z-3-001/pdf/Opus 100 No 10 by Mauro Giuliani.pdf,,,,verified_pieces/pdf/xml/Opus 100 No 10 by Mauro Giuliani.musicxml,gaps_v1/musicxml/giuliani-opus100-no11.xml,0.0,1.0,2,1.4812332439678284,0.8143236074270557,1.0,1.646112600536193,5,0.0,1.0106951871657754,378,100.0,5.937536205082426,1.3888888888888888,3.0,0.0,0.3968253968253968,1.8,0.0053475935828877,3.0,1.0,0.17962466487935658,5.0,1.0111557805903997,2.093167687297743,2.362098422932567,0.0,2.0,3.0,4.1875,0.0,0.0,5.896782841823057,20.0,4.064284901581522,True
1,"Cadenzas, Caprices, Rondos & Preludes, Op. 100: 11. Capricie",Mauro Giuliani,6,3,V,Classical,found,pdf,pdf-20260524T103936Z-3-001/pdf/giuliani-opus100-no11.pdf,,,,verified_pieces/pdf/xml/giuliani-opus100-no11.musicxml,gaps_v1/musicxml/giuliani-opus100-no11.xml,0.0,0.4444444444444444,2,1.6539256198347108,0.7546468401486989,0.9803921568627451,1.7851239669421488,5,0.0,1.1111111111111112,270,112.0,5.602118820879701,1.637037037037037,4.0,0.014814814814814815,0.3592592592592593,1.0,0.08641975308641975,1.5238095238095237,0.7142857142857143,0.2231404958677686,5.0,1.1815187919049852,2.3419089861020153,2.453948380319307,0.008264462809917356,1.3333333333333333,4.0,4.5,1.3235294117647058,4.0,6.598140495867769,20.0,4.6875,True
1,"Cadenzas, Caprices, Rondos & Preludes, Op. 100: 12. Capricie",Mauro Giuliani,7,5,VII,Classical,found,pdf,pdf-20260524T103936Z-3-001/pdf/Opus 100 No 12 by Mauro Giuliani.pdf,,,,verified_pieces/pdf/xml/Opus 100 No 12 by Mauro Giuliani.musicxml,gaps_v1/musicxml/giuliani-opus100-no11.xml,0.0,0.0,0,3.1131889763779528,0.7330754352030948,0.906930693069307,1.0059055118110236,3,0.0,1.0176817288801572,518,90.0,6.251903883165888,3.2953667953667956,5.0,0.0888030888030888,0.29343629343629346,0.0,0.005893909626719057,5.0,0.3333333333333333,0.23031496062992127,22.0,5.593820696796598,2.6666114349218573,2.1809576891070304,0.05511811023622047,0.0,22.0,4.0,0.0,0.0,10.12270341207349,88.0,3.660827330277232,True
1,"Cadenzas, Caprices, Rondos & Preludes, Op. 100: 13. Capricie",Mauro Giuliani,8,5,XII,Classical,found,pdf,pdf-20260524T103936Z-3-001/pdf/Opus 100 No 13 by Mauro Giuliani.pdf,,,,verified_pieces/pdf/xml/Opus 100 No 13 by Mauro Giuliani.musicxml,gaps_v1/musicxml/giuliani-opus100-no11.xml,0.0,0.7931034482758621,2,4.657793209876543,0.7151767151767152,0.676923076923077,1.1180555555555556,5,0.0,1.1131639722863742,482,160.0,6.180016653652572,3.616182572614108,11.0,0.16804979253112035,0.41286307053941906,2.0,0.07159353348729793,2.064516129032258,0.45161290322580644,0.3125,22.0,7.219899356966657,2.7139993153301836,2.310983986742357,0.06944444444444445,2.0,22.0,2.875,1.5862068965517242,4.0,8.035686728395062,44.0,2.2929274984702235,True
1,"Cadenzas, Caprices, Rondos & Preludes, Op. 100: 14. Capricie",Mauro Giuliani,7,4,VII,Classical,found,pdf,pdf-20260524T103936Z-3-001/pdf/Opus 100 No 14 by Mauro Giuliani.pdf,,,,verified_pieces/pdf/xml/Opus 100 No 14 by Mauro Giuliani.musicxml,gaps_v1/musicxml/giuliani-opus100-no11.xml,0.0,1.5,3,1.6281818181818182,0.7419354838709677,0.9035250463821892,1.0563636363636364,3,0.0,1.014519056261343,559,120.0,6.327936783729195,2.629695885509839,7.0,0.11806797853309481,0.31305903398926654,2.5,0.010889292196007259,1.3333333333333333,1.0,0.16,7.0,1.6856146339584492,2.71621098835959,2.3957351420268553,0.08,3.0,7.0,3.6875,4.8,8.0,5.7690909090909095,28.0,3.5893427370258912,True
1,"Cadenzas, Caprices, Rondos & Preludes, Op. 100: 15. Rondo",Mauro Giuliani,5,3,V,Classical,found,pdf,pdf-20260524T103936Z-3-001/pdf/Opus 100 No 15 by Mauro Giuliani.pdf,,,,verified_pieces/pdf/xml/Opus 100 No 15 by Mauro Giuliani.musicxml,gaps_v1/musicxml/giuliani-opus100-no11.xml,0.0,0.4166666666666667,2,2.156679764243615,0.5734024179620034,0.8413461538461539,1.280943025540275,5,0.0,1.1372549019607843,580,120.0,6.364750756851911,1.9706896551724138,3.0,0.04310344827586207,0.3931034482758621,1.0,0.12156862745098039,2.7903225806451615,0.2903225806451613,0.15520628683693516,22.0,4.289120212079931,2.2240020817721904,2.3707591638862255,0.14145383104125736,2.0,21.0,4.0,1.0621468926553672,4.0,6.099514298188168,88.0,3.624218918336565,True
1,"Cadenzas, Caprices, Rondos & Preludes, Op. 100: 16. Rondo",Mauro Giuliani,6,2,VIII,Classical,found,pdf,pdf-20260524T103936Z-3-001/pdf/Opus 100 No 16 by Mauro Giuliani.pdf,,,,verified_pieces/pdf/xml/Opus 100 No 16 by Mauro Giuliani.musicxml,gaps_v1/musicxml/giuliani-opus100-no11.xml,0.0,0.6283783783783784,2,1.8191952147906472,0.7220812182741116,0.6888888888888889,0.9722675367047309,5,0.0,1.285016286644951,789,90.0,6.672032945461067,1.4600760456273765,3.0,0.0076045627376425855,0.4068441064638783,2.0,0.252442996742671,2.9870967741935486,0.23225806451612904,0.26753670473083196,22.0,1.6621075341002323,2.171703961759378,2.4424288887406482,0.009787928221859706,2.0,11.0,5.5625,2.2426303854875282,8.0,7.007612833061446,84.0,6.336736563517915,True
1,"Cadenzas, Caprices, Rondos & Preludes, Op. 100: 17. Preludi",Mauro Giuliani,11,4,X,Classical,found,pdf,pdf-20260524T103936Z-3-001/pdf/Opus 100 No 17 by Mauro Giuliani.pdf,,,,verified_pieces/pdf/xml/Opus 100 No 17 by Mauro Giuliani.musicxml,gaps_v1/musicxml/giuliani-opus100-no11.xml,0.013513513513513514,1.0,2,2.180365296803653,0.7333333333333333,0.5344827586206896,0.6301369863013698,5,0.0,1.2297297297297298,91,70.0,4.5217885770490405,3.230769230769231,7.0,0.16483516483516483,0.1978021978021978,2.0,0.10810810810810811,2.375,1.0,0.3150684931506849,13.0,2.295270669543555,3.053276612040158,2.281272076666093,0.0,,,,,,,,,False
1,"Cadenzas, Caprices, Rondos & Preludes, Op. 100: 18. Preludi",Mauro Giuliani,10,4,VIII,Classical,found,pdf,pdf-20260524T103936Z-3-001/pdf/Opus 100 No 18 by Mauro Giuliani.pdf,,,,verified_pieces/pdf/xml/Opus 100 No 18 by Mauro Giuliani.musicxml,gaps_v1/musicxml/giuliani-opus100-no11.xml,0.0,1.0,2,1.6070204081632655,0.8064516129032258,0.8362573099415205,1.3771428571428572,4,0.0,1.0625,187,90.0,5.236441962829949,2.235294117647059,5.0,0.09090909090909091,0.2994652406417112,1.8,0.017045454545454544,2.6666666666666665,1.0,0.18857142857142858,9.0,1.2752726740464226,2.7654627347575578,2.3792909750935296,0.011428571428571429,,,,,,,,,False
1,"Cadenzas, Caprices, Rondos & Preludes, Op. 100: 19. Preludi",Mauro Giuliani,9,4,VII,Classical,found,pdf,pdf-20260524T103936Z-3-001/pdf/Opus 100 No 19 by Mauro Giuliani.pdf,,,,verified_pieces/pdf/xml/Opus 100 No 19 by Mauro Giuliani.musicxml,gaps_v1/musicxml/giuliani-opus100-no11.xml,0.0,0.09090909090909091,1,2.027927927927928,0.8465346534653465,0.6211180124223602,0.6864864864864865,3,0.0,1.0913978494623655,203,100.0,5.318119993844216,3.7241379310344827,8.0,0.3399014778325123,0.2660098522167488,0.0,0.06989247311827956,2.3076923076923075,0.6923076923076923,0.3027027027027027,10.0,1.545399323760914,3.007289249535587,2.2331739947632148,0.005405405405405406,0.5,7.0,4.1875,0.1,0.09999999999999964,7.790090090090089,40.0,4.2606492969396195,True
1,"Cadenzas, Caprices, Rondos & Preludes, Op. 100: 2. Cadenze",Mauro Giuliani,13,2,III,Classical,found,pdf,pdf-20260524T103936Z-3-001/pdf/Opus 100 No 2 by Mauro Giuliani.pdf,,,,verified_pieces/pdf/xml/Opus 100 No 2 by Mauro Giuliani.musicxml,gaps_v1/musicxml/giuliani-opus100-no11.xml,0.0,0.0,0,1.206140350877193,0.6753246753246753,1.0,1.2763157894736843,3,0.0,1.0131004366812226,232,130.0,5.4510384535657,1.6163793103448276,4.0,0.0,0.4051724137931034,0.0,0.004366812227074236,5.0,1.0,0.12280701754385964,4.0,1.0705618370595404,2.243083390858185,2.268069320566532,0.0,0.0,4.0,2.1875,0.0,0.0,2.412280701754386,8.0,2.0617482571056462,True
1,"Cadenzas, Caprices, Rondos & Preludes, Op. 100: 20. Preludi",Mauro Giuliani,10,3,IV,Classical,found,pdf,pdf-20260524T103936Z-3-001/pdf/Opus 100 No 20 by Mauro Giuliani.pdf,,,,verified_pieces/pdf/xml/Opus 100 No 20 by Mauro Giuliani.musicxml,gaps_v1/musicxml/giuliani-opus100-no11.xml,0.0,0.0,0,1.574468085106383,0.631578947368421,0.5925925925925926,0.7730496453900709,4,0.0,1.0774647887323943,153,90.0,5.0369526024136295,1.7581699346405228,4.0,0.032679738562091505,0.4117647058823529,0.0,0.028169014084507043,2.75,0.75,0.24822695035460993,7.0,1.4828180011561622,2.439662019875881,2.328493071152507,0.14184397163120568,0.0,4.8999999999999915,4.125,0.0,0.0,6.378250591016548,48.0,3.372933251684017,True
1,"Cadenzas, Caprices, Rondos & Preludes, Op. 100: 21. Preludi",Mauro Giuliani,10,4,XIV,Classical,found,pdf,pdf-20260524T103936Z-3-001/pdf/Opus 100 No 21 by Mauro Giuliani.pdf,,,,verified_pieces/pdf/xml/Opus 100 No 21 by Mauro Giuliani.musicxml,gaps_v1/musicxml/giuliani-opus100-no11.xml,0.009523809523809525,1.9,3,1.9070512820512822,0.664,0.6263736263736264,0.7692307692307693,5,0.0,1.2,126,90.0,4.844187086458591,3.3333333333333335,7.0,0.1984126984126984,0.2222222222222222,3.0,0.09523809523809523,3.2,0.9,0.23076923076923078,15.0,2.125575201572763,2.97784674060231,2.3731645385174462,0.0673076923076923,3.0,9.299999999999986,4.0625,7.7,15.599999999999987,6.785256410256411,48.0,4.45524861878453,True
1,"Cadenzas, Caprices, Rondos & Preludes, Op. 100: 22. Preludi",Mauro Giuliani,4,3,I,Classical,found,pdf,pdf-20260524T103936Z-3-001/pdf/Opus 100 No 22 by Mauro Giuliani.pdf,,,,verified_pieces/pdf/xml/Opus 100 No 22 by Mauro Giuliani.musicxml,gaps_v1/musicxml/giuliani-opus100-no11.xml,0.0,3.3333333333333335,9,2.2660353535353535,0.7482517482517482,0.8983739837398373,1.3143939393939394,3,0.0,1.0830188679245283,287,100.0,5.662960480135946,2.5888501742160277,3.0,0.08362369337979095,0.08710801393728224,9.0,0.045283018867924525,2.9166666666666665,0.5833333333333334,0.19318181818181818,20.0,3.0736062821829844,2.158926812875154,2.060391895624891,0.09090909090909091,4.0,10.0,4.0625,12.787878787878787,36.0,7.439046717171717,80.0,3.849243530580057,True
1,"Cadenzas, Caprices, Rondos & Preludes, Op. 100: 23. Preludi",Mauro Giuliani,7,3,V,Classical,found,pdf,pdf-20260524T103936Z-3-001/pdf/Opus 100 No 23 by Mauro Giuliani.pdf,,,,verified_pieces/pdf/xml/Opus 100 No 23 by Mauro Giuliani.musicxml,gaps_v1/musicxml/giuliani-opus100-no11.xml,0.0,1.4,3,2.2445619335347433,0.686046511627907,0.9907407407407407,1.5287009063444108,5,0.0,1.0391566265060241,345,100.0,5.846438775057725,2.965217391304348,7.0,0.1072463768115942,0.3072463768115942,2.6,0.015060240963855422,2.6,0.8,0.22054380664652568,22.0,3.491848605138767,2.6482398738529382,2.349126484812992,0.00906344410876133,3.0,21.5,4.125,1.3333333333333333,3.2,8.190936555891238,88.0,4.005687554688026,True
1,"Cadenzas, Caprices, Rondos & Preludes, Op. 100: 24. Preludi",Mauro Giuliani,10,4,IX,Classical,found,pdf,pdf-20260524T103936Z-3-001/pdf/Opus 100 No 24 by Mauro Giuliani.pdf,,,,verified_pieces/pdf/xml/Opus 100 No 24 by Mauro Giuliani.musicxml,gaps_v1/musicxml/giuliani-opus100-no11.xml,0.0,0.20833333333333334,3,1.549448123620309,0.5983772819472617,0.8104265402843602,1.1986754966887416,5,0.0,1.0881057268722467,494,130.0,6.20455776256869,2.172064777327935,5.0,0.058704453441295545,0.3157894736842105,0.6999999999999993,0.05286343612334802,2.0,0.2916666666666667,0.11479028697571744,22.0,2.7954216022903666,2.550172510764783,2.4115727057897596,0.11479028697571744,2.0,17.65,3.8125,0.30434782608695654,0.0,4.629623497669855,44.0,3.589477322703772,True
1,"Cadenzas, Caprices, Rondos & Preludes, Op. 100: 3. Cadenze",Mauro Giuliani,2,2,III,Classical,found,pdf,pdf-20260524T103936Z-3-001/pdf/Opus 100 No 3 by Mauro Giuliani.pdf,,,,verified_pieces/pdf/xml/Opus 100 No 3 by Mauro Giuliani.musicxml,gaps_v1/musicxml/giuliani-opus100-no11.xml,0.0,2.0,3,1.1124371859296482,0.6626984126984127,1.0,1.2261306532663316,3,0.0,1.265,253,130.0,5.537334267018537,2.9683794466403164,4.0,0.0,0.03557312252964427,3.0,0.055,2.6363636363636362,0.5454545454545454,0.02512562814070352,4.0,0.7968013723374948,1.9982820486064834,2.1143459460952845,0.005025125628140704,3.0,4.0,5.6875,6.8,12.0,4.4290201005025125,16.0,6.038584905660377,True
1,"Cadenzas, Caprices, Rondos & Preludes, Op. 100: 4. Cadenze",Mauro Giuliani,4,2,II,Classical,found,pdf,pdf-20260524T103936Z-3-001/pdf/Opus 100 No 4 by Mauro Giuliani.pdf,,,,verified_pieces/pdf/xml/Opus 100 No 4 by Mauro Giuliani.musicxml,gaps_v1/musicxml/giuliani-opus100-no11.xml,0.05128205128205128,0.782608695652174,3,1.3480392156862746,0.5352798053527981,1.0,1.7941176470588236,5,0.0,1.5091575091575091,412,110.0,6.023447592961033,1.9344660194174756,4.0,0.0,0.17718446601941748,2.0,0.25274725274725274,2.0434782608695654,0.2608695652173913,0.19852941176470587,4.0,1.0640191155241019,2.0430579609769506,2.370300769646202,0.0,1.6,3.983333333333332,4.1875,1.588235294117647,4.0,4.019607843137256,16.0,6.095812684047978,True
1,"Cadenzas, Caprices, Rondos & Preludes, Op. 100: 5. Cadenze",Mauro Giuliani,3,3,IV,Classical,found,pdf,pdf-20260524T103936Z-3-001/pdf/Opus 100 No 5 by Mauro Giuliani.pdf,,,,verified_pieces/pdf/xml/Opus 100 No 5 by Mauro Giuliani.musicxml,gaps_v1/musicxml/giuliani-opus100-no11.xml,0.0,1.0,2,1.0717592592592593,0.6537313432835821,1.0,1.3240740740740742,3,0.0,1.0338461538461539,336,110.0,5.820082930352362,2.142857142857143,4.0,0.005952380952380952,0.2113095238095238,1.6,0.015384615384615385,3.4,0.6,0.08950617283950617,4.0,1.00291873004792,2.4386652323577636,2.2387304872446636,0.006172839506172839,2.0,4.0,4.3125,2.625,6.200000000000001,4.287037037037037,16.0,4.185208526413345,True
1,"Cadenzas, Caprices, Rondos & Preludes, Op. 100: 6. Cadenze",Mauro Giuliani,5,2,II,Classical,found,pdf,pdf-20260524T103936Z-3-001/pdf/Opus 100 No 6 by Mauro Giuliani.pdf,,,,verified_pieces/pdf/xml/Opus 100 No 6 by Mauro Giuliani.musicxml,gaps_v1/musicxml/giuliani-opus100-no11.xml,0.0,2.0,2,0.89375,0.5761316872427984,0.7824267782426778,0.925,3,0.0,1.012448132780083,244,110.0,5.501258210544727,1.778688524590164,3.0,0.0,0.15163934426229508,2.0,0.004149377593360996,3.0,1.0,0.020833333333333332,3.0,0.8697236749872532,1.9491532793657087,2.3409484507061498,0.19166666666666668,2.0,3.0,4.1875,0.0,0.0,3.575,12.0,4.11728907330567,True
1,"Cadenzas, Caprices, Rondos & Preludes, Op. 100: 7. Cadenze",Mauro Giuliani,4,2,III,Classical,found,pdf,pdf-20260524T103936Z-3-001/pdf/Opus 100 No 7 by Mauro Giuliani.pdf,,,,verified_pieces/pdf/xml/Opus 100 No 7 by Mauro Giuliani.musicxml,gaps_v1/musicxml/giuliani-opus100-no11.xml,0.0025974025974025974,0.0,0,1.0625,0.5891472868217055,1.0,1.3697916666666667,3,0.0,1.0077922077922077,388,110.0,5.963579343618446,2.5902061855670104,4.0,0.0,0.07989690721649484,0.0,0.0025974025974025974,5.0,1.0,0.11979166666666667,5.0,1.134795319283027,2.0487577840579996,1.9324060025562864,0.0,0.0,3.8999999999999986,4.1875,0.0,0.0,4.25,20.0,4.073160173160173,True
1,"Cadenzas, Caprices, Rondos & Preludes, Op. 100: 8. Cadenze",Mauro Giuliani,5,2,IV,Classical,found,pdf,pdf-20260524T103936Z-3-001/pdf/Opus 100 No 8 by Mauro Giuliani.pdf,,,,verified_pieces/pdf/xml/Opus 100 No 8 by Mauro Giuliani.musicxml,gaps_v1/musicxml/giuliani-opus100-no11.xml,0.0,0.0,0,1.3489583333333333,0.8645833333333334,0.9895833333333334,1.1875,4,0.0,1.0,193,160.0,5.267858159063328,3.05699481865285,5.0,0.0,0.06735751295336788,0.0,0.0,0.0,0.0,0.06770833333333333,4.0,0.8342280353300023,2.388501041702455,2.291163748793297,0.0,0.0,3.0,2.0,0.0,0.0,2.6979166666666665,8.0,2.0104166666666665,True
1,"Cadenzas, Caprices, Rondos & Preludes, Op. 100: 9. Cadenze",Mauro Giuliani,4,3,IV,Classical,found,pdf,pdf-20260524T103936Z-3-001/pdf/Opus 100 No 9 by Mauro Giuliani.pdf,,,,verified_pieces/pdf/xml/Opus 100 No 9 by Mauro Giuliani.musicxml,gaps_v1/musicxml/giuliani-opus100-no11.xml,0.0037735849056603774,0.0,0,1.0416666666666667,0.6666666666666666,1.0,1.1704545454545454,3,0.0,1.0113207547169811,268,140.0,5.594711379601839,3.16044776119403,6.0,0.0,0.048507462686567165,0.0,0.0037735849056603774,5.0,1.0,0.06818181818181818,3.0,0.9098402845743551,2.560056390005771,2.1771302783717656,0.0,0.0,3.0,4.1875,0.0,0.0,4.166666666666667,12.0,4.106575185820469,True
1,Carora (Valse Venezolano),Antonio Lauro,14,7,All,Modern,found,dada_gp,,"datasets/DadaGP-v1.1/L/Lauro, Antonio/Lauro, Antonio - Carora (Valse Venezolano).gp4.tokens.txt","datasets/DadaGP-v1.1/L/Lauro, Antonio/Lauro, Antonio - Carora (Valse Venezolano).gp4",,"verified_pieces/dada/xml/Lauro, Antonio - Carora (Valse Venezolano).musicxml",,0.03162055335968379,0.7101449275362319,4,2.2566137566137567,0.6153846153846154,0.7611940298507462,1.0595238095238095,5,0.06818181818181818,1.391304347826087,352,160.0,5.8664680569332965,3.9375,10.0,0.25,0.23579545454545456,2.0,0.2727272727272727,2.4927536231884058,0.7681159420289855,0.2976190476190476,14.0,2.5843274067634456,3.400507392794325,2.485082845548422,0.007936507936507936,1.9166666666666667,12.0,3.1875,1.405805797971103,4.400000000000006,4.472870506335346,28.0,3.6411831259091643,True
1,Dance of the Reed Flutes (from The Nutcracker); Op. 71,Peter Ilyitch Tchaikovsky,5,3,III,Romantic,found,pdf,pdf-20260524T103936Z-3-001/pdf/Waltz Of The Flowers From The Nutcracker Ballet (Opus 71) by Pyotr Ilyich Tchaikovsky.pdf,,,,verified_pieces/pdf/xml/Waltz Of The Flowers From The Nutcracker Ballet (Opus 71) by Pyotr Ilyich Tchaikovsky.musicxml,,0.016736401673640166,1.4651162790697674,3,1.5798319327731092,0.5648414985590778,0.3660130718954248,0.3445378151260504,3,0.0,1.4560669456066946,348,160.0,5.855071922202427,3.089080459770115,7.0,0.1752873563218391,0.1896551724137931,3.0,0.19246861924686193,2.369565217391304,0.391304347826087,0.23949579831932774,6.0,1.1863286624608669,3.062201327083573,2.101229198826033,0.08823529411764706,2.25,4.862499999999999,2.5,2.7976190476190474,5.799999999999997,3.747549019607843,32.0,2.7006598111719105,True
1,Dedicatoria,Enrique Granados,7,6,IX,Romantic,found,pdf,pdf-20260524T103936Z-3-001/pdf/granados-dedicatoria.pdf,,,,verified_pieces/pdf/xml/granados-dedicatoria.musicxml,,0.0,0.8888888888888888,4,1.2801837270341208,0.32727272727272727,0.3581081081081081,0.5511811023622047,3,0.0,1.2980392156862746,331,55.0,5.805134968916488,6.057401812688822,10.0,0.5558912386706949,0.1510574018126888,4.0,0.2823529411764706,3.361111111111111,0.2777777777777778,0.23228346456692914,9.0,1.947056499594601,3.236860530791456,2.4598962078379394,0.5078740157480315,1.4782608695652173,6.5,8.5625,8.444444444444445,32.0,19.656167979002625,144.0,9.64153672689272,True
1,Dinora,Agustin Barrios Mangore,7,7,XII,Romantic,found,pdf,pdf-20260524T103936Z-3-001/pdf/barrios-dinora.pdf,,,,verified_pieces/pdf/xml/barrios-dinora.musicxml,,0.07454289732770746,1.3286384976525822,4,0.5734741784037558,0.15254237288135594,0.13709677419354838,0.1647887323943662,5,0.0,1.7440225035161745,1240,120.0,7.123672785204607,6.149193548387097,9.0,0.5475806451612903,0.027419354838709678,2.0,0.5991561181434599,1.5352112676056338,0.17136150234741784,0.07323943661971831,14.0,1.3429016345935263,3.155665531967135,2.1788697942657467,0.7140845070422536,4.0,8.749999999999988,3.0,2.1520728291316527,8.0,1.0920914375139728,40.0,2.1604274768831733,True
1,Divagaciones Criollas,Agustin Barrios Mandore,7,5,VII,Romantic,found,pdf,pdf-20260524T103936Z-3-001/pdf/barrios-criollas.pdf,,,,verified_pieces/pdf/xml/barrios-criollas.musicxml,,0.008146639511201629,1.0180722891566265,4,1.7972789115646257,0.5193236714975845,0.5098039215686274,0.8530612244897959,5,0.0,1.6883910386965377,829,120.0,6.721425700790643,3.5030156815440288,8.0,0.27020506634499397,0.26658624849215923,3.0,0.35845213849287166,2.414772727272727,0.4318181818181818,0.2571428571428571,9.5,1.5296634096094914,3.07005981366303,2.51602356689096,0.07142857142857142,2.3333333333333335,9.5,3.4375,1.0707070707070707,3.0,3.2796096533851635,64.0,3.6736907377412855,True
1,"Ecossaise, Op. 33 no. 11",Mauro Giuliani,2,2,II,Classical,found,pdf,pdf-20260524T103936Z-3-001/pdf/Ecossaise by Mauro Giuliani.pdf,,,,verified_pieces/pdf/xml/Ecossaise by Mauro Giuliani.musicxml,,0.0,0.5238095238095238,2,1.196969696969697,0.6373626373626373,0.8,0.8181818181818182,2,0.0,1.373134328358209,92,90.0,4.532599493153256,1.0543478260869565,3.0,0.0,0.44565217391304346,2.0,0.373134328358209,2.72,0.4,0.16666666666666666,3.0,0.96089757549745,1.8634328921489953,2.328553256574049,0.045454545454545456,2.0,3.0,2.8125,0.8571428571428571,2.0,2.3333333333333335,6.0,3.6093816631130062,True
1,Einleitende Etuden (Introductory Studies); Op. 60 no. 12,Fernando Sor,4,2,V,Classical,found,pdf,pdf-20260524T103936Z-3-001/pdf/Opus 60 No 12 in G Major by Fernando Sor.pdf,,,,verified_pieces/pdf/xml/Opus 60 No 12 in G Major by Fernando Sor.musicxml,,0.0,0.4166666666666667,3,2.955357142857143,0.6597222222222222,0.5846153846153846,0.6160714285714286,4,0.0,1.2831858407079646,145,120.0,4.983606621708336,2.7448275862068967,5.0,0.06896551724137931,0.33793103448275863,1.0,0.2831858407079646,2.0625,0.75,0.36607142857142855,19.0,4.725289849116481,2.5450629627935286,2.1563229215909407,0.08928571428571429,1.0,19.0,3.5,0.8333333333333334,2.0,7.360119047619047,76.0,3.6128533379156287,True
1,Elogio De La Danza,Leo Brouwer,9,8,X,Modern,found,pdf,pdf-20260524T103936Z-3-001/pdf/Eligio De La Danza by Leo Brouwer.pdf,,,,verified_pieces/pdf/xml/Eligio De La Danza by Leo Brouwer.musicxml,,0.0,0.5566037735849056,3,1.0080106809078773,0.2745314222712238,0.25203252032520324,0.40186915887850466,5,0.0,1.2106666666666666,908,49.0,6.812345094177479,3.7147577092511015,9.0,0.2665198237885463,0.3601321585903084,3.0,0.14933333333333335,1.7232142857142858,0.08035714285714286,0.14152202937249667,12.0,2.075427453169724,3.0129526431574014,2.4879894996176737,0.6448598130841121,3.0,10.0,7.1875,3.292452830188679,12.0,10.161659991099244,192.0,4.716697595423259,True
1,Estilo (Chinita),Agustin Barrios Mandore,7,5,VIII,Romantic,found,pdf,pdf-20260524T103936Z-3-001/pdf/barrios-estilo.pdf,,,,verified_pieces/pdf/xml/barrios-estilo.musicxml,,0.0,1.653179190751445,3,0.9704209328782707,0.2888146911519199,0.23170731707317074,0.3003412969283277,3,0.0,2.0408163265306123,600,90.0,6.398594934535208,3.7316666666666665,6.0,0.08333333333333333,0.1,2.0,0.5884353741496599,2.6705202312138727,0.3179190751445087,0.13993174061433447,7.75,1.26549071704827,2.8274641206833473,2.316903889909957,0.3856655290102389,2.25,6.8,4.125,2.5820874861572536,4.0,2.181503602578688,28.0,4.893066117555914,True
1,Estudios Sencillos: V,Leo Brouwer,3,3,I,Modern,found,pdf,pdf-20260524T103936Z-3-001/pdf/Estudios Sencillos (Study No 5) by Leo Brouwer.pdf,,,,verified_pieces/pdf/xml/Estudios Sencillos (Study No 5) by Leo Brouwer.musicxml,gaps_v1/musicxml/brouwer-etude6.xml,0.0,2.972972972972973,5,1.7572463768115942,0.559322033898305,0.8133333333333334,1.434782608695652,4,0.0,1.2805755395683454,178,92.0,5.187385805840755,2.331460674157303,6.0,0.0898876404494382,0.3202247191011236,5.0,0.2805755395683453,1.0,0.1794871794871795,0.32608695652173914,5.5,1.8535468420895669,2.323049465932751,2.3292038814953147,0.14492753623188406,4.0,5.5,3.75,6.486486486486487,10.0,4.352657004830918,12.0,4.260606468096551,True
1,Estudios Sencillos: VI,Leo Brouwer,6,5,X,Modern,found,pdf,pdf-20260524T103936Z-3-001/pdf/Estudios Sencillos (Study No 6) by Leo Brouwer.pdf,,,,verified_pieces/pdf/xml/Estudios Sencillos (Study No 6) by Leo Brouwer.musicxml,gaps_v1/musicxml/brouwer-etude6.xml,0.0,0.0,0,2.7,0.7111111111111111,0.9388888888888889,1.4777777777777779,5,0.0,1.0,181,120.0,5.204006687076795,2.74585635359116,6.0,0.09392265193370165,0.425414364640884,0.0,0.0,0.0,0.0,0.3055555555555556,22.0,3.695192071387419,2.6772879998154675,2.451487981377518,0.05,0.0,15.049999999999962,4.0,0.0,0.0,10.005555555555556,80.0,3.7708333333333335,True
1,Estudios Sencillos: VII,Leo Brouwer,6,4,IV,Modern,found,pdf,pdf-20260524T103936Z-3-001/pdf/Estudios Sencillos (Study No 7) by Leo Brouwer.pdf,,,,verified_pieces/pdf/xml/Estudios Sencillos (Study No 7) by Leo Brouwer.musicxml,gaps_v1/musicxml/brouwer-etude6.xml,0.0,2.0,2,1.701086956521739,0.4666666666666667,0.1952662721893491,0.3804347826086957,5,0.0,1.0594594594594595,196,180.0,5.2832037287379885,3.4744897959183674,7.0,0.1326530612244898,0.28061224489795916,2.0,0.05945945945945946,2.0,0.09090909090909091,0.3641304347826087,7.0,2.132257150921519,2.6467414463395897,2.439705746587705,0.4782608695652174,2.0,7.0,2.0625,1.9333333333333336,4.0,3.078804347826087,14.0,1.5731367731367731,True
1,Estudios Sencillos: VIII,Leo Brouwer,7,3,II,Modern,found,pdf,pdf-20260524T103936Z-3-001/pdf/Estudios Sencillos (Study No 8) by Leo Brouwer.pdf,,,,verified_pieces/pdf/xml/Estudios Sencillos (Study No 8) by Leo Brouwer.musicxml,gaps_v1/musicxml/brouwer-etude6.xml,0.0,0.7647058823529411,3,1.0714285714285714,0.4332129963898917,0.5,0.915057915057915,4,0.0,1.0692307692307692,278,120.0,5.631211781821365,1.5863309352517985,3.0,0.0,0.4316546762589928,2.4000000000000004,0.06538461538461539,1.3529411764705883,0.5294117647058824,0.2625482625482625,4.5,1.3158208258232424,1.7796511572353462,2.3151276100122318,0.44787644787644787,3.0,4.5,6.4375,0.625,1.5,13.68918918918919,48.0,4.542443611784586,True
1,Estudios Sencillos: X,Leo Brouwer,6,4,I,Modern,found,pdf,pdf-20260524T103936Z-3-001/pdf/Estudios Sencillos (Study No 10) by Leo Brouwer.pdf,,,,verified_pieces/pdf/xml/Estudios Sencillos (Study No 10) by Leo Brouwer.musicxml,gaps_v1/musicxml/brouwer-etude6.xml,0.0,0.0,0,1.7272727272727273,0.7570093457943925,0.41621621621621624,0.6666666666666666,5,0.0,1.0804020100502512,215,90.0,5.375278407684165,1.697674418604651,4.0,0.009302325581395349,0.3488372093023256,0.0,0.05527638190954774,1.9090909090909092,0.2727272727272727,0.18686868686868688,22.0,3.088977411842366,2.266575486271299,2.430018836521249,0.0707070707070707,0.0,22.0,3.75,0.0,0.0,5.717171717171717,88.0,3.5194913963758183,True
1,Estudios Sencillos: XI,Leo Brouwer,7,5,V,Modern,found,pdf,pdf-20260524T103936Z-3-001/pdf/Estudios Sencillos (Study No 11) by Leo Brouwer.pdf,,,,verified_pieces/pdf/xml/Estudios Sencillos (Study No 11) by Leo Brouwer.musicxml,gaps_v1/musicxml/brouwer-etude6.xml,0.0,0.6666666666666666,2,1.9923076923076923,0.6472727272727272,0.6903765690376569,1.1307692307692307,5,0.0,1.0574712643678161,276,100.0,5.6240175061873385,2.210144927536232,5.0,0.050724637681159424,0.38405797101449274,2.0,0.04980842911877394,1.8461538461538463,0.5384615384615384,0.3230769230769231,22.0,2.81205141064218,2.491065149613112,2.4563299626226525,0.1346153846153846,2.0,18.799999999999997,3.25,1.3333333333333333,4.0,5.301282051282051,44.0,2.510641453466815,True
1,Estudios Sencillos: XII,Leo Brouwer,5,3,III,Modern,found,pdf,pdf-20260524T103936Z-3-001/pdf/Etude 12 by Leo Brouwer.pdf,,,,verified_pieces/pdf/xml/Etude 12 by Leo Brouwer.musicxml,gaps_v1/musicxml/brouwer-etude6.xml,0.0,1.0357142857142858,3,1.716867469879518,0.5882352941176471,1.0,1.2409638554216869,4,0.0,1.4285714285714286,120,80.0,4.795790545596741,1.4416666666666667,3.0,0.0,0.4083333333333333,2.0,0.3333333333333333,2.1785714285714284,0.7142857142857143,0.26506024096385544,5.0,1.3003539163385374,2.223128965515935,2.2821404750004217,0.0,3.0,4.799999999999997,2.9375,1.4444444444444444,3.400000000000002,3.1566265060240966,12.0,3.4285714285714284,True
1,Estudios Sencillos: XIII,Leo Brouwer,7,4,II,Modern,found,pdf,pdf-20260524T103936Z-3-001/pdf/Estudio 13 by Leo Brouwer.pdf,,,,verified_pieces/pdf/xml/Estudio 13 by Leo Brouwer.musicxml,gaps_v1/musicxml/brouwer-etude6.xml,0.010309278350515464,0.9668874172185431,3,2.054263565891473,0.46016260162601624,0.35507246376811596,0.3875968992248062,5,0.0,1.5876288659793814,616,180.0,6.424869023905388,2.436688311688312,4.0,0.02922077922077922,0.2824675324675325,1.0,0.5644329896907216,1.269406392694064,0.0639269406392694,0.4702842377260982,12.0,2.013430657022084,2.297869035171405,2.3068858771815557,0.2248062015503876,2.0,12.0,3.75,1.85,2.0,4.0633074935400515,32.0,4.75902375398199,True
1,Estudios Sencillos: XIV,Leo Brouwer,9,4,II,Modern,found,pdf,pdf-20260524T103936Z-3-001/pdf/Estudio Sencillos No 14 by Leo Brouwer.pdf,,,,verified_pieces/pdf/xml/Estudio Sencillos No 14 by Leo Brouwer.musicxml,gaps_v1/musicxml/brouwer-etude6.xml,0.0,0.7741935483870968,1,2.074468085106383,0.5022522522522522,0.3333333333333333,0.5141843971631206,5,0.0,1.5724381625441697,445,160.0,6.100318952020064,2.534831460674157,5.0,0.015730337078651686,0.27191011235955054,1.0,0.5724381625441696,1.0246913580246915,0.06790123456790123,0.4078014184397163,7.0,1.4078505449027103,2.383066582133737,2.0015885984151893,0.1879432624113475,1.0,6.199999999999996,3.875,1.4368279569892475,2.0,4.111997635933806,32.0,4.240818074740337,True
1,Estudios Sencillos: XIX,Leo Brouwer,8,4,V,Modern,found,pdf,pdf-20260524T103936Z-3-001/pdf/Estudios Sencillos (Study No 19) by Leo Brouwer.pdf,,,,verified_pieces/pdf/xml/Estudios Sencillos (Study No 19) by Leo Brouwer.musicxml,gaps_v1/musicxml/brouwer-etude6.xml,0.07920792079207921,0.9154929577464789,3,1.3320895522388059,0.31040564373897706,1.0,0.32338308457711445,3,0.0,2.8118811881188117,568,100.0,6.343880434126331,2.334507042253521,5.0,0.051056338028169015,0.3362676056338028,2.0,0.7128712871287128,3.111111111111111,0.24305555555555555,0.19402985074626866,5.833333333333333,0.8578273239969476,2.4206533416359917,2.349300423503628,0.0845771144278607,1.8125,2.9749999999999996,5.625,1.6312056737588652,4.0,2.6194029850746268,11.666666666666666,13.948895326213844,True
1,Estudios Sencillos: XVI,Leo Brouwer,9,4,III,Modern,found,pdf,pdf-20260524T103936Z-3-001/pdf/Estudio Sencillos No 16 by Leo Brouwer.pdf,,,,verified_pieces/pdf/xml/Estudio Sencillos No 16 by Leo Brouwer.musicxml,gaps_v1/musicxml/brouwer-etude6.xml,0.0,0.8888888888888888,2,2.4887307236061686,0.8203389830508474,0.6893939393939394,0.9715302491103203,4,0.0,1.049645390070922,296,60.0,5.6937321388027,2.364864864864865,5.0,0.030405405405405407,0.375,2.0,0.03546099290780142,3.2,0.3,0.3167259786476868,22.0,3.4240577017578846,2.5152586842562403,2.4941021096902443,0.03558718861209965,,,,,,,,,False
1,Estudios Sencillos: XVII,Leo Brouwer,9,5,VII,Modern,found,pdf,pdf-20260524T103936Z-3-001/pdf/Etude 17 by Leo Brouwer.pdf,,,,verified_pieces/pdf/xml/Etude 17 by Leo Brouwer.musicxml,gaps_v1/musicxml/brouwer-etude6.xml,0.0,0.36363636363636365,2,1.875,0.7531120331950207,0.7336343115124153,1.0299145299145298,5,0.0,1.0298507462686568,483,76.0,6.182084906716632,2.9316770186335406,7.0,0.11594202898550725,0.2836438923395445,2.0,0.029850746268656716,1.3571428571428572,0.2857142857142857,0.18803418803418803,22.0,2.3949900968694138,2.737659687188446,2.263148810390546,0.03205128205128205,2.0,22.0,4.0,0.7272727272727273,4.0,6.217948717948718,44.0,2.7596000579626145,True
1,Estudios Sencillos: XVIII,Leo Brouwer,8,6,IV,Modern,found,pdf,pdf-20260524T103936Z-3-001/pdf/Estudios Sencillos (Study No 18) by Leo Brouwer.pdf,,,,verified_pieces/pdf/xml/Estudios Sencillos (Study No 18) by Leo Brouwer.musicxml,gaps_v1/musicxml/brouwer-etude6.xml,0.0,1.3529411764705883,4,2.5632502308402585,0.7990314769975787,0.39932885906040266,0.8310249307479224,5,0.0,1.143646408839779,414,60.0,6.028278520230698,2.896135265700483,5.0,0.028985507246376812,0.2246376811594203,2.0,0.09668508287292818,1.3714285714285714,0.4,0.26038781163434904,24.0,3.3046551233092782,2.46296150890775,2.4503645446954594,0.055401662049861494,,,,,,,,,False
1,Estudios Sencillos: XX,Leo Brouwer,10,4,III,Modern,found,pdf,pdf-20260524T103936Z-3-001/pdf/Estudio Sencillos No 20 by Leo Brouwer.pdf,,,,verified_pieces/pdf/xml/Estudio Sencillos No 20 by Leo Brouwer.musicxml,gaps_v1/musicxml/brouwer-etude6.xml,0.0,3.019230769230769,19,2.074575807334428,0.5600448933782267,0.4805194805194805,0.535303776683087,5,0.0,1.4622950819672131,892,140.0,6.794586580876499,1.65695067264574,3.0,0.013452914798206279,0.4562780269058296,19.0,0.17704918032786884,3.3518518518518516,0.12037037037037036,0.3021346469622332,8.333333333333334,1.6946584594134824,1.862233712017125,2.4206325940265394,0.09688013136288999,19.0,8.333333333333334,4.75,3.423076923076923,19.0,7.030103995621238,20.0,6.003991774981608,True
1,Fantasia,John Dowland,11,7,VIII,Renaissance,found,dada_gp,,"datasets/DadaGP-v1.1/D/Dowland, John/Dowland, John - Fantasia.gp3.tokens.txt","datasets/DadaGP-v1.1/D/Dowland, John/Dowland, John - Fantasia.gp3",,"verified_pieces/dada/xml/Dowland, John - Fantasia.musicxml",,0.0011560693641618498,0.9637681159420289,3,1.939621913580247,0.6411290322580645,0.4521276595744681,0.5717592592592593,5,0.0,1.4346820809248555,1241,100.0,7.124478262493424,2.296535052377115,4.0,0.0257856567284448,0.2715551974214343,2.0,0.330635838150289,3.167832167832168,0.4020979020979021,0.2835648148148148,9.0,1.3425859269514895,2.327392512380389,2.4668111999451163,0.047453703703703706,1.9090909090909092,5.774999999999999,5.0,1.9842995169082125,4.0,5.634420010288066,32.0,4.700832904099658,True
1,Folias,Gaspar Sanz,4,2,III,Baroque,found,pdf,pdf-20260524T103936Z-3-001/pdf/Folias by Gaspar Sanz.pdf,,,,verified_pieces/pdf/xml/Folias by Gaspar Sanz.musicxml,,0.0,0.6956521739130435,2,1.5604938271604938,0.6952908587257618,0.4528301886792453,0.5740740740740741,4,0.0,1.3357933579335792,362,120.0,5.8944028342648505,1.4723756906077348,3.0,0.0,0.35911602209944754,2.0,0.25461254612546125,3.217391304347826,0.2463768115942029,0.2,4.333333333333333,0.9591678937056878,2.0097020351773867,2.0600453203473075,0.007407407407407408,2.0,4.016666666666667,2.5,0.7009803921568628,2.0,2.598765432098766,8.0,2.4797804901125935,True
1,"Goldberg Variations, BWV 988: Variatio 18",J.S. Bach,11,5,V,Baroque,found,pdf,pdf-20260524T103936Z-3-001/pdf/BWV 988 Goldberg Variation 18 by Johann Sebastian Bach.pdf,,,,verified_pieces/pdf/xml/BWV 988 Goldberg Variation 18 by Johann Sebastian Bach.musicxml,,0.0,0.6754385964912281,4,1.698220064724919,0.5498489425981873,0.391304347826087,0.4320388349514563,4,0.0,1.603864734299517,332,90.0,5.808142489980444,2.6656626506024095,5.0,0.09036144578313253,0.29518072289156627,2.0,0.5893719806763285,2.6885245901639343,0.5655737704918032,0.2961165048543689,8.5,1.5219367037470033,2.7600871473442674,2.5320240781357946,0.07766990291262135,1.411764705882353,5.399999999999999,3.125,1.176991150442478,4.0,2.9809870550161808,17.0,4.111838546621156,True
1,"Goldberg Variations, BWV 988: Variatio 19",J.S. Bach,14,9,V,Baroque,found,pdf,pdf-20260524T103936Z-3-001/pdf/BWV 988 Goldberg Variation 19 by Johann Sebastian Bach.zip,,,,verified_pieces/pdf/xml/BWV 988 Goldberg Variation 19 by Johann Sebastian Bach.musicxml,,0.0,0.5,2,2.289297658862876,0.7893175074183977,0.49557522123893805,0.5551839464882943,3,0.0,1.1266666666666667,338,90.0,5.82600010738045,2.2366863905325443,5.0,0.005917159763313609,0.3076923076923077,1.0,0.12666666666666668,1.4736842105263157,0.6052631578947368,0.391304347826087,21.0,2.11873767595067,2.4373266711040773,2.548141856061054,0.046822742474916385,,,,,,,,,False
1,"Goldberg Variations, BWV 988: Variatio 2",J.S. Bach,15,6,VIII,Baroque,found,pdf,pdf-20260524T103936Z-3-001/pdf/bach-goldberg-var-2.pdf,,,,verified_pieces/pdf/xml/bach-goldberg-var-2.musicxml,,0.0,1.0909090909090908,5,2.0025445292620865,0.5427927927927928,0.25,0.40458015267175573,3,0.0,1.6920152091254752,445,75.0,6.100318952020064,3.9235955056179774,8.0,0.2651685393258427,0.2157303370786517,3.0,0.5779467680608364,3.026315789473684,0.6710526315789473,0.31679389312977096,10.0,1.7899072351501708,3.213060508177705,2.5742062787759865,0.0648854961832061,2.2777777777777777,8.0,5.6875,2.9627039627039626,8.0,6.952078032230704,40.0,7.605522909705418,True
1,"Goldberg Variations, BWV 988: Variatio 22",J.S. Bach,13,8,V,Baroque,found,pdf,pdf-20260524T103936Z-3-001/pdf/BWV 988 Goldberg Variation 22 by Johann Sebastian Bach.pdf,,,,verified_pieces/pdf/xml/BWV 988 Goldberg Variation 22 by Johann Sebastian Bach.musicxml,,0.0,1.1904761904761905,4,2.1160714285714284,0.7318840579710145,0.4383561643835616,0.49107142857142855,3,0.0,1.2300884955752212,139,95.0,4.941642422609304,2.647482014388489,5.0,0.07913669064748201,0.2302158273381295,2.0,0.23008849557522124,1.2307692307692308,0.5384615384615384,0.30357142857142855,7.0,1.5597935744507858,2.7077927768300674,1.9622904378518733,0.05357142857142857,2.5,7.0,1.9375,1.619047619047619,4.0,3.0892857142857144,14.0,2.035503581963759,True
1,"Goldberg Variations, BWV 988: Variatio 4",J.S. Bach,8,5,VII,Baroque,found,pdf,pdf-20260524T103936Z-3-001/pdf/BWV 988 Goldberg Variation 4 by Johann Sebastian Bach.pdf,,,,verified_pieces/pdf/xml/BWV 988 Goldberg Variation 4 by Johann Sebastian Bach.musicxml,,0.0,0.9047619047619048,3,1.6655844155844155,0.4548736462093863,0.5,0.5194805194805194,4,0.0,1.793548387096774,278,85.0,5.631211781821365,2.352517985611511,5.0,0.05755395683453238,0.2805755395683453,2.0,0.567741935483871,2.625,0.6477272727272727,0.2662337662337662,10.0,1.6118414125671625,2.6146287002530326,2.547944568617063,0.16233766233766234,1.6666666666666667,8.049999999999999,5.375,2.586345381526104,8.0,4.8558802308802305,40.0,7.8831059543542015,True
1,Lesson 15: Waltz,Dionisio Aguado,2,3,II,Classical,found,pdf,pdf-20260524T103936Z-3-001/pdf/Etude No 15 Metodo Primera by Dionisio Aguado.pdf,,,,verified_pieces/pdf/xml/Etude No 15 Metodo Primera by Dionisio Aguado.musicxml,,0.0,1.5,3,1.4025974025974026,0.552,0.40625,0.5454545454545454,3,0.0,1.6153846153846154,126,85.0,4.844187086458591,2.126984126984127,5.0,0.0,0.2777777777777778,3.0,0.358974358974359,2.607142857142857,0.6785714285714286,0.15584415584415584,4.333333333333333,1.082242424207792,2.4895871546852604,2.4178881026740124,0.05194805194805195,1.9230769230769231,4.0,4.1875,4.423076923076923,8.0,5.904761904761906,64.0,6.56575682382134,True
1,Lesson 23,Dionisio Aguado,5,4,X,Classical,found,pdf,pdf-20260524T103936Z-3-001/pdf/Etude No 23 Metodo Primera by Dionisio Aguado.pdf,,,,verified_pieces/pdf/xml/Etude No 23 Metodo Primera by Dionisio Aguado.musicxml,,0.0,0.7380952380952381,2,2.2325102880658436,0.35664335664335667,0.045454545454545456,0.5555555555555556,3,0.0,1.7560975609756098,144,85.0,4.976733742420574,4.395833333333333,10.0,0.2916666666666667,0.3333333333333333,2.0,0.5121951219512195,2.761904761904762,0.30952380952380953,0.38271604938271603,12.0,2.705057881617004,2.5776364981157918,2.519636576436044,0.37037037037037035,1.0,10.949999999999998,6.5,3.336817653890825,16.0,14.37037037037037,112.0,10.818312247293596,True
1,Lesson 24,Dionisio Aguado,4,3,VII,Classical,found,pdf,pdf-20260524T103936Z-3-001/pdf/Etude No 24 Metodo Primera by Dionisio Aguado.pdf,,,,verified_pieces/pdf/xml/Etude No 24 Metodo Primera by Dionisio Aguado.musicxml,,0.0,0.72,3,2.2350119904076737,0.5960591133004927,0.15,0.5467625899280576,2,0.0,1.457142857142857,204,85.0,5.3230099791384085,4.803921568627451,7.0,0.3137254901960784,0.22549019607843138,1.0,0.4142857142857143,2.4482758620689653,0.20689655172413793,0.2805755395683453,9.0,2.364456101882615,2.5889733675874487,2.347149597696535,0.08633093525179857,3.0,9.0,4.5,1.6734693877551021,4.0,7.534772182254198,36.0,6.392626728110598,True
1,Lesson 26,Dionisio Aguado,6,4,XI,Classical,found,pdf,pdf-20260524T103936Z-3-001/pdf/Etude No 26 Metodo Primera by Dionisio Aguado.pdf,,,,verified_pieces/pdf/xml/Etude No 26 Metodo Primera by Dionisio Aguado.musicxml,,0.0,0.6268656716417911,3,0.755829903978052,0.21948356807511737,0.07441860465116279,0.21193415637860083,4,0.0,1.7515400410677617,853,90.0,6.74993119378857,2.018757327080891,5.0,0.04220398593200469,0.369284876905041,2.0,0.44353182751540043,3.0694444444444446,0.18981481481481483,0.10699588477366255,7.0,1.3046228467126955,2.4984412025971205,2.380436346135217,0.6069958847736625,1.2222222222222223,7.0,9.25,5.348333333333334,16.0,6.347736625514403,112.0,13.55159777805715,True
1,Lesson 29,Dionisio Aguado,4,4,VII,Classical,found,pdf,pdf-20260524T103936Z-3-001/pdf/Lesson 29 in E Minor by Dionisio Aguado.pdf,,,,verified_pieces/pdf/xml/Lesson 29 in E Minor by Dionisio Aguado.musicxml,,0.0,0.8095238095238095,2,1.0661764705882353,0.41081081081081083,0.09574468085106383,0.27205882352941174,5,0.0,1.3576642335766422,186,120.0,5.231108616854587,3.139784946236559,7.0,0.15591397849462366,0.26881720430107525,2.0,0.2116788321167883,3.1724137931034484,0.6551724137931034,0.11029411764705882,7.0,1.385658247662694,2.8910625548011244,2.161404327194448,0.4338235294117647,2.0,7.0,3.75,1.6666666666666667,4.0,4.582516339869281,80.0,2.813655124738222,True
1,Lesson 5 (Waltz),Dionisio Aguado,4,2,III,Classical,found,pdf,pdf-20260524T103936Z-3-001/pdf/Etude No 5 Metodo Primera by Dionisio Aguado.pdf,,,,verified_pieces/pdf/xml/Etude No 5 Metodo Primera by Dionisio Aguado.musicxml,,0.0,0.7671232876712328,2,0.858974358974359,0.36,0.55,0.6,5,0.0,1.916030534351145,251,100.0,5.529429087511423,1.6135458167330676,3.0,0.0,0.3147410358565737,2.0,0.5572519083969466,3.136986301369863,0.2602739726027397,0.08461538461538462,3.0,0.9019119147159773,1.9225945842348833,2.446969737296019,0.2692307692307692,2.0,3.0,3.9375,1.1620370370370372,4.0,1.6384615384615384,6.0,6.412315521628499,True
1,Lesson 6,Dionisio Aguado,1,1,I,Classical,found,pdf,pdf-20260524T103936Z-3-001/pdf/Etude No 6 Metodo Primera by Dionisio Aguado.pdf,,,,verified_pieces/pdf/xml/Etude No 6 Metodo Primera by Dionisio Aguado.musicxml,,0.0,0.9459459459459459,2,0.9076305220883534,0.4090909090909091,0.21428571428571427,0.5542168674698795,2,0.0,1.5833333333333333,133,90.0,4.897839799950911,1.5488721804511278,3.0,0.0,0.3082706766917293,2.0,0.4642857142857143,3.1025641025641026,0.3076923076923077,0.10843373493975904,3.0,0.926066450630151,1.9359287021869351,2.3726558367992427,0.3373493975903614,2.0,2.9,4.3125,5.37962962962963,16.0,4.3473895582329325,40.0,6.381313131313131,True
1,Packington's Pound,Anonymous,2,1,I,Renaissance,found,pdf,pdf-20260524T103936Z-3-001/pdf/Packingtons Pound by anonymous.pdf,,,,verified_pieces/pdf/xml/Packingtons Pound by anonymous.musicxml,,0.0,0.0,0,1.2238095238095237,0.49130434782608695,0.3673469387755102,0.38571428571428573,2,0.0,1.6382978723404256,231,120.0,5.44673737166631,0.974025974025974,3.0,0.0,0.5021645021645021,0.0,0.3971631205673759,3.3214285714285716,0.16071428571428573,0.15,3.0,0.9559279187998659,1.7768512875488272,2.4284533926111544,0.10714285714285714,0.0,3.0,2.5,0.0,0.0,1.658333333333333,6.0,3.1537234042553193,True
1,Parabola,Leo Brouwer,18,10,X,Modern,found,pdf,pdf-20260524T103936Z-3-001/pdf/Parabola by Leo Brouwer.pdf,,,,verified_pieces/pdf/xml/Parabola by Leo Brouwer.musicxml,,0.0,0.7058823529411765,6,2.452247191011236,0.6423043852106621,0.6495983935742972,1.1638576779026217,5,0.0,1.0888681010289991,1164,80.0,7.060476365999801,3.45446735395189,10.0,0.1958762886597938,0.29896907216494845,2.0,0.047708138447146865,2.843137254901961,0.21568627450980393,0.3408239700374532,13.0,2.996010689581806,3.187655821942485,2.4110198246361483,0.2247191011235955,6.0,12.6,3.75,1.0065359477124183,2.0,9.144116729088639,176.0,2.8169300616146797,True
1,Partita III: BWV 1006: iii. Gavotte en Rondeau,J.S. Bach,13,9,VII,Baroque,found,dada_gp,,"datasets/DadaGP-v1.1/B/Bach, Johann Sebastian/Bach, Johann Sebastian - Gavotte en Rondeau (from lute suite 4) BWV 1006a.gp3.tokens.txt","datasets/DadaGP-v1.1/B/Bach, Johann Sebastian/Bach, Johann Sebastian - Gavotte en Rondeau (from lute suite 4) BWV 1006a.gp3",,"verified_pieces/dada/xml/Bach, Johann Sebastian - Gavotte en Rondeau (from lute suite 4) BWV 1006a.musicxml",,0.001488095238095238,1.0579710144927537,3,1.9339294585196223,0.7191392978482446,0.543640897755611,0.6438152011922503,3,0.1583710407239819,1.3154761904761905,884,137.0,6.785587645007929,3.6911764705882355,7.0,0.16402714932126697,0.1493212669683258,2.0,0.21428571428571427,2.701388888888889,0.5694444444444444,0.2548435171385991,9.0,1.4288625183568857,3.016364125924737,2.270049130275856,0.0029806259314456036,3.0,8.099999999999998,2.8125,1.6824817518248176,4.0,3.786014109458369,18.0,2.9218114381430964,True
1,Passacaille (from Great Suite #7 for Harpsichord),George Friedrich Handel,9,4,VII,Baroque,found,pdf,pdf-20260524T103936Z-3-001/pdf/Suite No 7 Passacaille by Georg Friedrich Handel.pdf,,,,verified_pieces/pdf/xml/Suite No 7 Passacaille by Georg Friedrich Handel.musicxml,,0.0017667844522968198,1.1147540983606556,4,0.7709683755647222,0.26212259835315643,0.19352159468438537,0.26812021213906895,5,0.0,1.2879858657243817,2187,85.0,7.690743163541872,4.774119798811157,10.0,0.3433927754915409,0.18015546410608138,3.0,0.21908127208480566,2.5161290322580645,0.3655913978494624,0.10548025928108426,13.0,1.5170272014707968,3.3628373857336227,2.4861116720178718,0.6358279316440778,3.0,10.0,4.6875,6.445238095238096,24.0,3.098729316908456,152.0,2.019500892298587,True
1,Queen Elizabeth's Galliard,John Dowland,8,5,V,Renaissance,found,pdf,pdf-20260524T103936Z-3-001/pdf/Queen Elizabeths Galliard by John Dowland.pdf,,,,verified_pieces/pdf/xml/Queen Elizabeths Galliard by John Dowland.musicxml,,0.004219409282700422,0.8717948717948718,3,1.8149717514124295,0.5853658536585366,0.43636363636363634,0.6398305084745762,5,0.0,1.5611814345991561,370,88.0,5.916202062607435,2.408108108108108,5.0,0.07027027027027027,0.31351351351351353,2.299999999999997,0.3333333333333333,3.9367088607594938,0.5189873417721519,0.2288135593220339,7.0,1.4320424975652442,2.5414827256426022,2.3330415525855845,0.0211864406779661,1.875,7.0,4.3125,1.2777777777777777,4.0,4.619585687382298,16.0,4.584421673029268,True
1,Recuerdos de la Alhambra,Francisco Tarrega,12,7,X,Romantic,found,pdf,pdf-20260524T103936Z-3-001/pdf/Recuerdos de la Alhambra by Francisco Tarrega.pdf,,,,verified_pieces/pdf/xml/Recuerdos de la Alhambra by Francisco Tarrega.musicxml,,0.0,0.6818181818181818,4,0.9535115722266561,0.3885848318999218,0.48224607762180016,0.8946528332003192,5,0.0,1.0207336523125996,1280,80.0,7.155396301896734,3.46796875,8.0,0.1671875,0.20234375,2.0,0.017543859649122806,1.8181818181818181,0.6363636363636364,0.09337589784517158,22.0,1.9517022567973097,3.1122695531194364,2.0001609829982394,0.4868316041500399,,,,,,,,,False
1,Twenty-one Lessons: 11,Dionisio Aguado,1,2,II,Classical,found,pdf,pdf-20260524T103936Z-3-001/pdf/Etude No 11 Metodo Primera by Dionisio Aguado.pdf,,,,verified_pieces/pdf/xml/Etude No 11 Metodo Primera by Dionisio Aguado.musicxml,,0.0,0.813953488372093,3,1.5813953488372092,0.6923076923076923,0.5238095238095238,1.2945736434108528,4,0.0,1.4076923076923078,183,85.0,5.214935757608986,1.8415300546448088,4.0,0.0,0.28415300546448086,3.0,0.34615384615384615,1.4222222222222223,0.4,0.16279069767441862,4.333333333333333,0.9521534320073884,2.267878242792321,2.428127510596237,0.007751937984496124,3.0,4.166666666666666,2.875,1.492063492063492,5.799999999999997,3.0835486649440136,8.666666666666666,3.7065855008301054,True
1,Twenty-one Lessons: 12,Dionisio Aguado,2,2,III,Classical,found,pdf,pdf-20260524T103936Z-3-001/pdf/Etude No 12 Metodo Primera by Dionisio Aguado.pdf,,,,verified_pieces/pdf/xml/Etude No 12 Metodo Primera by Dionisio Aguado.musicxml,,0.0,1.0227272727272727,5,1.0405405405405406,0.41911764705882354,0.875,0.35135135135135137,2,0.0,1.8266666666666667,137,120.0,4.927253685157205,2.343065693430657,5.0,0.0,0.24087591240875914,2.0,0.6133333333333333,2.0217391304347827,0.6086956521739131,0.0945945945945946,5.0,1.0295232033005581,2.529346832270434,2.314906385133683,0.20270270270270271,2.0,3.299999999999997,3.375,2.266888150609081,7.466666666666678,1.8255040755040752,14.0,4.906928104575163,True
1,Twenty-one Lessons: 13,Dionisio Aguado,2,3,II,Classical,found,pdf,pdf-20260524T103936Z-3-001/pdf/Etude No 13 Metodo Primera by Dionisio Aguado.pdf,,,,verified_pieces/pdf/xml/Etude No 13 Metodo Primera by Dionisio Aguado.musicxml,,0.0,0.9393939393939394,3,1.946127946127946,0.6402877697841727,0.6976744186046512,0.8282828282828283,4,0.0,1.4,140,120.0,4.948759890378168,2.3785714285714286,4.0,0.007142857142857143,0.2,3.0,0.35,1.8857142857142857,0.7142857142857143,0.21212121212121213,20.0,2.812792275156638,2.4198072658109706,2.4768562925971525,0.020202020202020204,3.0,15.199999999999989,3.0625,1.609375,5.800000000000004,3.69023569023569,40.0,3.8058252427184467,True
1,Twenty-one Lessons: 14,Dionisio Aguado,2,2,I,Classical,found,pdf,pdf-20260524T103936Z-3-001/pdf/Etude No 14 Metodo Primera by Dionisio Aguado.pdf,,,,verified_pieces/pdf/xml/Etude No 14 Metodo Primera by Dionisio Aguado.musicxml,,0.0,1.2307692307692308,2,0.6705426356589147,0.21844660194174756,0.5454545454545454,0.3953488372093023,3,0.0,2.3793103448275863,207,90.0,5.337538079701318,1.502415458937198,3.0,0.0,0.2898550724637681,2.0,0.7586206896551724,3.106060606060606,0.36363636363636365,0.06976744186046512,3.0,0.8949964070294569,1.952113865828725,2.4663107745190938,0.4418604651162791,2.0,3.0,10.625,12.40625,32.0,4.391472868217054,32.0,21.950629142253383,True
1,Twenty-one Lessons: 15,Dionisio Aguado,2,2,III,Classical,found,pdf,pdf-20260524T103936Z-3-001/pdf/Study No 15 by Dionisio Aguado.pdf,,,,verified_pieces/pdf/xml/Study No 15 by Dionisio Aguado.musicxml,,0.01532567049808429,0.9140625,3,1.6938856015779094,0.4529058116232465,0.8478260869565217,1.273076923076923,5,0.0,1.9157088122605364,500,120.0,6.2166061010848646,1.83,4.0,0.0,0.298,2.0,0.5019157088122606,2.885496183206107,0.32061068702290074,0.2923076923076923,4.0,1.1799349177889038,2.104587121856542,2.446442756567675,0.07307692307692308,1.2857142857142858,4.0,6.8125,2.8976377952755907,8.0,5.6590729783037474,64.0,9.824147755182238,True
1,Twenty-one Lessons: 16,Dionisio Aguado,4,2,II,Classical,found,pdf,pdf-20260524T103936Z-3-001/pdf/Etude No 16 Metodo Primera by Dionisio Aguado.pdf,,,,verified_pieces/pdf/xml/Etude No 16 Metodo Primera by Dionisio Aguado.musicxml,,0.0,0.7567567567567568,2,0.5515873015873015,0.20294117647058824,0.25,0.1360544217687075,3,0.0,2.304054054054054,341,100.0,5.834810737062605,1.0557184750733137,3.0,0.0,0.5630498533724341,2.0,0.8445945945945946,1.888,0.192,0.061224489795918366,4.0,0.85279615083578,1.9191084207803282,1.9729036586650828,0.46258503401360546,1.2333333333333334,3.8,8.25,5.225225225225225,16.0,3.1451247165532883,56.0,15.200627471485994,True
1,Twenty-one Lessons: 17,Dionisio Aguado,4,3,VII,Classical,found,pdf,pdf-20260524T103936Z-3-001/pdf/Etude No 17 Metodo Primera by Dionisio Aguado.pdf,,,,verified_pieces/pdf/xml/Etude No 17 Metodo Primera by Dionisio Aguado.musicxml,,0.0,0.48484848484848486,2,0.7832647462277093,0.28211009174311924,0.1038961038961039,0.2551440329218107,3,0.0,1.790983606557377,437,100.0,6.082218910376446,1.6498855835240274,4.0,0.018306636155606407,0.4233409610983982,1.2000000000000028,0.46311475409836067,2.6194690265486726,0.1504424778761062,0.12345679012345678,6.333333333333333,1.1230363118395037,2.3452324754504814,2.2585557713155504,0.43621399176954734,0.8333333333333334,5.13333333333333,7.125,3.5714285714285716,10.399999999999977,5.69090077732053,37.33333333333333,10.603350869643675,True
1,Twenty-one Lessons: 18,Dionisio Aguado,4,2,II,Classical,found,pdf,pdf-20260524T103936Z-3-001/pdf/Etude No 18 Metodo Primera by Dionisio Aguado.pdf,,,,verified_pieces/pdf/xml/Etude No 18 Metodo Primera by Dionisio Aguado.musicxml,,0.0,0.6507936507936508,2,0.7785388127853882,0.25878594249201275,1.0,0.3767123287671233,3,0.0,2.1360544217687076,314,100.0,5.752572638825633,0.7866242038216561,2.0,0.0,0.6146496815286624,1.8000000000000043,0.8095238095238095,1.781512605042017,0.19327731092436976,0.08904109589041095,4.0,0.944846952937513,1.6495974766833976,1.9965359799122755,0.2945205479452055,1.2,3.0,6.1875,1.4867724867724865,4.0,2.528538812785388,16.0,10.86187997466193,True
1,Twenty-one Lessons: 19,Dionisio Aguado,2,2,III,Classical,found,pdf,pdf-20260524T103936Z-3-001/pdf/Lesson 19 by Dionisio Aguado.pdf,,,,verified_pieces/pdf/xml/Lesson 19 by Dionisio Aguado.musicxml,,0.0,0.0,0,5.487603305785124,0.8181818181818182,0.8677685950413223,1.1074380165289257,3,0.0,1.0,122,120.0,4.812184355372417,4.39344262295082,22.0,0.1885245901639344,0.4016393442622951,0.0,0.0,0.0,0.0,0.3305785123966942,22.0,8.100725100163492,2.040287112559979,1.8656519536724632,0.09917355371900827,0.0,22.0,3.25,0.0,0.0,16.107438016528924,88.0,3.031055900621118,True
1,Twenty-one Lessons: 2,Dionisio Aguado,1,1,II,Classical,found,pdf,pdf-20260524T103936Z-3-001/pdf/Exercise No 2 by Dionisio Aguado.pdf,,,,verified_pieces/pdf/xml/Exercise No 2 by Dionisio Aguado.musicxml,,0.0,0.0,0,4.6892655367231635,0.864406779661017,0.8700564971751412,1.5932203389830508,5,0.0,1.0,178,120.0,5.187385805840755,3.134831460674157,11.0,0.10674157303370786,0.4044943820224719,0.0,0.0,0.0,0.0,0.3163841807909605,22.0,7.018904901352918,2.338135954373836,2.358335189868294,0.02824858757062147,0.0,21.799999999999997,3.5,0.0,0.0,13.602636534839926,88.0,3.1785714285714284,True
1,Twenty-one Lessons: 20,Dionisio Aguado,2,2,V,Classical,found,pdf,pdf-20260524T103936Z-3-001/pdf/Etude No 20 Metodo Primera by Dionisio Aguado.pdf,,,,verified_pieces/pdf/xml/Etude No 20 Metodo Primera by Dionisio Aguado.musicxml,,0.0,0.6086956521739131,2,1.386904761904762,0.41089108910891087,0.14705882352941177,0.14285714285714285,1,0.0,1.7964601769911503,203,90.0,5.318119993844216,1.4876847290640394,4.800000000000011,0.019704433497536946,0.5270935960591133,2.0,0.40707964601769914,3.652173913043478,0.5652173913043478,0.32142857142857145,4.666666666666667,1.2569675427902336,2.1569458017762337,2.547402957736944,0.24107142857142858,1.3333333333333333,4.266666666666661,6.375,2.022222222222222,4.0,5.24702380952381,18.666666666666668,11.050951997854652,True
1,Twenty-one Lessons: 21,Dionisio Aguado,2,2,V,Classical,found,pdf,pdf-20260524T103936Z-3-001/pdf/Etude No 21 Metodo Primera by Dionisio Aguado.pdf,,,,verified_pieces/pdf/xml/Etude No 21 Metodo Primera by Dionisio Aguado.musicxml,,0.011764705882352941,0.9176470588235294,3,0.6468253968253969,0.1889763779527559,0.0,0.0,0,0.0,3.0,255,85.0,5.545177444479562,1.9333333333333333,4.0,0.011764705882352941,0.26666666666666666,2.0,1.0,3.447058823529412,0.36470588235294116,0.09523809523809523,2.666666666666667,0.7990589545834368,2.306411690879123,2.4578533418913016,0.40476190476190477,3.0,2.6666666666666665,9.0,3.25,8.0,1.984126984126984,10.666666666666666,25.289256198347104,True
1,Twenty-one Lessons: 3,Dionisio Aguado,3,1,III,Classical,found,pdf,pdf-20260524T103936Z-3-001/pdf/Exercise 3 in A Major by Dionisio Aguado.pdf,,,,verified_pieces/pdf/xml/Exercise 3 in A Major by Dionisio Aguado.musicxml,,0.0,1.1333333333333333,3,1.6265060240963856,0.6557377049180327,0.625,1.3855421686746987,4,0.0,1.4642857142857142,123,120.0,4.820281565605037,1.951219512195122,4.0,0.0,0.2682926829268293,3.0,0.36904761904761907,1.6129032258064515,0.6129032258064516,0.1927710843373494,4.0,1.0334403239875518,2.2501991091192033,2.4658347215576693,0.012048192771084338,3.0,4.0,2.875,1.9885057471264367,6.0,3.1700133868808567,8.0,3.8732718894009213,True
1,Twenty-one Lessons: 4,Dionisio Aguado,2,2,II,Classical,found,pdf,pdf-20260524T103936Z-3-001/pdf/Exercise 4 in G Major by Dionisio Aguado.pdf,,,,verified_pieces/pdf/xml/Exercise 4 in G Major by Dionisio Aguado.musicxml,,0.0,0.734375,2,0.7104622871046229,0.24912280701754386,0.09523809523809523,0.11678832116788321,2,0.0,2.072463768115942,286,120.0,5.659482215759621,1.3426573426573427,4.0,0.006993006993006993,0.493006993006993,2.0,0.7391304347826086,1.7647058823529411,0.24509803921568626,0.10218978102189781,5.0,1.0463256052002206,2.1518422102570116,2.0094275122219805,0.41605839416058393,1.2222222222222223,3.8999999999999986,7.0625,3.416666666666667,8.0,5.24330900243309,80.0,10.398677854055427,True
1,Twenty-one Lessons: 5,Dionisio Aguado,1,2,I,Classical,found,pdf,pdf-20260524T103936Z-3-001/pdf/Study No 5 by Dionisio Aguado.pdf,,,,verified_pieces/pdf/xml/Study No 5 by Dionisio Aguado.musicxml,,0.0,6.333333333333333,19,7.215425531914893,0.8126649076517151,0.9973045822102425,1.75,5,0.0,1.0079575596816976,380,85.0,5.942799375126701,4.03421052631579,22.0,0.16578947368421051,0.45263157894736844,15.200000000000001,0.007957559681697613,1.6666666666666667,1.0,0.42819148936170215,22.0,8.820996248662766,2.2389973537654986,2.195227902738587,0.0,,,,,,,,,False
1,Twenty-one Lessons: 6,Dionisio Aguado,1,2,I,Classical,found,pdf,pdf-20260524T103936Z-3-001/pdf/Study 6 in E Minor by Dionisio Aguado.pdf,,,,verified_pieces/pdf/xml/Study 6 in E Minor by Dionisio Aguado.musicxml,,0.0,0.0,0,7.586776859504132,0.7285714285714285,0.9979035639412998,1.4896694214876034,5,0.0,1.0123711340206185,491,90.0,6.198478716492308,4.710794297352342,22.0,0.19144602851323828,0.4134419551934827,0.0,0.008247422680412371,3.25,0.75,0.45041322314049587,22.0,9.08833547342312,2.466134374731753,1.922030666777583,0.0,,,,,,,,,False
1,Twenty-one Lessons: 9,Dionisio Aguado,1,2,II,Classical,found,pdf,pdf-20260524T103936Z-3-001/pdf/Etude No 9 Metodo Primera by Dionisio Aguado.pdf,,,,verified_pieces/pdf/xml/Etude No 9 Metodo Primera by Dionisio Aguado.musicxml,,0.0,0.8023255813953488,2,0.6067538126361657,0.23595505617977527,0.18518518518518517,0.37254901960784315,4,0.0,1.7402597402597402,268,90.0,5.594711379601839,1.4328358208955223,3.0,0.0,0.40298507462686567,2.0,0.6558441558441559,1.7722772277227723,0.15841584158415842,0.058823529411764705,3.0,0.8739792010235152,2.145168966970779,2.293233855033778,0.5294117647058824,1.088235294117647,2.599999999999998,8.375,8.86046511627907,32.0,5.144880174291939,48.0,13.397188090186294,True
1,"Vals, Op. 8 no. 3",Agustin Barrios Mandore,11,5,XI,Romantic,found,dada_gp,,"datasets/DadaGP-v1.1/B/Barrios, Agustin/Barrios, Agustin - Waltz No.3 Op.8.gp4.tokens.txt","datasets/DadaGP-v1.1/B/Barrios, Agustin/Barrios, Agustin - Waltz No.3 Op.8.gp4",,"verified_pieces/dada/xml/Barrios, Agustin - Waltz No.3 Op.8.musicxml",,0.0015455950540958269,1.2822822822822824,7,2.03890608875129,0.48945518453427067,0.3883495145631068,0.4071207430340557,3,0.03511852502194908,1.760432766615147,1139,195.0,7.038783541388542,6.219490781387182,12.0,0.47058823529411764,0.1334503950834065,3.0,0.5146831530139103,2.3603603603603602,0.34534534534534533,0.3142414860681115,14.0,2.0945717286125096,3.615112917153929,2.3365251332547845,0.10061919504643962,4.166666666666667,12.575000000000001,3.1875,1.493473895582329,3.900000000000034,2.988983024525196,28.0,3.841250806847993,True
1,"Andantino, op. 241 no. 19",Ferdinando Carulli,3,1,I,Classical,found,pdf,pdf-20260524T103936Z-3-001/pdf/Andantino in A Minor by Ferdinando Carulli.pdf,,,,verified_pieces/pdf/xml/Andantino in A Minor by Ferdinando Carulli.musicxml,gaps_v1/musicxml/Andantino in G Major by Ferdinando Carulli.xml,0.0,0.4,1,2.1441281138790034,0.7307692307692307,0.8676470588235294,1.811387900355872,5,0.0,1.0177304964539007,287,80.0,5.662960480135946,1.5226480836236933,3.0,0.027874564459930314,0.5156794425087108,1.0,0.01773049645390071,0.8,0.6,0.24199288256227758,22.0,4.094268544681843,1.9227384584444676,2.4654682974012263,0.014234875444839857,1.0,22.0,4.0,1.6,4.0,7.273428232502965,88.0,3.8432717431877563,True
1,Berceuse et Trio,Napoleon Coste,8,5,IX,Romantic,found,pdf,pdf-20260524T103936Z-3-001/pdf/coste-berceuse.pdf,,,,verified_pieces/pdf/xml/coste-berceuse.musicxml,,0.005747126436781609,0.8494623655913979,3,2.9653179190751446,0.45768025078369906,0.2857142857142857,0.6358381502890174,5,0.0,1.839080459770115,320,88.0,5.771441123130016,4.109375,9.0,0.30625,0.253125,2.0,0.5344827586206896,2.4731182795698925,0.4946236559139785,0.45664739884393063,10.0,2.631695323294474,3.148123372297015,2.2956819759948854,0.1329479768786127,3.0,9.799999999999997,4.625,1.596774193548387,4.0,6.032273603082851,22.0,6.484911814065419,True
1,"Bourree, BWV 996",J.S. Bach,7,4,V,Baroque,found,gaps,,,,2D1wc,datasets/gaps_v1/readable_musicxml/Johann Sebastian Bach - BWV996 Bourree in E Minor.xml,,0.0,0.43023255813953487,3,1.4172185430463575,0.6072874493927125,0.45454545454545453,0.4966887417218543,4,0.0,1.631578947368421,248,100.0,5.517452896464707,2.0725806451612905,4.300000000000011,0.028225806451612902,0.31048387096774194,1.0,0.5986842105263158,3.1648351648351647,0.5824175824175825,0.17880794701986755,6.0,1.072238855583788,2.482952968142291,2.5373788079184494,0.0,0.7857142857142857,4.6,2.75,0.5607843137254902,2.0,2.4735099337748343,10.0,4.006253256904638,True
1,Caazapa-Aire Popular Paraguayo,Agustin Barrios Mangore,11,9,XII,Romantic,found,pdf,pdf-20260524T103936Z-3-001/pdf/Caazapa by Barrios.pdf,,,,verified_pieces/pdf/xml/Caazapa by Barrios.musicxml,gaps_v1/musicxml/Caazapa by Barrios.xml,0.0,1.064327485380117,4,2.1731995884773663,0.6180631120783461,0.474025974025974,0.6311728395061729,5,0.0,1.4175654853620956,920,70.0,6.825460036255307,4.296739130434783,10.0,0.3282608695652174,0.266304347826087,3.0,0.29121725731895226,2.380952380952381,0.37566137566137564,0.375,10.0,1.799813571339358,3.3238980646096254,2.4028662123011317,0.024691358024691357,,,,,,,,,False
1,Cadiz from Suite Espanola,Isaac Albeniz,16,9,All,Romantic,found,pdf,pdf-20260524T103936Z-3-001/pdf/Cadiz by Isaac Albeniz.pdf,,,,verified_pieces/pdf/xml/Cadiz by Isaac Albeniz.musicxml,,0.005706134094151213,0.784452296819788,3,1.6596428571428572,0.5363881401617251,0.4854014598540146,0.7685714285714286,4,0.0,1.5891583452211127,1114,100.0,7.016609683894219,3.2710951526032317,8.0,0.20197486535008977,0.2127468581687612,2.0,0.42510699001426533,2.2583892617449663,0.33221476510067116,0.20285714285714285,12.25,1.7507992141653468,3.196388378417567,2.4789706435927936,0.05285714285714286,3.0,11.6375,5.25,1.6317966903073284,4.0,4.225416666666667,48.0,5.515023042293831,True
1,Can She Excuse (Earl of Essex's Galliard),John Dowland,9,7,III,Renaissance,found,pdf,pdf-20260524T103936Z-3-001/pdf/Can She Excuse by John Dowland.pdf,,,,verified_pieces/pdf/xml/Can She Excuse by John Dowland.musicxml,,0.00909090909090909,0.6470588235294118,3,1.533434650455927,0.6140350877192983,0.4178082191780822,0.5835866261398176,5,0.0,1.5575757575757576,514,100.0,6.244166900663736,1.5136186770428015,3.0,0.0038910505836575876,0.3521400778210117,2.0,0.3212121212121212,3.141509433962264,0.5377358490566038,0.1762917933130699,6.0,0.9630877341425407,2.2557214803752643,2.3636784622385134,0.0,1.0,5.099999999999994,4.5625,1.2079207920792079,4.0,4.565771698750423,24.0,5.521337513061651,True
1,"Can She Excuse, Poulton 42",John Dowland,8,6,IV,Renaissance,found,pdf,pdf-20260524T103936Z-3-001/pdf/dowland-can-she-excuse.pdf,,,,verified_pieces/pdf/xml/dowland-can-she-excuse.musicxml,,0.0,1.0,3,2.2104468599033815,0.6235011990407674,0.45390070921985815,0.6123188405797102,5,0.0,1.5090252707581226,418,65.0,6.037870919922137,1.8157894736842106,3.0,0.014354066985645933,0.3444976076555024,2.0,0.2779783393501805,3.207792207792208,0.6363636363636364,0.2427536231884058,23.0,3.5538714914996583,2.248008994821306,2.365166998728988,0.0,,,,,,,,,False
1,"Caprice, Op. 20 no. 2",Luigi Legnani,8,4,XII,Classical,found,pdf,pdf-20260524T103936Z-3-001/pdf/Caprice Opus 20 No 2 by Luigi Rinaldo Legnani.pdf,,,,verified_pieces/pdf/xml/Caprice Opus 20 No 2 by Luigi Rinaldo Legnani.musicxml,gaps_v1/musicxml/opus-20-no-7-legnani.xml,0.0,0.6105263157894737,3,2.0777422790202342,0.4689265536723164,0.762962962962963,0.8722044728434505,4,0.0,1.694267515923567,532,120.0,6.278521424165844,2.3703007518796992,7.0,0.13721804511278196,0.4680451127819549,2.0,0.40445859872611467,2.338582677165354,0.2992125984251969,0.24920127795527156,20.0,2.6248028099030396,2.6077421597196895,2.368683394412734,0.10543130990415335,2.0,11.0,6.4375,1.9787234042553192,4.0,7.2492012779552715,80.0,8.83676782815037,True
1,Estudio,Francisco Tarrega,4,2,V,Romantic,found,pdf,pdf-20260524T103936Z-3-001/pdf/Estudio in E Minor by Francisco Tarrega.pdf,,,,verified_pieces/pdf/xml/Estudio in E Minor by Francisco Tarrega.musicxml,,0.00390625,1.0476190476190477,3,0.8392156862745098,0.3079584775086505,0.4666666666666667,0.6549019607843137,2,0.0,1.1328125,290,100.0,5.673323267171493,2.0482758620689654,5.0,0.05862068965517241,0.3689655172413793,3.0,0.125,4.25,0.28125,0.12549019607843137,12.0,1.6525771236338296,2.5302789802095553,2.0338626828892243,0.49411764705882355,2.0,12.0,7.1875,11.0,48.0,12.72156862745098,112.0,7.573847262247838,True
1,Estudio 10,Fernando Sor,6,4,IX,Classical,found,pdf,pdf-20260524T103936Z-3-001/pdf/Opus 31 No 19 (Segovia Study 10) by Fernando Sor.pdf,,,,verified_pieces/pdf/xml/Opus 31 No 19 (Segovia Study 10) by Fernando Sor.musicxml,,0.002551020408163265,1.3368421052631578,3,1.4884910485933505,0.2956521739130435,0.12863070539419086,0.5115089514066496,5,0.0,1.469387755102041,576,75.0,6.3578422665081,4.045138888888889,9.0,0.3090277777777778,0.2690972222222222,3.0,0.2423469387755102,2.526315789473684,0.6421052631578947,0.23785166240409208,12.0,2.511392563494632,3.0414231497489994,2.26333269091843,0.5191815856777494,,,,,,,,,False
1,Estudio 11,Fernando Sor,7,3,VII,Classical,found,pdf,pdf-20260524T103936Z-3-001/pdf/Opus 6 No 3 (Segovia Study 11) by Fernando Sor.pdf,,,,verified_pieces/pdf/xml/Opus 6 No 3 (Segovia Study 11) by Fernando Sor.musicxml,,0.0,1.2527472527472527,3,2.0095541401273884,0.6286307053941909,0.047619047619047616,0.5063694267515924,4,0.0,1.5333333333333334,483,120.0,6.182084906716632,2.722567287784679,6.0,0.09937888198757763,0.2277432712215321,3.0,0.29523809523809524,2.4193548387096775,0.4838709677419355,0.2611464968152866,8.333333333333334,1.3161031122439575,2.821530159393392,2.2847139568778503,0.0,,,,,,,,,False
1,Estudio 16,Fernando Sor,9,4,X,Classical,found,pdf,pdf-20260524T103936Z-3-001/pdf/Opus 29 No 23 (Segovia 16) by Fernando Sor.pdf,,,,verified_pieces/pdf/xml/Opus 29 No 23 (Segovia 16) by Fernando Sor.musicxml,,0.0,1.2043010752688172,4,1.6209677419354838,0.6555851063829787,0.9742489270386266,1.5591397849462365,4,0.0,1.3470483005366727,753,78.0,6.625392368007956,3.9256308100929616,8.0,0.22310756972111553,0.1593625498007968,2.0,0.3416815742397138,1.1570680628272252,0.225130890052356,0.20430107526881722,11.0,1.6189871814140695,3.1340103414586995,2.3946336399558557,0.005376344086021506,2.5,8.649999999999999,5.9375,4.752688172043011,8.0,6.478494623655914,44.0,7.168391309569714,True
1,Estudio 18,Fernando Sor,7,5,VI,Classical,found,pdf,pdf-20260524T103936Z-3-001/pdf/Opus 29 No 22 (Segovia Study 18) by Fernando Sor.pdf,,,,verified_pieces/pdf/xml/Opus 29 No 22 (Segovia Study 18) by Fernando Sor.musicxml,,0.010660980810234541,1.7056603773584906,5,1.285968660968661,0.4037854889589905,0.14393939393939395,0.25427350427350426,4,0.0,2.029850746268657,952,72.0,6.859614903654202,4.080882352941177,8.0,0.13865546218487396,0.045168067226890755,3.0,0.5650319829424307,2.852830188679245,0.5283018867924528,0.18162393162393162,9.0,1.209142400111422,3.0224475288748036,2.422719920756854,0.13675213675213677,3.0,5.549999999999989,6.3125,3.914141414141414,8.0,5.104760208926875,53.33333333333333,10.705916401372638,True
1,Estudio 19,Fernando Sor,7,4,VI,Classical,found,pdf,pdf-20260524T103936Z-3-001/pdf/Opus 29 No 13 (Segovia Study 19) by Fernando Sor.pdf,,,,verified_pieces/pdf/xml/Opus 29 No 13 (Segovia Study 19) by Fernando Sor.musicxml,,0.0,0.0,0,1.4725925925925927,0.7437037037037038,0.9837037037037037,1.914074074074074,5,0.0,1.0,676,50.0,6.517671272912275,3.1242603550295858,6.0,0.07396449704142012,0.07100591715976332,0.0,0.0,0.0,0.0,0.1748148148148148,10.0,1.3099295785216363,2.791615485180943,2.381567924469497,0.002962962962962963,,,,,,,,,False
1,Estudio 20,Fernando Sor,9,4,VII,Classical,found,pdf,pdf-20260524T103936Z-3-001/pdf/Opus 29 No 17 (Segovia Study 20) by Fernando Sor.pdf,,,,verified_pieces/pdf/xml/Opus 29 No 17 (Segovia Study 20) by Fernando Sor.musicxml,,0.0049833887043189366,1.2256267409470751,4,1.5424292845257903,0.45356550580431176,0.3422818791946309,0.20299500831946754,3,0.0,2.004983388704319,1207,80.0,7.0967213784947605,3.6586578293289147,7.400000000000091,0.188069594034797,0.16652858326429162,3.0,0.606312292358804,2.2465753424657535,0.4657534246575342,0.20133111480865223,7.0,1.244688287528941,3.17554009864786,2.3246306156025605,0.07154742096505824,3.0,7.0,6.8125,3.0502793296089385,6.0,5.283139212423738,64.0,10.341944231479117,True
1,Estudio 7,Fernando Sor,6,3,VIII,Classical,found,pdf,pdf-20260524T103936Z-3-001/pdf/Opus 31 No 21 (Segovia Study 7) by Fernando Sor.pdf,,,,verified_pieces/pdf/xml/Opus 31 No 21 (Segovia Study 7) by Fernando Sor.musicxml,,0.0026666666666666666,1.0933333333333333,2,0.7557932263814616,0.3022847100175747,0.18716577540106952,0.2192513368983957,4,0.0,1.52,570,87.0,6.3473892096560105,2.670175438596491,5.0,0.06315789473684211,0.11929824561403508,2.0,0.42133333333333334,1.8037974683544304,0.2721518987341772,0.08288770053475936,7.333333333333334,1.0780258072710838,2.732911561127255,2.1085788766526954,0.5187165775401069,1.7142857142857142,3.524999999999997,12.0,9.315555555555555,32.0,10.730614973262032,96.0,11.054545454545455,True
1,Estudio 9,Fernando Sor,7,3,VII,Classical,found,pdf,pdf-20260524T103936Z-3-001/pdf/Opus 31 No 20 (Segovia Study 9) by Fernando Sor.pdf,,,,verified_pieces/pdf/xml/Opus 31 No 20 (Segovia Study 9) by Fernando Sor.musicxml,,0.0,1.3945578231292517,3,1.4104166666666667,0.3141683778234086,0.0,0.08125,1,0.0,3.031055900621118,488,120.0,6.192362489474872,2.4959016393442623,6.0,0.0778688524590164,0.2520491803278688,3.0,0.9130434782608695,3.2789115646258504,0.4897959183673469,0.18125,7.666666666666667,1.304790519053197,2.857535381741415,2.4114166457383006,0.0,3.0,5.566666666666664,3.8125,1.3812785388127853,3.0,1.6177083333333333,10.666666666666666,9.36174227533611,True
1,Estudio para Ambas Manos,Agustin Barrios Mandore,13,7,XII,Romantic,found,pdf,pdf-20260524T103936Z-3-001/pdf/barrios-manos.pdf,,,,verified_pieces/pdf/xml/barrios-manos.musicxml,,0.0,0.0,0,1.8968253968253967,0.8258575197889182,0.6870026525198939,0.8571428571428571,5,0.0,1.0026385224274406,380,100.0,5.942799375126701,4.007894736842105,9.0,0.2131578947368421,0.17894736842105263,0.0,0.002638522427440633,2.0,1.0,0.2275132275132275,13.0,1.9860466903590706,3.4458061335161423,2.538414534501244,0.031746031746031744,,,,,,,,,False
1,Estudios Sencillos: I,Leo Brouwer,4,2,III,Modern,found,gaps,,,,Ly1wc,datasets/gaps_v1/readable_musicxml/Leo Brouwer - Estudios Sencillos.xml,,0.0,0.0,0,2.216666666666667,0.631578947368421,1.0,1.4833333333333334,5,0.0,1.160220994475138,210,100.0,5.351858133476067,2.085714285714286,6.0,0.05714285714285714,0.4666666666666667,0.0,0.16022099447513813,0.034482758620689655,0.20689655172413793,0.28888888888888886,12.0,2.536456408281268,2.5069759908017364,2.5542009900128164,0.03333333333333333,0.0,11.0,4.75,0.0,0.0,8.866666666666667,48.0,5.414364640883978,True
1,Fortune,John Dowland,8,6,V,Renaissance,found,pdf,pdf-20260524T103936Z-3-001/pdf/Fortune My Foe by John Dowland.pdf,,,,verified_pieces/pdf/xml/Fortune My Foe by John Dowland.musicxml,,0.0,0.2857142857142857,2,1.4684684684684686,0.5655737704918032,0.5666666666666667,0.5675675675675675,3,0.0,1.64,123,120.0,4.820281565605037,1.146341463414634,3.0,0.0,0.43902439024390244,1.3000000000000007,0.37333333333333335,3.142857142857143,0.6071428571428571,0.14864864864864866,3.5,0.81450609385915,1.9195623471982466,2.51039304530569,0.013513513513513514,1.2,3.1999999999999993,2.5,0.32142857142857145,2.0,2.5255255255255253,12.0,3.253548387096774,True
1,Gavotte No. 1 (from Lute Suite No. 3); BWV 995,J.S. Bach,11,5,VII,Baroque,found,dada_gp,,"datasets/DadaGP-v1.1/B/Bach, Johann Sebastian/Bach, Johann Sebastian - Gavotte En Rondeau (From BWV 995).gp4.tokens.txt","datasets/DadaGP-v1.1/B/Bach, Johann Sebastian/Bach, Johann Sebastian - Gavotte En Rondeau (From BWV 995).gp4",,"verified_pieces/dada/xml/Bach, Johann Sebastian - Gavotte En Rondeau (From BWV 995).musicxml",,0.0,0.4745762711864407,2,1.6787878787878787,0.776,0.5423728813559322,0.5131313131313131,3,0.0,1.2620967741935485,626,200.0,6.440946540632921,1.6517571884984026,3.0,0.01597444089456869,0.33226837060702874,1.0,0.2620967741935484,2.9384615384615387,0.2923076923076923,0.2101010101010101,6.0,0.9480732963260865,2.3572398321680077,2.30583114799798,0.0,1.0,4.599999999999998,2.6875,0.8813559322033898,2.0,3.301010101010101,12.0,3.009800307219662,True
1,"Gran Sonata Eroica, Op. 150",Mauro Giuliani,15,6,All,Classical,found,pdf,pdf-20260524T103936Z-3-001/pdf/Grand Sonata Opus 150 by Mauro Giuliani.pdf,,,,verified_pieces/pdf/xml/Grand Sonata Opus 150 by Mauro Giuliani.musicxml,,0.005897530409141172,1.1813559322033897,4,2.655242133726647,0.5278629856850716,0.4454443194600675,0.6157817109144543,5,0.0,1.4423147806855878,3913,110.0,8.272315147956022,3.7155635062611805,9.0,0.2256580628673652,0.2898032200357782,3.0,0.22078879469222262,3.1786310517529217,0.5425709515859767,0.30789085545722716,22.0,4.151529025171915,3.30088199302713,2.4733440130970585,0.18842182890855458,3.1,22.0,7.0625,2.494057724957555,6.0,9.652787947160183,192.0,5.362259132373117,True
1,Granada,Isaac Albeniz,14,8,X,Romantic,found,pdf,pdf-20260524T103936Z-3-001/pdf/Granada by Isaac Albeniz.pdf,,,,verified_pieces/pdf/xml/Granada by Isaac Albeniz.musicxml,,0.008393285371702638,1.4508196721311475,4,1.3729891956782714,0.39918809201623817,0.24734982332155478,0.3385354141656663,5,0.0,1.7733812949640289,1479,50.0,7.299797366758161,5.223123732251521,9.0,0.4685598377281947,0.14131169709263017,3.0,0.460431654676259,2.4348958333333335,0.25,0.19207683073229292,10.333333333333334,1.3945512841999341,3.3899174519654167,2.3757968314901428,0.24489795918367346,3.0,8.708333333333332,6.9375,5.6,12.0,6.239895958383354,64.0,8.613566289825282,True
1,"Grand Ouverture, Op. 61",Mauro Giuliani,13,5,XII,Classical,found,pdf,pdf-20260524T103936Z-3-001/pdf/Opus 61 Grand Overture by Mauro Giuliani.pdf,,,,verified_pieces/pdf/xml/Opus 61 Grand Overture by Mauro Giuliani.musicxml,,0.0030721966205837174,1.0413223140495869,3,2.1955234583077234,0.6366756557979897,0.7701241489787746,1.4609711124769516,5,0.0,1.2534562211981566,4080,66.0,8.314097335405807,3.265686274509804,9.0,0.15955882352941175,0.2512254901960784,3.0,0.15514592933947774,2.891089108910891,0.3485148514851485,0.3110018438844499,15.5,2.312762464090011,3.1679925161980425,2.480449812916522,0.11616472034419176,3.0,15.5,6.0,2.326432022084196,6.0,8.492810557945775,80.0,4.0032104755291416,True
1,La Bananita (Tango),Agustin Barrios Mandore,12,6,All,Romantic,found,pdf,pdf-20260524T103936Z-3-001/pdf/La Bananita by Agustin Barrios.pdf,,,,verified_pieces/pdf/xml/La Bananita by Agustin Barrios.musicxml,,0.014705882352941176,1.4756335282651072,21,1.7032106339468305,0.33400707427993936,0.5760869565217391,0.7791411042944786,5,0.0,2.426470588235294,1980,92.0,7.591357046698551,4.151515151515151,10.0,0.2868686868686869,0.24242424242424243,3.0,0.6470588235294118,2.945075757575758,0.38257575757575757,0.249079754601227,22.0,2.081162693805395,3.322620332074475,2.471844437550177,0.1067484662576687,3.0,11.749999999999993,10.1875,4.503255208333333,12.0,5.523047034764827,52.0,17.728456696331666,True
1,La donna e mobile from 'Rigoletto',Giuseppe Verdi,8,4,VII,Romantic,found,pdf,pdf-20260524T103936Z-3-001/pdf/La donna e mobile by Giuseppe Verdi.pdf,,,,verified_pieces/pdf/xml/La donna e mobile by Giuseppe Verdi.musicxml,,0.006802721088435374,0.5529411764705883,3,1.3390410958904109,0.38768115942028986,0.38461538461538464,0.2876712328767123,2,0.0,1.8843537414965987,277,75.0,5.627621113690637,2.7581227436823106,6.0,0.09025270758122744,0.2851985559566787,2.0,0.6122448979591837,2.688888888888889,0.45555555555555555,0.22602739726027396,7.0,1.3274577136648675,2.7092636892383295,2.3173170314231415,0.23972602739726026,3.0,6.25,6.75,1.722222222222222,4.0,7.784246575342466,68.0,10.70699459270888,True
1,Lagrima,Francisco Tarrega,4,4,IX,Romantic,found,pdf,pdf-20260524T103936Z-3-001/pdf/Prelude 20 Lagrima by Francisco Tarrega.pdf,,,,verified_pieces/pdf/xml/Prelude 20 Lagrima by Francisco Tarrega.musicxml,gaps_v1/musicxml/Prelude 20 Lagrima by Francisco Tarrega.xml,0.0,1.0434782608695652,2,2.9601990049751246,0.66,0.6956521739130435,0.9552238805970149,4,0.0,1.4852941176470589,101,80.0,4.624972813284271,3.00990099009901,8.0,0.21782178217821782,0.3465346534653465,2.0,0.39705882352941174,2.7037037037037037,0.7037037037037037,0.44776119402985076,12.0,2.345753997710925,2.8870156196896586,2.340148535202976,0.0,1.2,8.099999999999994,3.1875,2.0869565217391304,4.0,5.910447761194031,24.0,4.41219723183391,True
1,Leyenda,Isaac Albeniz,15,8,XI,Romantic,found,dada_gp,,"datasets/DadaGP-v1.1/A/Albeniz, Isaac/Albeniz, Isaac - Leyenda.gp3.tokens.txt","datasets/DadaGP-v1.1/A/Albeniz, Isaac/Albeniz, Isaac - Leyenda.gp3",,"verified_pieces/dada/xml/Albeniz, Isaac - Leyenda.musicxml",,0.0023062730627306273,1.5454545454545454,4,4.887325026918936,0.7797498991528842,0.9004617752693689,1.8121827411167513,5,0.012903225806451613,1.1439114391143912,2480,107.0,7.816416983691801,5.133870967741935,10.0,0.5721774193548387,0.31733870967741934,3.0,0.06226937269372694,3.311111111111111,0.4,0.5948315643747116,14.75,3.679967358184263,2.7984178843333143,2.346139597822217,0.0586063682510383,4.0,11.599999999999993,7.0625,2.936386768447837,6.0,23.99261568178511,71.98560287942773,4.792061434127855,True
1,"Los Panaderos, Bolero",Julian Arcas,10,5,X,Romantic,found,pdf,pdf-20260524T103936Z-3-001/pdf/Bolero in A Minor by Julian Arcas.pdf,,,,verified_pieces/pdf/xml/Bolero in A Minor by Julian Arcas.musicxml,,0.014669926650366748,0.9090909090909091,2,2.135049019607843,0.634011090573013,0.6704119850187266,1.053921568627451,5,0.0,1.3251833740831296,542,110.0,6.297109319933935,2.955719557195572,8.0,0.17158671586715868,0.3154981549815498,2.0,0.20293398533007334,2.891566265060241,0.4457831325301205,0.26715686274509803,13.0,2.5256537361607387,2.9810335727582338,2.4584017509298226,0.08088235294117647,2.0,12.0,4.0,1.8176691729323309,4.0,6.222058823529412,52.0,4.40643796781016,True
1,Luisito (Minueto),Agustin Barrios Mandore,7,4,VIII,Romantic,found,pdf,pdf-20260524T103936Z-3-001/pdf/luisito-barrios.pdf,,,,verified_pieces/pdf/xml/luisito-barrios.musicxml,,0.006369426751592357,1.3725490196078431,3,2.03525641025641,0.6593886462882096,0.3888888888888889,0.4423076923076923,4,0.0,1.464968152866242,230,80.0,5.442417710521793,4.517391304347826,8.0,0.2,0.04782608695652174,3.0,0.3248407643312102,2.549019607843137,0.8823529411764706,0.3269230769230769,9.5,1.439640220886042,3.145490412296922,2.442387638477428,0.0,2.0,6.949999999999999,4.5625,3.54,8.0,6.542735042735043,28.0,5.809356468262684,True
1,Mazurca en sol,Francisco Tarrega,8,6,XII,Romantic,found,pdf,pdf-20260524T103936Z-3-001/pdf/Mazurca En Sol by Francisco Tarrega.pdf,,,,verified_pieces/pdf/xml/Mazurca En Sol by Francisco Tarrega.musicxml,,0.003952569169960474,1.0342465753424657,4,1.5853174603174602,0.35135135135135137,0.13333333333333333,0.4126984126984127,5,0.0,1.9051383399209487,482,75.0,6.180016653652572,4.717842323651452,9.0,0.3360995850622407,0.16597510373443983,2.0,0.5849802371541502,2.22972972972973,0.4391891891891892,0.25396825396825395,12.0,2.097332970000146,3.2820508948119786,2.410744623492361,0.30952380952380953,2.0,11.0,6.25,5.495107632093933,16.0,6.982253086419752,69.33333333333333,9.571613600957887,True
1,Mazurka Apassionata,Agustin Barrios Mandore,15,8,All,Romantic,found,pdf,pdf-20260524T103936Z-3-001/pdf/barrios-mazurka.pdf,,,,verified_pieces/pdf/xml/barrios-mazurka.musicxml,,0.005802707930367505,1.1884057971014492,5,2.13171834625323,0.4219590958019376,0.4489795918367347,0.627906976744186,5,0.0,1.7988394584139265,930,90.0,6.836259277277067,6.233333333333333,12.0,0.5150537634408602,0.12795698924731183,3.0,0.5415860735009671,2.25,0.41785714285714287,0.31007751937984496,14.0,2.573569231448901,3.742176591619769,2.464567722790835,0.22286821705426357,3.6666666666666665,11.5,4.625,2.630909090909091,8.0,5.306890611541775,192.0,6.08473088001801,True
1,Melancholy Galliard,John Dowland,8,4,V,Renaissance,found,pdf,pdf-20260524T103936Z-3-001/pdf/dowland-melancholy.pdf,,,,verified_pieces/pdf/xml/dowland-melancholy.musicxml,,0.012779552715654952,1.7479674796747968,3,1.317948717948718,0.4224,0.2462686567164179,0.2403846153846154,4,0.0,2.0,626,54.0,6.440946540632921,2.8434504792332267,5.0,0.051118210862619806,0.18210862619808307,3.0,0.3929712460063898,3.6991869918699187,0.34146341463414637,0.10576923076923077,5.0,0.9214454659164049,2.7284176735149597,2.395437187057231,0.14743589743589744,2.388888888888889,3.8,5.4375,3.3956639566395665,8.0,3.6805555555555554,16.0,8.488135593220338,True
1,Partita I: BWV 1002: viii. Double (Tempo di Borea),J.S. Bach,12,5,VII,Baroque,found,pdf,pdf-20260524T103936Z-3-001/pdf/BWV1002 Double by Johann Sebastian Bach.pdf,,,,verified_pieces/pdf/xml/BWV1002 Double by Johann Sebastian Bach.musicxml,,0.0,0.6764705882352942,3,1.6319218241042346,0.7507246376811594,0.6293103448275862,0.8013029315960912,4,0.0,1.1233766233766234,346,110.0,5.849324779946859,3.008670520231214,7.0,0.1069364161849711,0.2023121387283237,1.6999999999999993,0.12337662337662338,3.236842105263158,0.868421052631579,0.20521172638436483,7.0,1.2664644239815839,2.8352386869705817,2.4450982223197792,0.006514657980456026,3.0,5.5,2.5,1.3529411764705883,3.3999999999999986,3.263843648208469,14.0,2.491591741591742,True
1,Poco Allegretto,Ferdinando Carulli,1,1,I,Classical,found,pdf,pdf-20260524T103936Z-3-001/pdf/Opus 211 No 10 Poco Allegretto by Ferdinando Carulli.pdf,,,,verified_pieces/pdf/xml/Opus 211 No 10 Poco Allegretto by Ferdinando Carulli.musicxml,,0.0049504950495049506,0.5230769230769231,2,2.414593698175788,0.5480769230769231,0.7155172413793104,0.945273631840796,4,0.0,1.5495049504950495,313,100.0,5.749392985908253,2.0958466453674123,4.0,0.03194888178913738,0.33865814696485624,1.0,0.3217821782178218,2.5076923076923077,0.35384615384615387,0.19402985074626866,22.0,4.500387227757327,2.4113653837830338,2.2984262093755503,0.06467661691542288,1.0,20.0,5.0,1.1076923076923078,2.0,8.248756218905474,88.0,6.7360423542354235,True
1,"Prelude, TI i-6",Francisco Tarrega,8,6,All,Romantic,found,pdf,pdf-20260524T103936Z-3-001/pdf/Prelude 6 in B Minor by Francisco Tarrega.pdf,,,,verified_pieces/pdf/xml/Prelude 6 in B Minor by Francisco Tarrega.musicxml,,0.0,2.1666666666666665,3,2.0090702947845807,0.6113989637305699,0.75,1.1564625850340136,4,0.0,1.3108108108108107,194,80.0,5.272999558563747,4.556701030927835,9.0,0.25773195876288657,0.1134020618556701,3.0,0.12162162162162163,2.8333333333333335,0.7777777777777778,0.2585034013605442,12.0,2.4082390634222834,3.4010138124552967,2.4957067162580095,0.027210884353741496,3.0,11.349999999999994,4.25,2.4705882352941178,3.4000000000000004,7.696145124716554,48.0,5.085945945945945,True
1,Ricercare III,Francesco Canova da Milano,10,7,V,Renaissance,found,pdf,pdf-20260524T103936Z-3-001/pdf/Ricercare III by Francesco da Milano.pdf,,,,verified_pieces/pdf/xml/Ricercare III by Francesco da Milano.musicxml,,0.0,0.9344262295081968,3,1.8602339181286551,0.600896860986547,0.59,0.5894736842105263,4,0.0,1.562937062937063,447,80.0,6.104793232414985,2.1431767337807606,5.0,0.026845637583892617,0.3042505592841163,2.0,0.45104895104895104,2.193798449612403,0.5581395348837209,0.2982456140350877,7.0,1.3582674234573209,2.330706141053395,2.5184306135904118,0.017543859649122806,,,,,,,,,False
1,Study No. 16,Mateo Carcassi,3,2,VIII,Classical,found,pdf,pdf-20260524T103936Z-3-001/pdf/Opus 60 No 16 D Minor by Matteo Carcassi.pdf,,,,verified_pieces/pdf/xml/Opus 60 No 16 D Minor by Matteo Carcassi.musicxml,,0.0,1.087719298245614,3,0.8515151515151516,0.3548387096774194,0.0,0.8606060606060606,2,0.0,1.6867469879518073,280,120.0,5.638354669333745,3.9857142857142858,8.0,0.2,0.07142857142857142,2.0,0.6867469879518072,1.3596491228070176,0.21052631578947367,0.10303030303030303,5.5,1.057762421661652,3.1323593611874583,2.203326062305265,0.37575757575757573,,,,,,,,,False
1,The Prince's Toys: The Mechanical Monkey,Nikita Koshkin,15,10,XII,Modern,found,pdf,pdf-20260524T103936Z-3-001/pdf/The Princes Toys Clockwork Monkey by Nikita Koshkin.pdf,,,,verified_pieces/pdf/xml/The Princes Toys Clockwork Monkey by Nikita Koshkin.musicxml,,0.05335628227194492,1.0872093023255813,4,2.657183908045977,0.5379310344827586,0.4401294498381877,0.5344827586206896,5,0.0,1.4991394148020654,871,120.0,6.77078942390898,4.483352468427095,10.0,0.27784156142365096,0.182548794489093,2.0,0.29948364888123924,2.810344827586207,0.5057471264367817,0.3310344827586207,19.0,3.138120902322831,3.5631755997154806,2.5548331368153008,0.15862068965517243,,,,,,,,,False
1,The Prince's Toys: The Mischievous Prince,Nikita Koshkin,12,8,XI,Modern,found,pdf,pdf-20260524T103936Z-3-001/pdf/The Princes Toys The Prince Is Being Capricious by Nikita Koshkin.pdf,,,,verified_pieces/pdf/xml/The Princes Toys The Prince Is Being Capricious by Nikita Koshkin.musicxml,,0.004975124378109453,1.074766355140187,3,2.029166666666667,0.47715736040609136,0.3269230769230769,0.325,4,0.0,1.9651741293532339,395,80.0,5.981414211254481,4.794936708860759,9.0,0.3291139240506329,0.13164556962025317,2.0,0.5323383084577115,2.5233644859813085,0.5607476635514018,0.32,7.5,1.706497997850178,3.4480643105266173,2.3741469057126854,0.03,,,,,,,,,False
1,The Prince's Toys: The Tin Soldiers,Nikita Koshkin,16,9,X,Modern,found,pdf,pdf-20260524T103936Z-3-001/pdf/The Princes Toys Playing With Soldiers by Nikita Koshkin.pdf,,,,verified_pieces/pdf/xml/The Princes Toys Playing With Soldiers by Nikita Koshkin.musicxml,,0.031928480204342274,0.18211920529801323,4,1.3759590792838874,0.1834247410115783,0.3076923076923077,0.0639386189258312,2,0.0,2.0970625798212006,1642,130.0,7.404279118037268,5.569427527405603,9.0,0.3197320341047503,0.1492082825822168,1.0,0.8365261813537676,1.667175572519084,0.09923664122137404,0.2071611253196931,13.0,2.4597523907588967,2.8025467550165457,2.5179983584792254,0.6074168797953964,2.0,12.099999999999994,12.125,0.5607064017660044,2.0,4.025291275930662,144.0,9.645313042202833,True
1,Danza Mora,Francisco Tarrega,18,8,All,Romantic,found,dada_gp,,"datasets/DadaGP-v1.1/T/Tarrega, Francisco/Tarrega, Francisco - Danza Mora.gp3.tokens.txt","datasets/DadaGP-v1.1/T/Tarrega, Francisco/Tarrega, Francisco - Danza Mora.gp3",,"verified_pieces/dada/xml/Tarrega, Francisco - Danza Mora.musicxml",,0.024539877300613498,1.385135135135135,4,1.6825641025641023,0.5101663585951941,0.49473684210526314,0.5230769230769231,4,0.0,1.6625766871165644,542,100.0,6.297109319933935,5.507380073800738,9.0,0.492619926199262,0.1033210332103321,2.0,0.4723926380368098,2.7337662337662336,0.4805194805194805,0.24307692307692308,8.0,1.488992175561146,3.350401004252036,2.563256619633674,0.10153846153846154,2.6666666666666665,6.7125,5.5,3.031656253783251,5.998800239951901,6.213600924657624,32.0,7.151718765215697,True
1,Fuga No. 1,Leo Brouwer,11,8,All,Modern,found,pdf,pdf-20260524T103936Z-3-001/pdf/Fuga No 1 by Leo Brouwer.pdf,,,,verified_pieces/pdf/xml/Fuga No 1 by Leo Brouwer.musicxml,,0.0,0.8796296296296297,5,1.8772522522522526,0.52,0.46808510638297873,0.38344594594594594,4,0.0,1.5615514333895446,926,50.0,6.831953565565855,3.2958963282937366,7.0,0.20626349892008639,0.3207343412526998,2.0,0.41652613827993257,2.145748987854251,0.5303643724696356,0.3125,11.0,1.8492969492861528,3.0191885278299044,2.507243793320226,0.13513513513513514,3.0,10.174999999999997,9.625,3.1891472868217057,8.0,7.08277027027027,44.0,8.08949162136346,True
1,Nocturne Opus 9 No. 2,Frederic Chopin,16,8,XIV,Romantic,found,pdf,pdf-20260524T103936Z-3-001/pdf/Opus 9 No 2 Nocturne by Frederic Chopin.pdf,,,,verified_pieces/pdf/xml/Opus 9 No 2 Nocturne by Frederic Chopin.musicxml,gaps_v1/musicxml/Opus 9 No 2 Nocturne by Frederic Chopin.xml,0.0,0.9057142857142857,6,1.2881907778951074,0.34540389972144847,0.2923076923076923,0.4582893347412883,4,0.0,1.5158227848101267,1437,56.0,7.271008538280992,4.438413361169102,9.0,0.3298538622129436,0.2407794015309673,2.0,0.37763713080168776,2.7541899441340782,0.329608938547486,0.1921858500527983,11.0,1.855046261647324,3.222085963082412,2.4863399922595955,0.4498416050686378,2.2,8.599999999999998,5.1875,3.243962341383545,8.0,5.1920852818424095,144.0,3.265111248674764,True
1,Tarantos,Leo Brouwer,19,10,X,Modern,found,dada_gp,,"datasets/DadaGP-v1.1/B/Brouwer, Leo/Brouwer, Leo - Tarantos.gp4.tokens.txt","datasets/DadaGP-v1.1/B/Brouwer, Leo/Brouwer, Leo - Tarantos.gp4",,"verified_pieces/dada/xml/Brouwer, Leo - Tarantos.musicxml",,0.0,5.9144736842105265,17,2.0867368421052634,0.5006821282401092,0.7350993377483444,0.7326315789473684,5,0.10899182561307902,1.5420168067226891,734,80.0,6.5998704992128365,3.980926430517711,9.0,0.2779291553133515,0.20027247956403268,9.0,0.32983193277310924,2.4076433121019107,0.37579617834394907,0.2968421052631579,15.0,2.291993589641657,3.267292846427333,2.5701211927653547,0.12421052631578948,8.26923076923077,9.575000000000001,13.625,34.28315628311327,89.00000000000512,12.799862223438616,90.00000000000512,7.609010663088766,True
1,"24 Caprices, Op. 1: 1",Niccolo Paganini,20,10,All,Romantic,found,pdf,pdf-20260524T103936Z-3-001/pdf/1st Caprice by Nicolo Paganini.pdf,,,,verified_pieces/pdf/xml/1st Caprice by Nicolo Paganini.musicxml,,0.0,1.4,3,1.6975138121546962,0.6709677419354839,0.7234972677595628,1.0239410681399632,5,0.0,1.141674333026679,1241,106.0,7.124478262493424,7.595487510072522,14.0,0.564867042707494,0.0427074939564867,2.0,0.12603495860165592,1.364963503649635,0.5401459854014599,0.1998158379373849,17.0,2.010343866658008,3.936457049018364,2.53721565682345,0.13075506445672191,,,,,,,,,False
1,"24 Caprices, Op. 1: 13",Niccolo Paganini,16,6,XII,Romantic,found,pdf,pdf-20260524T103936Z-3-001/pdf/13th Caprice by Niccolo Paganini.pdf,,,,verified_pieces/pdf/xml/13th Caprice by Niccolo Paganini.musicxml,,0.0,1.3265306122448979,3,1.9752906976744187,0.6928251121076233,0.7350427350427351,1.3924418604651163,5,0.0,1.2956521739130435,447,72.0,6.104793232414985,5.733780760626399,11.0,0.36017897091722595,0.06935123042505593,2.0,0.28405797101449276,1.0612244897959184,0.2755102040816326,0.2703488372093023,15.0,1.8026734863642384,3.6572289982968167,2.334919313469122,0.01744186046511628,3.0,11.54999999999999,4.4375,2.8605442176870746,4.0,6.676114341085272,60.0,4.897729570732604,True
1,"24 Caprices, Op. 1: 16",Niccolo Paganini,17,9,All,Romantic,found,pdf,pdf-20260524T103936Z-3-001/pdf/Capriccio No 16 Presto In Sol Minore by Niccolo Paganini.pdf,,,,verified_pieces/pdf/xml/Capriccio No 16 Presto In Sol Minore by Niccolo Paganini.musicxml,,0.0,0.0,0,2.0603727714748783,0.8674121405750799,0.5684039087947883,1.1021069692058347,5,0.0,1.0145631067961165,627,165.0,6.4425401664681985,8.430622009569378,13.0,0.7081339712918661,0.007974481658692184,0.0,0.0048543689320388345,5.0,0.3333333333333333,0.3241491085899514,12.0,1.6354627586054504,3.668086633975636,2.539729415338065,0.009724473257698542,0.0,10.799999999999983,4.1875,0.0,0.0,8.241491085899513,48.0,4.077763256161314,True
1,"24 Caprices, Op. 1: 2",Niccolo Paganini,19,10,All,Romantic,found,pdf,pdf-20260524T103936Z-3-001/pdf/Capricce No 2 by Nicolo Paganini.pdf,,,,verified_pieces/pdf/xml/Capricce No 2 by Nicolo Paganini.musicxml,,0.0010070493454179255,2.0,2,2.161626344086021,0.872745490981964,0.7654196157735086,1.970766129032258,5,0.0,1.0060422960725075,999,81.0,6.907755278982137,9.224224224224224,13.0,0.8518518518518519,0.005005005005005005,2.0,0.002014098690835851,3.5,1.0,0.3719758064516129,14.0,1.5487802022435413,3.5228621498069,2.515259032756121,0.012096774193548387,2.0,7.0,4.0625,0.6666666666666666,0.6666666666666666,8.580981182795698,56.0,3.8507136160016664,True
1,"24 Caprices, Op. 1: 20",Niccolo Paganini,15,7,All,Romantic,found,pdf,pdf-20260524T103936Z-3-001/pdf/Caprice No 20 by Niccolo Paganini.pdf,,,,verified_pieces/pdf/xml/Caprice No 20 by Niccolo Paganini.musicxml,,0.0,1.8048780487804879,4,1.717948717948718,0.6584867075664622,0.4908424908424908,0.5888594164456233,5,0.0,1.2962962962962963,490,120.0,6.19644412779452,6.322448979591837,12.100000000000023,0.44081632653061226,0.09183673469387756,3.0,0.21693121693121692,2.524390243902439,0.4634146341463415,0.21750663129973474,11.0,1.6978147674870192,3.754509163368095,2.4866134496076775,0.07427055702917772,3.0,8.5,4.1875,3.235772357723577,6.0,5.851164161508988,44.0,4.395745226195053,True
1,"24 Caprices, Op. 1: 24",Niccolo Paganini,19,8,All,Romantic,found,pdf,pdf-20260524T103936Z-3-001/pdf/Caprice No.24 by Nicolo Paganini.pdf,,,,verified_pieces/pdf/xml/Caprice No.24 by Nicolo Paganini.musicxml,,0.0,0.42105263157894735,2,1.1789473684210525,0.6217948717948718,0.3547008547008547,0.5052631578947369,5,0.0,1.0944055944055944,313,120.0,5.749392985908253,1.7891373801916932,4.0,0.003194888178913738,0.31629392971246006,1.1999999999999993,0.0944055944055944,3.3333333333333335,0.5185185185185185,0.1543859649122807,6.0,1.1984985990674994,2.464979481808881,2.4214337955170477,0.26666666666666666,1.0,4.799999999999997,6.0625,1.7543859649122804,4.799999999999997,8.31169590643275,64.0,4.98706389152249,True
1,Bajando de la meseta,Joaquin Rodrigo,14,8,All,Modern,found,pdf,pdf-20260524T103936Z-3-001/pdf/Por Los Campos De Espana No 3 Bajando De La Meseta by Joaquin Rodrigo.pdf,,,,verified_pieces/pdf/xml/Por Los Campos De Espana No 3 Bajando De La Meseta by Joaquin Rodrigo.musicxml,,0.006032171581769437,1.0809628008752736,4,1.4187346300022357,0.3183791606367583,0.32158590308370044,0.45472837022132795,5,0.0,1.8532171581769437,2765,56.0,7.925157512224703,3.6292947558770345,9.0,0.20940325497287524,0.30632911392405066,2.0,0.3284182305630027,2.9204081632653063,0.1836734693877551,0.15560026827632462,16.0,2.118059830004093,3.1111649767265357,2.5507795720849042,0.36284372904091217,3.0,10.5,18.1875,3.27046783625731,8.0,7.905894627021389,256.0,9.321924625099259,True
1,Choro da Saudade,Agustin Barrios Mandore,13,7,X,Romantic,found,pdf,pdf-20260524T103936Z-3-001/pdf/Choro de Saudade (Nostalgic Song) by Agustin Barrios Mangore.pdf,,,,verified_pieces/pdf/xml/Choro de Saudade (Nostalgic Song) by Agustin Barrios Mangore.musicxml,,0.0049382716049382715,1.4198473282442747,5,2.240924092409241,0.5350734094616639,0.5918367346938775,1.1485148514851484,5,0.0,1.5160493827160493,614,57.0,6.421622267806518,4.95928338762215,10.0,0.31107491856677527,0.1270358306188925,3.0,0.3308641975308642,1.9179104477611941,0.5,0.3712871287128713,15.0,2.243654755037993,3.46259768266878,2.462656649320791,0.10148514851485149,,,,,,,,,False
1,Entre olivares,Joaquin Rodrigo,15,7,XII,Modern,found,pdf,pdf-20260524T103936Z-3-001/pdf/Por Los Campos De Espana No 2 Entre Olivares  by Joaquin Rodrigo.pdf,,,,verified_pieces/pdf/xml/Por Los Campos De Espana No 2 Entre Olivares  by Joaquin Rodrigo.musicxml,,0.009930486593843098,1.2382133995037221,4,1.4213552021206095,0.280794701986755,0.3973634651600753,0.34493041749502984,5,0.0,2.250248262164846,2266,132.0,7.726212650507529,3.1663724624889675,9.0,0.16637246248896734,0.34774933804060015,3.0,0.4011916583912612,3.4232673267326734,0.15841584158415842,0.17594433399602386,22.0,2.1987623401694876,2.895122791899618,2.574096613460615,0.3061630218687873,2.8333333333333335,20.0,10.125,2.4693200663349915,6.0,2.8472309003124114,80.0,9.040891067492092,True
1,"Goldberg Variations, BWV 988: Variatio 1",J.S. Bach,12,4,VII,Baroque,found,pdf,pdf-20260524T103936Z-3-001/pdf/BWV 988 Goldberg Variation 1 by Johann Sebastian Bach.pdf,,,,verified_pieces/pdf/xml/BWV 988 Goldberg Variation 1 by Johann Sebastian Bach.musicxml,,0.0,0.0,0,2.3503937007874014,0.937007874015748,0.5826771653543307,0.8858267716535433,5,0.0,1.0,255,85.0,5.545177444479562,2.376470588235294,4.0,0.054901960784313725,0.29411764705882354,0.0,0.0,0.0,0.0,0.35039370078740156,8.0,1.32185589025657,2.5000527481405843,2.2215837465252104,0.0,,,,,,,,,False
1,"Jesu, Joy of Man's Desiring (from Cantata No. 147)",J.S. Bach,16,7,VIII,Baroque,found,pdf,"pdf-20260524T103936Z-3-001/pdf/BWV147  Jesu, Joy of Man_s Desiring Johann Sebastian Bach.pdf",,,,"verified_pieces/pdf/xml/BWV147  Jesu, Joy of Man_s Desiring Johann Sebastian Bach.musicxml",,0.0,0.8728813559322034,21,1.7208222811671088,0.5993031358885017,0.5138888888888888,0.4986737400530504,3,0.0,1.5211640211640212,575,120.0,6.3561076606958915,1.5339130434782609,3.0,0.0034782608695652175,0.38608695652173913,1.2999999999999972,0.3412698412698413,2.682170542635659,0.4108527131782946,0.23342175066312998,22.0,1.8958368311263227,2.1285055515881464,2.3596034331778437,0.023872679045092837,3.5,17.25,3.25,1.3860398860398861,2.0,3.2422634836427937,44.0,3.8531687760762647,True
1,"Suite IV, BWV 1006a: iii. Gavotte en rondeau",J.S. Bach,14,8,VII,Baroque,found,pdf,pdf-20260524T103936Z-3-001/pdf/BWV 1006a iii Gavotte En Rondeau by Johann Sebastian Bach.pdf,,,,verified_pieces/pdf/xml/BWV 1006a iii Gavotte En Rondeau by Johann Sebastian Bach.musicxml,,0.0029806259314456036,1.1986301369863013,4,1.8855721393034828,0.711340206185567,0.5629820051413882,0.6761194029850747,3,0.0,1.3025335320417288,874,120.0,6.774223886357614,3.9759725400457664,7.0,0.15903890160183065,0.11556064073226545,3.0,0.22503725782414308,2.377483443708609,0.543046357615894,0.291044776119403,9.0,1.3394786723887442,2.979203543438143,2.2846491768891393,0.01791044776119403,2.6666666666666665,7.5,2.8125,1.6689655172413793,4.0,3.779042288557214,48.0,2.8469254317085864,True
