validated,Title,Composer,Difficulty,Reading,Max Position,Era,status,source,pdf_path,token_path,gp_path,scorehash,xml_path,file_path,barre_ratio,avg_chord_stretch,max_chord_stretch,avg_position_shift,fret_change_rate,arpeggio_density,avg_string_jump,max_string_jump,special_technique_ratio,avg_polyphony,total_notes,tempo_bpm,log_total_notes,avg_fret,p90_fret,high_position_ratio,open_string_ratio,p90_chord_stretch,chord_ratio,avg_string_span,unique_shape_rate,shift_rate,max_position_shift,std_position_shift,fret_entropy,string_entropy,repetition_ratio
1,"""Hika"" in Memoriam Toru Takemitsu",Leo Brouwer,13,9,X,Modern,found,pdf,pdf-20260524T103936Z-3-001/pdf/In Memoriam Toru Takemitsu by Leo Brouwer.pdf,,,,verified_pieces/pdf/xml/In Memoriam Toru Takemitsu by Leo Brouwer.musicxml,,0.004555808656036446,0.9716312056737588,3,3.0087419232231096,0.603988603988604,0.597684515195369,0.9703534777651083,5,0.0,1.2004555808656037,1054,120.0,6.961296045910167,4.434535104364326,9.0,0.2969639468690702,0.3111954459203036,3.0,0.16059225512528474,2.3120567375886525,0.2765957446808511,0.4583808437856328,12.0,3.0196004789943047,3.0517625914942395,2.426288218214272,0.043329532497149374
1,24 Piezas Sudamericanas: 1. Cueca Chilena,Jorge Cardoso,9,6,XII,Modern,found,pdf,pdf-20260524T103936Z-3-001/pdf/Cueca Chilena by Jorge Cardoso.pdf,,,,verified_pieces/pdf/xml/Cueca Chilena by Jorge Cardoso.musicxml,,0.011160714285714286,1.2,20,2.526920208799403,0.6079545454545454,0.6415094339622641,0.727069351230425,5,0.0,1.5736607142857142,705,112.0,6.559615237493242,2.575886524822695,7.0,0.10921985815602837,0.3177304964539007,2.0,0.41294642857142855,2.8216216216216217,0.5243243243243243,0.3243847874720358,22.0,3.063823518363064,2.8615457253983267,2.438716102391225,0.0044742729306487695
1,24 Piezas Sudamericanas: 2. Chacarera,Jorge Cardoso,12,8,All,Modern,found,pdf,pdf-20260524T103936Z-3-001/pdf/Chacarera by Jorge Cardoso.pdf,,,,verified_pieces/pdf/xml/Chacarera by Jorge Cardoso.musicxml,,0.033402922755741124,1.1607142857142858,4,1.6746861924686192,0.5524728588661038,0.3878504672897196,0.5251046025104602,5,0.0,1.732776617954071,830,138.0,6.7226297948554485,3.0012048192771084,7.0,0.11325301204819277,0.19156626506024096,2.0,0.35490605427974947,2.7294117647058824,0.7352941176470589,0.21338912133891214,8.333333333333334,1.171820487864361,3.1374902844979595,2.452722778409654,0.0041841004184100415
1,24 Piezas Sudamericanas: 24. Milonga,Jorge Cardoso,8,5,VIII,Modern,found,dada_gp,,"datasets/DadaGP-v1.1/C/Cardoso, Jorge/Cardoso, Jorge - Milonga in d minor.gp3.tokens.txt","datasets/DadaGP-v1.1/C/Cardoso, Jorge/Cardoso, Jorge - Milonga in d minor.gp3",,"verified_pieces/dada/xml/Cardoso, Jorge - Milonga in d minor.musicxml",,0.0025380710659898475,0.8985507246376812,3,2.665818490245971,0.7295597484276729,0.9144981412639405,1.5826972010178118,5,0.00836820083682,1.2131979695431472,478,56.0,6.171700597410915,3.1297071129707112,7.0,0.1694560669456067,0.27405857740585776,2.0,0.18527918781725888,1.7671232876712328,0.5342465753424658,0.3486005089058524,10.0,2.496902092777982,3.0541618462780895,2.4221608182517147,0.0
1,24 Piezas Sudamericanas: 4. Vals Venezolano,Jorge Cardoso,9,5,VII,Modern,found,pdf,pdf-20260524T103936Z-3-001/pdf/Vals Venezolano by Jorge Cardoso.pdf,,,,verified_pieces/pdf/xml/Vals Venezolano by Jorge Cardoso.musicxml,,0.022727272727272728,1.32,4,2.147343841214244,0.5895522388059702,0.7563025210084033,1.1401050788091067,5,0.0,1.4073426573426573,805,120.0,6.692083742506628,3.5391304347826087,7.600000000000023,0.17391304347826086,0.15031055900621118,2.0,0.22377622377622378,2.34375,0.4453125,0.23117338003502627,22.0,3.4131594985992804,3.2449485710329613,2.3330764776408297,0.06304728546409807
1,24 Piezas Sudamericanas: 8. Polo Margariteno,Jorge Cardoso,12,6,IX,Modern,found,pdf,pdf-20260524T103936Z-3-001/pdf/Polo Margariteno by Jorge Cardoso.pdf,,,,verified_pieces/pdf/xml/Polo Margariteno by Jorge Cardoso.musicxml,,0.0,0.7580645161290323,3,2.660483417650365,0.7349397590361446,0.8589473684210527,1.5581787521079258,5,0.0,1.1195286195286196,665,160.0,6.501289670540389,3.1593984962406014,7.0,0.10676691729323308,0.19097744360902255,2.0,0.1111111111111111,2.909090909090909,0.7878787878787878,0.23946037099494097,22.0,4.333026234475971,2.8614458663012323,2.545617356276355,0.0016863406408094434
1,A Coy Toy,John Dowland,7,6,V,Renaissance,found,pdf,pdf-20260524T103936Z-3-001/pdf/dowland-coy-toy.pdf,,,,verified_pieces/pdf/xml/dowland-coy-toy.musicxml,,0.0,0.7272727272727273,3,1.6811594202898552,0.6180555555555556,0.38095238095238093,0.4891304347826087,4,0.0,1.5591397849462365,145,144.0,4.983606621708336,1.8482758620689654,4.0,0.034482758620689655,0.30344827586206896,2.0,0.3548387096774194,2.6666666666666665,0.6666666666666666,0.21739130434782608,7.0,1.3053337658567077,2.488816264677045,2.2987448613592045,0.010869565217391304
1,A Fancy,John Dowland,14,7,VII,Renaissance,found,pdf,pdf-20260524T103936Z-3-001/pdf/A Fancy by John Dowland.pdf,,,,verified_pieces/pdf/xml/A Fancy by John Dowland.musicxml,,0.001851851851851852,0.7153284671532847,4,1.7841682127396414,0.7094972067039106,0.5098684210526315,0.5844155844155844,5,0.0,1.3277777777777777,717,63.0,6.576469569048224,2.0613668061366806,5.0,0.04881450488145049,0.3068340306834031,2.0,0.26851851851851855,2.8344827586206898,0.6,0.26716141001855287,7.0,1.1616442933102424,2.4960532894865066,2.4482231787942137,0.022263450834879406
1,A mi madre (Sonatina),Agustin Barrios Mangore,12,8,All,Romantic,found,pdf,pdf-20260524T103936Z-3-001/pdf/A Mi Madre Sonatina by Agustin Barrios Mangore.pdf,,,,verified_pieces/pdf/xml/A Mi Madre Sonatina by Agustin Barrios Mangore.musicxml,,0.006289308176100629,1.3614457831325302,4,3.065071368597817,0.7148891235480465,0.7987321711568938,1.1801007556675063,5,0.0,1.1924528301886792,948,68.0,6.855408798609928,6.121308016877637,12.0,0.5073839662447257,0.16772151898734178,3.0,0.11320754716981132,2.588888888888889,0.7,0.3765743073047859,22.0,3.8257233229768373,3.656698251577839,2.3650832050903903,0.02392947103274559
1,Abri la Puerta mi China,Agustin Barrios Mandore,11,5,XII,Romantic,found,pdf,pdf-20260524T103936Z-3-001/pdf/Abri La Puerta Mi China by Augustin Barrios Mangore.pdf,,,,verified_pieces/pdf/xml/Abri La Puerta Mi China by Augustin Barrios Mangore.musicxml,,0.004201680672268907,1.0740740740740742,3,1.3182456140350876,0.43828016643550627,0.4218009478672986,0.3473684210526316,4,0.0,1.5168067226890756,722,96.0,6.583409222158765,10.069252077562327,14.0,0.8795013850415513,0.015235457063711912,2.0,0.453781512605042,1.4351851851851851,0.20833333333333334,0.2,9.0,1.5386845480813003,3.3324651472423135,1.9710122917079655,0.20842105263157895
1,Adagio,Robert Schumann,3,2,IV,Romantic,found,dada_gp,,datasets/DadaGP-v1.1/R/Robert Schumann/Robert Schumann - Adagio.gp3.tokens.txt,datasets/DadaGP-v1.1/R/Robert Schumann/Robert Schumann - Adagio.gp3,,verified_pieces/dada/xml/Robert Schumann - Adagio.musicxml,,0.064,0.4470588235294118,4,1.4698795180722892,0.2670967741935484,0.0,0.6546184738955824,5,0.0,3.104,776,60.0,6.655440350367647,1.5618556701030928,4.0,0.0,0.34536082474226804,1.0,1.0,0.752,0.2,0.18875502008032127,5.0,1.2258313878603282,2.280978605765146,2.445618890166121,0.01606425702811245
1,Adagio from Pathetique Sonata,Ludwig van Beethoven,11,7,XII,Classical,found,gaps,,,,jc1wc,datasets/gaps_v1/readable_musicxml/Ludwig Van Beethoven - Opus 13 Sonata Pathetique.xml,,0.003105590062111801,0.9378238341968912,3,1.5623488773747842,0.5096234309623431,0.5392156862745098,0.7813471502590673,5,0.0,1.2380952380952381,1196,100.0,7.087573705557973,3.8603678929765888,9.0,0.20234113712374582,0.1588628762541806,2.0,0.1997929606625259,1.2538860103626943,0.23316062176165803,0.19689119170984457,15.0,1.9643333274102481,3.262521755623719,2.4016328406797633,0.261139896373057
1,"Adagio, Aria, and Fugue; BWV 992: iii. Fugue",J.S. Bach,13,7,IX,Baroque,found,pdf,pdf-20260524T103936Z-3-001/pdf/bach-bwv992-iii-adagissimo.pdf,,,,verified_pieces/pdf/xml/bach-bwv992-iii-adagissimo.musicxml,,0.004132231404958678,1.3,4,1.845435684647303,0.5413533834586466,0.4842105263157895,0.7136929460580913,5,0.0,1.6528925619834711,400,50.0,5.993961427306569,3.4825,7.0,0.1825,0.17,3.0,0.384297520661157,2.6989247311827955,0.8709677419354839,0.24896265560165975,10.0,1.7880255630565938,3.1273177351076407,2.483006098784097,0.07053941908713693
1,"Agitato, Op. 38 no. 7",Napoleon Coste,7,4,X,Romantic,found,pdf,pdf-20260524T103936Z-3-001/pdf/Opus 38 No 7 by Napoleon Coste.pdf,,,,verified_pieces/pdf/xml/Opus 38 No 7 by Napoleon Coste.musicxml,gaps_v1/musicxml/Opus 38 No 1 by Napoleon Coste.xml,0.0035714285714285713,0.7589285714285714,3,1.7258064516129032,0.5820568927789934,0.5795454545454546,0.6344086021505376,3,0.0,1.6357142857142857,458,120.0,6.129050210060545,2.1986899563318776,5.0,0.0611353711790393,0.3078602620087336,2.0,0.40714285714285714,2.7982456140350878,0.6491228070175439,0.22939068100358423,10.0,1.3098427650941193,2.7256207501692704,2.4704006700498122,0.021505376344086023
1,"Agitato, Op. 51 no. 3",Mauro Giuliani,5,3,II,Classical,found,pdf,pdf-20260524T103936Z-3-001/pdf/Opus 51 No 3 by Mauro Giuliani.pdf,,,,verified_pieces/pdf/xml/Opus 51 No 3 by Mauro Giuliani.musicxml,,0.0,0.40350877192982454,2,1.3376168224299065,0.6845878136200717,0.9789473684210527,1.3831775700934579,5,0.0,1.302325581395349,280,120.0,5.638354669333745,1.5964285714285715,3.0,0.0,0.29642857142857143,2.0,0.2837209302325581,2.7540983606557377,0.639344262295082,0.14953271028037382,4.0,0.9892404444386954,2.1911995293738,2.5332648381642593,0.0
1,Air,John Dowland,6,3,IV,Renaissance,found,pdf,pdf-20260524T103936Z-3-001/pdf/Air In E by John Dowland.pdf,,,,verified_pieces/pdf/xml/Air In E by John Dowland.musicxml,,0.05434782608695652,1.3076923076923077,3,1.672161172161172,0.5057471264367817,0.5,0.6043956043956044,5,0.0,1.9021739130434783,175,72.0,5.170483995038151,2.6914285714285713,5.0,0.05142857142857143,0.21142857142857144,3.0,0.42391304347826086,3.230769230769231,0.7948717948717948,0.21978021978021978,5.666666666666667,1.138514484604738,2.3560560957251124,2.4072929436249604,0.0
1,Air on a G String,J. S. Bach,9,6,V,Baroque,found,pdf,pdf-20260524T103936Z-3-001/pdf/BWV 1068 Air on G String by Johann Sebastian Bach.pdf,,,,verified_pieces/pdf/xml/BWV 1068 Air on G String by Johann Sebastian Bach.musicxml,,0.0,0.8773584905660378,20,1.4882920110192837,0.596401028277635,0.6190476190476191,0.6033057851239669,4,0.0,1.6049382716049383,390,35.0,5.968707559985366,1.7282051282051283,3.0,0.002564102564102564,0.3,2.0,0.4567901234567901,2.864864864864865,0.7747747747747747,0.21074380165289255,12.0,1.3574483243560538,2.302160450310977,2.540484008483413,0.004132231404958678
1,"Aire de Zamba (from the ""Suite Andina"")",Agustin Barrios Mandore,10,7,XII,Romantic,found,pdf,pdf-20260524T103936Z-3-001/pdf/Suite Andina (Aire de Zamba) by Agustin Barrios Mangore.pdf,,,,verified_pieces/pdf/xml/Suite Andina (Aire de Zamba) by Agustin Barrios Mangore.musicxml,,0.016129032258064516,1.162162162162162,3,2.201347708894879,0.5378670788253478,0.4479166666666667,1.0,5,0.0,1.7419354838709677,648,105.0,6.47543271670409,5.290123456790123,10.0,0.345679012345679,0.13117283950617284,2.0,0.49731182795698925,1.9405405405405405,0.3891891891891892,0.3665768194070081,13.0,2.0921041921177923,3.440974610930195,2.409941620341543,0.008086253369272238
1,Aire Sureno,Agustin Barrios Mandore,7,5,VII,Romantic,found,pdf,pdf-20260524T103936Z-3-001/pdf/barrios-aire-sureno.pdf,,,,verified_pieces/pdf/xml/barrios-aire-sureno.musicxml,,0.0,1.4,4,2.7672413793103448,0.75,0.8977272727272727,1.6810344827586208,4,0.0,1.1367521367521367,133,105.0,4.897839799950911,2.8496240601503757,7.0,0.11278195488721804,0.3308270676691729,2.0,0.1282051282051282,1.1333333333333333,0.5333333333333333,0.5,8.0,2.1649948579244893,2.7809808982007547,2.306279074216736,0.008620689655172414
1,Aires Andaluces,Agustin Barrios Mandore,13,4,X,Romantic,found,pdf,pdf-20260524T103936Z-3-001/pdf/barrios-andaluces.pdf,,,,verified_pieces/pdf/xml/barrios-andaluces.musicxml,,0.02063628546861565,1.3493589743589745,7,2.250286861732645,0.584,0.517557251908397,0.7986230636833046,4,0.0,1.5055889939810834,1751,170.0,7.468513271496337,4.9685893774985725,11.0,0.31810394060536834,0.1947458595088521,3.0,0.26827171109200343,2.4903846153846154,0.33653846153846156,0.3287435456110155,11.0,2.1529786111164504,3.514152220651362,2.368871813946002,0.06282271944922548
1,Aires Criollos,Agustin Barrios Mandore,15,8,X,Romantic,found,pdf,pdf-20260524T103936Z-3-001/pdf/barrios-aires-criollos.pdf,,,,verified_pieces/pdf/xml/barrios-aires-criollos.musicxml,,0.011627906976744186,1.267515923566879,4,1.8205539358600582,0.4606918238993711,0.5923076923076923,0.5481049562682215,4,0.0,1.8517441860465116,637,130.0,6.45833828334479,3.803767660910518,9.0,0.24175824175824176,0.1695447409733124,2.0,0.45930232558139533,2.3734177215189876,0.4810126582278481,0.2944606413994169,8.833333333333334,1.6725564883131858,3.28074487605435,2.382934730913304,0.09329446064139942
1,Aires Mudejares,Agustin Barrios Mandore,12,5,VIII,Romantic,found,pdf,pdf-20260524T103936Z-3-001/pdf/barrios-aires-mudejares.pdf,,,,verified_pieces/pdf/xml/barrios-aires-mudejares.musicxml,,0.0,0.0,0,3.1092436974789917,0.9159663865546218,0.8067226890756303,1.1596638655462186,5,0.0,1.0,120,125.0,4.795790545596741,4.508333333333334,9.0,0.38333333333333336,0.25833333333333336,0.0,0.0,0.0,0.0,0.37815126050420167,13.0,2.9755019800108546,3.2550374331563923,2.25064721972005,0.0
1,"Allegretto in E Minor, Op. 47 no. 4",Fernando Sor,7,5,VII,Classical,found,pdf,pdf-20260524T103936Z-3-001/pdf/sor-op47-4.pdf,,,,verified_pieces/pdf/xml/sor-op47-4.musicxml,,0.0,0.8055555555555556,3,1.7375886524822697,0.5168195718654435,0.6857142857142857,0.5957446808510638,5,0.0,1.7354497354497354,328,52.0,5.796057750765372,2.1036585365853657,6.0,0.09451219512195122,0.40853658536585363,2.0,0.4126984126984127,3.1025641025641026,0.5769230769230769,0.2393617021276596,8.0,1.5356027689119822,2.614141458518049,2.3742948871505436,0.03723404255319149
1,"Allegretto, Op. 114 no. 9",Ferdinando Carulli,2,3,V,Classical,found,pdf,pdf-20260524T103936Z-3-001/pdf/Opus 114 No 9 Prelude by Ferdinando Carulli.pdf,,,,verified_pieces/pdf/xml/Opus 114 No 9 Prelude by Ferdinando Carulli.musicxml,,0.0,0.2,1,6.0119485294117645,0.6909722222222222,0.8638132295719845,1.2022058823529411,4,0.0,1.0586080586080586,289,120.0,5.66988092298052,3.4844290657439445,11.0,0.13494809688581316,0.4359861591695502,1.0,0.03663003663003663,1.5,0.5,0.4264705882352941,22.0,8.113855177139044,2.266626780483791,2.071025743436484,0.10294117647058823
1,"Allegretto, Op. 241 no. 14",Ferdinando Carulli,5,3,II,Classical,found,pdf,pdf-20260524T103936Z-3-001/pdf/Opus 241 No 14 Andantino Grazioso by Ferdinando Carulli.pdf,,,,verified_pieces/pdf/xml/Opus 241 No 14 Andantino Grazioso by Ferdinando Carulli.musicxml,gaps_v1/musicxml/Andantino in G Major by Ferdinando Carulli.xml,0.0,0.18333333333333332,2,1.978494623655914,0.5653495440729484,1.0,0.5,3,0.0,1.7647058823529411,330,100.0,5.802118375377063,1.7212121212121212,3.0,0.006060606060606061,0.36666666666666664,0.10000000000000853,0.7058823529411765,2.409090909090909,0.18181818181818182,0.17204301075268819,19.333333333333332,2.6721746215685616,2.304658629518321,2.2293183180249505,0.0
1,"Allegretto, Op. 35 no. 22",Fernando Sor,4,3,V,Classical,found,pdf,pdf-20260524T103936Z-3-001/pdf/Opus 35 No 22 in B minor by Fernando Sor.pdf,,,,verified_pieces/pdf/xml/Opus 35 No 22 in B minor by Fernando Sor.musicxml,gaps_v1/musicxml/Opus 35 No 17 in D by Fernando Sor.xml,0.0,0.8947368421052632,2,1.2767857142857142,0.7807308970099668,0.9710743801652892,1.1107142857142858,4,0.0,1.0747330960854093,302,80.0,5.713732805509369,2.5927152317880795,4.0,0.009933774834437087,0.16225165562913907,2.0,0.0711743772241993,3.25,0.85,0.06785714285714285,7.0,1.09021476773887,2.3572764251484344,2.1254597073945942,0.0
1,"Allegretto, Op. 35 no. 8",Fernando Sor,4,2,IV,Classical,found,pdf,pdf-20260524T103936Z-3-001/pdf/sor-op35-8.pdf,,,,verified_pieces/pdf/xml/sor-op35-8.musicxml,gaps_v1/musicxml/Opus 35 No 17 in D by Fernando Sor.xml,0.0,0.1836734693877551,1,1.7420178799489145,0.7012578616352201,0.776536312849162,1.0421455938697317,4,0.0,1.217557251908397,319,50.0,5.768320995793772,1.8777429467084639,5.0,0.0438871473354232,0.3730407523510972,1.0,0.18702290076335878,2.836734693877551,0.42857142857142855,0.26053639846743293,6.5,1.340841382540396,2.4232347240794736,2.2465291408125654,0.04980842911877394
1,"Allegretto, Op. 38 no. 13",Napoleon Coste,7,3,VIII,Romantic,found,pdf,pdf-20260524T103936Z-3-001/pdf/Opus 38 No 13 by Napoleon Coste.pdf,,,,verified_pieces/pdf/xml/Opus 38 No 13 by Napoleon Coste.musicxml,gaps_v1/musicxml/Opus 38 No 1 by Napoleon Coste.xml,0.0035460992907801418,1.0512820512820513,9,1.6429418742586002,0.4980544747081712,0.6310679611650486,0.46619217081850534,3,0.0,1.826241134751773,515,120.0,6.246106765481563,1.7825242718446601,3.6000000000000227,0.03300970873786408,0.341747572815534,2.0,0.425531914893617,3.15,0.575,0.23487544483985764,10.0,1.6690465230032372,2.468152257659387,2.4354987987644328,0.03202846975088968
1,"Allegretto, Op. 5 no. 12",Matteo Carcassi,4,2,IX,Classical,found,dada_gp,,"datasets/DadaGP-v1.1/C/Carcassi, Mateo/Carcassi, Mateo - Allegretto Op5 No_12.gp3.tokens.txt","datasets/DadaGP-v1.1/C/Carcassi, Mateo/Carcassi, Mateo - Allegretto Op5 No_12.gp3",,"verified_pieces/dada/xml/Carcassi, Mateo - Allegretto Op5 No_12.musicxml",,0.0,0.3422818791946309,2,1.9321533923303837,0.6986986986986987,0.5557768924302788,0.7610619469026548,5,0.0,1.2626262626262625,1000,100.0,6.90875477931522,2.723,7.0,0.117,0.328,1.0,0.22095959595959597,2.6342857142857143,0.17714285714285713,0.28824273072060685,9.0,1.500514033218202,2.7990005334769603,2.1708627698750638,0.02654867256637168
1,"Allegretto, Op. 50 no. 22",Mauro Giuliani,3,2,II,Classical,found,pdf,pdf-20260524T103936Z-3-001/pdf/Opus 50 No 22 by Mauro Giuliani.pdf,,,,verified_pieces/pdf/xml/Opus 50 No 22 by Mauro Giuliani.musicxml,,0.0,0.027777777777777776,1,1.84375,0.7589285714285714,0.5045871559633027,0.5217391304347826,4,0.0,1.2162162162162162,225,90.0,5.420534999272286,1.8133333333333332,4.0,0.0,0.36,0.0,0.20540540540540542,3.0,0.3157894736842105,0.28804347826086957,5.0,1.2137578918831777,2.0817863023163947,2.0869818316137803,0.0
1,"Allegretto, Op. 51 no. 15",Mauro Giuliani,5,2,II,Classical,found,pdf,pdf-20260524T103936Z-3-001/pdf/Opus 51 No 15 by Mauro Giuliani.pdf,,,,verified_pieces/pdf/xml/Opus 51 No 15 by Mauro Giuliani.musicxml,,0.0,0.8823529411764706,3,1.7365056818181819,0.8161209068010076,0.7095588235294118,0.9772727272727273,4,0.0,1.1274787535410764,398,115.0,5.988961416889864,1.407035175879397,3.0,0.002512562814070352,0.36432160804020103,2.0,0.11614730878186968,3.024390243902439,0.7560975609756098,0.21022727272727273,22.0,1.8253839897936515,2.1871282304687893,2.4208875053841177,0.0
1,"Allegretto, Op. 60 no. 7",Fernando Sor,3,3,I,Classical,found,pdf,pdf-20260524T103936Z-3-001/pdf/Opus 60 No 7 by Fernando Sor.pdf,,,,verified_pieces/pdf/xml/Opus 60 No 7 by Fernando Sor.musicxml,,0.0,0.6363636363636364,2,1.2984749455337692,0.7486338797814208,0.8440366972477065,0.9673202614379085,4,0.0,1.1948051948051948,184,108.0,5.220355825078324,1.423913043478261,3.0,0.0,0.24456521739130435,2.0,0.17532467532467533,2.2222222222222223,0.6666666666666666,0.0784313725490196,3.0,0.7668829842527468,1.987780813032006,2.1057933912052054,0.0718954248366013
1,"Allegretto, Op. 60 no. 8",Fernando Sor,1,1,I,Classical,found,pdf,pdf-20260524T103936Z-3-001/pdf/Opus 60 No 8 by Fernando Sor.pdf,,,,verified_pieces/pdf/xml/Opus 60 No 8 by Fernando Sor.musicxml,,0.0,0.631578947368421,2,1.6916666666666667,0.7,0.9583333333333334,1.5,4,0.0,1.3278688524590163,81,135.0,4.406719247264253,1.123456790123457,3.0,0.0,0.4444444444444444,2.0,0.32786885245901637,1.2,0.5,0.36666666666666664,3.0,1.025067748438555,1.822731819757304,2.2864836742268775,0.0
1,"Allegro in D Major, Op. 50 no. 26",Mauro Giuliani,6,3,VII,Classical,found,pdf,pdf-20260524T103936Z-3-001/pdf/Opus 50 No 26 by Mauro Giuliani.pdf,,,,verified_pieces/pdf/xml/Opus 50 No 26 by Mauro Giuliani.musicxml,,0.0,0.4166666666666667,3,2.092057761732852,0.7410714285714286,0.5153061224489796,0.7545126353790613,4,0.0,1.2122302158273381,337,90.0,5.823045895483019,1.967359050445104,4.0,0.050445103857566766,0.3827893175074184,2.0,0.1618705035971223,3.3555555555555556,0.4888888888888889,0.30685920577617326,12.0,1.7772854524514377,2.4012865101587146,2.33095859103196,0.007220216606498195
1,"Allegro Moderato, Op. 38 no. 23",Napoleon Coste,9,4,XII,Romantic,found,pdf,pdf-20260524T103936Z-3-001/pdf/Opus 38 No 23 by Napoleon Coste.pdf,,,,verified_pieces/pdf/xml/Opus 38 No 23 by Napoleon Coste.musicxml,gaps_v1/musicxml/Opus 38 No 1 by Napoleon Coste.xml,0.0009643201542912247,0.4968152866242038,3,1.7276383526383525,0.7012417823228634,0.9897172236503856,1.2094594594594594,3,0.0,1.321118611378978,1370,92.0,7.223295679562314,2.0686131386861315,5.0,0.032116788321167884,0.3175182481751825,2.0,0.313404050144648,2.646153846153846,0.28615384615384615,0.25675675675675674,10.0,1.3505797250784235,2.5769741781254067,2.3222383187568005,0.0019305019305019305
1,"Allemande, BWV 996",J.S. Bach,9,6,VII,Baroque,found,pdf,pdf-20260524T103936Z-3-001/pdf/BWV 996 Allemande by Johann Sebastian Bach.pdf,,,,verified_pieces/pdf/xml/BWV 996 Allemande by Johann Sebastian Bach.musicxml,,0.0,0.90625,3,1.960369163952226,0.7375328083989501,0.5652173913043478,0.7100977198697068,5,0.0,1.2402597402597402,382,70.0,5.948034989180646,3.3743455497382198,7.0,0.1387434554973822,0.193717277486911,2.0,0.2305194805194805,2.464788732394366,0.7746478873239436,0.2964169381107492,9.0,1.415864615961601,3.1504037615055083,2.4040121915310646,0.006514657980456026
1,Alman,Robert Johnson,8,4,II,Renaissance,found,dada_gp,,"datasets/DadaGP-v1.1/J/Johnson, Robert/Johnson, Robert - Alman.gp3.tokens.txt","datasets/DadaGP-v1.1/J/Johnson, Robert/Johnson, Robert - Alman.gp3",,"verified_pieces/dada/xml/Johnson, Robert - Alman.musicxml",,0.0045662100456621,0.6181818181818182,3,1.5810397553516817,0.7043189368770764,0.5357142857142857,0.7660550458715596,5,0.0,1.3789954337899544,302,70.0,5.713732805509369,1.7649006622516556,4.0,0.029801324503311258,0.33774834437086093,2.0,0.2694063926940639,3.0677966101694913,0.559322033898305,0.2018348623853211,5.833333333333333,1.0265622784660262,2.4572222868457403,2.4443260173499075,0.0
1,Alman,John Dowland,4,2,IV,Renaissance,found,pdf,pdf-20260524T103936Z-3-001/pdf/Lady Hunsdon Alman by John Dowland.pdf,,,,verified_pieces/pdf/xml/Lady Hunsdon Alman by John Dowland.musicxml,,0.0,0.7682926829268293,2,1.9986876640419948,0.6155844155844156,0.4339622641509434,0.4921259842519685,5,0.0,1.5137254901960784,386,66.0,5.958424693029782,2.5854922279792745,5.0,0.05958549222797927,0.3082901554404145,2.0,0.3411764705882353,3.67816091954023,0.3793103448275862,0.3543307086614173,7.0,1.318361821664467,2.5221814795418833,2.3840779189421157,0.031496062992125984
1,Altair,Agustin Barrios Mandore,10,5,IX,Romantic,found,pdf,pdf-20260524T103936Z-3-001/pdf/barrios-altair.pdf,,,,verified_pieces/pdf/xml/barrios-altair.musicxml,,0.03902439024390244,1.2980769230769231,5,1.9191176470588236,0.5128205128205128,0.5,0.7254901960784313,5,0.0,1.7170731707317073,352,160.0,5.8664680569332965,4.636363636363637,9.0,0.32386363636363635,0.10511363636363637,2.0,0.526829268292683,2.537037037037037,0.5555555555555556,0.25980392156862747,14.0,1.987140571984236,3.2721777176136855,2.4999192584458063,0.06862745098039216
1,An Malvina,Johann Kaspar Mertz,8,4,X,Romantic,found,gaps,,,,NY1wc,datasets/gaps_v1/readable_musicxml/Johann Kaspar Mertz - An Malvina.xml,,0.0008688097306689834,0.5,2,1.526231884057971,0.5486725663716814,0.7244701348747592,0.9660869565217391,5,0.0,1.0807993049522155,1244,100.0,7.126890808898808,1.8737942122186495,5.0,0.03536977491961415,0.4405144694533762,1.3000000000000043,0.0634231103388358,1.4931506849315068,0.4931506849315068,0.2417391304347826,12.0,1.8398796968516142,2.4147873297381115,2.326727055581056,0.1426086956521739
1,Andante,Dionisio Aguado,1,1,II,Classical,found,dada_gp,,"datasets/DadaGP-v1.1/A/Aguado, Dionso/Aguado, Dionso - Andante.gp3.tokens.txt","datasets/DadaGP-v1.1/A/Aguado, Dionso/Aguado, Dionso - Andante.gp3",,"verified_pieces/dada/xml/Aguado, Dionso - Andante.musicxml",,0.0,0.0,0,1.3388429752066116,0.9008264462809917,1.0,1.4545454545454546,4,0.0,1.0,122,120.0,4.812184355372417,1.0737704918032787,3.0,0.0,0.39344262295081966,0.0,0.0,0.0,0.0,0.1487603305785124,4.0,0.8677292395640785,1.9317955709208157,1.9645488376178235,0.0
1,"Andante Allegro, Op. 6 no. 2",Fernando Sor,4,3,V,Classical,found,pdf,pdf-20260524T103936Z-3-001/pdf/Opus 6 No 2 by Fernando Sor.pdf,,,,verified_pieces/pdf/xml/Opus 6 No 2 by Fernando Sor.musicxml,,0.0,0.6142857142857143,2,6.848484848484849,0.5680473372781065,0.0,0.7878787878787878,3,0.0,1.7,170,120.0,5.14166355650266,3.7941176470588234,7.0,0.11764705882352941,0.2411764705882353,2.0,0.7,1.5,0.4142857142857143,0.45454545454545453,21.5,8.419990206529533,2.7244511267353153,2.2873990524853727,0.010101010101010102
1,"Andante, Op. 241 no. 17",Ferdinando Carulli,3,2,III,Classical,found,pdf,pdf-20260524T103936Z-3-001/pdf/carulli-op241-17.pdf,,,,verified_pieces/pdf/xml/carulli-op241-17.musicxml,gaps_v1/musicxml/Andantino in G Major by Ferdinando Carulli.xml,0.0,1.0638297872340425,2,1.2771535580524345,0.47333333333333333,0.6428571428571429,0.6404494382022472,3,0.0,1.6777777777777778,151,66.0,5.0238805208462765,1.5165562913907285,3.0,0.0,0.2781456953642384,2.0,0.5333333333333333,2.4583333333333335,0.3541666666666667,0.1348314606741573,3.0,0.8790614036864179,1.9461739099262052,2.2185073397349098,0.14606741573033707
1,"Andante, Op. 241 no. 5",Ferdinando Carulli,1,1,II,Classical,found,gaps,,,,cV1wc,datasets/gaps_v1/readable_musicxml/Ferdinando Carulli - Opus 241 No. 5.xml,gaps_v1/musicxml/Andantino in G Major by Ferdinando Carulli.xml,0.0,0.0,0,1.460122699386503,0.7300613496932515,0.7484662576687117,1.2883435582822085,4,0.0,1.0,164,100.0,5.10594547390058,1.2621951219512195,3.0,0.0,0.43902439024390244,0.0,0.0,0.0,0.0,0.27607361963190186,3.0,1.1577712817189245,1.8367112225572388,2.49316448825535,0.1411042944785276
1,"Andante, Op. 35 no. 1",Fernando Sor,1,1,I,Classical,found,pdf,pdf-20260524T103936Z-3-001/pdf/Opus 35 No1 (Andante in C) by Fernando Sor.pdf,,,,verified_pieces/pdf/xml/Opus 35 No1 (Andante in C) by Fernando Sor.musicxml,gaps_v1/musicxml/Opus 35 No 17 in D by Fernando Sor.xml,0.0,0.6590909090909091,2,1.48,0.6436781609195402,0.65625,0.84,2,0.0,1.3888888888888888,175,160.0,5.170483995038151,1.1657142857142857,3.0,0.0,0.46285714285714286,1.0,0.3888888888888889,2.6122448979591835,0.32653061224489793,0.256,3.0,0.8681013765684282,1.8289835404896027,2.3203088584447276,0.064
1,"Andante, Op. 35 no. 13",Fernando Sor,3,2,III,Classical,found,pdf,pdf-20260524T103936Z-3-001/pdf/Opus 35 No 13 in C by Fernando Sor.pdf,,,,verified_pieces/pdf/xml/Opus 35 No 13 in C by Fernando Sor.musicxml,gaps_v1/musicxml/Opus 35 No 17 in D by Fernando Sor.xml,0.0,1.1147540983606556,21,2.0963541666666665,0.7019607843137254,0.8955223880597015,1.0885416666666667,3,0.0,1.3264248704663213,256,75.0,5.54907608489522,1.671875,3.0,0.01171875,0.39453125,1.0,0.32642487046632124,2.8253968253968256,0.49206349206349204,0.3125,22.0,2.685287313845449,2.0625975657842677,2.2618418480113673,0.010416666666666666
1,"Andante, Op. 44 no. 15",Fernando Sor,4,3,V,Classical,found,pdf,pdf-20260524T103936Z-3-001/pdf/Opus 44 No 15 in D Major by Fernando Sor.pdf,,,,verified_pieces/pdf/xml/Opus 44 No 15 in D Major by Fernando Sor.musicxml,,0.0,0.9285714285714286,3,2.00561797752809,0.7086956521739131,0.37623762376237624,0.47752808988764045,4,0.0,1.2905027932960893,231,120.0,5.44673737166631,2.316017316017316,4.0,0.004329004329004329,0.2510822510822511,2.0,0.27932960893854747,1.76,0.66,0.3258426966292135,5.0,1.1695922222802193,2.3329456850731005,2.276323052980091,0.0056179775280898875
1,"Andante, Op. 45 no. 5",Fernando Sor,9,5,V,Classical,found,pdf,pdf-20260524T103936Z-3-001/pdf/Opus 45 No 5 Petite Piece in A by Fernando Sor.pdf,,,,verified_pieces/pdf/xml/Opus 45 No 5 Petite Piece in A by Fernando Sor.musicxml,gaps_v1/musicxml/sor-op45-5.xml,0.007285974499089253,0.554140127388535,3,2.0812043795620436,0.6414342629482072,0.7016129032258065,1.0766423357664234,5,0.0,1.3734061930783241,754,100.0,6.626717749249025,1.8819628647214854,4.0,0.025198938992042442,0.3713527851458886,2.0,0.30965391621129323,2.4058823529411764,0.40588235294117647,0.25364963503649635,22.0,3.2137767878447154,2.4797621826730505,2.4002584880578923,0.014598540145985401
1,Andantino in C; Op. 35 no. 2,Fernando Sor,1,1,I,Classical,found,pdf,pdf-20260524T103936Z-3-001/pdf/Opus 35 No 2 by Fernando Sor.pdf,,,,verified_pieces/pdf/xml/Opus 35 No 2 by Fernando Sor.musicxml,gaps_v1/musicxml/Opus 35 No 17 in D by Fernando Sor.xml,0.0,0.5333333333333333,2,1.3630136986301369,0.5691056910569106,0.8333333333333334,0.5205479452054794,2,0.0,1.6756756756756757,124,100.0,4.8283137373023015,1.4112903225806452,3.0,0.0,0.3870967741935484,1.6000000000000014,0.6351351351351351,2.5106382978723403,0.44680851063829785,0.1917808219178082,3.0,0.8277633328896484,1.926576344705627,2.378761369449354,0.0
1,"Andantino, Op. 39 no. 2",Anton Diabelli,2,1,I,Classical,found,pdf,pdf-20260524T103936Z-3-001/pdf/Opus 39 No 2 by Anton Diabelli.pdf,,,,verified_pieces/pdf/xml/Opus 39 No 2 by Anton Diabelli.musicxml,,0.0,0.8,2,2.392592592592593,0.6231884057971014,0.9333333333333333,1.0222222222222221,4,0.0,1.5217391304347827,70,140.0,4.2626798770413155,1.6857142857142857,3.0,0.014285714285714285,0.35714285714285715,2.0,0.21739130434782608,3.1,1.0,0.2,21.0,4.0465128342771655,2.0067963503817787,2.4159717838336663,0.0
1,"Andantino, Op. 44 no. 3",Fernando Sor,4,2,II,Classical,found,pdf,pdf-20260524T103936Z-3-001/pdf/Op 44 No 3 (Waltz of the Robins) by Fernando Sor.pdf,,,,verified_pieces/pdf/xml/Op 44 No 3 (Waltz of the Robins) by Fernando Sor.musicxml,,0.0,0.62,2,1.49,0.6618357487922706,0.7857142857142857,0.8466666666666667,4,0.0,1.3774834437086092,208,140.0,5.342334251964811,1.4423076923076923,3.0,0.0,0.36538461538461536,1.0,0.37748344370860926,2.4035087719298245,0.38596491228070173,0.23333333333333334,4.0,0.9924212815130476,1.9903329091724562,2.360559339143224,0.006666666666666667
1,"Andantino, Op. 44 no. 9",Fernando Sor,3,2,II,Classical,found,pdf,pdf-20260524T103936Z-3-001/pdf/sor-op44-9.pdf,,,,verified_pieces/pdf/xml/sor-op44-9.musicxml,,0.0,0.9642857142857143,3,1.6619047619047616,0.4596774193548387,0.46153846153846156,0.44285714285714284,3,0.0,1.7605633802816902,125,116.0,4.836281906951478,1.4,4.0,0.0,0.48,2.0,0.5633802816901409,1.825,0.65,0.34285714285714286,4.0,1.2408303123092932,2.1193726738843752,2.2084943566356467,0.04285714285714286
1,"Andantino, Op. 6 no. 8",Fernando Sor,6,2,V,Classical,found,pdf,pdf-20260524T103936Z-3-001/pdf/Opus 6 No 8 by Fernando Sor.pdf,,,,verified_pieces/pdf/xml/Opus 6 No 8 by Fernando Sor.musicxml,,0.0,1.202247191011236,3,1.3358024691358024,0.4554794520547945,0.5,0.25925925925925924,3,0.0,2.1544117647058822,293,100.0,5.683579767338681,1.8805460750853242,4.0,0.0,0.25597269624573377,2.0,0.6838235294117647,2.5268817204301075,0.7419354838709677,0.17777777777777778,4.666666666666667,0.9324919455262173,2.3870913710556634,2.3424166434205036,0.0
1,"Andantino, Op. 60 no. 21",Matteo Carcassi,7,4,VII,Classical,found,pdf,pdf-20260524T103936Z-3-001/pdf/Opus 60 No 21 in A by Matteo Carcassi.pdf,,,,verified_pieces/pdf/xml/Opus 60 No 21 in A by Matteo Carcassi.musicxml,gaps_v1/musicxml/Opus 60 No 7 in A Minor by Matteo Carcassi.xml,0.003367003367003367,1.0267857142857142,3,1.5861486486486487,0.5077821011673151,0.05384615384615385,0.17905405405405406,2,0.0,1.734006734006734,515,120.0,6.246106765481563,2.246601941747573,5.0,0.04271844660194175,0.24271844660194175,2.0,0.40404040404040403,2.775,0.6083333333333333,0.14864864864864866,10.0,1.3640333734808856,2.7163857827535125,2.3499792701909903,0.10810810810810811
1,"Andantino, Op. 60 no. 8",Matteo Carcassi,4,2,III,Classical,found,pdf,pdf-20260524T103936Z-3-001/pdf/Opus 60 No 8 in E by Matteo Carcassi.pdf,,,,verified_pieces/pdf/xml/Opus 60 No 8 in E by Matteo Carcassi.musicxml,gaps_v1/musicxml/Opus 60 No 7 in A Minor by Matteo Carcassi.xml,0.0,0.0,0,5.6,0.8625,0.73125,1.05,5,0.0,1.0,161,120.0,5.087596335232384,4.826086956521739,11.0,0.2111801242236025,0.19254658385093168,0.0,0.0,0.0,0.0,0.30625,22.0,7.5879839219650425,3.0299240660152513,2.1300880052309217,0.0
1,"Anglaise, Op. 121 no. 6",Ferdinando Carulli,1,1,I,Classical,found,pdf,pdf-20260524T103936Z-3-001/pdf/Opus 121 No 6 Anglaise by Ferdinando Carulli.pdf,,,,verified_pieces/pdf/xml/Opus 121 No 6 Anglaise by Ferdinando Carulli.musicxml,,0.0,0.5111111111111111,2,2.120967741935484,0.6686046511627907,0.7096774193548387,1.403225806451613,4,0.0,1.384,173,100.0,5.159055299214529,1.3179190751445087,3.0,0.011560693641618497,0.45664739884393063,1.0,0.384,2.1458333333333335,0.4166666666666667,0.25,22.0,3.5459944279186875,1.9938402172072673,2.307815535067453,0.0
1,Angostura (Valse Venezolano),Antonio Lauro,10,5,XII,Modern,found,pdf,pdf-20260524T103936Z-3-001/pdf/Angostura by Antonio Lauro.pdf,,,,verified_pieces/pdf/xml/Angostura by Antonio Lauro.musicxml,,0.0,0.6341463414634146,3,2.2771535580524342,0.6117886178861789,0.8054054054054054,1.0702247191011236,5,0.0,1.380952380952381,493,180.0,6.202535517187923,3.464503042596349,10.0,0.27586206896551724,0.35699797160243407,2.0,0.26330532212885155,2.702127659574468,0.43617021276595747,0.3061797752808989,22.0,3.1284911904510033,2.991445006559001,2.450934383690952,0.0
1,Arabescos (Estudio No. 4),Agustin Barrios Mandore,11,6,X,Romantic,found,pdf,pdf-20260524T103936Z-3-001/pdf/Arabescos (Estudio No 4) by Agustin Barrios Mangore.pdf,,,,verified_pieces/pdf/xml/Arabescos (Estudio No 4) by Agustin Barrios Mangore.musicxml,,0.0,0.2857142857142857,2,2.1847903340440658,0.8810020876826722,0.4857142857142857,0.5415778251599147,5,0.0,1.0212765957446808,480,120.0,6.175867270105761,6.354166666666667,11.0,0.5145833333333333,0.10416666666666667,0.8000000000000007,0.014893617021276596,2.2857142857142856,0.7142857142857143,0.3390191897654584,12.0,1.7709295058592716,3.54925681969823,2.402459669715869,0.0
1,Leyenda (Asturias) from Suite Espanola,Isaac Albeniz,15,4,VII,Romantic,found,pdf,pdf-20260524T103936Z-3-001/pdf/Asturias-Leyenda by Isaac Albeniz.pdf,,,,verified_pieces/pdf/xml/Asturias-Leyenda by Isaac Albeniz.musicxml,,0.008333333333333333,1.5166666666666666,4,4.1145290232881475,0.7385398981324278,0.8720626631853786,1.5443169968717414,5,0.0,1.228125,1179,120.0,7.07326971745971,4.928753180661578,9.0,0.5139949109414759,0.28329092451229854,3.0,0.12604166666666666,2.6942148760330578,0.4297520661157025,0.5213764337851929,12.0,3.458515892941118,3.030508125200183,2.434936793154429,0.03128258602711158
1,"Ay, Ay, Ay!...",Agustin Barrios Mangore,9,7,All,Romantic,found,pdf,pdf-20260524T103936Z-3-001/pdf/Ay Ay Ay by Agustin Barrios Mangore.pdf,,,,verified_pieces/pdf/xml/Ay Ay Ay by Agustin Barrios Mangore.musicxml,,0.004878048780487805,0.7083333333333334,4,1.6397718011409945,0.5364041604754829,0.532051282051282,0.9046454767726161,5,0.0,1.6439024390243901,674,85.0,6.51471269087253,3.1246290801186944,7.0,0.13501483679525222,0.24777448071216618,2.0,0.4097560975609756,1.9047619047619047,0.20833333333333334,0.22493887530562348,12.5,1.664002549498026,2.916837881208285,2.2387386552276185,0.0
1,Bagatelle,Ludwig van Beethoven,5,3,IV,Classical,found,pdf,pdf-20260524T103936Z-3-001/pdf/Bagatelle 1 by Ludwig Van Beethoven.pdf,,,,verified_pieces/pdf/xml/Bagatelle 1 by Ludwig Van Beethoven.musicxml,,0.010752688172043012,0.9791666666666666,3,1.3369565217391304,0.5238095238095238,0.45,0.358695652173913,5,0.0,1.8172043010752688,169,120.0,5.135798437050262,1.982248520710059,5.0,0.005917159763313609,0.24260355029585798,2.0,0.5161290322580645,2.8541666666666665,0.875,0.15217391304347827,4.0,0.9431222752798093,2.5432084651951703,2.489978604854354,0.010869565217391304
1,Ballet,Elias Mertel,6,3,VII,Renaissance,found,pdf,pdf-20260524T103936Z-3-001/pdf/Ballet by Elias Mertel.pdf,,,,verified_pieces/pdf/xml/Ballet by Elias Mertel.musicxml,,0.0,0.7441860465116279,3,2.345628415300546,0.6404494382022472,0.5714285714285714,0.6147540983606558,4,0.0,1.4552845528455285,179,110.0,5.19295685089021,2.7094972067039107,5.0,0.0670391061452514,0.27932960893854747,2.0,0.36585365853658536,2.5555555555555554,0.8,0.319672131147541,20.0,2.8186026612679838,2.5731725202932827,2.5567169376373924,0.0
1,Balleto,Jean-Baptiste Besard,6,3,III,Renaissance,found,pdf,pdf-20260524T103936Z-3-001/pdf/Balleto by Jean Baptiste Besard.pdf,,,,verified_pieces/pdf/xml/Balleto by Jean Baptiste Besard.musicxml,,0.004807692307692308,0.6527777777777778,3,1.6235909822866346,0.6024096385542169,0.4155844155844156,0.45410628019323673,4,0.0,1.6009615384615385,333,120.0,5.811140992976701,1.822822822822823,3.0,0.0,0.32732732732732733,2.0,0.3798076923076923,3.0253164556962027,0.4177215189873418,0.1932367149758454,5.0,1.0344263805789318,2.1946175223681674,2.3158270881267167,0.0
1,Batalla (Battle),Gaspar Sanz,3,2,II,Baroque,found,pdf,pdf-20260524T103936Z-3-001/pdf/Batalla by Gaspar Sanz.pdf,,,,verified_pieces/pdf/xml/Batalla by Gaspar Sanz.musicxml,,0.0,0.19047619047619047,2,1.6141975308641974,0.5903614457831325,0.36363636363636365,0.48148148148148145,3,0.0,1.5272727272727273,84,120.0,4.442651256490317,1.9523809523809523,5.0,0.0,0.34523809523809523,0.0,0.38181818181818183,2.619047619047619,0.47619047619047616,0.2037037037037037,4.0,1.0671025701112036,2.0529736635922187,2.038156157910388,0.037037037037037035
1,Be Thou With Me (Bist du bei  mir),J.S. Bach,13,6,VII,Baroque,found,pdf,pdf-20260524T103936Z-3-001/pdf/BWV508 Be Thou with me by Johann Sebastian Bach.pdf,,,,verified_pieces/pdf/xml/BWV508 Be Thou with me by Johann Sebastian Bach.musicxml,,0.0,0.4657534246575342,2,1.6598039215686273,0.6459143968871596,0.5882352941176471,0.7294117647058823,5,0.0,1.5087719298245614,258,100.0,5.556828061699537,1.8643410852713178,4.0,0.023255813953488372,0.36046511627906974,2.0,0.4502923976608187,2.5584415584415585,0.6233766233766234,0.23529411764705882,6.0,1.0595204677985073,2.354095958719689,2.4990507567719495,0.0
1,Bianco fiore,Cesare Negri,3,2,V,Renaissance,found,pdf,pdf-20260524T103936Z-3-001/pdf/Il Bianco Fiore by Cesare Negri.pdf,,,,verified_pieces/pdf/xml/Il Bianco Fiore by Cesare Negri.musicxml,,0.0,0.5909090909090909,2,1.4367816091954022,0.6170212765957447,0.30434782608695654,0.22413793103448276,2,0.0,1.6101694915254237,95,120.0,4.564348191467836,2.0736842105263156,4.0,0.010526315789473684,0.30526315789473685,1.0,0.3728813559322034,3.409090909090909,0.7272727272727273,0.15517241379310345,3.0,0.8315081081472699,2.180836441374866,2.2872175068481613,0.0
1,Branle,Jean-Baptiste Besard,5,3,III,Renaissance,found,pdf,pdf-20260524T103936Z-3-001/pdf/Branle by Jean Babtiste Besard.pdf,,,,verified_pieces/pdf/xml/Branle by Jean Babtiste Besard.musicxml,,0.018018018018018018,0.8923076923076924,3,1.6522727272727276,0.453781512605042,0.4375,0.2818181818181818,3,0.0,2.1531531531531534,239,100.0,5.480638923341991,2.0502092050209204,5.0,0.012552301255230125,0.3305439330543933,2.0,0.6036036036036037,3.462686567164179,0.5671641791044776,0.20909090909090908,5.75,1.0848392267253508,2.270848564381942,2.5438723593785104,0.0
1,Branle Gay,Jean Baptiste Besard,1,1,I,Renaissance,found,pdf,pdf-20260524T103936Z-3-001/pdf/Branle Gay by Jean Baptiste Besard.pdf,,,,verified_pieces/pdf/xml/Branle Gay by Jean Baptiste Besard.musicxml,,0.0,0.0,0,1.575,0.8163265306122449,0.30612244897959184,0.2875,1,0.0,1.2222222222222223,99,144.0,4.605170185988092,1.6262626262626263,4.0,0.0,0.37373737373737376,0.0,0.19753086419753085,2.25,0.625,0.1375,4.0,0.9086390922693124,2.156689059293742,2.014189295546628,0.0
1,Cancion de Cuna (Cradle Song),Agustin Barrios Mangore,8,7,XII,Romantic,found,pdf,pdf-20260524T103936Z-3-001/pdf/Cancion De Cuna by Agustin Barrios Mangore.pdf,,,,verified_pieces/pdf/xml/Cancion De Cuna by Agustin Barrios Mangore.musicxml,,0.01718213058419244,1.16,3,1.9344827586206896,0.46464646464646464,0.5258620689655172,0.6,3,0.0,1.70446735395189,496,70.0,6.208590026096629,4.314516129032258,10.0,0.2620967741935484,0.1814516129032258,3.0,0.46735395189003437,2.2205882352941178,0.5514705882352942,0.2793103448275862,12.0,2.0627155920502975,3.3710960662039415,2.4283103641012875,0.11724137931034483
1,Cancion de la Hilandera,Agustin Barrios Mangore,9,6,X,Romantic,found,pdf,pdf-20260524T103936Z-3-001/pdf/Cancion de la Hilandera by Agustin Barrios Mangore.pdf,,,,verified_pieces/pdf/xml/Cancion de la Hilandera by Agustin Barrios Mangore.musicxml,gaps_v1/musicxml/Cancion de la Hilandera by Agustin Barrios Mangore.xml,0.0,0.1724137931034483,2,1.2196209587513935,0.4224683544303797,0.5027726432532348,1.0334448160535117,5,0.0,1.0567612687813022,633,80.0,6.452048954437226,4.774091627172196,8.0,0.2843601895734597,0.11058451816745656,1.0,0.048414023372287146,1.2413793103448276,0.5862068965517241,0.1705685618729097,8.0,1.908167040446596,3.160874782124834,1.5880451280200836,0.459866220735786
1,Cancion Del Emperador,Luys de Narvaez,7,5,VII,Renaissance,found,pdf,pdf-20260524T103936Z-3-001/pdf/Cancion Del Emperador by Luis de Narvaez.pdf,,,,verified_pieces/pdf/xml/Cancion Del Emperador by Luis de Narvaez.musicxml,,0.0,1.0101010101010102,3,1.7364406779661017,0.5696969696969697,0.3484848484848485,0.3559322033898305,3,0.0,1.6756756756756757,496,108.0,6.208590026096629,2.2419354838709675,5.0,0.08064516129032258,0.31048387096774194,2.0,0.3581081081081081,3.009433962264151,0.6415094339622641,0.2576271186440678,8.666666666666666,1.247522873508628,2.6751471415588566,2.4605146318860966,0.02711864406779661
1,Cancion O Tocata,Santiago de Murcia,4,2,III,Baroque,found,pdf,pdf-20260524T103936Z-3-001/pdf/Cancion O Tocata by Santiago De Murcia.pdf,,,,verified_pieces/pdf/xml/Cancion O Tocata by Santiago De Murcia.musicxml,,0.0,1.0285714285714285,3,1.532258064516129,0.7411167512690355,0.43902439024390244,0.5806451612903226,4,0.0,1.2692307692307692,198,96.0,5.293304824724492,2.414141414141414,5.0,0.0,0.1919191919191919,2.6000000000000014,0.23717948717948717,2.7837837837837838,0.6216216216216216,0.10967741935483871,6.0,1.0447164857286608,2.5602002984728034,2.1045050573780353,0.025806451612903226
1,Canciones,Gaspar Sanz,1,2,II,Baroque,found,pdf,pdf-20260524T103936Z-3-001/pdf/Canciones by Gaspar Sanz.pdf,,,,verified_pieces/pdf/xml/Canciones by Gaspar Sanz.musicxml,,0.0,0.14285714285714285,1,1.8222222222222222,0.6176470588235294,0.0,0.2222222222222222,1,0.0,1.5,69,120.0,4.248495242049359,2.0144927536231885,5.0,0.0,0.36231884057971014,1.0,0.5,3.0,0.2608695652173913,0.17777777777777778,4.0,1.0809232450680277,2.119697084437927,1.58487419204941,0.044444444444444446
1,Cantabile,Dionisio Aguado,2,2,II,Classical,found,dada_gp,,"datasets/DadaGP-v1.1/A/Aguado, Dionso/Aguado, Dionso - Cantabile.gp3.tokens.txt","datasets/DadaGP-v1.1/A/Aguado, Dionso/Aguado, Dionso - Cantabile.gp3",,"verified_pieces/dada/xml/Aguado, Dionso - Cantabile.musicxml",,0.0,1.004566210045662,3,1.899135446685879,0.44637223974763407,0.24074074074074073,0.20461095100864554,2,0.0,1.8247126436781609,635,100.0,6.455198563340122,5.234645669291338,9.0,0.45354330708661417,0.19055118110236222,2.0,0.646551724137931,2.4355555555555557,0.3466666666666667,0.2622478386167147,12.0,2.255830149991778,3.3980227896331483,2.149523638479497,0.138328530259366
1,Canticum,Leo Brouwer,17,10,X,Modern,found,pdf,pdf-20260524T103936Z-3-001/pdf/Canticum by Leo Brouwer.pdf,,,,verified_pieces/pdf/xml/Canticum by Leo Brouwer.musicxml,,0.012738853503184714,0.2553191489361702,3,2.7726304579339724,0.5869017632241813,0.5807692307692308,0.8242811501597445,5,0.0,1.267515923566879,398,120.0,5.988961416889864,3.9849246231155777,8.0,0.15829145728643215,0.3316582914572864,0.0,0.15286624203821655,1.75,0.1875,0.4217252396166134,13.0,2.761564884902654,2.752503611104568,2.500074217303915,0.18849840255591055
1,"Canzonetta from the String Quartet, Op. 12",Felix Mendelssohn,9,5,XIV,Romantic,found,pdf,pdf-20260524T103936Z-3-001/pdf/Canzonetta by Felix Mendelssohn.pdf,,,,verified_pieces/pdf/xml/Canzonetta by Felix Mendelssohn.musicxml,,0.0,1.176,4,1.689342403628118,0.5567010309278351,0.5636363636363636,0.5544217687074829,5,0.0,1.647457627118644,486,80.0,6.18826412308259,3.9012345679012346,9.0,0.2448559670781893,0.18518518518518517,3.0,0.43389830508474575,2.5859375,0.6328125,0.2108843537414966,11.0,1.669457918431707,3.3487686582281393,2.4381097011530266,0.027210884353741496
1,"Caprice, Op. 100 no. 13",Mauro Giuliani,8,5,XII,Classical,found,pdf,pdf-20260524T103936Z-3-001/pdf/giuliani-op100-13.pdf,,,,verified_pieces/pdf/xml/giuliani-op100-13.musicxml,gaps_v1/musicxml/giuliani-opus100-no11.xml,0.0,1.0454545454545454,2,1.6301518438177873,0.766260162601626,0.7002341920374707,1.2407809110629067,5,0.0,1.067099567099567,493,160.0,6.202535517187923,2.1399594320486814,5.0,0.08519269776876268,0.36511156186612576,2.0,0.049783549783549784,1.7391304347826086,0.391304347826087,0.1561822125813449,12.0,1.6514739944618573,2.654562230500247,2.3407050492907544,0.028199566160520606
1,"Caprice, Op. 20 no. 28",Luigi Legnani,7,6,V,Classical,found,pdf,pdf-20260524T103936Z-3-001/pdf/Opus 20 No 28 Caprice by Luigi Legnani.pdf,,,,verified_pieces/pdf/xml/Opus 20 No 28 Caprice by Luigi Legnani.musicxml,gaps_v1/musicxml/opus-20-no-7-legnani.xml,0.006172839506172839,1.010752688172043,3,1.8983488132094946,0.6191446028513238,0.8372093023255814,0.9102167182662538,3,0.0,1.5185185185185186,492,35.0,6.20050917404269,1.5447154471544715,3.0,0.0040650406504065045,0.40040650406504064,2.0,0.29012345679012347,3.3404255319148937,0.6276595744680851,0.3126934984520124,5.0,1.0691336722720401,2.1470167167783147,2.4700949146042914,0.01238390092879257
1,"Caprice, Op. 20 no. 7",Luigi Legnani,10,5,X,Classical,found,pdf,pdf-20260524T103936Z-3-001/pdf/Opus 20 No 7 Caprice by Luigi Legnani.pdf,,,,verified_pieces/pdf/xml/Opus 20 No 7 Caprice by Luigi Legnani.musicxml,gaps_v1/musicxml/opus-20-no-7-legnani.xml,0.03,2.084577114427861,3,2.100868403473614,0.41517857142857145,0.6642066420664207,0.6513026052104208,5,0.0,1.794,897,140.0,6.8001700683022,5.603121516164994,10.0,0.46265328874024525,0.14827201783723523,3.0,0.402,2.6865671641791047,0.19900497512437812,0.28256513026052105,11.0,2.5714703425052328,3.415869434742553,2.2855109533728397,0.17635270541082165
1,Capricho Arabe,Francisco Tarrega,13,7,XII,Romantic,found,dada_gp,,"datasets/DadaGP-v1.1/T/Tarrega, Francisco/Tarrega, Francisco - Capricho Arabe.gp3.tokens.txt","datasets/DadaGP-v1.1/T/Tarrega, Francisco/Tarrega, Francisco - Capricho Arabe.gp3",,"verified_pieces/dada/xml/Tarrega, Francisco - Capricho Arabe.musicxml",,0.01107011070110701,0.8484848484848485,4,2.4357553366174054,0.706430568499534,0.37149532710280375,0.7241379310344828,4,0.1838440111420612,1.3210332103321034,1074,80.0,6.980075940561763,5.567970204841713,10.0,0.45344506517690875,0.09031657355679702,2.0,0.2878228782287823,2.4786324786324787,0.2905982905982906,0.3793103448275862,12.0,1.9144285186881878,3.659375748267698,2.4272565900500753,0.017241379310344827
1,Capricho Espanol,Agustin Barrios Mangore,9,7,X,Romantic,found,pdf,pdf-20260524T103936Z-3-001/pdf/Capricho Espanol by Agustin Barrios Mangore.pdf,,,,verified_pieces/pdf/xml/Capricho Espanol by Agustin Barrios Mangore.musicxml,,0.0014492753623188406,1.1304347826086956,4,1.8792936623125305,0.6823394495412844,0.5391120507399577,0.8127721335268505,5,0.0,1.2652173913043478,873,155.0,6.773080375655535,4.7262313860252005,9.0,0.27835051546391754,0.12142038946162657,3.0,0.20434782608695654,2.25531914893617,0.6524822695035462,0.2597968069666183,11.0,1.7141824386667632,3.3542650907031475,2.3421501157671214,0.06966618287373004
1,Castles of Spain: Alba de Tormes (Trova),F. Moreno-Torroba,7,4,IX,Modern,found,pdf,pdf-20260524T103936Z-3-001/pdf/Castles Of Spain Alba De Tormes Trova by Federico Moreno Torroba.pdf,,,,verified_pieces/pdf/xml/Castles Of Spain Alba De Tormes Trova by Federico Moreno Torroba.musicxml,,0.05851063829787234,0.8360655737704918,2,1.5258467023172908,0.4982698961937716,0.5641025641025641,1.1550802139037433,5,0.0,1.5425531914893618,290,76.0,5.673323267171493,2.217241379310345,5.0,0.03103448275862069,0.23793103448275862,2.0,0.35106382978723405,1.5909090909090908,0.4696969696969697,0.17647058823529413,7.0,1.3537048190231367,2.69002623364643,2.430616333785812,0.0053475935828877
1,Castles of Spain: Alcaniz (Festiva),F. Moreno-Torroba,10,7,VII,Modern,found,pdf,pdf-20260524T103936Z-3-001/pdf/Castles Of Spain Alcaniz Festiva by Federico Moreno Torroba.pdf,,,,verified_pieces/pdf/xml/Castles Of Spain Alcaniz Festiva by Federico Moreno Torroba.musicxml,,0.0729483282674772,1.0918367346938775,3,1.9316565040650409,0.6046966731898239,0.559322033898305,0.8109756097560976,5,0.0,1.5562310030395137,512,168.0,6.240275845170769,3.005859375,6.0,0.099609375,0.19140625,2.0,0.3069908814589666,2.702970297029703,0.4752475247524752,0.27439024390243905,7.5,1.4578134032158947,2.9317857387272523,2.3932603063444136,0.006097560975609756
1,Castles of Spain: Alcazar de Segovia (Llamada),F. Moreno-Torroba,12,8,IX,Modern,found,pdf,pdf-20260524T103936Z-3-001/pdf/Castles Of Spain Alcazar De Segovia Ilamada by Federico Moreno Torroba.pdf,,,,verified_pieces/pdf/xml/Castles Of Spain Alcazar De Segovia Ilamada by Federico Moreno Torroba.musicxml,,0.05103969754253308,0.8187134502923976,3,1.777777777777778,0.4559643255295429,0.47619047619047616,0.6912878787878788,5,0.0,1.6975425330812854,898,72.0,6.80128303447162,4.6080178173719375,9.0,0.3195991091314031,0.11915367483296214,2.0,0.3270321361058601,2.53757225433526,0.37572254335260113,0.2481060606060606,16.0,1.8168715905487678,3.2468303783491006,2.3590497194965168,0.11742424242424243
1,Castles of Spain: Manzanares el Real (A la Moca Fermosa),F. Moreno-Torroba,8,5,X,Modern,found,pdf,pdf-20260524T103936Z-3-001/pdf/Castles Of Spain Manzanares El Real by Federico Moreno Torroba.pdf,,,,verified_pieces/pdf/xml/Castles Of Spain Manzanares El Real by Federico Moreno Torroba.musicxml,,0.008264462809917356,1.430232558139535,3,1.7716459197787,0.5813333333333334,0.3225806451612903,0.7261410788381742,5,0.0,1.5537190082644627,376,69.0,5.932245187448011,4.867021276595745,10.0,0.35638297872340424,0.10372340425531915,3.0,0.371900826446281,2.3444444444444446,0.5,0.24481327800829875,11.0,1.6208261962198216,3.3691768281615126,2.5009185150211413,0.05394190871369295
1,Castles of Spain: Montemayor (Romance de los Pinos),F. Moreno-Torroba,8,4,IX,Modern,found,pdf,pdf-20260524T103936Z-3-001/pdf/Romance De Los Pinos by Frederico Moreno Torroba.pdf,,,,verified_pieces/pdf/xml/Romance De Los Pinos by Frederico Moreno Torroba.musicxml,,0.03669724770642202,0.9772727272727273,3,1.8240740740740744,0.5177664974619289,0.4166666666666667,0.3148148148148148,2,0.0,1.81651376146789,198,52.0,5.293304824724492,4.166666666666667,7.0,0.20202020202020202,0.13131313131313133,2.0,0.4036697247706422,2.772727272727273,0.5681818181818182,0.32407407407407407,6.666666666666667,1.31132165080856,3.194117726296981,2.376510951855959,0.0
1,Castles of Spain: Siguenza (La Infanta Dureme),F. Moreno-Torroba,8,5,VII,Modern,found,pdf,pdf-20260524T103936Z-3-001/pdf/Castles Of Spain Siguenza La Infanta Duerme by Federico Moreno Torroba.pdf,,,,verified_pieces/pdf/xml/Castles Of Spain Siguenza La Infanta Duerme by Federico Moreno Torroba.musicxml,,0.021621621621621623,1.2837837837837838,4,1.764945652173913,0.5209003215434084,0.6271186440677966,0.8858695652173914,4,0.0,1.6864864864864866,312,96.0,5.746203190540153,3.03525641025641,7.0,0.1282051282051282,0.1891025641025641,2.700000000000003,0.41621621621621624,2.3506493506493507,0.5714285714285714,0.27717391304347827,9.0,1.7482423186663176,2.9294579300616443,2.508466975198748,0.03260869565217391
1,Castles of Spain: Torija (Elegia),F. Moreno-Torroba,7,6,IX,Modern,found,pdf,pdf-20260524T103936Z-3-001/pdf/Castles Of Spain Torija Elegia by Federico Moreno Torroba.pdf,,,,verified_pieces/pdf/xml/Castles Of Spain Torija Elegia by Federico Moreno Torroba.musicxml,,0.029411764705882353,1.0,4,1.9142036124794748,0.5173501577287066,0.62,0.7733990147783252,5,0.0,1.5588235294117647,318,120.0,5.765191102784844,4.70125786163522,9.0,0.39308176100628933,0.20440251572327045,2.0,0.3284313725490196,2.985074626865672,0.4626865671641791,0.28078817733990147,10.333333333333334,1.8610921213370895,3.406317801047824,2.5109590847659775,0.10344827586206896
1,Castles of Spain: Turegano (Serranilla),F. Moreno-Torroba,11,7,X,Modern,found,pdf,pdf-20260524T103936Z-3-001/pdf/Castles Of Spain Turegano by Federico Moreno Torroba.pdf,,,,verified_pieces/pdf/xml/Castles Of Spain Turegano by Federico Moreno Torroba.musicxml,,0.06487341772151899,1.0320512820512822,3,2.3585842577918643,0.5597165991902834,0.4572192513368984,0.6196513470681458,5,0.0,1.5648734177215189,989,168.0,6.897704943128636,4.499494438827098,9.0,0.35085945399393326,0.19716885743174925,2.0,0.25158227848101267,3.5220125786163523,0.3836477987421384,0.3232963549920761,12.166666666666666,2.4801836216747275,3.2948698746612486,2.5043455232407728,0.06814580031695722
1,Choros,Domingo Semenzato,5,3,VII,Modern,found,dada_gp,,"datasets/DadaGP-v1.1/S/Semenzato, Domingos/Semenzato, Domingos - Choros.gp4.tokens.txt","datasets/DadaGP-v1.1/S/Semenzato, Domingos/Semenzato, Domingos - Choros.gp4",,"verified_pieces/dada/xml/Semenzato, Domingos - Choros.musicxml",,0.004310344827586207,0.3939393939393939,1,1.4336219336219338,0.6199376947040498,0.7317073170731707,0.8311688311688312,3,0.0496894409937888,1.3879310344827587,322,120.0,5.777652323222656,1.8198757763975155,3.0,0.049689440993788817,0.2639751552795031,1.0,0.3146551724137931,2.684931506849315,0.4246575342465753,0.16883116883116883,7.0,1.1177575010223764,2.4118529259280637,2.5253383745544498,0.06060606060606061
1,Choros No. 1,Heitor Villa-Lobos,10,6,VIII,Modern,found,pdf,pdf-20260524T103936Z-3-001/pdf/Choros No 1 by Heitor Villa-Lobos.pdf,,,,verified_pieces/pdf/xml/Choros No 1 by Heitor Villa-Lobos.musicxml,,0.04096385542168675,1.3316326530612246,4,1.489855072463768,0.39887005649717516,0.6689655172413793,0.6086956521739131,4,0.0,2.1349397590361447,886,90.0,6.787844982309579,2.4808126410835216,5.0,0.05756207674943566,0.2200902934537246,2.0,0.4867469879518072,2.757425742574257,0.5297029702970297,0.20772946859903382,9.0,1.4129292864384062,2.848197035660415,2.4692602156051424,0.028985507246376812
1,Cinco Piezas para guitarra: I. Campero,Astor Piazzolla,12,7,All,Modern,found,pdf,pdf-20260524T103936Z-3-001/pdf/Cinco Piezas Para Guitarra I Campero by Astor Piazzolla.pdf,,,,verified_pieces/pdf/xml/Cinco Piezas Para Guitarra I Campero by Astor Piazzolla.musicxml,,0.006568144499178982,1.4233576642335766,5,2.4961622807017543,0.726932668329177,0.6569767441860465,0.8947368421052632,5,0.0,1.3185550082101807,803,92.0,6.6895992691789665,5.5280199252802,10.0,0.44084682440846823,0.1382316313823163,3.0,0.22988505747126436,2.3,0.6214285714285714,0.34210526315789475,12.0,2.289554226061119,3.561758360531142,2.4649631039883344,0.001644736842105263
1,Cinco Piezas para guitarra: II. Romantico,Astor Piazzolla,11,7,X,Modern,found,pdf,pdf-20260524T103936Z-3-001/pdf/Romantico by Astor Piazzolla.pdf,,,,verified_pieces/pdf/xml/Romantico by Astor Piazzolla.musicxml,,0.046,1.646067415730337,4,2.128089512358049,0.5053892215568863,0.5560165975103735,0.5851703406813628,3,0.0,1.672,836,100.0,6.729824070489475,6.333732057416268,10.0,0.5538277511961722,0.08732057416267942,3.0,0.366,2.6721311475409837,0.7759562841530054,0.2925851703406814,18.0,2.4210892436692086,3.6040829374983145,2.422329211015299,0.056112224448897796
1,Cinco Piezas para guitarra: III. Acentuado,Astor Piazzolla,14,8,XIII,Modern,found,pdf,pdf-20260524T103936Z-3-001/pdf/Acentuado by Astor Piazzolla.pdf,,,,verified_pieces/pdf/xml/Acentuado by Astor Piazzolla.musicxml,,0.0,1.423529411764706,5,3.0502699055330633,0.6137281292059219,0.6055776892430279,1.1093117408906883,5,0.0,1.503030303030303,744,120.0,6.61338421837956,5.638440860215054,12.0,0.39919354838709675,0.14381720430107528,3.0,0.34545454545454546,1.8654970760233918,0.5029239766081871,0.4817813765182186,13.0,2.647111781140316,3.5398505915018807,2.4630452512166334,0.010121457489878543
1,Cinco Piezas para guitarra: IV. Triston,Astor Piazzolla,13,7,XII,Modern,found,pdf,pdf-20260524T103936Z-3-001/pdf/Triston by Astor Piazzolla.pdf,,,,verified_pieces/pdf/xml/Triston by Astor Piazzolla.musicxml,,0.15,1.766497461928934,4,1.2522522522522523,0.20314547837483618,0.1,0.15444015444015444,2,0.0,2.9384615384615387,764,80.0,6.639875833826536,5.390052356020942,10.0,0.418848167539267,0.17670157068062828,3.0,0.7807692307692308,2.9014778325123154,0.5270935960591133,0.21235521235521235,8.666666666666668,1.7685137227360301,3.5136258169479286,2.495758948919184,0.2625482625482625
1,Cinco Piezas para guitarra: V. Compadre,Astor Piazzolla,11,7,X,Modern,found,pdf,pdf-20260524T103936Z-3-001/pdf/Compadre by Astor Piazzolla.pdf,,,,verified_pieces/pdf/xml/Compadre by Astor Piazzolla.musicxml,,0.020224719101123594,1.1962616822429906,3,2.1955705705705704,0.6073619631901841,0.6162790697674418,0.8243243243243243,4,0.0,1.4674157303370787,653,120.0,6.483107351457199,4.509954058192956,9.0,0.29249617151607965,0.1439509954058193,3.0,0.24044943820224718,2.3271028037383177,0.6261682242990654,0.31756756756756754,17.0,2.167078189095268,3.48578874505281,2.48346753624456,0.02927927927927928
1,Cinq Preludes: Prelude No.  1,Heitor Villa-Lobos,9,7,All,Modern,found,pdf,pdf-20260524T103936Z-3-001/pdf/Prelude No 1 E Minor by Heitor Villa Lobos.pdf,,,,verified_pieces/pdf/xml/Prelude No 1 E Minor by Heitor Villa Lobos.musicxml,,0.0273972602739726,0.7158671586715867,3,2.7871951219512194,0.3270481144343303,0.42391304347826086,0.5579268292682927,3,0.0,2.3424657534246576,1539,120.0,7.3395376954076745,3.359324236517219,10.0,0.2962962962962963,0.49317738791423,2.0,0.6453576864535768,2.2429245283018866,0.20754716981132076,0.3628048780487805,14.0,3.445413641511628,2.786369528751284,2.334106631290862,0.18292682926829268
1,Cinq Preludes: Prelude No.  4,Heitor Villa-Lobos,9,6,XII,Modern,found,dada_gp,,"datasets/DadaGP-v1.1/V/Villa/Villa-Lobos, Heitor - Prelude n-4 in Em.gp4.tokens.txt","datasets/DadaGP-v1.1/V/Villa/Villa-Lobos, Heitor - Prelude n-4 in Em.gp4",,"verified_pieces/dada/xml/Villa-Lobos, Heitor - Prelude n-4 in Em.musicxml",,0.03667481662591687,0.6111111111111112,3,2.746078431372549,0.5891891891891892,0.8535031847133758,1.161764705882353,5,0.0071813285457809,1.3594132029339854,556,60.0,6.322565239927284,3.922661870503597,11.0,0.29856115107913667,0.3669064748201439,2.0,0.11735941320293398,3.6666666666666665,0.20833333333333334,0.31862745098039214,14.0,3.146611048713796,3.013610600016083,2.4613013172900806,0.01715686274509804
1,Clair de Lune,Claude Debussy,14,7,All,Modern,found,pdf,pdf-20260524T103936Z-3-001/pdf/Clair de Lune by Claude Debussy.pdf,,,,verified_pieces/pdf/xml/Clair de Lune by Claude Debussy.musicxml,,0.0,0.9,3,1.5189655172413794,0.5784313725490197,0.7638888888888888,0.7379310344827587,4,0.0,1.404109589041096,205,55.0,5.327876168789581,2.580487804878049,6.0,0.05365853658536585,0.2097560975609756,2.0,0.3561643835616438,1.5384615384615385,0.5192307692307693,0.2689655172413793,7.5,1.291763801597433,2.7246513405055834,2.2409356154597933,0.10344827586206896
1,Clarin de las mosqueteros del rey de Francia (Bugle from the French King's Musketeers),Gaspar Sanz,2,2,III,Baroque,found,pdf,pdf-20260524T103936Z-3-001/pdf/Clarin de los Mosqueteros del Rey de Francia by Gaspar Sanz.pdf,,,,verified_pieces/pdf/xml/Clarin de los Mosqueteros del Rey de Francia by Gaspar Sanz.musicxml,,0.0,0.3103448275862069,2,1.2282608695652173,0.5974025974025974,0.3333333333333333,0.43478260869565216,2,0.0,1.6595744680851063,78,120.0,4.3694478524670215,1.4102564102564104,3.0,0.0,0.4358974358974359,1.1999999999999993,0.6595744680851063,2.5806451612903225,0.41935483870967744,0.08695652173913043,3.0,0.6892538635864213,2.0946610809410893,2.233008967400276,0.0
1,"Clarines y trompetas con canciones muy curiosas Espanolas y de estranjeras naciones (Bugles and Trumpets with Very Interesting Spanish Songs, as well as Songs from Other Foreign Countries)",Gaspar Sanz,3,2,VII,Baroque,found,pdf,pdf-20260524T103936Z-3-001/pdf/Clarines Y Trompetas by Gaspar Sanz.pdf,,,,verified_pieces/pdf/xml/Clarines Y Trompetas by Gaspar Sanz.musicxml,,0.0,0.14814814814814814,3,1.9425675675675675,0.6797752808988764,0.2857142857142857,0.32432432432432434,3,0.0,1.2013422818791946,179,120.0,5.19295685089021,3.2513966480446927,7.0,0.18435754189944134,0.30726256983240224,0.0,0.20134228187919462,1.9666666666666666,0.36666666666666664,0.40540540540540543,6.5,1.4687322726344196,2.5909067165683877,2.1403561073302284,0.1554054054054054
1,Come Again,John Dowland,9,4,V,Renaissance,found,pdf,pdf-20260524T103936Z-3-001/pdf/Come Again by John Dowland.pdf,,,,verified_pieces/pdf/xml/Come Again by John Dowland.musicxml,,0.0,1.0232558139534884,3,1.7386138613861386,0.6376306620209059,0.4806201550387597,0.905940594059406,5,0.0,1.4187192118226601,288,100.0,5.666426688112432,2.0069444444444446,4.0,0.013888888888888888,0.3229166666666667,2.0,0.21182266009852216,3.4186046511627906,0.6511627906976745,0.25742574257425743,5.0,1.1457565817512654,2.1252134875676347,2.249234207246147,0.0
1,Confesion,Agustin Barrios Mandore,10,7,XI,Romantic,found,pdf,pdf-20260524T103936Z-3-001/pdf/barrios-confesion.pdf,,,,verified_pieces/pdf/xml/barrios-confesion.musicxml,,0.004106776180698152,1.0265151515151516,5,2.015775034293553,0.5379825653798257,0.8260869565217391,1.1604938271604939,4,0.0,1.6509240246406571,804,110.0,6.690842277418564,4.621890547263682,9.0,0.31716417910447764,0.1791044776119403,2.700000000000017,0.5872689938398358,1.486013986013986,0.3951048951048951,0.32098765432098764,11.0,2.0702790745255393,3.453644458277987,2.351608085661466,0.06584362139917696
1,Contemplacion,Agustin Barrios Mandore,13,7,All,Romantic,found,pdf,pdf-20260524T103936Z-3-001/pdf/Contemplacion (Vals et Tremelo) by Agustin Barrios Mangore.pdf,,,,verified_pieces/pdf/xml/Contemplacion (Vals et Tremelo) by Agustin Barrios Mangore.musicxml,,0.0009345794392523365,1.8387096774193548,5,1.668131525635032,0.42011834319526625,0.5157894736842106,1.3277232351566153,5,0.0,1.0271028037383179,2198,80.0,7.695757990554761,6.442220200181984,11.0,0.5832575068243858,0.12329390354868063,4.0,0.014485981308411215,2.7419354838709675,0.6129032258064516,0.1972884525479196,22.0,3.1783728716130883,3.4130465343639678,1.7451784252720206,0.45582047685834504
1,"Cordoba (from the ""Suite Andina"")",Agustin Barrios Mandore,10,6,All,Romantic,found,pdf,pdf-20260524T103936Z-3-001/pdf/barrios-cordoba.pdf,,,,verified_pieces/pdf/xml/barrios-cordoba.musicxml,,0.014218009478672985,1.2077922077922079,4,2.476031746031746,0.5798816568047337,0.34615384615384615,0.7285714285714285,4,0.0,1.6066350710900474,339,90.0,5.8289456176102075,4.421828908554573,8.0,0.23008849557522124,0.1504424778761062,3.0,0.36492890995260663,2.116883116883117,0.5064935064935064,0.4,15.4,2.1274645512867205,3.237276324054041,2.5028740909940477,0.023809523809523808
1,Cordoba from Antos de Espana,Isaac Albeniz,16,9,All,Romantic,found,pdf,pdf-20260524T103936Z-3-001/pdf/Cordoba by Issac Albeniz.pdf,,,,verified_pieces/pdf/xml/Cordoba by Issac Albeniz.musicxml,,0.1025974025974026,1.6555772994129159,5,2.30914607715648,0.3478973238667395,0.7692307692307693,0.6957087126137841,3,0.0,2.379220779220779,1832,120.0,7.513709247839705,5.057314410480349,10.0,0.3133187772925764,0.1168122270742358,3.0,0.6714285714285714,2.586073500967118,0.4119922630560928,0.3433029908972692,15.5,2.66639969549283,3.4899246886403175,2.4868029456543694,0.1222366710013004
1,Courante,Silvius Leopold Weiss,6,3,III,Baroque,found,dada_gp,,"datasets/DadaGP-v1.1/W/Weiss, Silvius Leopold/Weiss, Silvius Leopold - Courante.gp3.tokens.txt","datasets/DadaGP-v1.1/W/Weiss, Silvius Leopold/Weiss, Silvius Leopold - Courante.gp3",,"verified_pieces/dada/xml/Weiss, Silvius Leopold - Courante.musicxml",,0.008849557522123894,0.8636363636363636,2,1.5758928571428572,0.7028985507246377,0.5072463768115942,0.5803571428571429,3,0.0139860139860139,1.2300884955752212,139,90.0,4.941642422609304,2.884892086330935,7.0,0.1366906474820144,0.23741007194244604,2.0,0.19469026548672566,3.0454545454545454,0.9090909090909091,0.22321428571428573,7.0,1.3270197231628718,2.753017638758782,2.185854456194783,0.08035714285714286
1,"Courante from Cello Suite No. III, BWV 1009",J.S. Bach,9,4,IX,Baroque,found,pdf,pdf-20260524T103936Z-3-001/pdf/BWV 1009 Courante by Johann Sebastian Bach.pdf,,,,verified_pieces/pdf/xml/BWV 1009 Courante by Johann Sebastian Bach.musicxml,,0.0,1.1176470588235294,3,3.2276380153738646,0.8685258964143426,0.6216216216216216,0.7966457023060797,4,0.0,1.0523012552301256,503,120.0,6.222576268071369,4.423459244532803,8.0,0.268389662027833,0.17892644135188868,3.0,0.03556485355648536,4.0,0.7058823529411765,0.3584905660377358,22.0,4.197745122786841,3.331718916431154,2.1833016809621046,0.012578616352201259
1,Dance,Hans Neusidler,1,1,I,Renaissance,found,pdf,pdf-20260524T103936Z-3-001/pdf/Italian Dance by Hans Neusidler.pdf,,,,verified_pieces/pdf/xml/Italian Dance by Hans Neusidler.musicxml,,0.025157232704402517,0.6296296296296297,2,1.5158227848101267,0.6023622047244095,0.3,0.25949367088607594,3,0.0,1.6037735849056605,255,120.0,5.545177444479562,1.4901960784313726,3.0,0.0,0.3568627450980392,2.0,0.33962264150943394,2.9444444444444446,0.24074074074074073,0.17088607594936708,4.0,0.9865548272163684,2.1757397083569305,2.323000019686849,0.0189873417721519
1,Dance de las hachas (Dance of the Axes),Gaspar Sanz,3,1,I,Baroque,found,pdf,pdf-20260524T103936Z-3-001/pdf/Dance de las Hachas by Gapsar Sanz.pdf,,,,verified_pieces/pdf/xml/Dance de las Hachas by Gapsar Sanz.musicxml,,0.0,0.6666666666666666,2,1.4428571428571428,0.7368421052631579,0.3333333333333333,0.4142857142857143,2,0.0,1.352112676056338,96,140.0,4.574710978503383,1.2708333333333333,3.0,0.0,0.375,2.0,0.2535211267605634,2.7777777777777777,0.5555555555555556,0.14285714285714285,3.0,0.8479132715671889,2.042742981206788,2.3572313828747555,0.0
1,Dance of the Miller from The Three-Cornered Hat,Manuel de Falla,8,4,VIII,Modern,found,pdf,pdf-20260524T103936Z-3-001/pdf/Dance of the miller by Manual de Falla.pdf,,,,verified_pieces/pdf/xml/Dance of the miller by Manual de Falla.musicxml,,0.24105461393596986,0.9904761904761905,3,1.050691823899371,0.1967312348668281,0.22941176470588234,0.21509433962264152,3,0.0,3.1129943502824857,1653,120.0,7.4109518755836366,2.454930429522081,5.0,0.06291591046581972,0.26981246218995764,2.0,0.60075329566855,3.727272727272727,0.14733542319749215,0.12264150943396226,8.0,1.2642896197286824,2.7341921717103626,2.552965991611445,0.2962264150943396
1,Danza,Anonymous,5,3,V,Renaissance,found,pdf,pdf-20260524T103936Z-3-001/pdf/Danza Cubana by Anonymous.pdf,,,,verified_pieces/pdf/xml/Danza Cubana by Anonymous.musicxml,,0.0,0.6666666666666666,2,1.5090180360721444,0.6133942161339422,0.8188679245283019,1.4008016032064128,5,0.0,1.316,658,88.0,6.490723534502507,1.78419452887538,4.0,0.04559270516717325,0.3768996960486322,2.0,0.25,2.944,0.224,0.1963927855711423,12.0,1.469491174852014,2.3970128401946447,2.4413988093221755,0.008016032064128256
1,Danza Caracteristica (para el quitate de la acera),Leo Brouwer,7,8,X,Modern,found,pdf,pdf-20260524T103936Z-3-001/pdf/Danza Caracteristica by Leo Brouwer.pdf,,,,verified_pieces/pdf/xml/Danza Caracteristica by Leo Brouwer.musicxml,,0.0,1.5463917525773196,4,1.6328042328042327,0.5347593582887701,0.6666666666666666,0.8650793650793651,5,0.0,1.482849604221636,562,116.0,6.333279628139691,3.204626334519573,7.0,0.12099644128113879,0.2313167259786477,3.0,0.2955145118733509,2.375,0.39285714285714285,0.2671957671957672,7.5,1.5340385472465434,3.1516346377191113,2.4647478919677814,0.08994708994708994
1,Danza Espanola No. 3 (Fandango),Enrique Granados,8,5,XII,Romantic,found,pdf,pdf-20260524T103936Z-3-001/pdf/Danza Espanola No 3 Zarabanda by Enrique Granados.pdf,,,,verified_pieces/pdf/xml/Danza Espanola No 3 Zarabanda by Enrique Granados.musicxml,,0.01034928848641656,1.0369515011547343,3,1.924222797927461,0.4986559139784946,0.2945205479452055,0.41968911917098445,3,0.0,1.926261319534282,1489,170.0,7.306531398939505,3.498321020819342,9.0,0.1974479516453996,0.2491605104096709,3.0,0.5937904269081501,2.810457516339869,0.1895424836601307,0.2772020725388601,9.0,1.61262685893853,3.071188766694104,2.480198822476473,0.025906735751295335
1,Danza Espanola No. 4 (Villanesca),Enrique Granados,18,9,All,Romantic,found,pdf,pdf-20260524T103936Z-3-001/pdf/Danza Espaola No 4 Villanesca by Enrique Granados.pdf,,,,verified_pieces/pdf/xml/Danza Espaola No 4 Villanesca by Enrique Granados.musicxml,,0.016037735849056604,0.8516746411483254,4,2.0609379918161785,0.4919678714859438,0.2532467532467532,0.23229461756373937,3,0.0,1.880188679245283,1993,75.0,7.597897950521784,3.643251379829403,10.0,0.2303060712493728,0.32313095835423983,2.3000000000000114,0.40943396226415096,2.6382488479262673,0.2073732718894009,0.3342776203966006,10.5,1.8432729729454682,3.2249109099312325,2.3447112499205924,0.05854579792256846
1,Danza Guarani,Agustin Barrios Mandore,11,6,XIV,Romantic,found,pdf,pdf-20260524T103936Z-3-001/pdf/Danza Guarani by Augustin Barrios.pdf,,,,verified_pieces/pdf/xml/Danza Guarani by Augustin Barrios.musicxml,,0.013605442176870748,1.0845070422535212,3,2.983447488584475,0.5826086956521739,0.5121951219512195,0.8972602739726028,5,0.0,1.5714285714285714,231,90.0,5.44673737166631,6.06926406926407,12.0,0.5281385281385281,0.19047619047619047,2.0,0.48299319727891155,1.8591549295774648,0.5352112676056338,0.4315068493150685,14.5,3.0196530895930955,3.4150645946491527,2.340993035755486,0.0547945205479452
1,Danza Paraguaya,Agustin Barrios Mandore,10,5,X,Romantic,found,pdf,pdf-20260524T103936Z-3-001/pdf/Danza Paraguaya No 1 by Agustin Barrios Mangore.pdf,,,,verified_pieces/pdf/xml/Danza Paraguaya No 1 by Agustin Barrios Mangore.musicxml,,0.0,1.1363636363636365,4,2.6784411276948585,0.6846011131725418,0.7772511848341233,1.3059701492537314,5,0.0,1.3399503722084367,540,60.0,6.293419278846481,5.57037037037037,10.0,0.4759259259259259,0.15925925925925927,3.0,0.2729528535980149,1.8818181818181818,0.34545454545454546,0.40049751243781095,14.0,2.6751377892091637,3.362183718000608,2.5322554510780915,0.004975124378109453
1,Diana Guarani,Agustin Barrios Mandore,14,8,All,Romantic,found,pdf,pdf-20260524T103936Z-3-001/pdf/barrios-diana.pdf,,,,verified_pieces/pdf/xml/barrios-diana.musicxml,,0.03131749460043196,1.088235294117647,5,1.8987387387387389,0.456266318537859,0.6027397260273972,0.5394594594594595,5,0.0,1.6555075593952484,1533,75.0,7.335633981927201,5.378995433789954,11.0,0.40574037834311805,0.19960861056751467,2.0,0.33153347732181426,3.1140065146579805,0.49185667752442996,0.2756756756756757,14.0,2.273209469473263,3.6078681302520423,2.4721952855165723,0.12216216216216216
1,"Diferencias Sobre ""Guardame Las Vacas""",Luys de Narvaez,8,5,V,Renaissance,found,pdf,pdf-20260524T103936Z-3-001/pdf/Diferencias Sobre Guardame Las Vacas by Luis de Narvaez.pdf,,,,verified_pieces/pdf/xml/Diferencias Sobre Guardame Las Vacas by Luis de Narvaez.musicxml,,0.0,0.5714285714285714,3,1.9370937790157847,0.7489270386266095,0.4711111111111111,0.5236768802228412,4,0.0,1.2972222222222223,467,160.0,6.148468295917647,2.2655246252676657,5.0,0.044967880085653104,0.2955032119914347,2.0,0.21944444444444444,3.088607594936709,0.620253164556962,0.28690807799442897,7.0,1.2149482669735971,2.7388148942643133,2.5102364907192305,0.002785515320334262
1,"Divertimento, Op. 40 no. 12",Mauro Giuliani,7,2,II,Classical,found,pdf,pdf-20260524T103936Z-3-001/pdf/giuliani-op40-12.pdf,,,,verified_pieces/pdf/xml/giuliani-op40-12.musicxml,,0.00423728813559322,0.7692307692307693,3,1.5887943262411348,0.638728323699422,0.819047619047619,0.9617021276595744,3,0.0,1.4703389830508475,347,52.0,5.8522024797744745,1.2363112391930835,3.0,0.0,0.4265129682997118,2.0,0.3347457627118644,3.329113924050633,0.3924050632911392,0.20425531914893616,4.0,0.8765555374193779,1.974424743418309,2.458093166928413,0.0
1,Don Perez Freire (Tango),Agustin Barrios Mangore,8,7,All,Romantic,found,pdf,pdf-20260524T103936Z-3-001/pdf/Don Perez Freire Tango by Agustin Barrios Mangore.pdf,,,,verified_pieces/pdf/xml/Don Perez Freire Tango by Agustin Barrios Mangore.musicxml,,0.013793103448275862,1.0729166666666667,5,2.802191464821223,0.5697940503432495,0.5944055944055944,0.8685121107266436,5,0.0,1.5103448275862068,438,80.0,6.0844994130751715,5.666666666666667,10.0,0.5228310502283106,0.2100456621004566,3.0,0.33448275862068966,2.7422680412371134,0.5876288659793815,0.4186851211072664,14.0,2.7955261333814247,3.199541101676594,2.473635118219577,0.04844290657439446
1,Dos preludios - I,Joaquin Rodrigo,16,8,XII,Modern,found,pdf,pdf-20260524T103936Z-3-001/pdf/Dos Preludes No 1 by Joaquin Rodrigo.pdf,,,,verified_pieces/pdf/xml/Dos Preludes No 1 by Joaquin Rodrigo.musicxml,,0.0011441647597254005,0.68,4,2.2888507063764796,0.7267384916748286,0.5691573926868044,0.6334478808705613,5,0.0,1.1693363844393592,1022,56.0,6.930494765951626,4.2641878669275926,10.0,0.28864970645792565,0.27495107632093935,2.0,0.14302059496567507,2.776,0.608,0.2920962199312715,22.0,2.3767862081766458,3.3076408710472442,2.3003845859410395,0.006872852233676976
1,Dos Temas Populares Cubanos - Berceuse - Cancion de Cuna,Leo Brouwer,9,7,V,Modern,found,pdf,pdf-20260524T103936Z-3-001/pdf/Cancion De Cuna by Leo Brouwer.pdf,,,,verified_pieces/pdf/xml/Cancion De Cuna by Leo Brouwer.musicxml,gaps_v1/musicxml/brouwer-berceuse.xml,0.0017574692442882249,0.6686390532544378,4,1.7174295774647887,0.5481927710843374,0.6705426356589147,0.7429577464788732,4,0.0,1.460456942003515,831,90.0,6.723832440821209,2.2767749699157642,5.0,0.018050541516245487,0.3212996389891697,2.0,0.3093145869947276,2.590909090909091,0.23295454545454544,0.3045774647887324,7.666666666666667,1.4134665613312338,2.506656516246088,2.5070404809729703,0.03345070422535211
1,Dos Temas Populares Cubanos - Les Yeux Sorciers - Ojos Brujos,Leo Brouwer,9,7,X,Modern,found,pdf,pdf-20260524T103936Z-3-001/pdf/Les Yeux Sorciers (Ojos Brujos) by Leo Brouwer.pdf,,,,verified_pieces/pdf/xml/Les Yeux Sorciers (Ojos Brujos) by Leo Brouwer.musicxml,,0.015151515151515152,0.7111111111111111,3,2.285171102661597,0.5421166306695464,0.6545454545454545,0.8403041825095057,5,0.0,1.7575757575757576,464,60.0,6.142037405587356,2.7564655172413794,7.0,0.10560344827586207,0.2995689655172414,2.0,0.5265151515151515,2.5035971223021583,0.5827338129496403,0.3650190114068441,12.0,2.1071587705651997,2.9851709666076554,2.5204070091951074,0.0
1,Dos trompetas de la reina de Suecia (Two Trumpets of the Swedish Queen),Gaspar Sanz,2,2,VII,Baroque,found,pdf,pdf-20260524T103936Z-3-001/pdf/Dos Trompetas de la Reina de Suecia by Gaspar Sanz.pdf,,,,verified_pieces/pdf/xml/Dos Trompetas de la Reina de Suecia by Gaspar Sanz.musicxml,,0.0,0.4,2,2.1018518518518516,0.5921052631578947,0.058823529411764705,0.14814814814814814,1,0.0,1.4,77,120.0,4.356708826689592,3.4805194805194803,9.0,0.2077922077922078,0.24675324675324675,1.1000000000000014,0.36363636363636365,2.3,0.75,0.3888888888888889,6.5,1.7837476923331894,2.790379549319586,2.392394348452386,0.14814814814814814
1,Douze Etudes - Etude No. 10,Heitor Villa-Lobos,13,7,X,Modern,found,pdf,pdf-20260524T103936Z-3-001/pdf/Etude No 10 by Heitor Villa-Lobos.pdf,,,,verified_pieces/pdf/xml/Etude No 10 by Heitor Villa-Lobos.musicxml,,0.0034602076124567475,0.8284023668639053,2,2.7069668976135492,0.6331409727947238,0.19198664440734559,0.2863741339491917,5,0.0,1.400230680507497,1214,85.0,7.102499355774649,4.312191103789127,9.0,0.28500823723228996,0.257001647446458,2.0,0.19492502883506344,2.668639053254438,0.31952662721893493,0.394919168591224,14.0,2.245319503719313,3.2115565488329065,2.4927366056776927,0.09006928406466513
1,Douze Etudes - Etude No. 11,Heitor Villa-Lobos,10,9,XIV,Modern,found,pdf,pdf-20260524T103936Z-3-001/pdf/Etude No 11 In Em by Heitor Villa-Lobos.pdf,,,,verified_pieces/pdf/xml/Etude No 11 In Em by Heitor Villa-Lobos.musicxml,,0.0,0.546448087431694,3,3.4898648648648645,0.4148191365227538,0.9651639344262295,0.833976833976834,3,0.0,1.6538090646094503,1715,50.0,7.447751280047908,2.567930029154519,9.0,0.18134110787172011,0.6431486880466473,1.0,0.46383799421407906,1.5197505197505197,0.08731808731808732,0.5588803088803089,14.0,3.5916244093243392,2.259724727060149,2.276970291588569,0.22683397683397682
1,Douze Etudes - Etude No. 12,Heitor Villa-Lobos,14,8,XII,Modern,found,pdf,pdf-20260524T103936Z-3-001/pdf/Etude No 12 In Am by Heitor Villa-Lobos.pdf,,,,verified_pieces/pdf/xml/Etude No 12 In Am by Heitor Villa-Lobos.musicxml,,0.06388888888888888,0.8359511343804538,6,1.2660871580899395,0.1832191780821918,0.4915254237288136,0.12239221140472879,2,0.0,2.4347222222222222,1753,180.0,7.469654172932128,4.511694238448374,10.0,0.30233884768967484,0.2367370222475756,2.0,0.8083333333333333,2.0120274914089347,0.11683848797250859,0.17107093184979139,14.0,2.3658658405598945,3.5187299639315053,2.474803570154721,0.5382475660639777
1,Douze Etudes - Etude No. 3,Heitor Villa-Lobos,14,7,XII,Modern,found,pdf,pdf-20260524T103936Z-3-001/pdf/Etude No 3 by Heitor Villa-Lobos.pdf,,,,verified_pieces/pdf/xml/Etude No 3 by Heitor Villa-Lobos.musicxml,,0.02766798418972332,1.0434782608695652,3,1.8832671957671958,0.673972602739726,0.2471264367816092,0.2222222222222222,2,0.0,1.4466403162055337,366,108.0,5.905361848054571,4.03551912568306,9.5,0.20765027322404372,0.16939890710382513,3.0,0.18181818181818182,3.239130434782609,0.8260869565217391,0.24206349206349206,8.0,1.423657276073681,3.39321817565506,2.4779758326961883,0.0
1,Douze Etudes - Etude No. 4,Heitor Villa-Lobos,12,9,All,Modern,found,pdf,pdf-20260524T103936Z-3-001/pdf/Etude No 4 in G by Heitor Villa Lobos.pdf,,,,verified_pieces/pdf/xml/Etude No 4 in G by Heitor Villa Lobos.musicxml,,0.17983963344788087,1.3384982121573301,20,0.589545107033639,0.07922788821665226,0.0,0.0011467889908256881,1,0.0,3.97709049255441,3472,44.0,8.152774052744075,3.8862327188940093,9.0,0.21947004608294932,0.2865783410138249,2.0,0.9725085910652921,3.3521790341578326,0.2143698468786808,0.09288990825688073,9.25,1.2608229051168496,3.3611343223172625,2.495856789282944,0.6467889908256881
1,Douze Etudes - Etude No. 5,Heitor Villa-Lobos,11,7,XII,Modern,found,pdf,pdf-20260524T103936Z-3-001/pdf/Bachiana Brasileiras No 5 by Heitor Villa Lobos.pdf,,,,verified_pieces/pdf/xml/Bachiana Brasileiras No 5 by Heitor Villa Lobos.musicxml,,0.0016051364365971107,0.9747899159663865,5,1.5284030010718115,0.5855106888361045,0.8719806763285024,1.1736334405144695,4,0.0,1.3531300160513644,843,38.0,6.738152494595957,2.620403321470937,6.0,0.08778173190984578,0.27164887307236063,2.0,0.21187800963081863,2.4318181818181817,0.42424242424242425,0.22990353697749197,7.0,1.4005121379163974,2.852527461951522,2.4305287356626177,0.06752411575562701
1,Douze Etudes - Etude No. 6,Heitor Villa-Lobos,9,8,XII,Modern,found,pdf,pdf-20260524T103936Z-3-001/pdf/Etude No 6 in Em by Heitor Villa Lobos.pdf,,,,verified_pieces/pdf/xml/Etude No 6 in Em by Heitor Villa Lobos.musicxml,,0.06609195402298851,3.2081447963800906,21,2.8531219980787705,0.36663007683863885,1.0,1.5100864553314122,4,0.0,2.6206896551724137,912,100.0,6.816735880594968,4.530701754385965,10.0,0.26206140350877194,0.17982456140350878,10.0,0.6551724137931034,2.6666666666666665,0.5833333333333334,0.4553314121037464,12.333333333333334,2.6373552416531276,3.5324302296994783,2.482802940572768,0.0
1,Douze Etudes - Etude No. 7,Heitor Villa-Lobos,13,7,All,Modern,found,pdf,pdf-20260524T103936Z-3-001/pdf/Etude No 7 in E by Heitor Villa Lobos.pdf,,,,verified_pieces/pdf/xml/Etude No 7 in E by Heitor Villa Lobos.musicxml,,0.06851549755301795,1.134453781512605,6,2.509640522875817,0.6179138321995464,0.5617715617715617,0.7777777777777778,3,0.0,1.4404567699836868,883,120.0,6.784457062637643,4.262740656851642,9.0,0.23782559456398641,0.16194790486976218,3.0,0.19575856443719414,3.2916666666666665,0.525,0.3202614379084967,13.0,2.711326503827046,3.4394054549947213,2.453346019305638,0.0032679738562091504
1,Douze Etudes - Etude No. 8,Heitor Villa-Lobos,12,8,X,Modern,found,pdf,pdf-20260524T103936Z-3-001/pdf/Etude No 8 in E by Heitor Villa-Lobos.pdf,,,,verified_pieces/pdf/xml/Etude No 8 in E by Heitor Villa-Lobos.musicxml,,0.04716981132075472,1.247191011235955,3,1.7141955835962144,0.5571428571428572,0.7900552486187845,0.7634069400630915,3,0.0,1.5440251572327044,491,80.0,6.198478716492308,4.9837067209775965,9.0,0.35845213849287166,0.12423625254582485,3.0,0.2830188679245283,2.588888888888889,0.6111111111111112,0.22082018927444794,7.0,1.6900546264340106,3.1798952851423326,2.5020367489368462,0.00946372239747634
1,Douze Etudes - Etude No. 9,Heitor Villa-Lobos,13,7,XIV,Modern,found,pdf,pdf-20260524T103936Z-3-001/pdf/Etude No 9 in F sharp Minor by Heitor Villa Lobos.pdf,,,,verified_pieces/pdf/xml/Etude No 9 in F sharp Minor by Heitor Villa Lobos.musicxml,,0.0049586776859504135,1.0095238095238095,20,2.9991169977924947,0.7043010752688172,0.5529411764705883,0.9387417218543046,5,0.0,1.2314049586776858,745,80.0,6.61472560020376,5.5275167785234895,12.0,0.40268456375838924,0.1597315436241611,2.0,0.1834710743801653,1.5945945945945945,0.6036036036036037,0.304635761589404,22.0,3.8546980156752917,3.6518684784852264,2.3284247048131173,0.013245033112582781
1,Dove son quei fieri occhi?,Anonymous,5,3,V,Renaissance,found,pdf,pdf-20260524T103936Z-3-001/pdf/Dove Son Quei Fieri Occhi by Anonymous.pdf,,,,verified_pieces/pdf/xml/Dove Son Quei Fieri Occhi by Anonymous.musicxml,,0.04411764705882353,1.108695652173913,2,1.1616915422885572,0.3584905660377358,0.3333333333333333,0.11940298507462686,2,0.0,2.3529411764705883,160,100.0,5.081404364984463,1.73125,4.0,0.0125,0.26875,2.0,0.6764705882352942,2.4130434782608696,0.5434782608695652,0.14925373134328357,4.0,1.0708601296582347,2.4178721936671312,2.255120984522411,0.14925373134328357
1,Einleitende Etuden (Introductory Studies); Op. 60 no. 1,Fernando Sor,1,1,I,Classical,found,pdf,pdf-20260524T103936Z-3-001/pdf/Opus 60 No 1 by Fernando Sor.pdf,,,,verified_pieces/pdf/xml/Opus 60 No 1 by Fernando Sor.musicxml,,0.0,0.0,0,1.6436781609195403,0.8225806451612904,0.6666666666666666,0.9827586206896551,5,0.0,1.0677966101694916,63,150.0,4.1588830833596715,1.1746031746031746,3.0,0.0,0.4444444444444444,0.0,0.03389830508474576,2.0,1.0,0.3103448275862069,3.0,1.0299389353723118,1.8300263952353129,2.2688814749947452,0.0
1,Einleitende Etuden (Introductory Studies); Op. 60 no. 10,Fernando Sor,2,1,I,Classical,found,pdf,pdf-20260524T103936Z-3-001/pdf/Opus 60 No 10 by Fernando Sor.pdf,,,,verified_pieces/pdf/xml/Opus 60 No 10 by Fernando Sor.musicxml,,0.0,0.0,0,1.5304347826086957,0.7983193277310925,0.8715596330275229,1.7826086956521738,5,0.0,1.0344827586206897,120,120.0,4.795790545596741,1.2583333333333333,3.0,0.0,0.4166666666666667,0.0,0.02586206896551724,3.3333333333333335,1.0,0.25217391304347825,3.0,1.0514729968658236,1.8742377317056353,2.4413253927799228,0.02608695652173913
1,Einleitende Etuden (Introductory Studies); Op. 60 no. 11,Fernando Sor,3,2,III,Classical,found,pdf,pdf-20260524T103936Z-3-001/pdf/Opus 60 No 11 by Fernando Sor.pdf,,,,verified_pieces/pdf/xml/Opus 60 No 11 by Fernando Sor.musicxml,,0.0,0.5,1,1.4941176470588236,0.7687861271676301,0.891566265060241,1.2058823529411764,3,0.0,1.0175438596491229,174,120.0,5.1647859739235145,1.3218390804597702,3.0,0.0,0.4540229885057471,0.9,0.011695906432748537,2.0,1.0,0.21176470588235294,5.0,1.2150868224777889,2.0758492839960163,1.9216272485431825,0.0
1,Einleitende Etuden (Introductory Studies); Op. 60 no. 13,Fernando Sor,3,2,I,Classical,found,pdf,pdf-20260524T103936Z-3-001/pdf/Opus 60 No 13 by Fernando Sor.pdf,,,,verified_pieces/pdf/xml/Opus 60 No 13 by Fernando Sor.musicxml,,0.0,0.5740740740740741,2,1.4928315412186377,0.5297619047619048,0.6,0.5806451612903226,2,0.0,1.797872340425532,169,100.0,5.135798437050262,1.2958579881656804,3.0,0.0,0.40236686390532544,1.0,0.7340425531914894,2.217391304347826,0.2898550724637681,0.21505376344086022,3.0,0.8658232656934919,1.9009487242769672,2.257810367393154,0.021505376344086023
1,Einleitende Etuden (Introductory Studies); Op. 60 no. 14,Fernando Sor,3,3,III,Classical,found,pdf,pdf-20260524T103936Z-3-001/pdf/Opus 60 No 14 in E Minor by Fernando Sor.pdf,,,,verified_pieces/pdf/xml/Opus 60 No 14 in E Minor by Fernando Sor.musicxml,,0.0,0.7352941176470589,9,1.3015873015873016,0.47586206896551725,0.6666666666666666,0.5952380952380952,4,0.0,1.7176470588235293,146,120.0,4.990432586778736,1.1164383561643836,3.0,0.00684931506849315,0.4726027397260274,1.6999999999999993,0.5176470588235295,2.340909090909091,0.6818181818181818,0.14285714285714285,4.333333333333333,1.0097003689070463,1.9191332697627403,2.4318571053523894,0.011904761904761904
1,Einleitende Etuden (Introductory Studies); Op. 60 no. 15,Fernando Sor,3,3,II,Classical,found,pdf,pdf-20260524T103936Z-3-001/pdf/Opus 60 No 15 by Fernando Sor.pdf,,,,verified_pieces/pdf/xml/Opus 60 No 15 by Fernando Sor.musicxml,,0.0,0.7142857142857143,5,1.3010752688172043,0.625,0.8787878787878788,1.2903225806451613,4,0.0,1.202127659574468,113,120.0,4.736198448394496,1.5575221238938053,4.0,0.008849557522123894,0.336283185840708,1.0,0.14893617021276595,1.6428571428571428,0.5714285714285714,0.06451612903225806,5.5,1.0623507174673075,2.0223089163294614,2.4240750519843184,0.03225806451612903
1,Einleitende Etuden (Introductory Studies); Op. 60 no. 16,Fernando Sor,6,3,VII,Classical,found,pdf,pdf-20260524T103936Z-3-001/pdf/Opus 60 No 16 by Fernando Sor.pdf,,,,verified_pieces/pdf/xml/Opus 60 No 16 by Fernando Sor.musicxml,,0.0,0.7941176470588235,3,1.6435786435786437,0.5689149560117303,0.5128205128205128,0.7359307359307359,4,0.0,1.4741379310344827,342,70.0,5.8377304471659395,1.628654970760234,4.0,0.0029239766081871343,0.41228070175438597,2.0,0.38362068965517243,1.7415730337078652,0.4157303370786517,0.3116883116883117,5.0,1.1982213399273622,2.2170607126720308,2.2682397086196997,0.05194805194805195
1,Einleitende Etuden (Introductory Studies); Op. 60 no. 17,Fernando Sor,4,2,II,Classical,found,pdf,pdf-20260524T103936Z-3-001/pdf/Opus 60 No 17 by Fernando Sor.pdf,,,,verified_pieces/pdf/xml/Opus 60 No 17 by Fernando Sor.musicxml,,0.0,0.0,0,1.4883720930232558,0.8009259259259259,0.9765258215962441,2.2232558139534886,5,0.0,1.0046296296296295,217,110.0,5.384495062789089,1.3225806451612903,3.0,0.0,0.3686635944700461,0.0,0.004629629629629629,1.0,1.0,0.23255813953488372,3.0,1.0526178445490373,1.9784979446983144,2.458687899630112,0.0
1,Einleitende Etuden (Introductory Studies); Op. 60 no. 18,Fernando Sor,4,3,II,Classical,found,pdf,pdf-20260524T103936Z-3-001/pdf/Opus 60 No 18 by Fernando Sor.pdf,,,,verified_pieces/pdf/xml/Opus 60 No 18 by Fernando Sor.musicxml,,0.02666666666666667,0.56,2,1.1839464882943145,0.6831395348837209,0.9921259842519685,1.4414715719063544,4,0.0,1.15,345,108.0,5.846438775057725,1.4202898550724639,3.0,0.0,0.2753623188405797,1.6000000000000014,0.08333333333333333,3.56,0.4,0.12040133779264214,4.0,0.9488148033935426,2.0975051182951385,2.3783846023521855,0.0
1,Einleitende Etuden (Introductory Studies); Op. 60 no. 19,Fernando Sor,3,2,III,Classical,found,pdf,pdf-20260524T103936Z-3-001/pdf/Opus 60 No 19 by Fernando Sor.pdf,,,,verified_pieces/pdf/xml/Opus 60 No 19 by Fernando Sor.musicxml,,0.0,0.8333333333333334,4,1.4014675052410903,0.4953271028037383,0.234375,0.710691823899371,2,0.0,1.34375,215,120.0,5.375278407684165,1.1255813953488372,3.0,0.004651162790697674,0.5581395348837209,1.8999999999999986,0.30625,1.9387755102040816,0.4489795918367347,0.2830188679245283,5.0,1.3822542375576128,1.9624825376466328,2.1863267381912044,0.27044025157232704
1,Einleitende Etuden (Introductory Studies); Op. 60 no. 2,Fernando Sor,1,1,I,Classical,found,pdf,pdf-20260524T103936Z-3-001/pdf/Opus 60 No 2 by Fernando Sor.pdf,,,,verified_pieces/pdf/xml/Opus 60 No 2 by Fernando Sor.musicxml,,0.0,0.75,2,1.5078125,0.7985074626865671,0.5702479338842975,0.75,3,0.0,1.0465116279069768,135,150.0,4.912654885736052,1.162962962962963,3.0,0.0,0.4074074074074074,1.7000000000000002,0.046511627906976744,2.3333333333333335,1.0,0.203125,3.0,0.9921259823448583,1.827846426386988,1.8110328528713777,0.0390625
1,Einleitende Etuden (Introductory Studies); Op. 60 no. 20,Fernando Sor,3,2,III,Classical,found,pdf,pdf-20260524T103936Z-3-001/pdf/Opus 60 No 20 by Fernando Sor.pdf,,,,verified_pieces/pdf/xml/Opus 60 No 20 by Fernando Sor.musicxml,,0.0,0.0,0,5.464788732394366,0.8112676056338028,0.723943661971831,0.9774647887323944,3,0.0,1.0,356,80.0,5.877735781779639,3.9775280898876404,11.0,0.10955056179775281,0.29213483146067415,0.0,0.0,0.0,0.0,0.504225352112676,22.0,7.327799634991207,2.263003679754497,1.7205835480546148,0.12112676056338029
1,Einleitende Etuden (Introductory Studies); Op. 60 no. 21,Fernando Sor,8,4,X,Classical,found,pdf,pdf-20260524T103936Z-3-001/pdf/Opus 60 No 21 by Fernando Sor.pdf,,,,verified_pieces/pdf/xml/Opus 60 No 21 by Fernando Sor.musicxml,,0.005263157894736842,1.32,11,1.566137566137566,0.49063670411985016,0.27906976744186046,0.6349206349206349,2,0.0,1.4105263157894736,268,120.0,5.594711379601839,1.2761194029850746,3.0,0.014925373134328358,0.5111940298507462,2.0,0.2736842105263158,2.25,0.5,0.25396825396825395,6.5,1.5908338123710175,2.022701271030641,2.0971731359837045,0.2751322751322751
1,Einleitende Etuden (Introductory Studies); Op. 60 no. 23,Fernando Sor,8,4,VI,Classical,found,pdf,pdf-20260524T103936Z-3-001/pdf/Opus 60 No 23 by Fernando Sor.pdf,,,,verified_pieces/pdf/xml/Opus 60 No 23 by Fernando Sor.musicxml,,0.0,1.0,2,2.4671052631578947,0.6902173913043478,0.9545454545454546,1.5394736842105263,5,0.0,1.2091503267973855,185,90.0,5.225746673713202,2.4702702702702704,7.0,0.11891891891891893,0.3891891891891892,2.0,0.20915032679738563,2.53125,0.53125,0.4144736842105263,10.0,2.2599713643909376,2.79413941087198,2.178753827809082,0.02631578947368421
1,Einleitende Etuden (Introductory Studies); Op. 60 no. 24,Fernando Sor,5,3,V,Classical,found,pdf,pdf-20260524T103936Z-3-001/pdf/Opus 60 No 24 by Fernando Sor.pdf,,,,verified_pieces/pdf/xml/Opus 60 No 24 by Fernando Sor.musicxml,,0.0,1.3902439024390243,6,1.7601246105919002,0.6863468634686347,0.9370629370629371,1.0934579439252337,4,0.0,1.2651162790697674,272,100.0,5.60947179518496,1.8602941176470589,3.0,0.011029411764705883,0.2610294117647059,3.0,0.20930232558139536,2.3555555555555556,0.4888888888888889,0.2336448598130841,5.5,1.2328106937784173,2.333385202024753,2.090953011657619,0.014018691588785047
1,Einleitende Etuden (Introductory Studies); Op. 60 no. 25,Fernando Sor,7,5,II,Classical,found,pdf,pdf-20260524T103936Z-3-001/pdf/Opus 60 No 25 by Fernando Sor.pdf,,,,verified_pieces/pdf/xml/Opus 60 No 25 by Fernando Sor.musicxml,,0.009708737864077669,0.6,3,1.949346405228758,0.4971751412429379,0.4791666666666667,0.4215686274509804,2,0.0,1.7281553398058251,178,60.0,5.187385805840755,1.5674157303370786,4.0,0.011235955056179775,0.4438202247191011,1.0,0.33980582524271846,3.1714285714285713,0.5428571428571428,0.3235294117647059,6.5,1.3034413173606942,2.079336665445204,2.4730182189905188,0.049019607843137254
1,Einleitende Etuden (Introductory Studies); Op. 60 no. 3,Fernando Sor,1,1,II,Classical,found,pdf,pdf-20260524T103936Z-3-001/pdf/Opus 60 No 3 by Fernando Sor.pdf,,,,verified_pieces/pdf/xml/Opus 60 No 3 by Fernando Sor.musicxml,,0.0,0.0,0,2.1228070175438596,0.9649122807017544,0.49122807017543857,0.631578947368421,3,0.0,1.0,115,150.0,4.7535901911063645,1.7304347826086957,3.6000000000000085,0.0,0.3391304347826087,0.0,0.0,0.0,0.0,0.3333333333333333,4.0,0.9190035686813189,2.0857543673372634,1.889844197198978,0.0
1,Einleitende Etuden (Introductory Studies); Op. 60 no. 4,Fernando Sor,1,2,I,Classical,found,pdf,pdf-20260524T103936Z-3-001/pdf/Opus 60 No 4 by Fernando Sor.pdf,,,,verified_pieces/pdf/xml/Opus 60 No 4 by Fernando Sor.musicxml,,0.0,0.0,0,1.8055555555555556,0.9629629629629629,0.4722222222222222,0.6296296296296297,3,0.0,1.0,109,150.0,4.700480365792417,1.5871559633027523,3.0,0.0,0.28440366972477066,0.0,0.0,0.0,0.0,0.2777777777777778,4.0,0.9666507022947398,2.0701959683329996,2.1621361110911153,0.009259259259259259
1,Einleitende Etuden (Introductory Studies); Op. 60 no. 5,Fernando Sor,2,2,II,Classical,found,pdf,pdf-20260524T103936Z-3-001/pdf/Opus 60 No 5 by Fernando Sor.pdf,,,,verified_pieces/pdf/xml/Opus 60 No 5 by Fernando Sor.musicxml,,0.0,2.5,5,1.6956521739130435,0.8009478672985783,0.7286432160804021,1.5072463768115942,5,0.0,1.0192307692307692,212,120.0,5.3612921657094255,1.1981132075471699,3.0,0.0047169811320754715,0.4669811320754717,4.5,0.019230769230769232,2.75,0.75,0.25120772946859904,5.0,1.17198804415206,2.018755229857068,2.238851975281134,0.03864734299516908
1,Einleitende Etuden (Introductory Studies); Op. 60 no. 6,Fernando Sor,2,2,I,Classical,found,pdf,pdf-20260524T103936Z-3-001/pdf/Opus 60 No 6 by Fernando Sor.pdf,,,,verified_pieces/pdf/xml/Opus 60 No 6 by Fernando Sor.musicxml,,0.0,0.4,2,1.4140625,0.7410071942446043,0.7476635514018691,1.390625,5,0.0,1.0852713178294573,140,70.0,4.948759890378168,1.1214285714285714,3.0,0.0,0.45714285714285713,1.0999999999999996,0.08527131782945736,2.3636363636363638,0.9090909090909091,0.203125,4.0,1.0791152608010648,1.8708114209477804,2.342324678870298,0.0390625
1,Einleitende Etuden (Introductory Studies); Op. 60 no. 9,Fernando Sor,3,2,I,Classical,found,pdf,pdf-20260524T103936Z-3-001/pdf/Opus 60 No 9 by Fernando Sor.pdf,,,,verified_pieces/pdf/xml/Opus 60 No 9 by Fernando Sor.musicxml,,0.0,2.0,5,1.576271186440678,0.7364341085271318,0.9375,1.2033898305084745,4,0.0,1.0924369747899159,130,120.0,4.875197323201151,1.0615384615384615,3.0,0.015384615384615385,0.5384615384615384,4.2,0.09243697478991597,1.3636363636363635,0.7272727272727273,0.2966101694915254,5.5,1.2865456289115724,1.9114791770040236,2.011627389106459,0.0
1,El abejorro,Emilio Pujol,9,6,XII,Modern,found,pdf,pdf-20260524T103936Z-3-001/pdf/El Abejorro by Emilio Pujol.pdf,,,,verified_pieces/pdf/xml/El Abejorro by Emilio Pujol.musicxml,,0.0,2.0,3,4.426004872107186,0.8329297820823245,0.8803418803418803,1.1583434835566382,4,0.0,1.0060827250608273,827,76.0,6.71901315438526,4.276904474002419,11.0,0.22853688029020555,0.3385731559854897,2.8,0.0024330900243309003,2.5,1.0,0.7856272838002436,22.0,5.591348295033221,2.8850045158368545,1.9981427153874372,0.08891595615103533
1,El Amable,Jose Ferrer,4,2,II,Romantic,found,pdf,pdf-20260524T103936Z-3-001/pdf/El Amable by Jose Ferrer.pdf,,,,verified_pieces/pdf/xml/El Amable by Jose Ferrer.musicxml,,0.022556390977443608,0.46846846846846846,9,2.5660377358490565,0.529126213592233,0.33695652173913043,0.8150943396226416,5,0.0,1.5526315789473684,413,84.0,6.025865973825314,1.9225181598062955,3.0,0.024213075060532687,0.3196125907990315,1.0,0.45112781954887216,1.8583333333333334,0.31666666666666665,0.1811320754716981,22.0,4.716661624399099,2.098475279028192,2.444752033264057,0.0830188679245283
1,El Decameron Negro: I. La Arpa Del Guerrero,Leo Brouwer,12,7,IX,Modern,found,pdf,pdf-20260524T103936Z-3-001/pdf/El Decameron Negro by Leo Brouwer.pdf,,,,verified_pieces/pdf/xml/El Decameron Negro by Leo Brouwer.musicxml,,0.0036496350364963502,1.826086956521739,4,2.271944782785221,0.6981740064446831,0.6427604871447903,1.151035322777101,5,0.0,1.1338199513381995,932,200.0,6.838405200847344,3.754291845493562,9.0,0.22639484978540772,0.24034334763948498,3.0,0.057177615571776155,3.574468085106383,0.5957446808510638,0.40682095006090135,11.0,2.137957747734134,3.31687298402285,2.4444272632267423,0.07673568818514007
1,El Delirio,Antonio Cano,9,6,X,Romantic,found,pdf,pdf-20260524T103936Z-3-001/pdf/El Delirio by Antonio Cano.pdf,,,,verified_pieces/pdf/xml/El Delirio by Antonio Cano.musicxml,,0.0035696073431922487,0.9693877551020408,4,1.4477891156462586,0.4681647940074906,0.5144571740316422,1.186734693877551,5,0.0,1.0897501274859764,2137,98.0,7.6676260915849905,4.3387927000467945,9.0,0.24099204492278894,0.1544220870379036,2.0,0.054563997960224375,2.878504672897196,0.5420560747663551,0.1989795918367347,15.0,2.348445217994737,3.3640314271131952,1.946364000400667,0.4270408163265306
1,El Marabino (Valse Venezolano),Antonio Lauro,12,5,All,Modern,found,pdf,pdf-20260524T103936Z-3-001/pdf/El Marabino by Antonio Lauro.pdf,,,,verified_pieces/pdf/xml/El Marabino by Antonio Lauro.musicxml,,0.02531645569620253,0.7407407407407407,3,2.2711864406779663,0.659375,0.674074074074074,0.9745762711864406,4,0.0,1.3544303797468353,321,156.0,5.7745515455444085,3.146417445482866,7.0,0.16199376947040497,0.26791277258566976,2.0,0.2489451476793249,2.7288135593220337,0.5932203389830508,0.326271186440678,10.5,2.2057317700306935,2.959914725573475,2.4434912053341074,0.00847457627118644
1,Endecha,Francisco Tarrega,6,6,X,Romantic,found,pdf,pdf-20260524T103936Z-3-001/pdf/tarrega-endecha.pdf,,,,verified_pieces/pdf/xml/tarrega-endecha.musicxml,,0.04,1.4615384615384615,3,1.9217687074829932,0.4528301886792453,0.29411764705882354,0.1836734693877551,1,0.0,2.14,107,55.0,4.68213122712422,5.392523364485982,10.0,0.4485981308411215,0.12149532710280374,3.0,0.52,3.1923076923076925,0.9615384615384616,0.24489795918367346,5.666666666666667,1.3258087168818915,3.4248810451915315,2.4674610241504107,0.0
1,Entree De Luth,Robert Ballard,11,6,VII,Renaissance,found,pdf,pdf-20260524T103936Z-3-001/pdf/Entree de luth by Robert Ballard.pdf,,,,verified_pieces/pdf/xml/Entree de luth by Robert Ballard.musicxml,,0.026490066225165563,1.2456140350877194,4,2.275555555555556,0.5426356589147286,0.625,0.6733333333333333,4,0.0,1.7152317880794703,259,63.0,5.560681631015528,3.393822393822394,8.0,0.21621621621621623,0.2702702702702703,3.0,0.4105960264900662,2.870967741935484,0.8709677419354839,0.30666666666666664,12.0,2.2079600662876553,3.062433946163997,2.4284306296631786,0.0
1,Escala y Preludio,Agustin Barrios Mangore,7,6,XII,Romantic,found,pdf,pdf-20260524T103936Z-3-001/pdf/barrios-escala.pdf,,,,verified_pieces/pdf/xml/barrios-escala.musicxml,,0.011695906432748537,0.95,4,1.7434017595307918,0.7760814249363868,0.5886792452830188,0.7419354838709677,4,0.0,1.152046783625731,394,90.0,5.978885764901122,5.256345177664975,10.0,0.3883248730964467,0.09898477157360407,3.0,0.11695906432748537,3.2,0.9,0.23460410557184752,8.5,1.302121722171834,3.404993644674646,2.4751328129245054,0.002932551319648094
1,Estilo Uruguayo,Agustin Barrios Mangore,7,6,X,Romantic,found,pdf,pdf-20260524T103936Z-3-001/pdf/Estilo Uruguayo by Agustin Barrios Mangore.pdf,,,,verified_pieces/pdf/xml/Estilo Uruguayo by Agustin Barrios Mangore.musicxml,,0.014814814814814815,1.1224489795918366,3,1.7861214374225527,0.625,0.2719298245614035,0.6133828996282528,3,0.0,1.5444444444444445,417,94.0,6.035481432524756,3.6019184652278176,8.0,0.18465227817745802,0.1486810551558753,2.0,0.36666666666666664,1.898989898989899,0.7272727272727273,0.22304832713754646,10.0,1.2634650531943046,3.1448994829527694,2.421813985757569,0.007434944237918215
1,Estudio de Concierto,Agustin Barrios Mandore,8,4,XII,Romantic,found,pdf,pdf-20260524T103936Z-3-001/pdf/Estudio De Concierto by Agustin Barrios Mangore.pdf,,,,verified_pieces/pdf/xml/Estudio De Concierto by Agustin Barrios Mangore.musicxml,gaps_v1/musicxml/barrios-estudio-concierto2.xml,0.0012578616352201257,2.5,3,1.4649454240134339,0.78625,0.8409090909090909,1.0025188916876575,4,0.0,1.0075471698113208,801,120.0,6.687108607866515,4.119850187265918,7.0,0.16729088639200998,0.07240948813982521,2.9,0.0025157232704402514,3.5,1.0,0.13350125944584382,10.0,1.348438204131132,3.151883784050121,2.43724960823206,0.0025188916876574307
1,Estudio en Arpegio,Agustin Barrios Mandore,7,3,VIII,Romantic,found,pdf,pdf-20260524T103936Z-3-001/pdf/Estudio en Arpegio by Agustin Barrios Mangore.pdf,,,,verified_pieces/pdf/xml/Estudio en Arpegio by Agustin Barrios Mangore.musicxml,,0.003355704697986577,1.1090909090909091,3,1.5420875420875422,0.6675977653631285,0.8978494623655914,0.9427609427609428,2,0.0,1.2046979865771812,359,120.0,5.886104031450156,4.111420612813371,8.0,0.17827298050139276,0.10584958217270195,3.0,0.1912751677852349,3.9649122807017543,0.43859649122807015,0.20202020202020202,19.0,1.894477289871487,2.986061518293362,2.430087525498059,0.016835016835016835
1,Estudio en Sol Menor,Agustin Barrios Mangore,7,6,X,Romantic,found,pdf,pdf-20260524T103936Z-3-001/pdf/Estudio En Sol Menor by Agustin Barrios Mangore.pdf,,,,verified_pieces/pdf/xml/Estudio En Sol Menor by Agustin Barrios Mangore.musicxml,,0.0,0.0,0,2.0,0.8625,0.6625,1.075,5,0.0,1.0,161,80.0,5.087596335232384,3.217391304347826,6.0,0.06832298136645963,0.15527950310559005,0.0,0.0,0.0,0.0,0.30625,9.0,1.5,2.905635231385677,2.4553389855901355,0.0
1,Estudio Inconcluso,Agustin Barrios Mandore,7,3,X,Romantic,found,pdf,pdf-20260524T103936Z-3-001/pdf/Estudio Inconcluso by Augustin Barrios Mangore.pdf,,,,verified_pieces/pdf/xml/Estudio Inconcluso by Augustin Barrios Mangore.musicxml,,0.004098360655737705,0.6052631578947368,4,1.4598765432098766,0.6363636363636364,0.42424242424242425,0.3991769547325103,2,0.0,1.1762295081967213,287,120.0,5.662960480135946,3.0696864111498257,7.0,0.15331010452961671,0.2682926829268293,2.0,0.1680327868852459,3.4878048780487805,0.7317073170731707,0.22633744855967078,6.5,1.3172975458356377,3.0670537860928992,2.1948197814492936,0.13168724279835392
1,Etude,Mauro Giuliani,8,4,IV,Classical,found,pdf,pdf-20260524T103936Z-3-001/pdf/Etude in A Minor by Mauro Giuliani.pdf,,,,verified_pieces/pdf/xml/Etude in A Minor by Mauro Giuliani.musicxml,,0.0,0.4888888888888889,2,1.731554677206851,0.7396825396825397,0.564935064935065,0.7233201581027668,5,0.0,1.2440944881889764,316,120.0,5.75890177387728,1.4746835443037976,3.0,0.0031645569620253164,0.3860759493670886,2.0,0.20866141732283464,3.0754716981132075,0.5471698113207547,0.1976284584980237,20.0,1.8644179114767556,2.1759308609562265,2.5227580921742456,0.0
1,Etude,Napoleon Coste,7,3,X,Romantic,found,pdf,pdf-20260524T103936Z-3-001/pdf/Study in A Minor by Napoleon Coste.pdf,,,,verified_pieces/pdf/xml/Study in A Minor by Napoleon Coste.musicxml,gaps_v1/musicxml/Etude 24 by Napoleon Coste.xml,0.0,0.22727272727272727,1,2.315104166666667,0.6521739130434783,0.32142857142857145,0.40625,4,0.0,1.4307692307692308,93,90.0,4.543294782270004,2.7311827956989245,8.0,0.20430107526881722,0.3548387096774194,1.0,0.36923076923076925,3.25,0.7083333333333334,0.375,8.0,1.7485403603940868,2.826818546399792,2.215643727729928,0.0
1,"Etude, Op. 38 no. 1",Napoleon Coste,7,5,VII,Romantic,found,pdf,pdf-20260524T103936Z-3-001/pdf/Opus 38 No 1 by Napoleon Coste.pdf,,,,verified_pieces/pdf/xml/Opus 38 No 1 by Napoleon Coste.musicxml,gaps_v1/musicxml/Opus 38 No 1 by Napoleon Coste.xml,0.007168458781362007,0.7288135593220338,3,1.9880095923261394,0.593952483801296,0.8918918918918919,1.7122302158273381,5,0.0,1.6630824372759856,464,85.0,6.142037405587356,2.125,5.0,0.04741379310344827,0.30603448275862066,2.0,0.46236559139784944,1.744186046511628,0.3178294573643411,0.32014388489208634,9.0,1.7608735260228643,2.730811959359009,2.457018639293887,0.0
1,"Etude, Op. 38 no. 23",Napoleon Coste,9,4,XII,Romantic,found,pdf,pdf-20260524T103936Z-3-001/pdf/coste-opus38-no23.pdf,,,,verified_pieces/pdf/xml/coste-opus38-no23.musicxml,gaps_v1/musicxml/Opus 38 No 1 by Napoleon Coste.xml,0.001483679525222552,0.5217391304347826,3,1.6545319465081723,0.6651982378854625,0.9918367346938776,1.2184249628528974,3,0.0,1.3486646884272997,909,150.0,6.813444599510896,2.42024202420242,5.0,0.066006600660066,0.31133113311331134,2.0,0.3264094955489614,2.559090909090909,0.39545454545454545,0.2451708766716196,10.0,1.3210402904201601,2.7734628193096214,2.3415818954006533,0.0029717682020802376
1,"Etude, Op. 38 no. 7???",Napoleon Coste,7,4,X,Romantic,found,pdf,pdf-20260524T103936Z-3-001/pdf/coste-opus38-7.pdf,,,,verified_pieces/pdf/xml/coste-opus38-7.musicxml,gaps_v1/musicxml/Opus 38 No 1 by Napoleon Coste.xml,0.0,0.6470588235294118,3,1.7458808618504438,0.6408977556109726,0.6428571428571429,0.6958174904942965,3,0.0,1.5227272727272727,402,60.0,5.998936561946683,2.04228855721393,5.0,0.029850746268656716,0.2960199004975124,2.0,0.4015151515151515,2.8679245283018866,0.5660377358490566,0.23574144486692014,7.0,1.135705847866579,2.613649915284528,2.4925387688246254,0.0
1,"Etude, Op. 48 no. 2",Mauro Giuliani,7,3,XI,Classical,found,pdf,pdf-20260524T103936Z-3-001/pdf/Opus 48 No 2 by Mauro Giuliani.pdf,,,,verified_pieces/pdf/xml/Opus 48 No 2 by Mauro Giuliani.musicxml,,0.0,0.0,0,7.590277777777778,0.8888888888888888,1.0,1.7916666666666667,4,0.0,1.0,145,120.0,4.983606621708336,7.441379310344828,13.0,0.6827586206896552,0.31724137931034485,0.0,0.0,0.0,0.0,0.6875,15.0,5.216710855037083,2.5811419498078747,2.011189793554647,0.0
1,"Etude, Op. 6 no. 11",Fernando Sor,7,3,V,Classical,found,gaps,,,,Tf1wc,datasets/gaps_v1/readable_musicxml/Fernando Sor - Opus 6 No 11 in E minor.xml,,0.0,0.0,0,1.2596063730084348,0.7169634489222118,0.8641049671977507,1.3870665417057169,5,0.0,1.0,1068,100.0,6.974478911025045,2.1282771535580522,4.0,0.017790262172284643,0.21722846441947566,0.0,0.0,0.0,0.0,0.08903467666354264,7.0,1.147544967062642,2.5273545053073962,2.328711456781906,0.08716026241799438
1,"Etude, Op. 60 no. 10",Matteo Carcassi,4,3,X,Classical,found,pdf,pdf-20260524T103936Z-3-001/pdf/Opus 60 No 10 in D by Matteo Carcassi.pdf,,,,verified_pieces/pdf/xml/Opus 60 No 10 in D by Matteo Carcassi.musicxml,gaps_v1/musicxml/Opus 60 No 7 in A Minor by Matteo Carcassi.xml,0.0,1.2347826086956522,2,1.6786324786324784,0.5042735042735043,0.0,0.005128205128205128,1,0.0,1.7959183673469388,352,120.0,5.8664680569332965,5.389204545454546,9.900000000000034,0.4375,0.13352272727272727,2.0,0.5867346938775511,1.9652173913043478,0.30434782608695654,0.2,6.833333333333333,1.2677792500082206,3.160623409679228,1.8636150011189376,0.08205128205128205
1,"Etude, Op. 60 no. 19",Matteo Carcassi,7,2,VII,Classical,found,pdf,pdf-20260524T103936Z-3-001/pdf/carcassi-op60-19.pdf,,,,verified_pieces/pdf/xml/carcassi-op60-19.musicxml,gaps_v1/musicxml/Opus 60 No 7 in A Minor by Matteo Carcassi.xml,0.0,0.22580645161290322,2,1.1346153846153846,0.6299559471365639,0.9971098265895953,1.0048076923076923,2,0.0,1.091127098321343,455,105.0,6.1224928095143865,1.3296703296703296,3.0,0.04835164835164835,0.4857142857142857,1.0,0.08633093525179857,4.444444444444445,0.5277777777777778,0.11057692307692307,9.0,1.2113858267710478,2.173434098814816,2.0709197628213194,0.0
1,"Etude, Op. 60 no. 25",Matteo Carcassi,11,4,XII,Classical,found,pdf,pdf-20260524T103936Z-3-001/pdf/Opus 60 No 25 in A by Matteo Carcassi.pdf,,,,verified_pieces/pdf/xml/Opus 60 No 25 in A by Matteo Carcassi.musicxml,gaps_v1/musicxml/Opus 60 No 7 in A Minor by Matteo Carcassi.xml,0.0,0.7586206896551724,3,3.03604455653636,0.7768496420047732,0.7233468286099866,0.9520807061790668,5,0.0,1.0566750629722923,839,120.0,6.733401891837359,3.374255065554231,9.0,0.18951132300357568,0.3134684147794994,2.1999999999999993,0.036523929471032744,3.6206896551724137,0.5172413793103449,0.3203026481715006,22.0,4.348824688551745,3.0778299291537516,2.264395931629728,0.03026481715006305
1,"Etude, Op. 60 no. 5",Matteo Carcassi,8,4,VII,Classical,found,pdf,pdf-20260524T103936Z-3-001/pdf/Opus 60 No 5 in G by Matteo Carcassi.pdf,,,,verified_pieces/pdf/xml/Opus 60 No 5 in G by Matteo Carcassi.musicxml,gaps_v1/musicxml/Opus 60 No 7 in A Minor by Matteo Carcassi.xml,0.008368200836820083,0.975609756097561,3,4.76890756302521,0.6329113924050633,0.7926829268292683,1.0168067226890756,4,0.0,1.3263598326359833,317,120.0,5.762051382780177,3.823343848580442,10.0,0.17665615141955837,0.28391167192429023,3.0,0.17573221757322174,2.761904761904762,0.6190476190476191,0.42436974789915966,22.0,6.832692264924593,2.9637075897235072,2.2660346923284407,0.0546218487394958
1,"Etude, Op. 60 no. 8",Matteo Carcassi,6,3,VII,Classical,found,pdf,pdf-20260524T103936Z-3-001/pdf/carcassi-op60-8.pdf,,,,verified_pieces/pdf/xml/carcassi-op60-8.musicxml,gaps_v1/musicxml/Opus 60 No 7 in A Minor by Matteo Carcassi.xml,0.0,0.0,0,1.5714285714285714,0.8351648351648352,0.8021978021978022,1.2307692307692308,5,0.0,1.0,183,80.0,5.214935757608986,2.300546448087432,4.0,0.03825136612021858,0.21311475409836064,0.0,0.0,0.0,0.0,0.10989010989010989,4.0,1.039260696047199,2.5381323368165427,2.191451245471825,0.0
1,"Etude, Op. 60 no. 9",Matteo Carcassi,3,2,IV,Classical,found,pdf,pdf-20260524T103936Z-3-001/pdf/Opus 60 No 9 in A by Matteo Carcassi.pdf,,,,verified_pieces/pdf/xml/Opus 60 No 9 in A by Matteo Carcassi.musicxml,gaps_v1/musicxml/Opus 60 No 7 in A Minor by Matteo Carcassi.xml,0.0,0.6122448979591837,3,2.4559829059829057,0.7956989247311828,0.3028169014084507,0.41025641025641024,5,0.0,1.1918158567774937,466,120.0,6.1463292576688975,4.48068669527897,10.0,0.3197424892703863,0.23390557939914164,2.0,0.1483375959079284,3.1551724137931036,0.603448275862069,0.30256410256410254,12.0,2.3875835844902205,3.416989264131704,2.180579332417429,0.017948717948717947
1,Etude; Op. 10 no. 3,Frederic Chopin,16,8,X,Romantic,found,pdf,pdf-20260524T103936Z-3-001/pdf/Opus 10 No 3 by Frederic Chopin.pdf,,,,verified_pieces/pdf/xml/Opus 10 No 3 by Frederic Chopin.musicxml,,0.02849740932642487,0.59375,3,1.7378354978354977,0.6284584980237155,0.59375,0.7428571428571429,4,0.0,1.3134715025906736,507,30.0,6.230481447578482,2.873767258382643,7.0,0.10650887573964497,0.23076923076923078,1.7000000000000028,0.16839378238341968,3.292307692307692,0.49230769230769234,0.19480519480519481,20.0,2.001940960493759,2.8088409343291265,2.4543952812801573,0.04415584415584416
1,Exercise 8,Dionisio Aguado,3,2,II,Classical,found,pdf,pdf-20260524T103936Z-3-001/pdf/Study No 8 by Dionisio Aguado.pdf,,,,verified_pieces/pdf/xml/Study No 8 by Dionisio Aguado.musicxml,,0.0,0.0,0,1.784848484848485,0.7727272727272727,0.9454545454545454,1.0757575757575757,4,0.0,1.0,331,120.0,5.805134968916488,3.619335347432024,7.0,0.17220543806646527,0.2084592145015106,0.0,0.0,0.0,0.0,0.0696969696969697,22.0,3.2435129862842653,2.9476714229364886,2.1549247838875285,0.030303030303030304
1,Exercise no. 10,Dionisio Aguado,2,2,III,Classical,found,pdf,pdf-20260524T103936Z-3-001/pdf/Etude No 10 Metodo Primera by Dionisio Aguado.pdf,,,,verified_pieces/pdf/xml/Etude No 10 Metodo Primera by Dionisio Aguado.musicxml,,0.0,0.0,0,4.786127167630058,0.884393063583815,0.884393063583815,1.630057803468208,5,0.0,1.0,174,90.0,5.1647859739235145,2.9885057471264367,5.0,0.09195402298850575,0.39655172413793105,0.0,0.0,0.0,0.0,0.3352601156069364,22.0,6.95530184316203,2.4008335983460256,2.3578781827891633,0.005780346820809248
1,Fabiniana,Agustin Barrios Mandore,8,6,XII,Romantic,found,pdf,pdf-20260524T103936Z-3-001/pdf/barrios-fabiniana.pdf,,,,verified_pieces/pdf/xml/barrios-fabiniana.musicxml,,0.01935483870967742,1.991150442477876,5,1.8635382955771302,0.5363984674329502,0.5471698113207547,0.5372168284789643,4,0.0,1.6870967741935483,523,115.0,6.261491684321042,5.248565965583174,10.0,0.34990439770554493,0.08604206500956023,3.0,0.3774193548387097,2.786324786324786,0.5213675213675214,0.2459546925566343,13.5,1.970849024335641,3.3766501044957584,2.4111338049854445,0.02912621359223301
1,Fantasia,Anonymous,4,3,V,Renaissance,found,pdf,pdf-20260524T103936Z-3-001/pdf/Fantasia by Anonymous.pdf,,,,verified_pieces/pdf/xml/Fantasia by Anonymous.musicxml,,0.0,0.8666666666666667,3,1.8186274509803928,0.47342995169082125,0.4,0.43137254901960786,3,0.0,2.0194174757281553,208,120.0,5.342334251964811,2.0288461538461537,4.0,0.04807692307692308,0.3557692307692308,2.0,0.6407766990291263,2.4393939393939394,0.696969696969697,0.3235294117647059,7.0,1.3700227685194484,2.353397937318693,2.521149850655327,0.0196078431372549
1,Fantasia,Alonso de Mudarra,9,6,VIII,Renaissance,found,pdf,pdf-20260524T103936Z-3-001/pdf/Fantasia by Alonso Mudarra.pdf,,,,verified_pieces/pdf/xml/Fantasia by Alonso Mudarra.musicxml,,0.006535947712418301,0.8409090909090909,3,2.5946142649199415,0.7457943925233644,0.6775956284153005,0.9978165938864629,5,0.0,1.167755991285403,536,130.0,6.285998094508865,2.792910447761194,7.0,0.1044776119402985,0.2891791044776119,3.0,0.10457516339869281,3.0,0.6041666666666666,0.40611353711790393,11.0,2.153947406857761,2.7083905950570326,2.316092056238162,0.03056768558951965
1,Fantasia,William Byrd,8,4,III,Renaissance,found,pdf,pdf-20260524T103936Z-3-001/pdf/Fantasia by William Byrd.pdf,,,,verified_pieces/pdf/xml/Fantasia by William Byrd.musicxml,,0.0,0.8556701030927835,4,1.5475838264299802,0.656,0.37058823529411766,0.4408284023668639,4,0.0,1.4778761061946903,501,76.0,6.218600119691729,1.7045908183632734,3.0,0.0,0.3033932135728543,2.0,0.3008849557522124,2.7450980392156863,0.5098039215686274,0.1893491124260355,6.0,0.9919423466318523,2.27027700294163,2.2160464654905043,0.0029585798816568047
1,Fantasia (que contrahaze la harpa en la manera de Luduvico),Alonso Mudarra,9,6,III,Renaissance,found,dada_gp,,"datasets/DadaGP-v1.1/M/Mudarra, Alonso/Mudarra, Alonso - Fantasdega Que Contrahaze El Harpa En La Manera De Ludovico.gp3.tokens.txt","datasets/DadaGP-v1.1/M/Mudarra, Alonso/Mudarra, Alonso - Fantasdega Que Contrahaze El Harpa En La Manera De Ludovico.gp3",,"verified_pieces/dada/xml/Mudarra, Alonso - Fantasdega Que Contrahaze El Harpa En La Manera De Ludovico.musicxml",,0.007920792079207921,1.4871794871794872,3,1.7083333333333333,0.7794871794871795,0.38967136150234744,0.6686507936507936,5,0.0204778156996587,1.1603960396039603,586,140.0,6.375024819828097,3.7167235494880546,8.0,0.15187713310580206,0.1416382252559727,3.0,0.08118811881188119,3.268292682926829,0.5609756097560976,0.2361111111111111,8.0,1.1644560500148669,2.8815711870100302,1.9702916205324736,0.04563492063492063
1,Fantasia in Am,George Philip Telemann,6,4,V,Baroque,found,pdf,pdf-20260524T103936Z-3-001/pdf/Fantasia by Georg Philipp Telemann.pdf,,,,verified_pieces/pdf/xml/Fantasia by Georg Philipp Telemann.musicxml,,0.01079136690647482,0.6767676767676768,4,1.7018018018018017,0.6331288343558282,0.37735849056603776,0.44144144144144143,4,0.0,1.4676258992805755,816,168.0,6.705639094860003,2.9338235294117645,7.0,0.13725490196078433,0.22916666666666666,2.0,0.36510791366906475,3.29064039408867,0.5123152709359606,0.23783783783783785,9.0,1.4737074235841672,2.904884765222473,2.525203123395732,0.010810810810810811
1,Feste lariane,Luigi Mozzani,10,4,X,Romantic,found,pdf,pdf-20260524T103936Z-3-001/pdf/Feste Lariane by Luigi Mozzani.pdf,,,,verified_pieces/pdf/xml/Feste Lariane by Luigi Mozzani.musicxml,,0.0036968576709796672,0.68,3,1.288467468393463,0.49049128367670364,0.6403607666290868,1.024976873265495,5,0.0,1.16728280961183,1263,110.0,7.142036574706803,2.7695961995249405,6.0,0.09263657957244656,0.25336500395882816,2.0,0.12939001848428835,2.5142857142857142,0.2642857142857143,0.21091581868640147,12.0,1.7597588069635448,2.9365605997194235,2.060578237700798,0.2895467160037003
1,Forlorne Hope,John Dowland,18,10,IV,Renaissance,found,pdf,pdf-20260524T103936Z-3-001/pdf/Forlorn Hope Fancy Chromatic Fantasia by John Dowland.pdf,,,,verified_pieces/pdf/xml/Forlorn Hope Fancy Chromatic Fantasia by John Dowland.musicxml,,0.010822510822510822,1.2269938650306749,4,1.8020245842371656,0.6182572614107884,0.5136612021857924,0.4945770065075922,5,0.0,1.567099567099567,724,52.0,6.586171654854675,2.1726519337016574,4.0,0.019337016574585635,0.23756906077348067,3.0,0.36147186147186144,2.5748502994011977,0.7485029940119761,0.25162689804772237,22.0,1.7414327698616556,2.5838486382444756,2.4859346128510125,0.008676789587852495
1,Four Easy Studies: No. 1 in C,Dionisio Aguado,3,1,III,Classical,found,pdf,pdf-20260524T103936Z-3-001/pdf/Etude No 1 Metodo Primera by Dionisio Aguado.pdf,,,,verified_pieces/pdf/xml/Etude No 1 Metodo Primera by Dionisio Aguado.musicxml,,0.0,1.25,2,6.602836879432624,0.6643835616438356,0.8507462686567164,1.0212765957446808,3,0.0,1.0352112676056338,147,95.0,4.997212273764115,3.7755102040816326,22.0,0.14285714285714285,0.46938775510204084,2.0,0.028169014084507043,1.5,1.0,0.375886524822695,22.0,8.790008377201014,2.2336267479322722,1.7626004490915999,0.03546099290780142
1,Four Easy Studies: No. 2 in E,Dionisio Aguado,2,2,II,Classical,found,pdf,pdf-20260524T103936Z-3-001/pdf/Etude No 2 Metodo Primera by Dionisio Aguado.pdf,,,,verified_pieces/pdf/xml/Etude No 2 Metodo Primera by Dionisio Aguado.musicxml,,0.0,0.9333333333333333,2,4.885057471264368,0.6195121951219512,0.9298245614035088,0.9793103448275862,3,0.0,1.4109589041095891,206,95.0,5.332718793265369,2.3349514563106797,3.0,0.07281553398058252,0.42718446601941745,2.0,0.2054794520547945,2.8333333333333335,0.5,0.2896551724137931,22.0,7.66395547367312,2.0731520981319553,1.9996190471081543,0.04827586206896552
1,Four Easy Studies: No. 3 in A,Dionisio Aguado,2,1,I,Classical,found,pdf,pdf-20260524T103936Z-3-001/pdf/Etude No 3 Metodo Primera by Dionisio Aguado.pdf,,,,verified_pieces/pdf/xml/Etude No 3 Metodo Primera by Dionisio Aguado.musicxml,,0.0,0.7777777777777778,2,3.9834368530020705,0.5378486055776892,1.0,1.279503105590062,4,0.0,1.5555555555555556,252,90.0,5.53338948872752,2.7222222222222223,5.0,0.04365079365079365,0.32142857142857145,2.0,0.2777777777777778,2.8666666666666667,0.4888888888888889,0.391304347826087,22.0,6.278646014825475,2.513960683315593,2.1889300089531036,0.0
1,Four Easy Studies: No. 4 in E,Dionisio Aguado,2,2,IV,Classical,found,pdf,pdf-20260524T103936Z-3-001/pdf/Etude No 4 Metodo Primera by Dionisio Aguado.pdf,,,,verified_pieces/pdf/xml/Etude No 4 Metodo Primera by Dionisio Aguado.musicxml,,0.010752688172043012,0.5,3,1.619565217391304,0.5751633986928104,0.0,0.45652173913043476,1,0.0,1.6559139784946237,154,88.0,5.043425116919247,2.0324675324675323,4.0,0.012987012987012988,0.2662337662337662,2.0,0.5376344086021505,2.4,0.52,0.2608695652173913,6.666666666666667,1.2910707103331038,2.2919093819056884,2.3467007922858953,0.0
1,"Fuge in A Minor, BWV 1000",J.S. Bach,17,7,XII,Baroque,found,pdf,pdf-20260524T103936Z-3-001/pdf/Bwv 1000 Fugue In A Minor by Johann Sebastian Bach.pdf,,,,verified_pieces/pdf/xml/Bwv 1000 Fugue In A Minor by Johann Sebastian Bach.musicxml,,0.002551020408163265,1.3545454545454545,4,2.2287659574468086,0.60932944606414,0.6022012578616353,0.7565957446808511,5,0.0,1.4591836734693877,1716,70.0,7.448333860897476,4.669580419580419,9.0,0.337995337995338,0.1649184149184149,3.0,0.2848639455782313,2.635820895522388,0.6716417910447762,0.2987234042553191,14.0,2.4360123093344197,3.4714903763134055,2.3925616776119467,0.023829787234042554
1,Fugue in C,Johann Pachelbel,7,4,VII,Baroque,found,pdf,pdf-20260524T103936Z-3-001/pdf/Fugue in C Major by Johann Pachelbel.pdf,,,,verified_pieces/pdf/xml/Fugue in C Major by Johann Pachelbel.musicxml,,0.0,1.1694915254237288,4,1.3209876543209877,0.4834710743801653,0.34210526315789475,0.32592592592592595,5,0.0,1.786764705882353,243,110.0,5.497168225293202,2.016460905349794,4.800000000000011,0.04526748971193416,0.29218106995884774,2.0,0.47058823529411764,2.734375,0.5625,0.1925925925925926,6.0,1.1300022997226369,2.5687285749175492,2.454258545227309,0.1111111111111111
1,"Fugue, BWV 1000",J.S. Bach,15,6,XII,Baroque,found,dada_gp,,"datasets/DadaGP-v1.1/B/Bach, Johann Sebastian/Bach, Johann Sebastian - Fugue (G-Moll) BWV 1000.gp4.tokens.txt","datasets/DadaGP-v1.1/B/Bach, Johann Sebastian/Bach, Johann Sebastian - Fugue (G-Moll) BWV 1000.gp4",,"verified_pieces/dada/xml/Bach, Johann Sebastian - Fugue (G-Moll) BWV 1000.musicxml",,0.004306632213608958,1.845481049562682,14,2.0968103448275865,0.6261737089201878,0.5646687697160884,0.5172413793103449,5,0.0894828588030215,1.4685615848406546,1705,90.0,7.441906728051625,3.8533724340175954,8.0,0.22932551319648095,0.17888563049853373,4.0,0.2997416020671835,2.528735632183908,0.6551724137931034,0.3137931034482759,12.0,1.814059047660448,3.3764350739444664,2.262745538894258,0.027586206896551724
1,Gavota al Estilo Antiguo,Agustin Barrios Mandore,6,5,X,Romantic,found,pdf,pdf-20260524T103936Z-3-001/pdf/Gavota al Estilo Antiguo by Agustin Barrios Mangore.pdf,,,,verified_pieces/pdf/xml/Gavota al Estilo Antiguo by Agustin Barrios Mangore.musicxml,,0.014134275618374558,1.1699346405228759,3,1.83096926713948,0.5262135922330097,0.4888888888888889,0.2872340425531915,2,0.0,1.823321554770318,516,120.0,6.248042874508429,4.381782945736434,9.0,0.2926356589147287,0.13178294573643412,2.0,0.5547703180212014,2.337579617834395,0.5222929936305732,0.25886524822695034,8.0,1.5343436151125782,3.3440401310159915,2.3433750281155916,0.024822695035460994
1,Gavotte,Lodovico Roncalli,7,4,VIII,Baroque,found,pdf,pdf-20260524T103936Z-3-001/pdf/Gavotte by Lodovico Roncalli.pdf,,,,verified_pieces/pdf/xml/Gavotte by Lodovico Roncalli.musicxml,,0.023809523809523808,0.6875,3,1.5722891566265056,0.5367647058823529,0.44,0.3253012048192771,1,0.0,1.630952380952381,137,120.0,4.927253685157205,3.0,7.0,0.10948905109489052,0.25547445255474455,2.0,0.4166666666666667,3.057142857142857,0.7714285714285715,0.24096385542168675,6.5,1.1850792513798798,2.823206222225491,2.3287935030481153,0.024096385542168676
1,"Gavotte 1 (from Suite #6 for Violoncello, BWV 1012)",J.S. Bach,6,3,III,Baroque,found,pdf,pdf-20260524T103936Z-3-001/pdf/BWV1012 Gavotte 1 by Johann Sebastian Bach.pdf,,,,verified_pieces/pdf/xml/BWV1012 Gavotte 1 by Johann Sebastian Bach.musicxml,,0.0,1.0188679245283019,2,1.6435185185185184,0.6183745583038869,0.5308641975308642,0.5277777777777778,5,0.0,1.569060773480663,284,120.0,5.652489180268651,1.4788732394366197,3.0,0.0,0.3591549295774648,2.0,0.30939226519337015,3.107142857142857,0.6607142857142857,0.18888888888888888,6.0,0.9305371289865314,2.0864725556206443,2.3438334193034067,0.0
1,"Gavotte 2 (from Suite #6 for Violoncello, BWV 1012)",J.S. Bach,5,2,III,Baroque,found,pdf,pdf-20260524T103936Z-3-001/pdf/BWV1012 Gavotte 2 by Johann Sebastian Bach.pdf,,,,verified_pieces/pdf/xml/BWV1012 Gavotte 2 by Johann Sebastian Bach.musicxml,,0.0,1.123076923076923,19,1.7413793103448276,0.5840336134453782,0.5294117647058824,0.7310344827586207,2,0.0,1.6369863013698631,239,140.0,5.480638923341991,1.506276150627615,3.0,0.0041841004184100415,0.3891213389121339,2.0,0.4931506849315068,2.5833333333333335,0.20833333333333334,0.23448275862068965,5.25,0.9179314230937802,1.8685876815057543,2.2423955198861147,0.0
1,Gigue,Lodovico Roncalli,7,3,VII,Baroque,found,pdf,pdf-20260524T103936Z-3-001/pdf/Gigue by Lodovico Roncalli.pdf,,,,verified_pieces/pdf/xml/Gigue by Lodovico Roncalli.musicxml,,0.014184397163120567,0.6363636363636364,2,1.8773809523809526,0.6176470588235294,0.4482758620689655,0.4714285714285714,3,0.0,1.4539007092198581,205,176.0,5.327876168789581,3.6,7.0,0.2048780487804878,0.2048780487804878,1.0,0.3191489361702128,2.1777777777777776,0.6888888888888889,0.20714285714285716,10.0,1.5892883895108572,3.011139684534772,2.1989436431584104,0.014285714285714285
1,Gigue,Johann Anton Losy von Losinthal,1,2,II,Baroque,found,pdf,pdf-20260524T103936Z-3-001/pdf/Gigue in A Minor by Johann Anton Logy.pdf,,,,verified_pieces/pdf/xml/Gigue in A Minor by Johann Anton Logy.musicxml,,0.0,0.6206896551724138,2,2.084507042253521,0.6898395721925134,0.9222222222222223,1.2605633802816902,4,0.0,1.3146853146853146,188,110.0,5.241747015059643,2.026595744680851,5.0,0.0425531914893617,0.32978723404255317,2.0,0.21678321678321677,2.967741935483871,0.6774193548387096,0.2676056338028169,21.0,2.789234732107622,2.6044646361839345,2.404498873088913,0.0
1,"Gigue (from Suite #1 for Violoncello, BWV 1007)",J.S. Bach,6,3,V,Baroque,found,pdf,pdf-20260524T103936Z-3-001/pdf/BWV 1007 Gigue by Johann Sebastian Bach.pdf,,,,verified_pieces/pdf/xml/BWV 1007 Gigue by Johann Sebastian Bach.musicxml,,0.0,0.5645161290322581,3,2.4454545454545453,0.7342657342657343,0.6310679611650486,0.8681818181818182,4,0.0,1.2986425339366516,287,100.0,5.662960480135946,2.5609756097560976,5.0,0.0627177700348432,0.2857142857142857,2.0,0.2986425339366516,2.909090909090909,0.696969696969697,0.32272727272727275,22.0,3.4465697403660083,2.766800710638632,2.4548695352951597,0.0
1,Gnossienne No. 1 (from Trois Snossiennes),Erik Satie,6,4,II,Modern,found,pdf,pdf-20260524T103936Z-3-001/pdf/Gnossienne 1 by Erik Satie.pdf,,,,verified_pieces/pdf/xml/Gnossienne 1 by Erik Satie.musicxml,,0.0,1.0461538461538462,3,2.851581508515815,0.4985507246376812,0.07692307692307693,0.8345498783454988,4,0.0,1.6771844660194175,691,70.0,6.539585955617669,3.0593342981186686,10.0,0.18523878437047755,0.4934876989869754,3.0,0.5218446601941747,2.2465116279069766,0.07441860465116279,0.3795620437956204,14.0,3.2126371791436727,2.5398284111702223,2.141512004072209,0.0413625304136253
1,Gnossienne No. 2,Erik Satie,7,4,IX,Modern,found,pdf,pdf-20260524T103936Z-3-001/pdf/Gnossienne 2 by Eric Satie.pdf,,,,verified_pieces/pdf/xml/Gnossienne 2 by Eric Satie.musicxml,,0.024390243902439025,1.025,4,1.7614379084967322,0.5412844036697247,0.4117647058823529,0.6568627450980392,4,0.0,1.6,328,90.0,5.796057750765372,4.3689024390243905,8.0,0.2347560975609756,0.08231707317073171,3.0,0.4146341463414634,2.1294117647058823,0.3411764705882353,0.23039215686274508,12.0,1.5430257750410201,3.3980546630122133,2.3665037889960634,0.07352941176470588
1,Go From My Window,Anonymous,9,4,IV,Renaissance,found,pdf,pdf-20260524T103936Z-3-001/pdf/Go From My Window by Anonymous.pdf,,,,verified_pieces/pdf/xml/Go From My Window by Anonymous.musicxml,,0.002840909090909091,0.3472222222222222,2,1.745489078822412,0.6558704453441295,0.4083769633507853,0.48717948717948717,5,0.0,1.40625,495,100.0,6.206575926724928,1.5232323232323233,3.0,0.00404040404040404,0.4080808080808081,1.0,0.2471590909090909,3.206896551724138,0.3563218390804598,0.245014245014245,7.0,1.1106656114539408,1.9447692124809735,2.2797947441644757,0.008547008547008548
1,"Grand Solo, Op. 14",Fernando Sor,15,6,X,Classical,found,pdf,pdf-20260524T103936Z-3-001/pdf/Opus 14 Gran Solo by Fernando Sor.pdf,,,,verified_pieces/pdf/xml/Opus 14 Gran Solo by Fernando Sor.musicxml,,0.014675052410901468,1.3124324324324323,22,2.038842281879195,0.4668955370279549,0.4033333333333333,0.5159395973154363,4,0.0,1.710272536687631,4079,60.0,8.313852267398207,3.90242706545722,8.0,0.25864182397646485,0.2583966658494729,3.0,0.39958071278825996,2.503672612801679,0.21511017838405036,0.3238255033557047,19.0,2.153010156302427,3.2295412751156216,2.456804394509338,0.1589765100671141
1,"Grand Sonata, Op. 22: iii. Minuet and Trio",Fernando Sor,7,3,V,Classical,found,dada_gp,,"datasets/DadaGP-v1.1/S/Sor, Fernando/Sor, Fernando - Grand Sonata.gp4.tokens.txt","datasets/DadaGP-v1.1/S/Sor, Fernando/Sor, Fernando - Grand Sonata.gp4",,"verified_pieces/dada/xml/Sor, Fernando - Grand Sonata.musicxml",,0.015424164524421594,1.4460093896713615,3,1.4205326460481098,0.3863898500576701,0.1349206349206349,0.18041237113402062,2,0.125531914893617,2.2313624678663238,868,152.0,6.767343125265392,2.324884792626728,5.0,0.03225806451612903,0.2465437788018433,2.0,0.5475578406169666,3.032863849765258,0.2535211267605634,0.19072164948453607,5.5,1.1038174166296566,2.577501721027402,2.454307824538298,0.09020618556701031
1,Grand Vals,Francisco Tarrega,11,7,X,Romantic,found,dada_gp,,"datasets/DadaGP-v1.1/T/Tarrega, Francisco/Tarrega, Francisco - Gran Vals en La (Grand Waltz in A).gp3.tokens.txt","datasets/DadaGP-v1.1/T/Tarrega, Francisco/Tarrega, Francisco - Gran Vals en La (Grand Waltz in A).gp3",,"verified_pieces/dada/xml/Tarrega, Francisco - Gran Vals en La (Grand Waltz in A).musicxml",,0.027972027972027972,1.3742690058479532,4,2.175438596491228,0.4428822495606327,0.4,0.5368421052631579,5,0.0554699537750385,1.993006993006993,570,150.0,6.3473892096560105,5.394736842105263,10.0,0.42105263157894735,0.1280701754385965,3.0,0.5979020979020979,2.8362573099415203,0.6198830409356725,0.3543859649122807,14.0,2.308117941822755,3.414368389253224,2.4764965304210405,0.021052631578947368
1,"Grazioso, Op. 50 no. 23",Mauro Giuliani,5,3,V,Classical,found,pdf,pdf-20260524T103936Z-3-001/pdf/Opus 50 No 23 (Etude) by Mauro Giuliani.pdf,,,,verified_pieces/pdf/xml/Opus 50 No 23 (Etude) by Mauro Giuliani.musicxml,,0.006097560975609756,0.6190476190476191,2,1.4576687116564417,0.556,0.7888888888888889,0.9631901840490797,5,0.0,1.5304878048780488,251,82.0,5.529429087511423,1.254980079681275,3.0,0.027888446215139442,0.44621513944223107,1.8999999999999986,0.2804878048780488,2.9347826086956523,0.8695652173913043,0.15337423312883436,9.0,1.5624385418302056,2.112630358496018,2.397666375399187,0.03680981595092025
1,Greensleeves,Anonymous,5,2,III,Renaissance,found,dada_gp,,datasets/DadaGP-v1.1/A/Anonymous/Anonymous - Greensleeves (2).gp4.tokens.txt,datasets/DadaGP-v1.1/A/Anonymous/Anonymous - Greensleeves (2).gp4,,verified_pieces/dada/xml/Anonymous - Greensleeves (2).musicxml,,0.0,0.12658227848101267,1,0.9797979797979798,0.45989304812834225,1.0,0.15151515151515152,1,0.0101010101010101,1.88,188,80.0,5.241747015059643,1.324468085106383,3.0,0.0,0.4308510638297872,1.0,0.88,3.034090909090909,0.25,0.020202020202020204,3.0,0.643221029290221,1.8890115743791391,2.3585686542859037,0.08080808080808081
1,Gymnopedie No. 1,Erik Satie,6,4,IX,Modern,found,pdf,pdf-20260524T103936Z-3-001/pdf/Gymnopedie No. 1 by Eric Satie.pdf,,,,verified_pieces/pdf/xml/Gymnopedie No. 1 by Eric Satie.musicxml,,0.036231884057971016,1.404494382022472,20,2.8579075425790754,0.4574468085106383,0.0,0.7956204379562044,3,0.0,2.050724637681159,283,80.0,5.648974238161206,4.11660777385159,11.0,0.20848056537102475,0.26148409893992935,2.200000000000003,0.717391304347826,2.8585858585858586,0.696969696969697,0.5036496350364964,12.333333333333334,2.5145344573647863,3.266136030513108,2.4828358491236133,0.0
1,Gymnopedie No. 3,Erik Satie,6,3,VII,Modern,found,pdf,pdf-20260524T103936Z-3-001/pdf/Gymnopedie 3 by Erik Satie.pdf,,,,verified_pieces/pdf/xml/Gymnopedie 3 by Erik Satie.musicxml,,0.056338028169014086,0.8651685393258427,3,2.2700945626477544,0.44368600682593856,1.0,1.0354609929078014,5,0.0,2.0704225352112675,294,68.0,5.68697535633982,3.193877551020408,7.0,0.17006802721088435,0.23469387755102042,2.0,0.6830985915492958,2.814432989690722,0.4329896907216495,0.36879432624113473,8.0,1.971249736327896,2.786574513758628,2.50018427269032,0.0
1,Habanera,Agustin Barrios Mandore,8,6,XIII,Romantic,found,pdf,pdf-20260524T103936Z-3-001/pdf/barrios-habanera.pdf,,,,verified_pieces/pdf/xml/barrios-habanera.musicxml,,0.01038961038961039,1.0615384615384615,4,2.2340277777777775,0.5181268882175226,0.532258064516129,0.6276041666666666,5,0.0,1.722077922077922,663,65.0,6.498282149476434,4.110105580693816,8.0,0.22926093514328807,0.17496229260935142,2.0,0.5168831168831168,2.1557788944723617,0.46733668341708545,0.3802083333333333,12.0,2.1000267533936645,3.352057662108683,2.431102175932999,0.06770833333333333
1,Hark! The Herald Angels Sing,Felix Mendelssohn,4,2,III,Romantic,found,pdf,pdf-20260524T103936Z-3-001/pdf/Hark The Herald Angels Sing by Felix Mendelssohn.pdf,,,,verified_pieces/pdf/xml/Hark The Herald Angels Sing by Felix Mendelssohn.musicxml,,0.025423728813559324,2.3333333333333335,20,1.974468085106383,0.4692982456140351,0.746031746031746,0.5404255319148936,3,0.0,1.9364406779661016,457,126.0,6.126869184114185,2.8030634573304156,5.0,0.06564551422319474,0.2363238512035011,3.0,0.4830508474576271,2.692982456140351,0.5877192982456141,0.251063829787234,21.0,2.7502629383513333,2.532973273395979,2.3280282741203164,0.03829787234042553
1,Hie folget ein welscher tantz washa mesa,Hans Neusidler,2,1,I,Renaissance,found,pdf,pdf-20260524T103936Z-3-001/pdf/Ein Tuger Welscher Tantz by Hans Newsidler.pdf,,,,verified_pieces/pdf/xml/Ein Tuger Welscher Tantz by Hans Newsidler.musicxml,,0.0,0.5714285714285714,2,1.0385802469135803,0.41228070175438597,0.12,0.2361111111111111,2,0.0,2.1059907834101383,457,120.0,6.126869184114185,1.5557986870897156,3.0,0.0,0.36980306345733044,2.0,0.6129032258064516,2.857142857142857,0.17293233082706766,0.05555555555555555,3.0,0.8450127478162418,1.792692332793929,2.437478050772573,0.08333333333333333
1,Hommage a Tarrega: I. Garrotin,Joaquin Turina,12,7,XI,Modern,found,pdf,pdf-20260524T103936Z-3-001/pdf/Hommage A Tarrega 1 Garrotin by Joaquin Turina.pdf,,,,verified_pieces/pdf/xml/Hommage A Tarrega 1 Garrotin by Joaquin Turina.musicxml,,0.09029345372460497,0.5473684210526316,2,1.9320889894419306,0.5218617771509168,0.2986111111111111,0.3891402714932127,5,0.0,1.602708803611738,710,90.0,6.566672429803241,4.353521126760564,10.0,0.2802816901408451,0.19859154929577466,2.0,0.22799097065462753,2.732673267326733,0.43564356435643564,0.2828054298642534,10.0,1.6816540569165006,3.3552071328639874,2.428585902136751,0.09276018099547512
1,Hommage a Tarrega: II. Solearas,Joaquin Turina,11,7,VIII,Modern,found,pdf,pdf-20260524T103936Z-3-001/pdf/Hommage A Tarrega 2 Soleares by Joaquin Turina.pdf,,,,verified_pieces/pdf/xml/Hommage A Tarrega 2 Soleares by Joaquin Turina.musicxml,,0.03747072599531616,0.4444444444444444,2,1.5886932707355241,0.6959847036328872,0.6595744680851063,0.8004694835680751,5,0.0,1.2271662763466042,524,175.0,6.263398262591624,3.5019083969465647,6.0,0.07251908396946564,0.1297709923664122,2.0,0.06557377049180328,3.607142857142857,0.5714285714285714,0.1619718309859155,8.8,1.29535377665703,2.946979463596225,2.4683068370851693,0.007042253521126761
1,Hornpipe in Em,Henry Purcell,6,4,V,Baroque,found,pdf,pdf-20260524T103936Z-3-001/pdf/Hornpipe by Daniel Purcell.zip,,,,verified_pieces/pdf/xml/Hornpipe by Daniel Purcell.musicxml,,0.0,0.3636363636363636,2,1.6221498371335503,0.8328267477203647,0.4795539033457249,0.6026058631921825,3,0.0,1.0714285714285714,330,192.0,0.0,0.0,0.0,0.0,0.0,0.0,0.0,0.0,0.0,0.0,0.0,0.0,0.0,0.0,0.0
1,Humoresque,Agustin Barrios Mandore,7,5,XII,Romantic,found,pdf,pdf-20260524T103936Z-3-001/pdf/humoresque-barrios.pdf,,,,verified_pieces/pdf/xml/humoresque-barrios.musicxml,,0.039473684210526314,1.1341463414634145,5,2.0,0.45964912280701753,0.3333333333333333,0.3841059602649007,4,0.0,1.881578947368421,286,80.0,5.659482215759621,6.419580419580419,10.0,0.5594405594405595,0.0944055944055944,3.0,0.5394736842105263,2.7804878048780486,0.5975609756097561,0.36423841059602646,9.0,1.7583240481848936,3.3002735374390504,2.5077219302158755,0.08609271523178808
1,"In Dulci Jubilo, BWV 751",J.S. Bach,12,6,X,Baroque,found,pdf,pdf-20260524T103936Z-3-001/pdf/bach-bwv751.pdf,,,,verified_pieces/pdf/xml/bach-bwv751.musicxml,,0.005865102639296188,0.7567567567567568,3,1.9686274509803923,0.624750499001996,0.5220588235294118,0.5676470588235294,2,0.0,1.4721407624633431,502,150.0,6.220590170099739,3.2928286852589643,7.0,0.16334661354581673,0.2749003984063745,2.0,0.3489736070381232,3.2436974789915967,0.4789915966386555,0.2823529411764706,11.0,1.6308893515176015,2.945482314758667,2.4310006906426214,0.0
1,Jha che Valle,Agustin Barrios Mandore,9,6,X,Romantic,found,pdf,pdf-20260524T103936Z-3-001/pdf/barrios-jha-che-valle.pdf,,,,verified_pieces/pdf/xml/barrios-jha-che-valle.musicxml,,0.007142857142857143,1.2166666666666666,3,2.4575866188769413,0.5304740406320542,0.7272727272727273,0.989247311827957,5,0.0,1.5857142857142856,444,120.0,6.09807428216624,4.466216216216216,10.0,0.3063063063063063,0.22747747747747749,2.0,0.4392857142857143,2.178861788617886,0.43902439024390244,0.36200716845878134,12.0,2.716912602197034,3.2251752948173436,2.503384795012947,0.053763440860215055
1,John Dowland's Galliard,John Dowland,5,5,V,Renaissance,found,pdf,pdf-20260524T103936Z-3-001/pdf/Dowlands Galliard by John Dowland.pdf,,,,verified_pieces/pdf/xml/Dowlands Galliard by John Dowland.musicxml,,0.0,0.68,3,1.7140151515151514,0.6176470588235294,0.3181818181818182,0.4659090909090909,5,0.0,1.5393258426966292,137,100.0,4.927253685157205,2.145985401459854,5.0,0.058394160583941604,0.3284671532846715,2.0,0.2808988764044944,3.56,0.88,0.20454545454545456,7.0,1.2061628530398618,2.4354698724327695,2.2245620569002176,0.0
1,Jota,Agustin Barrios Mandore,12,5,XIV,Romantic,found,pdf,pdf-20260524T103936Z-3-001/pdf/barrios-jota.pdf,,,,verified_pieces/pdf/xml/barrios-jota.musicxml,,0.015873015873015872,1.1180124223602483,20,2.4398315282791816,0.5117525773195877,0.6616161616161617,1.1501805054151624,5,0.0,1.7503607503607503,2426,102.0,7.794411205726601,3.8511953833470733,9.0,0.2708161582852432,0.29760923330585326,3.0,0.47113997113997114,2.459418070444104,0.222052067381317,0.31696750902527077,20.0,2.758951425452643,3.2206771380768613,2.4507055457833777,0.06859205776173286
1,"La Catedral - i. Preludio ""Saudade""",Agustin Barrios Mandore,9,6,XII,Romantic,found,pdf,pdf-20260524T103936Z-3-001/pdf/La Catedral (preludio saudade) by Augustin Barrios Mangore.pdf,,,,verified_pieces/pdf/xml/La Catedral (preludio saudade) by Augustin Barrios Mangore.musicxml,,0.002688172043010753,1.0,2,4.492587601078167,0.8196286472148541,0.981029810298103,1.876010781671159,5,0.0,1.0161290322580645,378,50.0,5.937536205082426,6.941798941798941,12.0,0.5873015873015873,0.21957671957671956,1.8,0.005376344086021506,4.0,1.0,0.41509433962264153,15.0,4.990568494401472,3.513991319148574,2.373326474336464,0.0
1,La Catedral - ii. Andante Religioso,Agustin Barrios Mandore,8,6,XI,Romantic,found,pdf,pdf-20260524T103936Z-3-001/pdf/La Catedral (Andante Religioso) by Augustin Barrios Mangore.pdf,,,,verified_pieces/pdf/xml/La Catedral (Andante Religioso) by Augustin Barrios Mangore.musicxml,,0.10569105691056911,1.2923076923076924,3,1.6229508196721312,0.4007352941176471,0.36363636363636365,0.2786885245901639,4,0.0,2.2195121951219514,273,90.0,5.6131281063880705,5.062271062271062,10.0,0.3663003663003663,0.1391941391941392,2.0,0.5284552845528455,3.1538461538461537,0.7846153846153846,0.16393442622950818,11.25,1.860584020026414,3.6106630797120123,2.4905039756977625,0.07377049180327869
1,La Catedral - iii.  Allegro Solemne,Agustin Barrios Mandore,14,6,XIV,Romantic,found,pdf,pdf-20260524T103936Z-3-001/pdf/La Catedral (Allegro Solemne) by Augustin Barrios Mangore.pdf,,,,verified_pieces/pdf/xml/La Catedral (Allegro Solemne) by Augustin Barrios Mangore.musicxml,,0.0,0.5,3,1.8140442132639791,0.8463508322663252,0.7516778523489933,1.046814044213264,4,0.0,1.0155844155844156,782,120.0,6.663132695990803,4.006393861892583,7.0,0.1956521739130435,0.12531969309462915,1.0,0.015584415584415584,0.6666666666666666,0.6666666666666666,0.24577373211963588,10.0,1.5061246105978643,3.1433275906926696,2.413238295392096,0.014304291287386216
1,La Cavalleria de Napoles,Gaspar Sanz,3,4,VII,Baroque,found,pdf,pdf-20260524T103936Z-3-001/pdf/La Cavalleria de Napoles con dos Clarines by Gaspar Sanz.pdf,,,,verified_pieces/pdf/xml/La Cavalleria de Napoles con dos Clarines by Gaspar Sanz.musicxml,,0.0,0.6779661016949152,3,1.76268115942029,0.524390243902439,0.0,0.043478260869565216,1,0.0,1.7741935483870968,165,140.0,5.111987788356544,2.812121212121212,7.0,0.14545454545454545,0.3212121212121212,2.0,0.6344086021505376,1.9152542372881356,0.2711864406779661,0.31521739130434784,9.0,1.3752983197797466,2.586562270531533,2.1277421851483735,0.043478260869565216
1,La Maja de Goya,Enrique Granados,17,9,All,Romantic,found,pdf,pdf-20260524T103936Z-3-001/pdf/La Maja De Goya by Enrique Granados.pdf,,,,verified_pieces/pdf/xml/La Maja De Goya by Enrique Granados.musicxml,,0.01240694789081886,1.276470588235294,5,2.5897180762852403,0.5796661608497724,0.6774193548387096,0.7761194029850746,5,0.0,1.6377171215880892,660,85.0,6.493753839851686,5.774242424242424,10.0,0.45,0.14545454545454545,3.0,0.42431761786600497,2.8362573099415203,0.8011695906432749,0.4129353233830846,15.75,2.356073301491382,3.620943383091678,2.449316517097475,0.0024875621890547263
1,La minona da Cataluna (The Girl from Catalonia),Gaspar Sanz,1,2,VII,Baroque,found,pdf,pdf-20260524T103936Z-3-001/pdf/La Minona de Cataluna by Gaspar Sanz.pdf,,,,verified_pieces/pdf/xml/La Minona de Cataluna by Gaspar Sanz.musicxml,,0.017857142857142856,0.045454545454545456,1,2.8606060606060604,0.6470588235294118,0.5,0.2909090909090909,2,0.0,1.5357142857142858,86,120.0,4.465908118654584,2.988372093023256,7.0,0.18604651162790697,0.3953488372093023,0.0,0.5,2.7857142857142856,0.32142857142857145,0.5818181818181818,5.5,1.4173398173843375,2.3516901580609324,2.0486275388197077,0.0
1,La Muerte Del Angel (Tango),Astor Piazzolla,11,5,X,Modern,found,pdf,pdf-20260524T103936Z-3-001/pdf/Muerte Del Angel by Astor Piazzolla.pdf,,,,verified_pieces/pdf/xml/Muerte Del Angel by Astor Piazzolla.musicxml,,0.06624203821656051,2.1156716417910446,4,1.463690476190476,0.4029947916666667,0.4282115869017632,0.4375,5,0.0,1.9579617834394905,1537,160.0,7.338238150065589,4.134677944046844,9.0,0.2524398178269356,0.2003903708523097,4.0,0.34267515923566877,3.2899628252788102,0.29739776951672864,0.16071428571428573,11.0,1.644328943034968,3.4332779516789262,2.396749826193645,0.12755102040816327
1,La Samaritana,Agustin Barrios Mandore,8,5,XIII,Romantic,found,pdf,pdf-20260524T103936Z-3-001/pdf/barrios-samaritana.pdf,,,,verified_pieces/pdf/xml/barrios-samaritana.musicxml,,0.0036101083032490976,1.0386740331491713,4,2.0670289855072466,0.501937984496124,0.5384615384615384,0.6521739130434783,3,0.0,1.8664259927797835,517,57.0,6.249975242259483,5.773694390715668,10.0,0.4874274661508704,0.14893617021276595,2.0,0.6534296028880866,2.0386740331491713,0.6132596685082873,0.3115942028985507,14.0,1.8856810293391186,3.372880052672382,2.478788159763263,0.0
1,Lachrimae Pavan,John Dowland,16,8,VII,Renaissance,found,pdf,pdf-20260524T103936Z-3-001/pdf/Lachrimae Pavan by John Dowland.pdf,,,,verified_pieces/pdf/xml/Lachrimae Pavan by John Dowland.musicxml,,0.019891500904159132,0.8740740740740741,3,1.908816425120773,0.636471990464839,0.4612794612794613,0.6195652173913043,5,0.0,1.518987341772152,840,45.0,6.734591659972948,1.8011904761904762,4.0,0.008333333333333333,0.3392857142857143,2.0,0.27124773960216997,3.2333333333333334,0.44,0.2826086956521739,7.0,1.1369971186338799,2.310435939318877,2.4499519079682397,0.0
1,Lady Hammond's Alman,John Dowland,8,4,IV,Renaissance,found,pdf,pdf-20260524T103936Z-3-001/pdf/Lady Hammonds Alman by John Dowland.pdf,,,,verified_pieces/pdf/xml/Lady Hammonds Alman by John Dowland.musicxml,,0.0,0.723404255319149,3,2.022849462365591,0.5654205607476636,0.6046511627906976,0.8225806451612904,5,0.0,1.72,215,66.0,5.375278407684165,2.33953488372093,5.0,0.046511627906976744,0.31627906976744186,3.0,0.376,4.0638297872340425,0.3404255319148936,0.28225806451612906,7.0,1.3040440059496137,2.2243728229292983,2.1792631199179713,0.008064516129032258
1,Lantururu,Gaspar Sanz,4,3,VII,Baroque,found,pdf,pdf-20260524T103936Z-3-001/pdf/Lantururu by Gaspar Sanz.pdf,,,,verified_pieces/pdf/xml/Lantururu by Gaspar Sanz.musicxml,,0.0,0.05263157894736842,1,1.9444444444444444,0.6056338028169014,0.3333333333333333,0.2916666666666667,3,0.0,1.469387755102041,72,120.0,4.290459441148391,2.8194444444444446,7.0,0.19444444444444445,0.4027777777777778,0.0,0.4489795918367347,2.8636363636363638,0.45454545454545453,0.3541666666666667,5.5,1.499356858007566,2.4599804718437857,1.954662376929293,0.041666666666666664
1,Larghetto,Matteo Carcassi,5,3,IX,Classical,found,dada_gp,,"datasets/DadaGP-v1.1/C/Carcassi, Mateo/Carcassi, Mateo - Sonatina II Larghetto.gp3.tokens.txt","datasets/DadaGP-v1.1/C/Carcassi, Mateo/Carcassi, Mateo - Sonatina II Larghetto.gp3",,"verified_pieces/dada/xml/Carcassi, Mateo - Sonatina II Larghetto.musicxml",,0.0,0.7304347826086957,10,1.4607843137254901,0.6683006535947712,0.512396694214876,0.6764705882352942,3,0.0,1.2851153039832286,613,69.0,6.419994928147142,2.272430668841762,5.0,0.04567699836867863,0.24469820554649266,2.0,0.2620545073375262,2.224,0.344,0.17436974789915966,7.0,1.287093128689661,2.4875718795766524,2.2082393292209668,0.03361344537815126
1,"Larghetto, Op. 50 no. 17",Mauro Giuliani,4,3,III,Classical,found,pdf,pdf-20260524T103936Z-3-001/pdf/Opus 50 No 17 by Mauro Giuliani.pdf,,,,verified_pieces/pdf/xml/Opus 50 No 17 by Mauro Giuliani.musicxml,,0.02040816326530612,0.45714285714285713,2,1.5532646048109964,0.4634146341463415,0.9387755102040817,0.9175257731958762,3,0.0,1.683673469387755,165,100.0,5.111987788356544,1.5636363636363637,3.0,0.0,0.3878787878787879,1.0,0.35714285714285715,3.057142857142857,0.7142857142857143,0.32989690721649484,4.0,1.2183581406344661,2.0458457812363395,2.400941139148156,0.07216494845360824
1,Las Abejas,Agustin Barrios Mandore,10,5,X,Romantic,found,pdf,pdf-20260524T103936Z-3-001/pdf/Las Abejas (The Bees) by Augustin Barrios Mangore.pdf,,,,verified_pieces/pdf/xml/Las Abejas (The Bees) by Augustin Barrios Mangore.musicxml,,0.002824858757062147,0.6,3,2.007082152974504,0.8480662983425414,0.8,0.9461756373937678,5,0.0,1.0254237288135593,363,60.0,5.8971538676367405,4.865013774104683,9.0,0.31955922865013775,0.10192837465564739,1.8000000000000003,0.014124293785310734,3.2,0.8,0.26062322946175637,12.0,1.8972227313631442,3.342521455371036,2.368901416415834,0.0
1,Las Dos Hermanitas,Francisco Tarrega,9,7,X,Romantic,found,pdf,pdf-20260524T103936Z-3-001/pdf/Las dos Hermanitas by Francisco Tarrega.pdf,,,,verified_pieces/pdf/xml/Las dos Hermanitas by Francisco Tarrega.musicxml,gaps_v1/musicxml/Las dos Hermanitas by Francisco Tarrega.xml,0.007434944237918215,1.0512820512820513,3,2.403296019900498,0.5315315315315315,0.6216216216216216,0.8283582089552238,5,0.0,1.654275092936803,445,170.0,6.100318952020064,4.885393258426967,10.0,0.33707865168539325,0.14831460674157304,3.0,0.4349442379182156,2.606837606837607,0.6495726495726496,0.3246268656716418,12.0,2.44020585209481,3.4533432419389687,2.398521519892282,0.08208955223880597
1,Le Fandango,Dionisio Aguado,13,5,X,Classical,found,pdf,pdf-20260524T103936Z-3-001/pdf/aguado-fandango.pdf,,,,verified_pieces/pdf/xml/aguado-fandango.musicxml,,0.002230897936419409,0.9620253164556962,3,2.0125558035714284,0.6286562102585841,0.5916230366492147,0.9542410714285714,5,0.0,1.3162297824874511,2360,70.0,7.766840537085513,3.310593220338983,7.0,0.1652542372881356,0.22330508474576272,2.0,0.22922476296709426,2.0389294403892944,0.3357664233576642,0.2974330357142857,17.0,1.9074605421481805,3.1526014379958305,2.393914993165357,0.056361607142857144
1,Le Petit-Rien (Rondeau),Francois Couperin,8,3,V,Baroque,found,pdf,pdf-20260524T103936Z-3-001/pdf/Le Petit Rien by Francois Couperin.pdf,,,,verified_pieces/pdf/xml/Le Petit Rien by Francois Couperin.musicxml,,0.0,0.6486486486486487,2,1.3783783783783783,0.6052631578947368,0.42105263157894735,0.4189189189189189,2,0.0,1.5333333333333334,115,120.0,4.7535901911063645,1.7826086956521738,3.0,0.0,0.26956521739130435,1.3999999999999986,0.5333333333333333,2.9,0.575,0.17567567567567569,3.0,0.8807659857729904,2.056795474160579,2.4678398290240224,0.05405405405405406
1,"Lesson, Op. 139 no. 3",Mauro Giuliani,6,3,V,Classical,found,pdf,pdf-20260524T103936Z-3-001/pdf/giuliani-op139no3.pdf,,,,verified_pieces/pdf/xml/giuliani-op139no3.musicxml,gaps_v1/musicxml/giuliani-op139no3.xml,0.005405405405405406,0.65625,3,1.7223731884057971,0.5488958990536278,0.5641025641025641,0.6847826086956522,5,0.0,1.718918918918919,318,80.0,5.765191102784844,2.0849056603773586,5.0,0.04716981132075472,0.3490566037735849,2.0,0.5513513513513514,2.2941176470588234,0.4117647058823529,0.2826086956521739,6.0,1.231977215014529,2.459713223617545,2.396697460262876,0.016304347826086956
1,"Lesson, Op. 31 no. 4",Fernando Sor,5,3,V,Classical,found,pdf,pdf-20260524T103936Z-3-001/pdf/sor-op31-4.pdf,,,,verified_pieces/pdf/xml/sor-op31-4.musicxml,,0.023255813953488372,1.0579710144927537,3,1.5078125,0.461864406779661,0.6363636363636364,0.375,3,0.0,1.8372093023255813,237,56.0,5.472270673671475,2.5738396624472575,5.0,0.02531645569620253,0.19831223628691982,2.0,0.5426356589147286,1.9142857142857144,0.5428571428571428,0.21875,5.0,1.244058688486723,2.434488341871402,2.1294395541944082,0.078125
1,"Lesson, Op. 60 no. 5",Fernando Sor,2,2,II,Classical,found,dada_gp,,"datasets/DadaGP-v1.1/S/Sor, Fernando/Sor, Fernando - Op. 60 - No 5 (study In A Minor).gp4.tokens.txt","datasets/DadaGP-v1.1/S/Sor, Fernando/Sor, Fernando - Op. 60 - No 5 (study In A Minor).gp4",,"verified_pieces/dada/xml/Sor, Fernando - Op. 60 - No 5 (study In A Minor).musicxml",,0.0,0.0,0,1.671497584541063,0.7777777777777778,0.7301587301587301,1.3623188405797102,5,0.026431718061674,1.0432692307692308,217,66.0,5.384495062789089,1.1474654377880185,3.0,0.0,0.4792626728110599,0.0,0.04326923076923077,3.4444444444444446,0.7777777777777778,0.23671497584541062,5.0,1.1757654218800837,1.964262634106772,2.2422018572575904,0.03864734299516908
1,Leyenda de Espana,Agustin Barrios Mangore,8,6,X,Romantic,found,pdf,pdf-20260524T103936Z-3-001/pdf/Leyenda Espana by Augustin Barrios Mangore.pdf,,,,verified_pieces/pdf/xml/Leyenda Espana by Augustin Barrios Mangore.musicxml,,0.001326259946949602,0.8529411764705882,3,1.9176626826029217,0.7623261694058154,0.48068669527896996,0.598937583001328,4,0.0,1.0503978779840848,792,40.0,6.675823221634848,3.1186868686868685,7.0,0.15151515151515152,0.2588383838383838,2.0,0.04509283819628647,1.7058823529411764,0.5588235294117647,0.2775564409030544,14.5,1.6517283518066121,3.012181275529497,2.235568825554439,0.09428950863213811
1,Libertango,Astor Piazzolla,12,5,IX,Modern,found,pdf,pdf-20260524T103936Z-3-001/pdf/Libertango by Astor Piazzolla.pdf,,,,verified_pieces/pdf/xml/Libertango by Astor Piazzolla.musicxml,gaps_v1/musicxml/Libertango by Astor Piazzolla.xml,0.0038461538461538464,0.463768115942029,2,2.5328185328185326,0.7142857142857143,0.6,0.9266409266409267,5,0.0,1.323076923076923,344,100.0,5.84354441703136,3.1569767441860463,8.0,0.18023255813953487,0.27325581395348836,2.0,0.28846153846153844,2.546666666666667,0.72,0.40540540540540543,10.0,2.102555020853987,3.0865092263335,2.52487036706596,0.003861003861003861
1,Libra Sonatine: A. India,Roland Dyens,15,9,X,Modern,found,dada_gp,,"datasets/DadaGP-v1.1/D/Dyens, Roland/Dyens, Roland - Libra Sonatine.gp4.tokens.txt","datasets/DadaGP-v1.1/D/Dyens, Roland/Dyens, Roland - Libra Sonatine.gp4",,"verified_pieces/dada/xml/Dyens, Roland - Libra Sonatine.musicxml",,0.005477308294209703,0.2578947368421053,3,2.572435395458105,0.6072051133062173,0.7286821705426356,1.1433046202036021,5,0.1489151873767258,1.3474178403755868,1722,120.0,7.45182223652793,2.227061556329849,7.0,0.11265969802555169,0.502903600464576,1.0,0.19170579029733958,2.910204081632653,0.21224489795918366,0.3774471417384495,25.0,2.5203633822600917,2.5171051230611194,2.4680486277001754,0.02975724353954581
1,Little Italian Song (from Album for the Young); Op. 39 no. 15,Peter Ilyitch Tchaikovsky,7,4,IX,Romantic,found,pdf,pdf-20260524T103936Z-3-001/pdf/Opus 39 No 15 Italian Air by Pyotr Ilyich Tchaikovsky.pdf,,,,verified_pieces/pdf/xml/Opus 39 No 15 Italian Air by Pyotr Ilyich Tchaikovsky.musicxml,,0.0,0.4675324675324675,3,2.2777777777777777,0.5375494071146245,0.4117647058823529,0.49382716049382713,2,0.0,1.5582822085889572,254,100.0,5.541263545158426,4.003937007874016,9.0,0.3779527559055118,0.3661417322834646,2.0,0.5276073619631901,2.5697674418604652,0.43023255813953487,0.4074074074074074,9.0,1.9633996718969213,2.7070602229061884,2.3057014604796593,0.08641975308641975
1,London Carape,Agustin Barrios Mandore,6,5,XII,Romantic,found,pdf,pdf-20260524T103936Z-3-001/pdf/london-carape-barrios.pdf,,,,verified_pieces/pdf/xml/london-carape-barrios.musicxml,,0.017543859649122806,0.48936170212765956,3,2.721764705882353,0.6502057613168725,0.43333333333333335,0.611764705882353,5,0.0,1.4269005847953216,244,120.0,5.501258210544727,5.905737704918033,10.0,0.5245901639344263,0.1721311475409836,1.0,0.29239766081871343,2.62,0.6,0.4294117647058823,10.25,2.231260412772117,3.2345702920475374,2.4496547673576408,0.01764705882352941
1,Lord Strang's March,John Dowland,11,8,IV,Renaissance,found,pdf,pdf-20260524T103936Z-3-001/pdf/Lord Strangs March by John Dowland.pdf,,,,verified_pieces/pdf/xml/Lord Strangs March by John Dowland.musicxml,,0.0,1.0222222222222221,3,1.9774590163934427,0.4827586206896552,0.2608695652173913,0.30327868852459017,5,0.0,1.8943089430894309,233,50.0,5.455321115357702,2.6566523605150216,5.0,0.0815450643776824,0.2918454935622318,2.0,0.37398373983739835,4.456521739130435,0.43478260869565216,0.29508196721311475,7.0,1.4361024879124984,2.505907357393529,2.275348019339266,0.05737704918032787
1,Luz Mala,Agustin Barrios Mandore,9,6,XII,Romantic,found,pdf,pdf-20260524T103936Z-3-001/pdf/Luz Mala (Bad Light) by Agustin Barrios Mangore.pdf,,,,verified_pieces/pdf/xml/Luz Mala (Bad Light) by Agustin Barrios Mangore.musicxml,,0.02877697841726619,1.7916666666666667,4,2.0241545893719803,0.49063670411985016,0.4857142857142857,0.5942028985507246,3,0.0,1.9280575539568345,268,95.0,5.594711379601839,5.906716417910448,12.0,0.376865671641791,0.055970149253731345,3.0,0.5179856115107914,2.6805555555555554,0.625,0.2971014492753623,9.5,1.742826420219053,3.591835657805826,2.5150349622922654,0.0
1,Mabelita,Agustin Barrios Mandore,8,6,XII,Romantic,found,pdf,pdf-20260524T103936Z-3-001/pdf/Mabelita by Augustin Barrios Mangore.pdf,,,,verified_pieces/pdf/xml/Mabelita by Augustin Barrios Mangore.musicxml,,0.015384615384615385,1.5714285714285714,3,2.5807291666666665,0.4634146341463415,0.34782608695652173,0.390625,5,0.0,1.9076923076923078,124,50.0,4.8283137373023015,5.782258064516129,11.0,0.45161290322580644,0.12903225806451613,3.0,0.4307692307692308,3.107142857142857,0.8928571428571429,0.375,9.0,2.499651397136181,3.5358022843031796,2.485505646253223,0.0625
1,Madrecita,Agustin Barrios Mandore,7,6,XII,Romantic,found,pdf,pdf-20260524T103936Z-3-001/pdf/barrios-madrecita.pdf,,,,verified_pieces/pdf/xml/barrios-madrecita.musicxml,,0.008403361344537815,1.3623188405797102,3,2.333333333333333,0.4396887159533074,0.37037037037037035,0.2966101694915254,3,0.0,2.168067226890756,258,110.0,5.556828061699537,6.934108527131783,11.0,0.6666666666666666,0.1434108527131783,3.0,0.5882352941176471,2.9571428571428573,0.7285714285714285,0.4067796610169492,9.333333333333332,1.8287049949537344,3.445952925807623,2.4785135856119522,0.025423728813559324
1,Madrigal (Gavota),Agustin Barrios Mandore,11,7,XII,Romantic,found,pdf,pdf-20260524T103936Z-3-001/pdf/barrios-madrigal.pdf,,,,verified_pieces/pdf/xml/barrios-madrigal.musicxml,,0.04336043360433604,1.5276381909547738,6,2.323369565217391,0.47067039106145253,0.4722222222222222,0.453804347826087,4,0.0,1.943089430894309,717,120.0,6.576469569048224,7.9051603905160395,12.0,0.7629009762900977,0.06694560669456066,3.0,0.5392953929539296,2.577889447236181,0.5226130653266332,0.39402173913043476,12.0,2.1002606661643237,3.3604680403127225,2.4508955057749406,0.03260869565217391
1,Madronos,Federico Moreno Torroba,10,6,X,Modern,found,pdf,pdf-20260524T103936Z-3-001/pdf/Madronos by Federico Moreno Torroba.pdf,,,,verified_pieces/pdf/xml/Madronos by Federico Moreno Torroba.musicxml,,0.02,1.2352941176470589,3,1.8258859784283512,0.5232558139534884,0.2616279069767442,0.3975346687211094,5,0.0,1.5892307692307692,1033,126.0,6.9411900550683745,4.665053242981607,8.0,0.2904162633107454,0.10939012584704744,3.0,0.2923076923076923,2.6526315789473682,0.4105263157894737,0.26040061633281975,12.0,1.7039789000382781,3.4125538962469126,2.382162085613025,0.12788906009244994
1,Mallorca,Isaac Albeniz,16,9,All,Romantic,found,pdf,pdf-20260524T103936Z-3-001/pdf/Opus 202 Mallorca by Isaac Albeniz.pdf,,,,verified_pieces/pdf/xml/Opus 202 Mallorca by Isaac Albeniz.musicxml,,0.0125,1.0722021660649819,5,2.3351591027647367,0.5896927651139743,0.5073170731707317,0.6854460093896714,5,0.0,1.578125,1010,56.0,6.918695219020472,5.908910891089109,10.0,0.4772277227722772,0.11287128712871287,3.0,0.4328125,2.101083032490975,0.516245487364621,0.38028169014084506,12.0,1.9929062960984543,3.5554235490468282,2.425449903176239,0.023474178403755867
1,March (from the Notebook of Anna Magdalena Bach),C.P.E. Bach,7,4,VII,Baroque,found,dada_gp,,"datasets/DadaGP-v1.1/B/Bach, Johann Sebastian/Bach, Johann Sebastian - March.gp4.tokens.txt","datasets/DadaGP-v1.1/B/Bach, Johann Sebastian/Bach, Johann Sebastian - March.gp4",,"verified_pieces/dada/xml/Bach, Johann Sebastian - March.musicxml",,0.0,0.4714285714285714,3,1.206451612903226,0.5240174672489083,0.41025641025641024,0.4129032258064516,2,0.0,1.4743589743589745,230,130.0,5.442417710521793,1.891304347826087,4.0,0.004347826086956522,0.3173913043478261,2.0,0.46794871794871795,2.767123287671233,0.5616438356164384,0.13548387096774195,4.5,1.0407613478327105,2.2872313389815204,2.5222563777388043,0.15483870967741936
1,Matachin,Gaspar Sanz,5,3,IX,Baroque,found,pdf,pdf-20260524T103936Z-3-001/pdf/Matachin by Gaspar Sanz.pdf,,,,verified_pieces/pdf/xml/Matachin by Gaspar Sanz.musicxml,,0.0,0.6363636363636364,3,1.8225806451612903,0.6458333333333334,0.16666666666666666,0.22580645161290322,2,0.0,1.5396825396825398,97,120.0,4.584967478670572,2.288659793814433,5.0,0.08247422680412371,0.3711340206185567,2.900000000000002,0.38095238095238093,3.1666666666666665,0.6666666666666666,0.25806451612903225,4.0,1.0303942627394245,2.4126962610597773,2.097006661448455,0.0
1,Maxixe,Agustin Barrios Mandore,10,5,IX,Romantic,found,pdf,pdf-20260524T103936Z-3-001/pdf/Maxixe by Augustin Barrios Mangore.pdf,,,,verified_pieces/pdf/xml/Maxixe by Augustin Barrios Mangore.musicxml,,0.002197802197802198,0.6521739130434783,3,2.1802496328928047,0.7412587412587412,0.6175298804780877,1.0814977973568283,5,0.0,1.2593406593406593,573,110.0,6.352629396319567,3.4554973821989527,7.0,0.15357766143106458,0.2024432809773124,2.0,0.23516483516483516,2.1401869158878504,0.3925233644859813,0.29955947136563876,12.0,2.0074199210542707,3.0720644977559894,2.5587676917805537,0.0022026431718061676
1,"Mazurka, Op. 67 no. 3",Frederic Chopin,5,3,III,Romantic,found,pdf,pdf-20260524T103936Z-3-001/pdf/Opus 67 No 3 Mazurka by Frederic Chopin.pdf,,,,verified_pieces/pdf/xml/Opus 67 No 3 Mazurka by Frederic Chopin.musicxml,,0.03557312252964427,0.9523809523809523,5,2.35978835978836,0.4635514018691589,0.6,0.4007936507936508,5,0.0,2.1185770750988144,536,144.0,6.285998094508865,6.227611940298507,10.0,0.5522388059701493,0.11007462686567164,2.0,0.7470355731225297,2.634920634920635,0.32275132275132273,0.3531746031746032,10.5,2.2300865503894283,3.290456537173633,2.211380555270326,0.0
1,"Mazurka, Op. 68 no. 3",Frederic Chopin,8,6,X,Romantic,found,pdf,pdf-20260524T103936Z-3-001/pdf/Opus 68 No 3 Mazurka by Frederic Chopin.pdf,,,,verified_pieces/pdf/xml/Opus 68 No 3 Mazurka by Frederic Chopin.musicxml,,0.02145922746781116,1.6435643564356435,5,2.150862068965517,0.3082191780821918,0.5,0.15948275862068967,3,0.0,2.5107296137339055,585,132.0,6.373319789577012,4.218803418803419,9.0,0.1264957264957265,0.1076923076923077,3.0,0.8669527896995708,2.4257425742574257,0.2079207920792079,0.3017241379310345,16.0,2.7710772253111,2.943758219271959,2.4825706211591188,0.1939655172413793
1,Mazurka; Op. 24 no. 1,Frederic Chopin,10,6,VII,Romantic,found,pdf,pdf-20260524T103936Z-3-001/pdf/Opus 24 No 1 Mazurka by Frederic Chopin.pdf,,,,verified_pieces/pdf/xml/Opus 24 No 1 Mazurka by Frederic Chopin.musicxml,,0.030201342281879196,1.0804597701149425,3,2.2515151515151515,0.41853512705530643,0.18181818181818182,0.26936026936026936,4,0.0,2.248322147651007,670,76.0,6.508769136971682,3.9477611940298507,10.0,0.25671641791044775,0.2626865671641791,3.0,0.6241610738255033,2.9193548387096775,0.3870967741935484,0.4175084175084175,9.333333333333334,1.6330213820194062,3.2901020109518933,2.3945103314636715,0.020202020202020204
1,Mazurka; Op. 24 no. 3,Frederic Chopin,8,6,X,Romantic,found,pdf,pdf-20260524T103936Z-3-001/pdf/Opus 24 No 3 Mazurka by Frederic Chopin.pdf,,,,verified_pieces/pdf/xml/Opus 24 No 3 Mazurka by Frederic Chopin.musicxml,,0.01904761904761905,1.035294117647059,7,2.021531100478469,0.5487465181058496,0.4307692307692308,0.4880382775119617,4,0.0,1.7142857142857142,360,126.0,5.8888779583328805,3.8361111111111112,10.0,0.21944444444444444,0.20555555555555555,2.0,0.4380952380952381,2.891304347826087,0.42391304347826086,0.2631578947368421,12.0,1.8842435437825835,3.100808967842137,2.3939457149736745,0.028708133971291867
1,Mazurka; Op. 33 no. 1,Frederic Chopin,10,7,X,Romantic,found,pdf,pdf-20260524T103936Z-3-001/pdf/Opus 33 No 1 Mazurka by Frederic Chopin.pdf,,,,verified_pieces/pdf/xml/Opus 33 No 1 Mazurka by Frederic Chopin.musicxml,,0.06097560975609756,1.1466666666666667,3,2.3026584867075663,0.4479768786127168,0.2549019607843137,0.26993865030674846,2,0.0,2.1158536585365852,347,80.0,5.8522024797744745,4.628242074927954,9.0,0.45244956772334294,0.22478386167146974,2.6000000000000085,0.524390243902439,3.0,0.45348837209302323,0.3803680981595092,8.333333333333334,1.9485972148165702,3.111574571520414,2.361449177089377,0.0
1,"Menuet (from Pieces de Clavecin, Premier Livre, (Pg. 31)",Jean-Philippe Rameau,4,2,II,Baroque,found,pdf,pdf-20260524T103936Z-3-001/pdf/Menuet Premier Livre by Jean-Philippe Rameau.pdf,,,,verified_pieces/pdf/xml/Menuet Premier Livre by Jean-Philippe Rameau.musicxml,,0.0,0.55,3,1.5271317829457365,0.702247191011236,0.38095238095238093,0.6046511627906976,5,0.0,1.376923076923077,179,120.0,5.19295685089021,1.553072625698324,3.0,0.0,0.35195530726256985,2.0,0.36153846153846153,2.6595744680851063,0.6808510638297872,0.20155038759689922,5.0,0.9345024741038,2.2831909936853507,2.3497660246564314,0.007751937984496124
1,"Menuet, Op. 11 no. 5",Fernando Sor,8,4,VII,Classical,found,pdf,pdf-20260524T103936Z-3-001/pdf/sor-op11-5.pdf,,,,verified_pieces/pdf/xml/sor-op11-5.musicxml,gaps_v1/musicxml/Opus 11 No 6 by Fernando Sor.xml,0.049586776859504134,1.2941176470588236,3,2.265277777777778,0.4847161572052402,0.45161290322580644,0.5916666666666667,4,0.0,1.9008264462809918,230,80.0,5.442417710521793,3.6,8.0,0.23478260869565218,0.23478260869565218,2.0,0.5785123966942148,2.4285714285714284,0.5142857142857142,0.43333333333333335,8.0,1.8188182764750047,2.954589220407721,2.3620927612116036,0.058333333333333334
1,"Menuet, Op. 22",Fernando Sor,7,4,V,Classical,found,pdf,pdf-20260524T103936Z-3-001/pdf/sor-opus22.pdf,,,,verified_pieces/pdf/xml/sor-opus22.musicxml,,0.008733624454148471,1.3298969072164948,3,1.7185672514619885,0.44222222222222224,0.2235294117647059,0.37719298245614036,4,0.0,1.9694323144104804,451,140.0,6.113682179832232,2.011086474501109,5.0,0.022172949002217297,0.2793791574279379,2.0,0.4366812227074236,2.91,0.39,0.2324561403508772,6.25,1.3059547581262387,2.4844905113903595,2.41558022823337,0.08771929824561403
1,Menuett,Johann Krieger,1,1,I,Baroque,found,pdf,pdf-20260524T103936Z-3-001/pdf/Menuett by Johann Krieger.pdf,,,,verified_pieces/pdf/xml/Menuett by Johann Krieger.musicxml,,0.0,0.39285714285714285,2,1.3205128205128205,0.6403508771929824,0.6470588235294118,0.6794871794871795,4,0.0,1.4556962025316456,115,120.0,4.7535901911063645,1.2434782608695651,3.0,0.0,0.41739130434782606,1.0,0.45569620253164556,2.1666666666666665,0.5,0.10256410256410256,3.0,0.759446318954866,1.8856114644169664,2.3697757756343267,0.0
1,Milonga,Agustin Barrios Mandore,13,4,XIV,Romantic,found,pdf,pdf-20260524T103936Z-3-001/pdf/barrios-milonga.pdf,,,,verified_pieces/pdf/xml/barrios-milonga.musicxml,,0.002699055330634278,0.30498533724340177,3,1.9142567567567568,0.5007564296520424,0.3028169014084507,1.2,5,0.0,1.785425101214575,1323,95.0,7.188412736496954,2.4625850340136055,9.0,0.14285714285714285,0.3854875283446712,1.0,0.4844804318488529,2.6128133704735377,0.181058495821727,0.2635135135135135,12.0,1.7807923220960742,2.578793490431783,2.542509704485272,0.0445945945945946
1,Milonga del Angel (Milonga),Astor Piazzolla,12,8,VIII,Modern,found,dada_gp,,"datasets/DadaGP-v1.1/P/Piazzola, Astor/Piazzola, Astor - Milonga Del Angel (2).gp3.tokens.txt","datasets/DadaGP-v1.1/P/Piazzola, Astor/Piazzola, Astor - Milonga Del Angel (2).gp3",,"verified_pieces/dada/xml/Piazzola, Astor - Milonga Del Angel (2).musicxml",,0.0055248618784530384,1.2857142857142858,5,1.7600246002460025,0.5917312661498708,0.5964912280701754,0.9317343173431735,5,0.0380228136882129,1.427255985267035,775,100.0,6.654152520183219,4.203870967741936,8.0,0.24774193548387097,0.15741935483870967,3.0,0.27808471454880296,3.1059602649006623,0.6556291390728477,0.27490774907749077,12.0,1.6477574182627517,3.2365703877783716,2.5351761770366386,0.027675276752767528
1,Miniature No. 12: Prelude,Alain Reiher,7,4,VII,Modern,found,dada_gp,,"datasets/DadaGP-v1.1/R/Reiher, Alain/Reiher, Alain - Miniature No. 12.gp4.tokens.txt","datasets/DadaGP-v1.1/R/Reiher, Alain/Reiher, Alain - Miniature No. 12.gp4",,"verified_pieces/dada/xml/Reiher, Alain - Miniature No. 12.musicxml",,0.0,0.9801324503311258,5,1.712287104622871,0.7064606741573034,1.0,1.0967153284671534,3,0.0,1.2987249544626593,713,92.0,6.570882962339584,2.0631136044880787,5.0,0.037868162692847124,0.29312762973352036,3.0,0.2750455373406193,1.3509933774834437,0.2980132450331126,0.22627737226277372,8.5,1.4160214217880545,2.517493340790546,2.4774560552690157,0.0018248175182481751
1,"Minuet from 'Pensees Melodiques', Op. 38 No. 1",Jose Ferrer,5,3,V,Romantic,found,pdf,pdf-20260524T103936Z-3-001/pdf/Minuet Opus 38 No 1 by Jose Ferrer.pdf,,,,verified_pieces/pdf/xml/Minuet Opus 38 No 1 by Jose Ferrer.musicxml,,0.0,0.7794117647058824,3,1.6532258064516128,0.44206008583690987,0.5483870967741935,0.5887096774193549,4,0.0,1.872,234,80.0,5.459585514144159,2.1709401709401708,5.0,0.03418803418803419,0.3247863247863248,2.0,0.608,1.9605263157894737,0.5789473684210527,0.25806451612903225,6.5,1.4621259093586634,2.5307804676038135,2.3959709195282106,0.11290322580645161
1,"Minuet I, BWV 1007",J.S. Bach,8,5,VI,Baroque,found,pdf,pdf-20260524T103936Z-3-001/pdf/BWV1007 Minuet 1 by Johann Sebastian Bach.pdf,,,,verified_pieces/pdf/xml/BWV1007 Minuet 1 by Johann Sebastian Bach.musicxml,,0.0,0.6,3,2.7817460317460316,0.672316384180791,0.71875,0.6507936507936508,3,0.0,1.4015748031496063,178,120.0,5.187385805840755,2.6853932584269664,5.0,0.0449438202247191,0.2696629213483146,1.6000000000000014,0.3858267716535433,2.795918367346939,0.7551020408163265,0.2857142857142857,22.0,4.45541623331012,2.486866789600929,2.427786982239279,0.0
1,"Minuet II, BWV 1007",J.S. Bach,6,4,V,Baroque,found,pdf,pdf-20260524T103936Z-3-001/pdf/BWV 1007 Minuet 2 by Johann Sebastian Bach.pdf,,,,verified_pieces/pdf/xml/BWV 1007 Minuet 2 by Johann Sebastian Bach.musicxml,,0.0,0.8387096774193549,3,2.2398373983739837,0.7307692307692307,0.5967741935483871,0.7398373983739838,3,0.0,1.2661290322580645,157,120.0,5.062595033026967,2.8662420382165603,6.0,0.07006369426751592,0.22929936305732485,2.0,0.25806451612903225,2.90625,0.9375,0.24390243902439024,22.0,3.795241775718951,2.8945374894977123,2.46797308767347,0.0
1,Minuet In A Minor,Henry Purcell,6,4,VIII,Baroque,found,pdf,pdf-20260524T103936Z-3-001/pdf/Minuet in A Minor by Henry Purcell.pdf,,,,verified_pieces/pdf/xml/Minuet in A Minor by Henry Purcell.musicxml,,0.0,0.3333333333333333,2,1.2473958333333335,0.6464646464646465,0.36363636363636365,0.375,2,0.0,1.5384615384615385,100,120.0,4.61512051684126,1.15,3.0,0.0,0.39,1.0,0.4461538461538462,2.9310344827586206,0.5862068965517241,0.015625,2.75,0.6819486653736196,1.9686811355441574,2.244584898626157,0.0
1,Minuet In E,Anonymous,6,3,VII,Baroque,found,pdf,pdf-20260524T103936Z-3-001/pdf/Minuet in E by Anonymous.pdf,,,,verified_pieces/pdf/xml/Minuet in E by Anonymous.musicxml,,0.0,1.0,3,2.231981981981982,0.639269406392694,0.38095238095238093,0.5540540540540541,4,0.0,1.476510067114094,220,96.0,5.3981627015177525,3.168181818181818,7.0,0.15,0.2545454545454545,2.8999999999999986,0.348993288590604,3.480769230769231,0.7115384615384616,0.36486486486486486,9.5,1.6232677455828182,2.670560861146807,2.270810989260741,0.02702702702702703
1,Minueto en La,Agustin Barrios Mangore,6,6,IX,Romantic,found,dada_gp,,"datasets/DadaGP-v1.1/B/Barrios, Agustin/Barrios, Agustin - Minueto En La.gp4.tokens.txt","datasets/DadaGP-v1.1/B/Barrios, Agustin/Barrios, Agustin - Minueto En La.gp4",,"verified_pieces/dada/xml/Barrios, Agustin - Minueto En La.musicxml",,0.007009345794392523,2.685483870967742,11,2.482669789227166,0.6461538461538462,0.22115384615384615,0.2786885245901639,4,0.0,1.5210280373831775,651,120.0,6.480044561926653,3.7235023041474653,9.0,0.19815668202764977,0.19508448540706605,8.0,0.2897196261682243,2.411290322580645,0.28225806451612906,0.39344262295081966,8.666666666666668,1.880003571560997,3.123182852843969,2.158882897182404,0.00936768149882904
1,Minueto en Mi,Agustin Barrios Mangore,8,6,IX,Romantic,found,pdf,pdf-20260524T103936Z-3-001/pdf/Minueto En Mi by Agustin Barrios Mangore.pdf,,,,verified_pieces/pdf/xml/Minueto En Mi by Agustin Barrios Mangore.musicxml,,0.005115089514066497,1.5319148936170213,4,2.2273504273504274,0.7489539748953975,0.5197368421052632,0.5743589743589743,5,0.0,1.225063938618926,479,108.0,6.173786103901937,5.701461377870563,10.0,0.4363256784968685,0.07933194154488518,3.0,0.12020460358056266,3.1702127659574466,0.8723404255319149,0.3128205128205128,18.0,2.1411431804916536,3.4904041334362272,2.4995536874197315,0.010256410256410256
1,Minueto en Si Mayor,Agustin Barrios Mangore,8,8,IX,Romantic,found,pdf,pdf-20260524T103936Z-3-001/pdf/Minueto En Si Mayor by Agustin Barrios Mangore.pdf,,,,verified_pieces/pdf/xml/Minueto En Si Mayor by Agustin Barrios Mangore.musicxml,,0.006493506493506494,1.4098360655737705,4,1.9457111834961995,0.6587112171837709,0.5305164319248826,0.46579804560260585,2,0.0,1.3636363636363635,420,120.0,6.042632833682381,4.75,9.0,0.3047619047619048,0.08333333333333333,2.0,0.19805194805194806,3.262295081967213,0.6721311475409836,0.2736156351791531,11.0,1.5801779149962125,3.2833726738732465,2.3952386398944157,0.029315960912052116
1,Moderato,Dionisio Aguado,1,1,I,Classical,found,dada_gp,,"datasets/DadaGP-v1.1/A/Aguado, Dionso/Aguado, Dionso - Moderato.gp3.tokens.txt","datasets/DadaGP-v1.1/A/Aguado, Dionso/Aguado, Dionso - Moderato.gp3",,"verified_pieces/dada/xml/Aguado, Dionso - Moderato.musicxml",,0.0,0.5625,2,0.9310344827586207,0.4126984126984127,0.0,0.06896551724137931,1,0.0,2.1333333333333333,64,200.0,4.174387269895637,1.3125,3.0,0.0,0.390625,1.5,0.6,2.3333333333333335,0.6111111111111112,0.0,2.0,0.7382764973574623,1.8952510970005558,2.1046808936346677,0.0
1,"Moderato, Op. 31 no. 1",Ferdinando Sor,1,1,I,Classical,found,dada_gp,,"datasets/DadaGP-v1.1/S/Sor, Fernando/Sor, Fernando - Op. 31 - No 1 (Study In C Major).gp4.tokens.txt","datasets/DadaGP-v1.1/S/Sor, Fernando/Sor, Fernando - Op. 31 - No 1 (Study In C Major).gp4",,"verified_pieces/dada/xml/Sor, Fernando - Op. 31 - No 1 (Study In C Major).musicxml",,0.0,0.5384615384615384,2,1.0954198473282444,0.5906735751295337,0.5,0.6870229007633588,2,0.0,1.4696969696969697,194,100.0,5.272999558563747,1.2061855670103092,3.0,0.0,0.42783505154639173,2.0,0.45454545454545453,2.4,0.25,0.09923664122137404,3.0,0.9124133417322267,1.8751690108344623,2.256284184978432,0.0916030534351145
1,"Moderato, Op. 35 no. 17",Fernando Sor,5,3,V,Classical,found,pdf,pdf-20260524T103936Z-3-001/pdf/Opus 35 No 17 in D by Fernando Sor.pdf,,,,verified_pieces/pdf/xml/Opus 35 No 17 in D by Fernando Sor.musicxml,gaps_v1/musicxml/Opus 35 No 17 in D by Fernando Sor.xml,0.0,0.3333333333333333,2,1.7250996015936255,0.75,0.8678414096916299,1.6414342629482073,5,0.0,1.0515873015873016,265,120.0,5.583496308781699,1.920754716981132,4.0,0.0037735849056603774,0.30566037735849055,1.0,0.051587301587301584,1.7692307692307692,0.7692307692307693,0.20717131474103587,22.0,2.1797070899659086,2.3025867555067236,2.4376562999772404,0.01593625498007968
1,"Moderato, Op. 39 no. 15",Anton Diabelli,1,1,II,Classical,found,pdf,pdf-20260524T103936Z-3-001/pdf/Opus 39 No 15 by Anton Diabelli.pdf,,,,verified_pieces/pdf/xml/Opus 39 No 15 by Anton Diabelli.musicxml,,0.0,0.0,0,1.8395061728395061,0.9080459770114943,0.4492753623188406,0.8148148148148148,5,0.0,1.0731707317073171,88,120.0,4.48863636973214,1.8636363636363635,3.299999999999997,0.0,0.2840909090909091,0.0,0.07317073170731707,2.5,0.5,0.2222222222222222,5.0,0.9156632909031436,2.199775529805184,2.2575217579186226,0.0
1,Monotonia,Rodrigo Riera,5,4,III,Modern,found,pdf,pdf-20260524T103936Z-3-001/pdf/Monotonia by Rodrigo Riera.pdf,,,,verified_pieces/pdf/xml/Monotonia by Rodrigo Riera.musicxml,,0.011627906976744186,1.0,2,1.5563352826510721,0.7696335078534031,0.8545454545454545,1.3391812865497077,4,0.0,1.1162790697674418,192,120.0,5.262690188904886,1.6822916666666667,3.0,0.041666666666666664,0.3072916666666667,1.6,0.029069767441860465,4.0,1.0,0.17543859649122806,7.0,1.1142487076870653,2.39920539237951,2.2344354653670155,0.029239766081871343
1,Moonlight Sonata,Ludwig van Beethoven,12,7,X,Classical,found,pdf,pdf-20260524T103936Z-3-001/pdf/Moonlight Sonata by Ludwig van beethoven.pdf,,,,verified_pieces/pdf/xml/Moonlight Sonata by Ludwig van beethoven.musicxml,,0.0,2.2413793103448274,21,3.799912049252418,0.7997587454764777,0.9067930489731437,1.1385224274406331,4,0.0,1.093544137022398,830,40.0,6.7226297948554485,4.509638554216868,10.0,0.1819277108433735,0.20843373493975903,8.600000000000009,0.08432147562582346,3.203125,0.625,0.34300791556728233,22.0,5.668412542723445,3.4095885794838208,2.356370480560346,0.010554089709762533
1,Mrs. Anne Harecourt's Galliard,Francis Pilkington,7,4,VII,Renaissance,found,pdf,pdf-20260524T103936Z-3-001/pdf/Mrs Anne Harcourts Galliard by Francis Pilkington.pdf,,,,verified_pieces/pdf/xml/Mrs Anne Harcourts Galliard by Francis Pilkington.musicxml,,0.04878048780487805,1.0714285714285714,5,2.4238683127572016,0.43646408839779005,0.5714285714285714,0.2222222222222222,2,0.0,2.2195121951219514,182,120.0,5.209486152841421,4.1208791208791204,8.0,0.3021978021978022,0.17032967032967034,2.0,0.6829268292682927,3.017857142857143,0.7678571428571429,0.4444444444444444,10.666666666666666,2.042635301040368,3.027411634561923,2.2558274535523495,0.024691358024691357
1,Mrs. Winter's Jump,John Dowland,5,4,IV,Renaissance,found,dada_gp,,"datasets/DadaGP-v1.1/D/Dowland, John/Dowland, John - Mrs Winter_'s Jump.gp3.tokens.txt","datasets/DadaGP-v1.1/D/Dowland, John/Dowland, John - Mrs Winter_'s Jump.gp3",,"verified_pieces/dada/xml/Dowland, John - Mrs Winter_'s Jump.musicxml",,0.015151515151515152,0.3076923076923077,2,1.7692307692307694,0.5825242718446602,0.4782608695652174,0.46153846153846156,5,0.0,1.5757575757575757,104,120.0,4.653960350157523,1.6442307692307692,4.0,0.009615384615384616,0.40384615384615385,1.0,0.42424242424242425,3.5,0.7142857142857143,0.2923076923076923,5.0,1.2440258289058466,2.1304073885160273,2.379827166228669,0.0
1,"Nocturne, Op. 4 no. 1",Johann Kaspar Mertz,8,5,VIII,Romantic,found,pdf,pdf-20260524T103936Z-3-001/pdf/mertz-op4-1.pdf,,,,verified_pieces/pdf/xml/mertz-op4-1.musicxml,,0.0027548209366391185,0.7116564417177914,3,1.3156077348066297,0.4592476489028213,0.328125,0.31767955801104975,4,0.0,1.7603305785123966,639,64.0,6.461468176353717,1.7496087636932707,5.0,0.04225352112676056,0.3302034428794992,2.0,0.46005509641873277,2.407185628742515,0.40718562874251496,0.16298342541436464,10.0,1.464163048845653,2.4905820497179474,2.363891340022811,0.14917127071823205
1,"Nocturne, Op. 4 no. 2",Johann Kaspar Mertz,5,3,III,Romantic,found,pdf,pdf-20260524T103936Z-3-001/pdf/Opus 4 No 2 Part 1 Nocturne by Johann Kaspar Mertz.pdf,,,,verified_pieces/pdf/xml/Opus 4 No 2 Part 1 Nocturne by Johann Kaspar Mertz.musicxml,,0.0,0.7058823529411765,10,1.8845278725824803,0.4581005586592179,0.9256198347107438,0.726962457337884,4,0.0,1.8299319727891157,538,63.0,6.289715570908998,1.1802973977695168,3.0,0.01858736059479554,0.483271375464684,2.0,0.4387755102040816,2.852713178294574,0.26356589147286824,0.16723549488054607,22.0,3.3197655463863094,1.9728020520853156,2.32747903771248,0.08532423208191127
1,Ode to Joy,Ludwig van Beethoven,2,1,II,Romantic,found,pdf,pdf-20260524T103936Z-3-001/pdf/Ode to Joy by Ludwig van Beethoven.pdf,,,,verified_pieces/pdf/xml/Ode to Joy by Ludwig van Beethoven.musicxml,,0.0,0.4883720930232558,2,1.4210526315789473,0.5986394557823129,0.8571428571428571,1.1368421052631579,2,0.0,1.5416666666666667,148,120.0,5.003946305945459,1.0675675675675675,3.0,0.0,0.5067567567567568,1.0,0.4583333333333333,3.1818181818181817,0.5,0.2,3.0,0.7882885841915758,1.7669261010754118,2.4159036690932516,0.0
1,Oracion por Todos,Agustin Barrios Mandore,7,6,VIII,Romantic,found,pdf,pdf-20260524T103936Z-3-001/pdf/Oracion por Todos by Augustin Barrios Mangore.pdf,,,,verified_pieces/pdf/xml/Oracion por Todos by Augustin Barrios Mangore.musicxml,,0.0,0.7319587628865979,3,1.5006485084306094,0.45788336933045354,0.0,0.8910505836575876,3,0.0,1.7984496124031009,464,60.0,6.142037405587356,4.521551724137931,9.0,0.33620689655172414,0.15301724137931033,2.0,0.7790697674418605,2.2039800995024876,0.43283582089552236,0.19844357976653695,10.5,1.6875794358959415,3.4018806420338463,2.304269894935937,0.13229571984435798
1,Oremus,Francisco Tarrega,6,5,X,Romantic,found,pdf,pdf-20260524T103936Z-3-001/pdf/tarrega-oremus.pdf,,,,verified_pieces/pdf/xml/tarrega-oremus.musicxml,,0.0,0.9,3,2.8260869565217392,0.6565656565656566,1.0,2.130434782608696,3,0.0,1.4285714285714286,100,35.0,4.61512051684126,3.83,10.0,0.21,0.2,2.0,0.42857142857142855,1.1666666666666667,0.6333333333333333,0.2608695652173913,12.0,3.0417697067595864,3.1676595822314244,2.287835520670988,0.0
1,Oriental,Isaac Albeniz,15,9,All,Romantic,found,pdf,pdf-20260524T103936Z-3-001/pdf/Opus 232 No 2 Oriental by Issac Albeniz.pdf,,,,verified_pieces/pdf/xml/Opus 232 No 2 Oriental by Issac Albeniz.musicxml,,0.032388663967611336,1.4566666666666668,5,2.07036036036036,0.5758064516129032,0.25101214574898784,0.35135135135135137,4,0.0,1.6747638326585694,1241,64.0,7.124478262493424,7.128928283642224,12.0,0.5882352941176471,0.0781627719580983,3.0,0.40620782726045884,2.302325581395349,0.6212624584717608,0.2756756756756757,13.0,1.9032025773208143,3.742200404438757,2.4314748515777054,0.016216216216216217
1,Orlando Sleepeth,John Dowland,4,4,II,Renaissance,found,pdf,pdf-20260524T103936Z-3-001/pdf/Orlando Sleepeth by John Dowland.pdf,,,,verified_pieces/pdf/xml/Orlando Sleepeth by John Dowland.musicxml,,0.0,0.6666666666666666,2,1.2704402515723272,0.4752475247524752,0.3333333333333333,0.33962264150943394,2,0.0,1.8888888888888888,102,92.0,4.634728988229636,1.4313725490196079,3.0,0.0,0.37254901960784315,2.0,0.48148148148148145,2.769230769230769,0.6923076923076923,0.11320754716981132,3.5,0.8973676943844615,1.8933746507933824,2.389175644534311,0.07547169811320754
1,Pais de Abanico,Agustin Barrios Mandore,11,8,XII,Romantic,found,pdf,pdf-20260524T103936Z-3-001/pdf/barrios-abanico.pdf,,,,verified_pieces/pdf/xml/barrios-abanico.musicxml,,0.01090909090909091,1.2380952380952381,5,2.3838199513381997,0.6130536130536131,0.35365853658536583,0.583941605839416,5,0.0,1.5636363636363637,430,115.0,6.066108090103747,6.474418604651163,11.0,0.5534883720930233,0.09069767441860466,3.0,0.4581818181818182,2.6666666666666665,0.7619047619047619,0.4051094890510949,14.0,1.8694018256516043,3.702403423109659,2.4716582666940696,0.014598540145985401
1,"Partita for Lute, BWV 997: Sarabande",J.S. Bach,8,6,VII,Baroque,found,pdf,pdf-20260524T103936Z-3-001/pdf/BWV997 Sarabande by Johann Sebastian Bach.pdf,,,,verified_pieces/pdf/xml/BWV997 Sarabande by Johann Sebastian Bach.musicxml,,0.006289308176100629,0.7798165137614679,4,1.6211882229232388,0.5831578947368421,0.38461538461538464,0.43217665615141954,4,0.0,1.4968553459119496,476,40.0,6.1675164908883415,2.1470588235294117,5.0,0.025210084033613446,0.27521008403361347,2.0,0.37735849056603776,2.591666666666667,0.7833333333333333,0.2555205047318612,7.333333333333333,1.3309207499830589,2.6329742046304516,2.457822596533057,0.06624605678233439
1,"Partita II, BWV 1004: v. Ciaccona",J.S. Bach,19,8,X,Baroque,found,pdf,pdf-20260524T103936Z-3-001/pdf/BWV 1004 Ciaccona by Johann Sebastian Bach.pdf,,,,verified_pieces/pdf/xml/BWV 1004 Ciaccona by Johann Sebastian Bach.musicxml,,0.008637873754152824,1.0722689075630252,4,1.8573390938296224,0.6290560471976401,0.621904761904762,0.7630442007311399,5,0.0,1.351827242524917,4069,60.0,8.311398278436641,3.351437699680511,7.0,0.15433767510444826,0.20275251904644875,3.0,0.20664451827242525,2.2057877813504825,0.49356913183279744,0.26154868727151875,11.0,1.6808540263609022,3.1093717883362224,2.4420131055294814,0.04519774011299435
1,Partita II: BWV 1004: iv. Giga,J.S. Bach,15,7,IX,Baroque,found,pdf,pdf-20260524T103936Z-3-001/pdf/BWV 1004 4 Giga by Johann Sebastian Bach.pdf,,,,verified_pieces/pdf/xml/BWV 1004 4 Giga by Johann Sebastian Bach.musicxml,,0.0,0.0,0,1.7236286919831223,0.8744725738396625,0.6170886075949367,0.8048523206751055,5,0.0,1.0,949,120.0,6.856461984594587,5.995785036880927,8.0,0.47839831401475236,0.04320337197049526,0.0,0.0,0.0,0.0,0.2320675105485232,9.0,1.1636144752195563,2.71223432787755,2.401300560329041,0.0010548523206751054
1,Partita III: BWV 1006: i. Preludio,J.S. Bach,17,9,X,Baroque,found,pdf,pdf-20260524T103936Z-3-001/pdf/BWV 1006 Preludio by Johann Sebastian Bach.pdf,,,,verified_pieces/pdf/xml/BWV 1006 Preludio by Johann Sebastian Bach.musicxml,,0.0012391573729863693,0.6666666666666666,2,2.7419354838709675,0.8830049261083743,0.60875,0.9007444168734491,4,0.0,1.0074349442379182,813,80.0,6.70196036600254,6.161131611316113,11.0,0.4280442804428044,0.1008610086100861,1.6,0.0037174721189591076,2.0,1.0,0.3957816377171216,14.0,2.490757750070235,3.420505817236493,2.290060537276132,0.03598014888337469
1,Partita III: BWV 1006: ii. Loure,J.S. Bach,11,8,VI,Baroque,found,pdf,pdf-20260524T103936Z-3-001/pdf/BWV1006a Loure by Johann Sebastian Bach.pdf,,,,verified_pieces/pdf/xml/BWV1006a Loure by Johann Sebastian Bach.musicxml,,0.013636363636363636,1.3658536585365855,5,1.9440639269406392,0.5875706214689266,0.4642857142857143,0.3744292237442922,3,0.0,1.6136363636363635,355,100.0,5.87493073085203,4.225352112676056,7.0,0.15492957746478872,0.07042253521126761,2.0,0.37272727272727274,2.4634146341463414,0.7926829268292683,0.2191780821917808,21.0,2.577713536563568,2.980074288048407,2.249725052253882,0.0136986301369863
1,Partita III: BWV 1006: v. Bourree,J.S. Bach,12,7,VII,Baroque,found,pdf,pdf-20260524T103936Z-3-001/pdf/BWV 1006a Bourree by Johann Sebastian Bach.pdf,,,,verified_pieces/pdf/xml/BWV 1006a Bourree by Johann Sebastian Bach.musicxml,,0.0,0.5111111111111111,3,2.132616487455197,0.7737003058103975,0.6473684210526316,0.7741935483870968,4,0.0,1.1714285714285715,328,160.0,5.796057750765372,3.1554878048780486,7.0,0.11280487804878049,0.20426829268292682,1.0,0.17142857142857143,2.7708333333333335,0.6875,0.34408602150537637,7.0,1.543390567651616,2.8228405012972697,2.304885852138275,0.007168458781362007
1,Partita III: BWV 1006: vi. Gigue,J.S. Bach,14,7,V,Baroque,found,pdf,pdf-20260524T103936Z-3-001/pdf/BWV 1006 Gigue From Partita No 3 by Johann Sebastian Bach.pdf,,,,verified_pieces/pdf/xml/BWV 1006 Gigue From Partita No 3 by Johann Sebastian Bach.musicxml,,0.0,0.0,0,2.245664739884393,0.9132947976878613,0.41329479768786126,0.615606936416185,5,0.0,1.0,347,120.0,5.8522024797744745,4.072046109510087,7.0,0.16714697406340057,0.10086455331412104,0.0,0.0,0.0,0.0,0.37283236994219654,7.0,1.29930895050882,2.771796814359466,2.313311351706843,0.017341040462427744
1,"Partita in A Minor, BWV 1013: i. Allemande",J.S. Bach,12,7,All,Baroque,found,pdf,pdf-20260524T103936Z-3-001/pdf/bach-bwv1013-allemande.pdf,,,,verified_pieces/pdf/xml/bach-bwv1013-allemande.musicxml,,0.0,0.6625,3,2.1955922865013773,0.816953316953317,0.696969696969697,0.871900826446281,4,0.0,1.1210453920220083,815,67.0,6.704414354964107,4.759509202453987,10.0,0.34846625766871164,0.1656441717791411,2.0,0.11691884456671252,2.7294117647058824,0.8588235294117647,0.2865013774104683,17.0,2.161593731281171,3.523669470477984,2.2239814566895637,0.0
1,"Partita in A Minor, BWV 1013: iii. Sarabande",J.S. Bach,11,7,All,Baroque,found,pdf,pdf-20260524T103936Z-3-001/pdf/BWV1013 Sarabande by Johann Sebastian Bach.pdf,,,,verified_pieces/pdf/xml/BWV1013 Sarabande by Johann Sebastian Bach.musicxml,,0.0,0.782608695652174,4,1.874727668845316,0.7349397590361446,0.3769230769230769,0.4738562091503268,4,0.0,1.3550488599348534,416,80.0,6.0330862217988015,2.581730769230769,6.0,0.0985576923076923,0.24759615384615385,2.0,0.31596091205211724,2.9278350515463916,0.711340206185567,0.2908496732026144,8.0,1.2961566904558164,2.9290782206869035,2.3609406837091935,0.0
1,"Partita in A Minor, BWV 1013: iv. Bourree Anglaise",J.S. Bach,9,6,VII,Baroque,found,pdf,pdf-20260524T103936Z-3-001/pdf/bach-bwv1013-bourree-anglaise.pdf,,,,verified_pieces/pdf/xml/bach-bwv1013-bourree-anglaise.musicxml,,0.0,0.35714285714285715,3,1.6484018264840183,0.7740667976424361,0.5723905723905723,0.7465753424657534,5,0.0,1.1617312072892938,510,120.0,6.236369590203704,3.0294117647058822,7.0,0.12745098039215685,0.21176470588235294,1.0,0.16173120728929385,2.7464788732394365,0.6056338028169014,0.2237442922374429,10.0,1.401119807599552,3.077482900850763,2.331908831402417,0.02511415525114155
1,"Partita No. 1, BWV 825: ii. Allemande",J.S. Bach,12,7,IX,Baroque,found,pdf,pdf-20260524T103936Z-3-001/pdf/bach-bwv825-allemande.pdf,,,,verified_pieces/pdf/xml/bach-bwv825-allemande.musicxml,,0.0,0.7755905511811023,4,2.1567560022333896,0.6388261851015802,0.6776315789473685,0.6884422110552764,5,0.0,1.4832775919732442,887,75.0,6.78897174299217,3.4678692220969562,8.0,0.20969560315670802,0.2254791431792559,2.0,0.451505016722408,2.6555555555555554,0.6074074074074074,0.35845896147403683,11.0,1.7200095523173933,3.1040957836731873,2.505401127642616,0.0
1,"Partita No. 1, BWV 825: iii. Corrente",J.S. Bach,14,6,VII,Baroque,found,pdf,pdf-20260524T103936Z-3-001/pdf/bach-bwv825-corante.pdf,,,,verified_pieces/pdf/xml/bach-bwv825-corante.musicxml,,0.0,0.7235772357723578,3,2.4488888888888884,0.713855421686747,0.7508771929824561,0.8419047619047619,5,0.0,1.2642585551330798,665,100.0,6.501289670540389,3.706766917293233,7.0,0.22105263157894736,0.21052631578947367,2.0,0.24524714828897337,2.565891472868217,0.6821705426356589,0.3980952380952381,11.0,2.129257349563503,3.1184405180494488,2.45642353977696,0.0
1,"Partita No. 1, BWV 825: iv.  Sarabande",J.S. Bach,11,8,IX,Baroque,found,pdf,pdf-20260524T103936Z-3-001/pdf/BWV 825 Sarabande by Johann Sebastian Bach.pdf,,,,verified_pieces/pdf/xml/BWV 825 Sarabande by Johann Sebastian Bach.musicxml,,0.002785515320334262,1.015625,4,1.7790037243947858,0.721030042918455,0.3148936170212766,0.3854748603351955,2,0.0,1.3008356545961002,467,70.0,6.148468295917647,3.329764453961456,7.0,0.13704496788008566,0.1734475374732334,2.0,0.181058495821727,2.9692307692307693,0.8923076923076924,0.2206703910614525,6.5,1.237875663494887,2.986778133685219,2.348873051838881,0.019553072625698324
1,"Partita No. 1, BWV 825: v.  Minuet I and II",J.S. Bach,8,5,VII,Baroque,found,pdf,pdf-20260524T103936Z-3-001/pdf/bach-bwv825-minuets.pdf,,,,verified_pieces/pdf/xml/bach-bwv825-minuets.musicxml,,0.0,0.8666666666666667,3,1.8700564971751414,0.6016597510373444,0.6521739130434783,0.7084745762711865,3,0.0,1.6317567567567568,483,170.0,6.182084906716632,3.0579710144927534,7.0,0.13250517598343686,0.21739130434782608,2.0,0.5202702702702703,2.9025974025974026,0.5974025974025974,0.2677966101694915,9.0,1.6097828854934615,2.8609018073554826,2.441040684555242,0.0
1,"Partita, BWV 1002: v. Sarabande",J.S. Bach,7,5,VII,Baroque,found,dada_gp,,"datasets/DadaGP-v1.1/B/Bach, Johann Sebastian/Bach, Johann Sebastian - Sarabande - Bwv 1002.gp4.tokens.txt","datasets/DadaGP-v1.1/B/Bach, Johann Sebastian/Bach, Johann Sebastian - Sarabande - Bwv 1002.gp4",,"verified_pieces/dada/xml/Bach, Johann Sebastian - Sarabande - Bwv 1002.musicxml",,0.01948051948051948,1.26,6,1.5370370370370372,0.43515850144092216,0.2962962962962963,0.13071895424836602,2,0.037037037037037,2.25974025974026,348,56.0,5.855071922202427,2.807471264367816,6.0,0.08620689655172414,0.21839080459770116,3.0,0.6818181818181818,2.857142857142857,0.8285714285714286,0.20261437908496732,7.0,1.250570272562337,2.781722071739423,2.441822050297094,0.0
1,Passacaglia,Lodvico Roncalli,10,5,VII,Baroque,found,pdf,pdf-20260524T103936Z-3-001/pdf/Passacaglia by Lodovico Roncalli.pdf,,,,verified_pieces/pdf/xml/Passacaglia by Lodovico Roncalli.musicxml,,0.027777777777777776,1.3333333333333333,3,1.6417164080116726,0.5767918088737202,0.19021739130434784,0.1894150417827298,4,0.0,1.6305555555555555,587,60.0,6.376726947898627,3.180579216354344,6.0,0.039182282793867124,0.12776831345826234,3.0,0.2916666666666667,2.6,0.6857142857142857,0.181058495821727,8.0,1.1422264944982572,2.771389637980596,2.304099171575838,0.027855153203342618
1,Passacaille,Robert de Visee,7,4,VII,Baroque,found,pdf,pdf-20260524T103936Z-3-001/pdf/Passacaille by Robert de Visee.pdf,"datasets/DadaGP-v1.1/D/De Visee, Robert/De Visee, Robert - Passacaille En Mi Mineur.gp4.tokens.txt","datasets/DadaGP-v1.1/D/De Visee, Robert/De Visee, Robert - Passacaille En Mi Mineur.gp4",,verified_pieces/pdf/xml/Passacaille by Robert de Visee.musicxml,,0.005714285714285714,1.1363636363636365,20,1.659961685823755,0.4610951008645533,0.46938775510204084,0.45977011494252873,4,0.0,1.9885714285714287,348,120.0,5.855071922202427,1.7298850574712643,4.0,0.031609195402298854,0.4224137931034483,2.0,0.44571428571428573,3.371794871794872,0.4230769230769231,0.20114942528735633,7.333333333333333,1.2016324564829612,2.2022497171042326,2.4194990302651576,0.017241379310344827
1,Passacaille,Silvius Leopold Weiss,11,5,IX,Baroque,found,pdf,pdf-20260524T103936Z-3-001/pdf/Passacaille by Silvius Leopold Weiss.pdf,,,,verified_pieces/pdf/xml/Passacaille by Silvius Leopold Weiss.musicxml,,0.002702702702702703,1.0757575757575757,4,2.0317320703653583,0.7345612134344529,0.5916334661354582,0.878213802435724,5,0.0,1.2486486486486486,924,85.0,6.829793737512425,3.4891774891774894,7.0,0.17532467532467533,0.2067099567099567,2.0,0.1864864864864865,2.710144927536232,0.6231884057971014,0.3193504736129905,10.0,1.4729825386767619,2.988733862024116,2.205246835064228,0.017591339648173207
1,Pastoral,Joaquin Rodrigo,13,6,XI,Modern,found,pdf,pdf-20260524T103936Z-3-001/pdf/Pastorale by Joaquin Rodrigo.pdf,,,,verified_pieces/pdf/xml/Pastorale by Joaquin Rodrigo.musicxml,,0.01532567049808429,1.2941176470588236,9,1.6452564102564102,0.4381818181818182,0.6875,0.5038461538461538,4,0.0,2.111111111111111,551,120.0,6.313548046277095,3.206896551724138,7.0,0.11070780399274047,0.1996370235934664,3.0,0.5938697318007663,3.096774193548387,0.4645161290322581,0.22692307692307692,7.666666666666666,1.5588727773500897,2.916214787073649,2.458529733280431,0.007692307692307693
1,Pavan I,Luis Milan,6,3,III,Renaissance,found,pdf,pdf-20260524T103936Z-3-001/pdf/Pavan I by Luys Milan.pdf,,,,verified_pieces/pdf/xml/Pavan I by Luys Milan.musicxml,,0.03333333333333333,1.1285714285714286,4,1.6420581655480984,0.4263803680981595,0.49019607843137253,0.436241610738255,4,0.0,2.18,327,130.0,5.793013608384144,1.5963302752293578,3.0,0.0061162079510703364,0.3730886850152905,2.0,0.47333333333333333,3.267605633802817,0.39436619718309857,0.19463087248322147,18.0,2.1671291744287,2.257470553476653,2.412127843621916,0.040268456375838924
1,Pavan VI,Luis Milan,6,4,II,Renaissance,found,pdf,pdf-20260524T103936Z-3-001/pdf/Pavana 6 by Luys Milan.pdf,,,,verified_pieces/pdf/xml/Pavana 6 by Luys Milan.musicxml,,0.02830188679245283,0.851063829787234,3,1.6531746031746033,0.5228426395939086,0.21428571428571427,0.23809523809523808,1,0.0,1.8679245283018868,198,140.0,5.293304824724492,2.080808080808081,4.0,0.0,0.25757575757575757,2.0,0.4528301886792453,2.8333333333333335,0.6458333333333334,0.20952380952380953,5.333333333333333,1.1837817063309815,2.2333529315689082,2.400839135596165,0.009523809523809525
1,Pavana I,Luis Milan,3,2,III,Renaissance,found,dada_gp,,"datasets/DadaGP-v1.1/M/Milan, Luis/Milan, Luis - Pavana.gp3.tokens.txt","datasets/DadaGP-v1.1/M/Milan, Luis/Milan, Luis - Pavana.gp3",,"verified_pieces/dada/xml/Milan, Luis - Pavana.musicxml",,0.0457516339869281,1.0736842105263158,3,1.119298245614035,0.3136792452830189,0.4666666666666667,0.20394736842105263,3,0.0,2.7777777777777777,425,112.0,6.054439346269371,1.4329411764705882,3.0,0.0,0.4023529411764706,2.6000000000000085,0.6601307189542484,3.0,0.39603960396039606,0.14473684210526316,4.0,1.0059437853844753,2.187985699012026,2.4111738478552716,0.046052631578947366
1,Pavana VI,Luis Milan,4,2,III,Renaissance,found,gaps,,,,lf1wc,datasets/gaps_v1/readable_musicxml/Luys Milan - Pavana 6.xml,,0.0,0.5333333333333333,2,1.698364008179959,0.6714285714285714,0.40350877192982454,0.6687116564417178,3,0.0,1.2865853658536586,211,100.0,5.356586274672012,2.104265402843602,4.0,0.0,0.25118483412322273,1.0,0.18902439024390244,1.8064516129032258,0.6129032258064516,0.2392638036809816,6.0,1.2535297331269903,2.229289288568802,2.3778667927226467,0.0736196319018405
1,Pavane,Gabriel Faure,11,6,X,Romantic,found,dada_gp,,"datasets/DadaGP-v1.1/F/Faure, Gabriel/Faure, Gabriel - Pavane.gp4.tokens.txt","datasets/DadaGP-v1.1/F/Faure, Gabriel/Faure, Gabriel - Pavane.gp4",,"verified_pieces/dada/xml/Faure, Gabriel - Pavane.musicxml",,0.010834236186348862,1.5083333333333333,12,1.7612075198843096,0.6142020497803806,0.5777777777777777,0.559652928416486,4,0.0,1.4810400866738895,1367,80.0,7.221105098182496,2.7922457937088514,5.0,0.07168983174835405,0.15581565471836137,3.0,0.39544962080173346,2.0904109589041098,0.5808219178082191,0.2418655097613883,12.0,1.5448106126489587,2.815384721824236,2.3644163602433697,0.010845986984815618
1,Pepita,Agustin Barrios Mangore,12,8,All,Romantic,found,pdf,pdf-20260524T103936Z-3-001/pdf/barrios-pepita.pdf,,,,verified_pieces/pdf/xml/barrios-pepita.musicxml,,0.0176017601760176,1.3102766798418972,8,2.0625183553597655,0.4488468361916026,0.6201923076923077,0.6993392070484582,5,0.0,1.8613861386138615,1692,120.0,7.4342573821331355,6.17434988179669,11.0,0.5360520094562647,0.12174940898345153,3.0,0.5588558855885588,2.5059055118110236,0.38976377952755903,0.30066079295154186,15.0,2.3154938550947897,3.6589784252774704,2.4836623707312153,0.10462555066079295
1,Pericon,Agustin Barrios Mangore,13,7,XIII,Romantic,found,pdf,pdf-20260524T103936Z-3-001/pdf/Pericon by Agustin Barrios Mangore.pdf,,,,verified_pieces/pdf/xml/Pericon by Agustin Barrios Mangore.musicxml,,0.005165289256198347,1.3794326241134751,6,1.9232506032402619,0.6332590942835932,0.8037190082644629,1.1654601861427094,5,0.0,1.3925619834710743,1348,130.0,7.207118856207756,4.578635014836795,10.0,0.2744807121661721,0.0830860534124629,3.0,0.30165289256198347,2.5136986301369864,0.5034246575342466,0.23578076525336092,22.0,2.2192828418994077,3.4173631199588197,2.515553575293548,0.017580144777662874
1,Petite Piece,Wolfgang Amadeus Mozart,4,2,II,Classical,found,pdf,pdf-20260524T103936Z-3-001/pdf/Petite Piece in C by Wolfgang Amadeus Mozart.pdf,,,,verified_pieces/pdf/xml/Petite Piece in C by Wolfgang Amadeus Mozart.musicxml,,0.0,0.6222222222222222,2,1.26,0.5534591194968553,0.1875,0.42,2,0.0,1.5841584158415842,160,120.0,5.081404364984463,1.53125,3.0,0.0,0.33125,2.0,0.5445544554455446,2.1818181818181817,0.38181818181818183,0.11,3.0,0.8046117075956577,2.077097435372325,2.292376862911462,0.08
1,Pezzo Tedesco,Anonymous,3,2,I,Renaissance,found,pdf,pdf-20260524T103936Z-3-001/pdf/Pezzo Tedesco by Anonymous.pdf,,,,verified_pieces/pdf/xml/Pezzo Tedesco by Anonymous.musicxml,,0.018518518518518517,0.8032786885245902,2,1.298286604361371,0.3952569169960474,0.2727272727272727,0.09345794392523364,2,0.0,2.3518518518518516,254,120.0,5.541263545158426,1.2244094488188977,3.0,0.0,0.40551181102362205,2.0,0.5833333333333334,3.3968253968253967,0.42857142857142855,0.1588785046728972,4.25,1.055202545555412,2.038037294171165,2.4319412453800564,0.037383177570093455
1,Pictures at an Exhibition: Promenade (Pg. 11),Modest Mussorgsky,18,9,All,Modern,found,pdf,pdf-20260524T103936Z-3-001/pdf/Promenade by Modest Moussorgski.pdf,,,,verified_pieces/pdf/xml/Promenade by Modest Moussorgski.musicxml,,0.027624309392265192,1.7857142857142858,4,1.3833333333333333,0.3904761904761905,0.8571428571428571,0.29444444444444445,2,0.0,2.3259668508287294,421,100.0,6.045005314036012,2.5748218527315916,5.0,0.009501187648456057,0.12351543942992874,3.0,0.7734806629834254,2.6,0.5785714285714286,0.24444444444444444,3.8333333333333335,1.0590075134673251,2.513523306764695,2.471209240487538,0.0
1,Pictures at an Exhibition: V. Ballet of the Little Chickens,Modest Mussorgsky,16,9,All,Modern,found,pdf,pdf-20260524T103936Z-3-001/pdf/Ballet Of The Little Chickens by Modest Moussorgski.pdf,,,,verified_pieces/pdf/xml/Ballet Of The Little Chickens by Modest Moussorgski.musicxml,,0.0,2.401315789473684,17,3.881642512077295,0.5989208633093526,0.96,0.7507246376811594,4,0.0,1.6098265895953756,557,200.0,6.324358962381311,8.342908438061041,14.0,0.6750448833034112,0.12028725314183124,3.0,0.4393063583815029,2.1973684210526314,0.45394736842105265,0.46956521739130436,14.5,4.0585738998896925,3.9182605430328916,2.292351006552587,0.011594202898550725
1,Pictures at an Exhibition: VII. A Market Place in Limoges,Modest Mussorgsky,15,9,All,Modern,found,pdf,pdf-20260524T103936Z-3-001/pdf/Market At Limoges by Modest Mussorgsky.pdf,,,,verified_pieces/pdf/xml/Market At Limoges by Modest Mussorgsky.musicxml,,0.01225114854517611,1.8958333333333333,6,1.787832310838446,0.5368234250221828,0.5047169811320755,0.651840490797546,5,0.0,1.7274119448698315,1128,150.0,7.029087564149662,5.470744680851064,10.0,0.37854609929078015,0.09397163120567376,3.0,0.44104134762633995,2.201388888888889,0.4236111111111111,0.24846625766871167,10.0,1.7104848901624574,3.551420784041849,2.474039609512285,0.032208588957055216
1,Pictures at an Exhibition: X.  The Bohatyr Gate of Kiev,Modest Mussorgsky,15,8,All,Modern,found,pdf,pdf-20260524T103936Z-3-001/pdf/The Great Gate At Kiev by Modest Moussorgski.zip,,,,verified_pieces/pdf/xml/The Great Gate At Kiev by Modest Moussorgski.musicxml,,0.0569259962049335,1.7527777777777778,4,1.880703422053232,0.4118673647469459,0.3529411764705882,0.3878326996197718,3,0.0,2.176470588235294,1147,145.0,0.0,0.0,0.0,0.0,0.0,0.0,0.0,0.0,0.0,0.0,0.0,0.0,0.0,0.0,0.0
1,Prelude,Francisco Tarrega,7,5,X,Romantic,found,pdf,pdf-20260524T103936Z-3-001/pdf/Prelude in D Minor by Francisco Tarrega.pdf,,,,verified_pieces/pdf/xml/Prelude in D Minor by Francisco Tarrega.musicxml,gaps_v1/musicxml/Prelude 2 in A Minor by Francisco Tarrega.xml,0.0,1.0,1,4.21474358974359,0.8773584905660378,0.9611650485436893,1.3461538461538463,4,0.0,1.019047619047619,107,120.0,4.68213122712422,4.654205607476635,8.0,0.35514018691588783,0.3177570093457944,1.0,0.009523809523809525,2.0,1.0,0.5673076923076923,8.0,3.0244439586542358,2.2505933792833006,1.9609880449056987,0.038461538461538464
1,"Prelude (from Suite #1 for Violoncello, BWV 1007)",J.S. Bach,6,4,VII,Baroque,found,pdf,pdf-20260524T103936Z-3-001/pdf/BWV1007 Prelude by Johann Sebastian Bach.pdf,,,,verified_pieces/pdf/xml/BWV1007 Prelude by Johann Sebastian Bach.musicxml,,0.0,0.3269230769230769,3,2.739322533136966,0.8259109311740891,0.7332155477031802,1.0103092783505154,4,0.0,1.0911764705882352,742,70.0,6.610696044717759,3.2628032345013476,7.0,0.20889487870619947,0.29514824797843664,1.0,0.0838235294117647,3.2982456140350878,0.5964912280701754,0.34609720176730485,14.0,2.738276383271836,3.0151722052380903,2.3630854753245387,0.010309278350515464
1,Prelude 1,Francisco Tarrega,4,5,X,Romantic,found,pdf,pdf-20260524T103936Z-3-001/pdf/Prelude 1 in D Minor by Francisco Tarrega.pdf,,,,verified_pieces/pdf/xml/Prelude 1 in D Minor by Francisco Tarrega.musicxml,,0.009523809523809525,1.1777777777777778,3,1.9903846153846154,0.532258064516129,0.23529411764705882,0.5192307692307693,3,0.0,1.7809523809523808,187,80.0,5.236441962829949,3.9037433155080214,10.0,0.23529411764705882,0.22994652406417113,3.0,0.44761904761904764,2.297872340425532,0.9361702127659575,0.2692307692307692,12.0,1.806228380682276,3.2523219217182042,2.47917125324281,0.0
1,Prelude 2,Francisco Tarrega,7,6,X,Romantic,found,pdf,pdf-20260524T103936Z-3-001/pdf/Prelude 2 in A Minor by Francisco Tarrega.pdf,,,,verified_pieces/pdf/xml/Prelude 2 in A Minor by Francisco Tarrega.musicxml,gaps_v1/musicxml/Prelude 2 in A Minor by Francisco Tarrega.xml,0.0,0.7692307692307693,3,1.812121212121212,0.5939849624060151,0.5,1.2181818181818183,4,0.0,1.608433734939759,267,100.0,5.5909869805108565,4.426966292134831,8.0,0.250936329588015,0.1348314606741573,2.0,0.572289156626506,1.7052631578947368,0.5157894736842106,0.2606060606060606,6.5,1.4105976521139445,3.3125938850954815,2.471991464081674,0.0
1,Prelude 3,Francisco Tarrega,8,4,X,Romantic,found,pdf,pdf-20260524T103936Z-3-001/pdf/Prelude 3 in G by Francsico Tarrega.pdf,,,,verified_pieces/pdf/xml/Prelude 3 in G by Francsico Tarrega.musicxml,,0.010416666666666666,1.901639344262295,4,2.119298245614035,0.41743119266055045,0.5,0.3263157894736842,5,0.0,2.28125,219,100.0,5.393627546352362,6.264840182648402,10.0,0.5662100456621004,0.1141552511415525,4.0,0.6354166666666666,2.459016393442623,0.639344262295082,0.4105263157894737,9.5,1.8625131041408374,3.4049571881544223,2.2007287702255063,0.021052631578947368
1,Prelude and Allegro,Santiago de Murcia,5,2,V,Baroque,found,pdf,pdf-20260524T103936Z-3-001/pdf/Prelude and Allegro by Santiago de Murcia.pdf,,,,verified_pieces/pdf/xml/Prelude and Allegro by Santiago de Murcia.musicxml,,0.002881844380403458,0.6880733944954128,3,1.8521194605009634,0.639511201629328,0.541095890410959,0.5635838150289018,5,0.0,1.4178674351585014,492,120.0,6.20050917404269,2.4004065040650406,5.0,0.06097560975609756,0.27235772357723576,2.0,0.33429394812680113,2.6810344827586206,0.6551724137931034,0.24277456647398843,22.0,2.0544136120846086,2.780047736895448,2.3366802934152466,0.03468208092485549
1,Prelude No. 13,Francisco Tarrega,6,6,XI,Romantic,found,pdf,pdf-20260524T103936Z-3-001/pdf/Prelude 13 in D by Francisco Tarrega.pdf,,,,verified_pieces/pdf/xml/Prelude 13 in D by Francisco Tarrega.musicxml,,0.034482758620689655,1.5384615384615385,3,2.017857142857143,0.42424242424242425,0.25,0.21428571428571427,3,0.0,2.310344827586207,67,120.0,4.219507705176107,2.8208955223880596,6.399999999999999,0.1044776119402985,0.2537313432835821,3.0,0.4482758620689655,3.4615384615384617,0.9230769230769231,0.2857142857142857,5.0,1.2560088003576901,2.68526212936641,2.3468656489853412,0.0
1,Prelude No. 4,Francisco Tarrega,8,6,XII,Romantic,found,pdf,pdf-20260524T103936Z-3-001/pdf/Prelude 4 in E by Francisco Tarrega.pdf,,,,verified_pieces/pdf/xml/Prelude 4 in E by Francisco Tarrega.musicxml,,0.038834951456310676,1.588235294117647,4,1.8905228758169932,0.38783269961977185,0.5555555555555556,0.14705882352941177,4,0.0,2.563106796116505,264,60.0,5.579729825986222,5.8522727272727275,11.0,0.4166666666666667,0.06818181818181818,3.0,0.8252427184466019,2.541176470588235,0.611764705882353,0.3137254901960784,5.666666666666667,1.1670156102905747,3.3845719976462205,2.3127927362415712,0.0
1,Prelude Opus 28 No. 20,Frederic Chopin,10,7,IX,Romantic,found,pdf,pdf-20260524T103936Z-3-001/pdf/Opus 28 No 20 in C Minor by Frederic Chopin.pdf,,,,verified_pieces/pdf/xml/Opus 28 No 20 in C Minor by Frederic Chopin.musicxml,,0.15789473684210525,2.06,18,1.8151785714285715,0.3089887640449438,0.0,0.10714285714285714,1,0.0,3.1403508771929824,179,50.0,5.19295685089021,5.005586592178771,9.200000000000017,0.2737430167597765,0.055865921787709494,3.0,0.8771929824561403,3.06,0.98,0.30357142857142855,8.0,1.7575892038192789,3.3847489692948063,2.547617012167086,0.0
1,"Prelude, Op. 28 no. 7",Frederic Chopin,3,3,VII,Romantic,found,pdf,pdf-20260524T103936Z-3-001/pdf/Opus 28 No 7 Prelude by Frederic Chopin.pdf,,,,verified_pieces/pdf/xml/Opus 28 No 7 Prelude by Frederic Chopin.musicxml,,0.020833333333333332,1.3255813953488371,3,1.347872340425532,0.2246376811594203,0.0,0.1702127659574468,2,0.0,2.8958333333333335,139,93.0,4.941642422609304,3.4964028776978417,8.200000000000003,0.2158273381294964,0.2517985611510791,2.8000000000000043,0.9166666666666666,2.909090909090909,0.6363636363636364,0.2978723404255319,6.75,1.5864512675670095,3.161514545990942,2.4857675511910493,0.23404255319148937
1,Prelude; Op. 28 no. 6,Frederic Chopin,10,7,VII,Romantic,found,pdf,pdf-20260524T103936Z-3-001/pdf/Opus 28 No 6 Prelude by Frederic Chopin.pdf,,,,verified_pieces/pdf/xml/Opus 28 No 6 Prelude by Frederic Chopin.musicxml,,0.03821656050955414,1.5632183908045978,4,0.748931623931624,0.4247787610619469,0.8333333333333334,0.08333333333333333,2,0.0,2.1656050955414012,340,70.0,5.831882477283517,3.5176470588235293,5.0,0.03235294117647059,0.07941176470588235,3.0,0.5605095541401274,2.3068181818181817,0.5340909090909091,0.038461538461538464,4.0,0.6987465361777759,2.38007847517315,2.2392259610634935,0.01282051282051282
1,Preludio No. 1,Francisco Tarrega,6,5,X,Romantic,found,dada_gp,,"datasets/DadaGP-v1.1/T/Tarrega, Francisco/Tarrega, Francisco - Preludio 1.gp3.tokens.txt","datasets/DadaGP-v1.1/T/Tarrega, Francisco/Tarrega, Francisco - Preludio 1.gp3",,"verified_pieces/dada/xml/Tarrega, Francisco - Preludio 1.musicxml",,0.007142857142857143,1.2419354838709677,4,1.883693045563549,0.5192307692307693,0.21052631578947367,0.5323741007194245,3,0.0613026819923371,1.8642857142857143,261,122.0,5.568344503761097,2.8505747126436782,8.0,0.14559386973180077,0.22988505747126436,3.0,0.4642857142857143,2.3846153846153846,0.676923076923077,0.2733812949640288,8.666666666666666,1.450337576991581,3.046584882087589,2.48394777983559,0.0
1,"Preludio, Op. 5 no. 1",Agustin Barrios Mandore,11,7,XII,Romantic,found,dada_gp,,"datasets/DadaGP-v1.1/B/Barrios, Agustin/Barrios, Agustin - PrClude Op 5, No 1.gp3.tokens.txt","datasets/DadaGP-v1.1/B/Barrios, Agustin/Barrios, Agustin - PrClude Op 5, No 1.gp3",,"verified_pieces/dada/xml/Barrios, Agustin - PrClude Op 5, No 1.musicxml",,0.0011494252873563218,0.6666666666666666,3,2.1582278481012658,0.8069977426636569,0.8202380952380952,1.2117376294591484,5,0.1713641488162345,1.0195402298850575,887,85.0,6.78897174299217,5.200676437429538,10.0,0.35625704622322435,0.12063134160090191,2.0,0.017241379310344827,3.2,0.9333333333333333,0.31185270425776757,14.0,2.0993707399829407,3.691639312622682,2.4436653887452757,0.0011507479861910242
1,Preludium,John Dowland,11,8,I,Renaissance,found,pdf,pdf-20260524T103936Z-3-001/pdf/dowland-preludium.pdf,,,,verified_pieces/pdf/xml/dowland-preludium.musicxml,,0.0,0.5333333333333333,3,1.7408477842003856,0.7387387387387387,0.45535714285714285,0.6820809248554913,5,0.0,1.2816091954022988,223,40.0,5.4116460518550396,1.8026905829596414,4.0,0.03139013452914798,0.35874439461883406,2.0,0.1781609195402299,3.806451612903226,0.7419354838709677,0.2254335260115607,8.0,1.1334543403961683,2.2899276570704394,2.3005055093588003,0.017341040462427744
1,Primavera Portena (Tango),Astor Piazzolla,14,8,XII,Modern,found,pdf,pdf-20260524T103936Z-3-001/pdf/Primavera Portena by Astor Piazzolla.pdf,,,,verified_pieces/pdf/xml/Primavera Portena by Astor Piazzolla.musicxml,,0.011264080100125156,1.231111111111111,4,2.285547201336675,0.5345659163987139,0.5606407322654462,0.7982456140350878,5,0.0,1.55819774718398,1245,160.0,7.1276936993473985,4.886746987951807,10.0,0.478714859437751,0.24819277108433735,3.0,0.29912390488110135,3.079497907949791,0.5104602510460251,0.3308270676691729,13.0,2.4078835235832723,3.264403293899612,2.54327343328835,0.06641604010025062
1,Rafaga,Joaquin Turina,12,6,All,Modern,found,pdf,pdf-20260524T103936Z-3-001/pdf/Rafaga by Joaquin Turina.pdf,,,,verified_pieces/pdf/xml/Rafaga by Joaquin Turina.musicxml,,0.09977827050997783,0.8992248062015504,3,1.4571851851851851,0.4226327944572748,0.2939068100358423,0.26222222222222225,5,0.0,1.9223946784922394,867,78.0,6.7661917146603505,2.938869665513264,7.0,0.11418685121107267,0.2560553633217993,2.0,0.29933481152993346,3.311111111111111,0.24444444444444444,0.16,9.0,1.2769819658143529,2.9677649922013267,2.4978381683137343,0.15555555555555556
1,Registro (Prelude),Antonio Lauro,10,6,IX,Modern,found,pdf,pdf-20260524T103936Z-3-001/pdf/Registro by Antonio Lauro.pdf,,,,verified_pieces/pdf/xml/Registro by Antonio Lauro.musicxml,,0.0,0.47058823529411764,2,2.192434210526316,0.7177914110429447,0.8966789667896679,1.1578947368421053,4,0.0,1.0721311475409836,327,80.0,5.793013608384144,2.779816513761468,8.0,0.14984709480122324,0.363914373088685,2.0,0.06557377049180328,3.35,0.6,0.33881578947368424,12.0,2.211366948794671,3.0100510269310288,2.476961687969982,0.0
1,Robinson's May,Thomas Robinson,4,3,III,Renaissance,found,pdf,pdf-20260524T103936Z-3-001/pdf/Robinsons May by Thomas Robinson.pdf,,,,verified_pieces/pdf/xml/Robinsons May by Thomas Robinson.musicxml,,0.0,0.23076923076923078,1,1.6495098039215688,0.6594594594594595,0.7640449438202247,1.2279411764705883,5,0.0,1.3576642335766422,186,120.0,5.231108616854587,1.6129032258064515,4.0,0.0,0.3655913978494624,1.0,0.20437956204379562,3.142857142857143,0.6428571428571429,0.18382352941176472,5.0,1.1097881156637914,2.1037169774369637,2.3611460441904826,0.007352941176470588
1,Romance,Niccolo Paganini,10,5,IX,Romantic,found,pdf,pdf-20260524T103936Z-3-001/pdf/Romance in A Minor by Niccolo Paganini.pdf,,,,verified_pieces/pdf/xml/Romance in A Minor by Niccolo Paganini.musicxml,,0.0036496350364963502,1.4864864864864864,4,1.9964655697745277,0.6371463714637147,0.5693430656934306,0.6837294332723949,5,0.0,1.4854014598540146,814,68.0,6.703188113240863,3.101965601965602,7.0,0.13022113022113022,0.24692874692874692,3.0,0.3448905109489051,2.804232804232804,0.4444444444444444,0.283363802559415,10.5,1.5526639973635419,3.088088585473843,2.471296301073134,0.003656307129798903
1,Romance,Anonymous,6,5,IX,Romantic,found,dada_gp,,datasets/DadaGP-v1.1/A/Anonymous/Anonymous - Romance (2).gp3.tokens.txt,datasets/DadaGP-v1.1/A/Anonymous/Anonymous - Romance (2).gp3,,verified_pieces/dada/xml/Anonymous - Romance (2).musicxml,,0.0,0.0,0,3.0142857142857142,0.6883116883116883,0.8205128205128205,1.1214285714285714,3,0.0387096774193548,1.099290780141844,155,145.0,5.049856007249537,3.4387096774193546,8.0,0.3225806451612903,0.432258064516129,0.0,0.0851063829787234,4.666666666666667,0.6666666666666666,0.4142857142857143,12.0,2.989829699607163,2.617465892836531,2.253854318927813,0.007142857142857143
1,Romanza en Imitacion al Violoncello,Agustin Barrios Mangore,8,8,X,Romantic,found,pdf,pdf-20260524T103936Z-3-001/pdf/Romanza En Imitacion Al Violincello by Agustin Barrios Mangore.pdf,,,,verified_pieces/pdf/xml/Romanza En Imitacion Al Violincello by Agustin Barrios Mangore.musicxml,,0.0029239766081871343,1.0748663101604279,3,2.4688590978913556,0.5807017543859649,0.5714285714285714,1.598240469208211,4,0.0,1.6695906432748537,571,52.0,6.349138991379798,4.352014010507881,8.0,0.329246935201401,0.2031523642732049,2.0,0.6140350877192983,1.2380952380952381,0.37142857142857144,0.3870967741935484,14.0,2.4681022328187954,3.3395662469697935,2.405818930740634,0.005865102639296188
1,"Rondeau, Op. 14, No. 5",Mauro Giuliani,3,2,VII,Classical,found,pdf,pdf-20260524T103936Z-3-001/pdf/Opus 14 No 5 Rondo in D Major by Mauro Giuliani.pdf,,,,verified_pieces/pdf/xml/Opus 14 No 5 Rondo in D Major by Mauro Giuliani.musicxml,,0.0,0.59375,3,3.947344322344322,0.7260579064587973,0.7698412698412699,1.4065934065934067,4,0.0,1.2328767123287672,450,120.0,6.111467339502679,2.953333333333333,5.0,0.08888888888888889,0.3,1.0,0.19726027397260273,2.0555555555555554,0.4305555555555556,0.3434065934065934,22.0,5.80377892282115,2.7776690980251098,2.3888650827855065,0.04945054945054945
1,Rondo,Napoleon Coste,6,4,VII,Romantic,found,pdf,pdf-20260524T103936Z-3-001/pdf/Rondo by Napoleon Coste.pdf,,,,verified_pieces/pdf/xml/Rondo by Napoleon Coste.musicxml,,0.005128205128205128,0.9113924050632911,2,1.504295532646048,0.5347432024169184,0.4722222222222222,0.4484536082474227,5,0.0,1.7025641025641025,332,90.0,5.808142489980444,1.7259036144578312,4.0,0.0391566265060241,0.33433734939759036,2.0,0.41025641025641024,2.8375,0.5125,0.18556701030927836,7.0,1.2199052560025532,2.468848519623968,2.287381241927283,0.030927835051546393
1,Rondo in A Minor,Dionisio Aguado,18,7,All,Classical,found,pdf,pdf-20260524T103936Z-3-001/pdf/rondo-by-dionisio-aguado.pdf,,,,verified_pieces/pdf/xml/rondo-by-dionisio-aguado.musicxml,gaps_v1/musicxml/rondo-by-dionisio-aguado.xml,0.004722550177095631,0.8904109589041096,4,1.7976963969285293,0.6485765124555161,0.5423423423423424,0.6633195510927348,5,0.0,1.3276269185360094,2249,98.0,7.718685495198466,4.915518008003557,10.0,0.3485993775011116,0.14050689195197866,2.0,0.21959858323494688,2.7688172043010755,0.43548387096774194,0.2598936798582398,13.0,1.6352240653446064,3.5896332837371707,2.329723358178971,0.06851742468989959
1,"Rondo, Op. 241 no. 34",Ferdinando Carulli,5,2,II,Classical,found,pdf,pdf-20260524T103936Z-3-001/pdf/carulli-op241-34.pdf,,,,verified_pieces/pdf/xml/carulli-op241-34.musicxml,gaps_v1/musicxml/Andantino in G Major by Ferdinando Carulli.xml,0.0,0.3333333333333333,1,1.525943396226415,0.7120921305182342,0.6401673640167364,1.0377358490566038,4,0.0,1.228235294117647,522,63.0,6.259581464064923,1.2088122605363985,3.0,0.0,0.4846743295019157,1.0,0.2188235294117647,2.3870967741935485,0.23655913978494625,0.23113207547169812,4.0,1.0031960984226127,1.896254524940078,2.2542030865906404,0.007075471698113208
1,"Rondo, Op. 48",Fernando Sor,10,4,X,Classical,found,pdf,pdf-20260524T103936Z-3-001/pdf/Opus 48 Rondo by Fernando Sor.pdf,,,,verified_pieces/pdf/xml/Opus 48 Rondo by Fernando Sor.musicxml,,0.0,0.9352226720647774,4,1.644052464947987,0.5772994129158513,0.5491329479768786,0.5685210312075983,4,0.0,1.386178861788618,1023,120.0,6.931471805599453,2.8905180840664713,7.0,0.12903225806451613,0.2697947214076246,3.0,0.33739837398373984,2.3734939759036147,0.26506024096385544,0.2265943012211669,10.0,1.7898236497999223,2.9456867347980062,2.05768196759329,0.13704206241519673
1,Rumores de la Caleta,Isaac Albeniz,12,6,X,Romantic,found,pdf,pdf-20260524T103936Z-3-001/pdf/Rumores De La Caleta by Isaac Albeniz.pdf,,,,verified_pieces/pdf/xml/Rumores De La Caleta by Isaac Albeniz.musicxml,,0.017471736896197326,0.91796875,4,1.9151234567901234,0.6669139465875371,0.47104247104247104,0.8868312757201646,5,0.0,1.3864337101747173,1349,50.0,7.2078598714324755,3.4899925871015567,8.200000000000045,0.2223869532987398,0.24388435878428466,2.0,0.263103802672148,2.55078125,0.22265625,0.19547325102880658,12.0,1.6158371921640347,3.109990229826854,2.5271996993000134,0.00720164609053498
1,Saltarello,Anonymous,2,1,I,Renaissance,found,dada_gp,,datasets/DadaGP-v1.1/A/Anonymous/Anonymous - Saltarello.gp3.tokens.txt,datasets/DadaGP-v1.1/A/Anonymous/Anonymous - Saltarello.gp3,,verified_pieces/dada/xml/Anonymous - Saltarello.musicxml,,0.0,0.4358974358974359,3,2.0662983425414363,0.7352941176470589,0.3018867924528302,0.3701657458563536,1,0.0404858299595141,1.3131868131868132,239,110.0,5.480638923341991,3.297071129707113,8.0,0.1799163179916318,0.26359832635983266,1.2000000000000028,0.22527472527472528,2.731707317073171,0.36585365853658536,0.2541436464088398,10.0,1.4921196271033985,2.744797337984723,1.7143583379690879,0.0
1,Sarabande,Anonymous,4,3,III,Baroque,found,pdf,pdf-20260524T103936Z-3-001/pdf/Sarabande by Anonymous.pdf,,,,verified_pieces/pdf/xml/Sarabande by Anonymous.musicxml,,0.0,0.9583333333333334,4,1.5893719806763285,0.5904761904761905,0.44,0.5362318840579711,3,0.0,1.5142857142857142,106,92.0,4.672828834461906,2.292452830188679,5.0,0.018867924528301886,0.27358490566037735,2.0,0.34285714285714286,3.0833333333333335,1.0,0.21739130434782608,4.333333333333333,1.1773423598608894,2.5112667703891454,2.4552264448592336,0.057971014492753624
1,Sarabande,George Frideric Handel,6,3,VIII,Baroque,found,pdf,pdf-20260524T103936Z-3-001/pdf/Sarabande by George Friedrich Handel.pdf,,,,verified_pieces/pdf/xml/Sarabande by George Friedrich Handel.musicxml,,0.0,0.36363636363636365,3,1.3263157894736841,0.6428571428571429,0.8,0.6421052631578947,5,0.0,1.46875,141,120.0,4.955827057601261,1.5390070921985815,3.0,0.0,0.3546099290780142,1.0,0.46875,3.0444444444444443,0.7111111111111111,0.14736842105263157,3.5,0.8878371740614545,2.063471998228246,2.4905558438314768,0.0
1,Sarabande (from BWV 995),J.S. Bach,6,3,V,Baroque,found,pdf,pdf-20260524T103936Z-3-001/pdf/BWV995 Sarabande by Johann Sebastian Bach.pdf,,,,verified_pieces/pdf/xml/BWV995 Sarabande by Johann Sebastian Bach.musicxml,,0.0,1.1111111111111112,3,1.7788161993769471,0.7692307692307693,0.7078651685393258,1.308411214953271,5,0.0,1.0925925925925926,118,60.0,4.77912349311153,3.3983050847457625,7.299999999999997,0.17796610169491525,0.22033898305084745,2.2,0.08333333333333333,3.111111111111111,1.0,0.2336448598130841,7.0,1.6339110970206034,3.193382171544869,2.3335623072858915,0.009345794392523364
1,Sarabande (from Great Suite #7 for Harpsichord),George Friedrich Handel,8,5,VII,Baroque,found,pdf,pdf-20260524T103936Z-3-001/pdf/Suite In E Minor 4 Sarabande by Georg Friedrich Handel.pdf,,,,verified_pieces/pdf/xml/Suite In E Minor 4 Sarabande by Georg Friedrich Handel.musicxml,,0.010230179028132993,0.9281437125748503,4,1.8623931623931622,0.5313868613138686,0.2804878048780488,0.4307692307692308,3,0.0,1.7544757033248082,686,84.0,6.532334292222349,2.520408163265306,5.0,0.08600583090379009,0.3119533527696793,2.0,0.4475703324808184,3.142857142857143,0.5828571428571429,0.25384615384615383,9.0,1.5394768136182977,2.6843717162725804,2.5351637888257756,0.017948717948717947
1,Sarabande And Variations,George Friedrich Handel,9,4,XII,Baroque,found,pdf,pdf-20260524T103936Z-3-001/pdf/Sarabande And Variations by Georg Friedrich Handel.pdf,,,,verified_pieces/pdf/xml/Sarabande And Variations by Georg Friedrich Handel.musicxml,,0.01568627450980392,1.4803149606299213,4,2.030183727034121,0.48155737704918034,0.52,0.46062992125984253,5,0.0,1.9176470588235295,489,120.0,6.194405391104672,4.811860940695296,10.0,0.3047034764826176,0.1574642126789366,3.0,0.4980392156862745,3.1102362204724407,0.5984251968503937,0.3228346456692913,11.666666666666666,1.8077028876515921,3.3764655126860474,2.4412247514314047,0.0
1,"Sarabande, BWV 996",J.S. Bach,11,7,VII,Baroque,found,pdf,pdf-20260524T103936Z-3-001/pdf/BWV 996 4 Sarabande by Johann Sebastian Bach.pdf,,,,verified_pieces/pdf/xml/BWV 996 4 Sarabande by Johann Sebastian Bach.musicxml,,0.004405286343612335,1.1153846153846154,3,1.9675516224188792,0.6809815950920245,0.3769230769230769,0.504424778761062,4,0.0,1.4405286343612336,327,100.0,5.793013608384144,2.53822629969419,5.0,0.07033639143730887,0.24770642201834864,2.0,0.23788546255506607,2.537037037037037,0.8703703703703703,0.26991150442477874,7.0,1.2819684745170907,2.7283387434967854,2.331553863867967,0.004424778761061947
1,Sargento Cabral (Zamba),Agustin Barrios Mandore,8,6,VII,Romantic,found,pdf,pdf-20260524T103936Z-3-001/pdf/Sargento Cabral by Agustin Barrios Mangore.pdf,,,,verified_pieces/pdf/xml/Sargento Cabral by Agustin Barrios Mangore.musicxml,,0.0048543689320388345,1.0857142857142856,2,1.8772357723577238,0.5222551928783383,0.6896551724137931,1.0682926829268293,5,0.0,1.6407766990291262,338,100.0,5.82600010738045,2.8461538461538463,7.0,0.14497041420118342,0.3106508875739645,2.0,0.3446601941747573,2.323943661971831,0.38028169014084506,0.2780487804878049,7.0,1.6867800826997055,2.7729203648546914,2.3615850376129703,0.01951219512195122
1,Sarita (Mazurka),Agustin Barrios Mandore,8,6,X,Romantic,found,pdf,pdf-20260524T103936Z-3-001/pdf/Sarita (Mazurka) by Agustin Barrios Mangore.pdf,,,,verified_pieces/pdf/xml/Sarita (Mazurka) by Agustin Barrios Mangore.musicxml,,0.011764705882352941,1.2025316455696202,4,1.7729658792650917,0.6327077747989276,0.46564885496183206,0.7440944881889764,5,0.0,1.4666666666666666,374,120.0,5.926926025970411,4.721925133689839,9.0,0.27807486631016043,0.08288770053475936,3.0,0.30980392156862746,2.6582278481012658,0.7341772151898734,0.2559055118110236,8.666666666666666,1.3447541204640596,3.3237643211112964,2.424665596965968,0.015748031496062992
1,Se io m'accorgo ben mio d'un altro amante,Anonymous,4,3,V,Renaissance,found,pdf,pdf-20260524T103936Z-3-001/pdf/Se Io maccorgo by Anonymous.pdf,,,,verified_pieces/pdf/xml/Se Io maccorgo by Anonymous.musicxml,,0.05154639175257732,1.4705882352941178,20,1.564236111111111,0.5348837209302325,0.425,0.4791666666666667,3,0.0,1.7835051546391754,173,120.0,5.159055299214529,2.167630057803468,5.0,0.046242774566473986,0.28901734104046245,2.0,0.36082474226804123,3.0285714285714285,0.6285714285714286,0.25,5.5,1.023202972963416,2.6351171235243145,2.4131620649713046,0.03125
1,Serenata Morisca,Agustin Barrios Mangore,10,6,All,Romantic,found,pdf,pdf-20260524T103936Z-3-001/pdf/Serenata Morisca by Agustin Barrios Mangore.pdf,,,,verified_pieces/pdf/xml/Serenata Morisca by Agustin Barrios Mangore.musicxml,,0.004210526315789474,1.3043478260869565,20,1.861520899192132,0.6516516516516516,0.46653543307086615,0.5943097997892518,4,0.0,1.4031578947368422,1333,120.0,7.195937226475569,4.1942985746436605,10.0,0.19879969992498125,0.18754688672168043,3.0,0.29894736842105263,2.5950704225352115,0.5035211267605634,0.2655426765015806,12.0,1.4939150411061737,3.3213760690193195,2.4462808919870906,0.008429926238145416
1,Sevilla,Isaac Albeniz,14,9,All,Romantic,found,pdf,pdf-20260524T103936Z-3-001/pdf/Sevilla by Isaac Albeniz.pdf,,,,verified_pieces/pdf/xml/Sevilla by Isaac Albeniz.musicxml,,0.017605633802816902,1.4556451612903225,4,1.9954171562867213,0.5489614243323442,0.23543123543123542,0.2890716803760282,5,0.0,1.5833333333333333,1349,112.0,7.2078598714324755,5.308376575240919,10.0,0.429948109710897,0.17494440326167532,3.0,0.3028169014084507,2.7829457364341086,0.4728682170542636,0.3008225616921269,12.0,1.8604205252853308,3.563191468629924,2.440688584835883,0.09870740305522914
1,Sheep May Safely Graze (from Cantata No. 208,J.S. Bach,19,9,All,Baroque,found,pdf,pdf-20260524T103936Z-3-001/pdf/BWV208 Sheep May Safely Graze by Johann Sebastian Bach.pdf,,,,verified_pieces/pdf/xml/BWV208 Sheep May Safely Graze by Johann Sebastian Bach.musicxml,,0.007518796992481203,0.7611940298507462,3,1.7828282828282827,0.521551724137931,0.4,0.2803030303030303,3,0.0,1.7518796992481203,233,105.0,5.455321115357702,1.7167381974248928,3.0,0.008583690987124463,0.31759656652360513,2.0,0.5112781954887218,2.735294117647059,0.7941176470588235,0.20454545454545456,13.0,2.1536310847731306,2.1106487657719244,2.543589823852712,0.022727272727272728
1,"Sir John Smith, His Almain",John Dowland,10,7,V,Renaissance,found,pdf,pdf-20260524T103936Z-3-001/pdf/Sir John Smith-His Almain by John Dowland.pdf,,,,verified_pieces/pdf/xml/Sir John Smith-His Almain by John Dowland.musicxml,,0.0017574692442882249,0.646551724137931,6,1.799149061032864,0.7127799736495388,0.29253731343283584,0.3503521126760563,3,0.0,1.3356766256590509,760,112.0,6.634633357861686,2.025,4.0,0.018421052631578946,0.30394736842105263,2.0,0.23198594024604569,3.196969696969697,0.4090909090909091,0.2306338028169014,5.0,1.0346873037741644,2.2505121509869053,2.178609018568415,0.02992957746478873
1,"Soldatenmarsh, Op. 68 no. 2",Robert Schumann,3,2,III,Romantic,found,pdf,pdf-20260524T103936Z-3-001/pdf/marcha-militar-opus-68-no-2-by-robert-schumann.pdf,,,,verified_pieces/pdf/xml/marcha-militar-opus-68-no-2-by-robert-schumann.musicxml,,0.06493506493506493,1.7142857142857142,4,2.024122807017544,0.36363636363636365,1.0,0.21052631578947367,3,0.0,2.727272727272727,210,120.0,5.351858133476067,5.5285714285714285,9.0,0.3952380952380952,0.07142857142857142,3.0,0.9090909090909091,3.085714285714286,0.35714285714285715,0.3684210526315789,9.0,1.6082876430580362,3.2001801072554916,2.4321389921019785,0.0
1,"Sonata I, BWV 1001: i. Adagio",J.S. Bach,13,8,V,Baroque,found,pdf,pdf-20260524T103936Z-3-001/pdf/BWV 1001 Adagio by Johann Sebastian Bach.pdf,,,,verified_pieces/pdf/xml/BWV 1001 Adagio by Johann Sebastian Bach.musicxml,,0.012285012285012284,1.1578947368421053,3,1.6736453201970443,0.732421875,0.42394822006472493,0.5123152709359606,4,0.0,1.2604422604422605,513,56.0,6.2422232654551655,2.676413255360624,5.0,0.029239766081871343,0.15789473684210525,3.0,0.14004914004914004,2.807017543859649,0.9298245614035088,0.21428571428571427,6.0,1.0737477965929803,2.7163091335732266,2.3430528267844255,0.024630541871921183
1,"Sonata I, BWV 1001: iii. Siciliana",J.S. Bach,12,6,VII,Baroque,found,pdf,pdf-20260524T103936Z-3-001/pdf/BWV 1001 Siciliana by Johann Sebastian Bach.pdf,,,,verified_pieces/pdf/xml/BWV 1001 Siciliana by Johann Sebastian Bach.musicxml,,0.006191950464396285,0.8921568627450981,3,1.7898550724637683,0.6207627118644068,0.4967741935483871,0.6304347826086957,5,0.0,1.4643962848297214,473,70.0,6.161207321695077,2.8520084566596196,5.0,0.06342494714587738,0.1733615221987315,2.0,0.33126934984520123,2.2616822429906542,0.6074766355140186,0.22981366459627328,19.0,1.8152835104474527,2.694163498670237,2.4673592262608834,0.009316770186335404
1,Sonata II: BWV 1003: i. Grave,J.S. Bach,13,8,VII,Baroque,found,pdf,pdf-20260524T103936Z-3-001/pdf/bach-bwv1003-grave.pdf,,,,verified_pieces/pdf/xml/bach-bwv1003-grave.musicxml,,0.0,0.8484848484848485,3,2.046653144016227,0.780327868852459,0.547683923705722,0.6369168356997972,5,0.0,1.236842105263158,611,30.0,6.416732282512326,2.5875613747954174,6.0,0.09001636661211129,0.2520458265139116,2.0,0.13562753036437247,2.7761194029850746,0.9253731343283582,0.29817444219066935,10.0,1.5627036030836177,2.9619572377866725,2.340890333148021,0.006085192697768763
1,Sonata II: BWV 1003: iii. Andante,J.S. Bach,9,6,VII,Baroque,found,pdf,pdf-20260524T103936Z-3-001/pdf/BWV 1003 Andante by Johann Sebastian Bach.pdf,,,,verified_pieces/pdf/xml/BWV 1003 Andante by Johann Sebastian Bach.musicxml,,0.0,1.0263157894736843,19,1.6967418546365916,0.5710900473933649,0.5531914893617021,0.32706766917293234,3,0.0,1.5842696629213484,423,38.0,6.049733455231958,2.5390070921985815,6.0,0.08747044917257683,0.28841607565011823,2.0,0.45692883895131087,1.9754098360655739,0.6721311475409836,0.23308270676691728,12.5,1.681368066227487,2.85202973119678,2.355219940418226,0.041353383458646614
1,Sonata II: BWV 1003: iv. Allegro,J.S. Bach,14,6,VIII,Baroque,found,pdf,pdf-20260524T103936Z-3-001/pdf/BWV 1003 Allegro by Johann Sebastian Bach.pdf,,,,verified_pieces/pdf/xml/BWV 1003 Allegro by Johann Sebastian Bach.musicxml,,0.0,0.0,0,2.4316469321851453,0.9258064516129032,0.4929881337648328,0.5844994617868676,4,0.0,1.0010752688172042,931,90.0,6.837332814685591,12.489795918367347,17.0,0.9430719656283566,0.01933404940923738,0.0,0.001075268817204301,1.0,1.0,0.34230355220667386,16.0,2.131674493585392,3.812013509971612,1.9346950145039956,0.0
1,"Sonata III, BWV 1005: i. Adagio",J.S. Bach,9,5,V,Baroque,found,pdf,pdf-20260524T103936Z-3-001/pdf/BWV 1005 Adagio by Johann Sebastian Bach.pdf,,,,verified_pieces/pdf/xml/BWV 1005 Adagio by Johann Sebastian Bach.musicxml,,0.006472491909385114,1.0833333333333333,4,1.5725108225108224,0.5368043087971275,0.4186046511627907,0.2694805194805195,2,0.0,1.8058252427184467,558,46.0,6.326149473155099,2.207885304659498,5.0,0.03942652329749104,0.26523297491039427,2.0,0.4401294498381877,2.786764705882353,0.6102941176470589,0.21103896103896103,7.0,1.096683529369976,2.707046954410577,2.459103395483285,0.0
1,"Sonata III, BWV 1005: ii. Fuga",J.S. Bach,17,6,XII,Baroque,found,pdf,pdf-20260524T103936Z-3-001/pdf/bach-bwv1005-fuga.pdf,,,,verified_pieces/pdf/xml/bach-bwv1005-fuga.musicxml,,0.0007032348804500703,1.1127596439169138,4,1.6944053483462351,0.6582716049382716,0.5596555965559655,0.573539760731879,5,0.0,1.4247538677918425,2026,120.0,7.614312146452,2.374136229022705,5.0,0.0631786771964462,0.2458045409674235,2.0,0.24331926863572434,2.5751445086705202,0.4797687861271676,0.2287121745249824,9.0,1.2196298000063723,2.7712051298370066,2.4159440565818757,0.0014074595355383533
1,"Sonata III, BWV 1005: iii. Largo",J.S. Bach,8,4,V,Baroque,found,pdf,pdf-20260524T103936Z-3-001/pdf/BWV 1005 Largo by Johann Sebastian Bach.pdf,,,,verified_pieces/pdf/xml/BWV 1005 Largo by Johann Sebastian Bach.musicxml,,0.005917159763313609,0.9298245614035088,3,1.6790306627101876,0.75,0.4826086956521739,0.5905044510385756,3,0.0,1.2337278106508875,417,50.0,6.035481432524756,2.431654676258993,5.0,0.02158273381294964,0.1774580335731415,2.0,0.16863905325443787,1.9824561403508771,0.7543859649122807,0.2551928783382789,6.5,1.0933643258357857,2.5907146202699707,2.2740426430982326,0.011869436201780416
1,"Sonata in A Major, L 238/ K 208",Domenico Scarlatti,6,3,V,Baroque,found,pdf,pdf-20260524T103936Z-3-001/pdf/Sonata L238 by Domenico Scarlatti.pdf,,,,verified_pieces/pdf/xml/Sonata L238 by Domenico Scarlatti.musicxml,,0.0,1.0,6,2.131862745098039,0.7481840193704601,0.7142857142857143,1.15,5,0.0,1.2140762463343109,414,60.0,6.028278520230698,2.5869565217391304,6.0,0.09420289855072464,0.28019323671497587,3.0,0.17008797653958943,2.5172413793103448,0.9482758620689655,0.3235294117647059,10.0,1.663383372106082,2.8501405554463703,2.43626823866875,0.026470588235294117
1,"Sonata in A Major, L 483/ K 322",Domenico Scarlatti,10,5,IX,Baroque,found,pdf,pdf-20260524T103936Z-3-001/pdf/Sonata K322 by Domenico Scarlatti.pdf,,,,verified_pieces/pdf/xml/Sonata K322 by Domenico Scarlatti.musicxml,,0.0,0.5803571428571429,3,1.9755911517925246,0.6942003514938488,0.6923076923076923,0.7620137299771167,5,0.0,1.3013698630136987,570,180.0,6.3473892096560105,2.856140350877193,7.0,0.17192982456140352,0.3087719298245614,2.0,0.2922374429223744,2.6953125,0.640625,0.2974828375286041,10.0,1.7129097137348162,2.959735167349024,2.3959154126644733,0.006864988558352402
1,"Sonata in E minor, BWV 1023 - ii. Allemande",J.S. Bach,12,8,VII,Baroque,found,pdf,pdf-20260524T103936Z-3-001/pdf/bach-bwv1023-allemande.pdf,,,,verified_pieces/pdf/xml/bach-bwv1023-allemande.musicxml,,0.0,0.6929824561403509,4,2.1021868787276343,0.7567140600315956,0.4141791044776119,0.6719681908548708,5,0.0,1.257936507936508,634,55.0,6.453624998892692,2.583596214511041,5.0,0.07097791798107256,0.2555205047318612,2.0,0.23412698412698413,2.983050847457627,0.6864406779661016,0.2803180914512923,19.0,2.332002524488657,2.8139079975497623,2.4664302612092914,0.017892644135188866
1,"Sonata in E minor, BWV 1023 - iii.  Gigue",J.S. Bach,12,7,VII,Baroque,found,pdf,pdf-20260524T103936Z-3-001/pdf/bach-bwv1023-gigue.pdf,,,,verified_pieces/pdf/xml/bach-bwv1023-gigue.musicxml,,0.0022123893805309734,0.7053571428571429,4,2.0968218773096825,0.7384615384615385,0.6650943396226415,0.9046563192904656,5,0.0,1.2964601769911503,586,180.0,6.375024819828097,2.416382252559727,6.5,0.10068259385665529,0.2986348122866894,2.0,0.2743362831858407,2.943548387096774,0.5483870967741935,0.34146341463414637,8.0,1.6577792607619657,2.7811032009853185,2.507686683885708,0.0
1,Sonata in G (K. 431),Domenico Scarlatti,8,4,VII,Baroque,found,pdf,pdf-20260524T103936Z-3-001/pdf/sonata-k431-l83-scarlatti.pdf,,,,verified_pieces/pdf/xml/sonata-k431-l83-scarlatti.musicxml,,0.0,0.7586206896551724,3,2.462962962962963,0.7321428571428571,0.8918918918918919,1.0148148148148148,3,0.0,1.2426470588235294,169,120.0,5.135798437050262,4.260355029585799,9.0,0.3136094674556213,0.22485207100591717,2.1999999999999993,0.22794117647058823,3.193548387096774,0.8709677419354839,0.37777777777777777,10.0,2.001739641217321,3.1122360113892933,2.4141495879920076,0.0
1,Sonata No. 1,Niccolo Paganini,7,4,VIII,Romantic,found,pdf,pdf-20260524T103936Z-3-001/pdf/Sonata No_ 01 In A by Nicolo Paganini.pdf,,,,verified_pieces/pdf/xml/Sonata No_ 01 In A by Nicolo Paganini.musicxml,,0.003367003367003367,0.45,4,1.885135135135135,0.6244131455399061,0.45348837209302323,1.0202702702702702,5,0.0,1.4377104377104377,427,80.0,6.059123195581797,1.6885245901639345,4.0,0.01639344262295082,0.3840749414519906,1.0,0.4175084175084175,2.717741935483871,0.3548387096774194,0.3108108108108108,6.5,1.501419667439631,2.3942655848771945,2.4465445462220283,0.037162162162162164
1,Sonata no. 12: i. Minuetto,Niccolo Paganini,7,3,VII,Romantic,found,pdf,pdf-20260524T103936Z-3-001/pdf/Minuetto in A by Niccolo Paganini.pdf,,,,verified_pieces/pdf/xml/Minuetto in A by Niccolo Paganini.musicxml,,0.0,0.046511627906976744,2,2.379120879120879,0.7555555555555555,0.46226415094339623,0.7142857142857143,5,0.0,1.2349726775956285,226,120.0,5.424950017481403,3.982300884955752,10.0,0.3008849557522124,0.34513274336283184,0.0,0.23497267759562843,3.488372093023256,0.627906976744186,0.34065934065934067,20.0,2.489362709545146,3.032923333961696,2.1929225570674014,0.01098901098901099
1,Sonata Romantica: I,Manuel M. Ponce,12,9,VIII,Modern,found,pdf,pdf-20260524T103936Z-3-001/pdf/Sonata Romantica I Allegro Moderato by Manuel Maria Ponce.pdf,,,,verified_pieces/pdf/xml/Sonata Romantica I Allegro Moderato by Manuel Maria Ponce.musicxml,,0.012807881773399015,1.427710843373494,5,1.8104865220249837,0.5665374677002584,0.35294117647058826,0.4428007889546351,5,0.0,1.5261083743842365,1549,112.0,7.346010209913293,4.293092317624274,8.0,0.26404131697869593,0.14525500322788895,3.0,0.3330049261083744,2.5976331360946747,0.5946745562130178,0.3067061143984221,11.166666666666666,1.5998947491626523,3.3617974990094415,2.4465463198975224,0.10256410256410256
1,Sonata Romantica: II,Manuel M. Ponce,8,9,IX,Modern,found,pdf,pdf-20260524T103936Z-3-001/pdf/Sonata Romantica II Andante Espressivo by Manuel Maria Ponce.pdf,,,,verified_pieces/pdf/xml/Sonata Romantica II Andante Espressivo by Manuel Maria Ponce.musicxml,,0.04314720812182741,2.0522388059701493,20,2.2686598812553007,0.5021707670043415,0.6192893401015228,0.6564885496183206,4,0.0,1.7563451776649746,692,56.0,6.541029999189903,4.167630057803469,7.0,0.2138728323699422,0.13728323699421965,3.0,0.35786802030456855,3.297872340425532,0.6950354609929078,0.3333333333333333,22.0,2.4651310723365247,3.1564351457191395,2.513381708684355,0.020356234096692113
1,Sonata Romantica: III,Manuel M. Ponce,10,6,IX,Modern,found,pdf,pdf-20260524T103936Z-3-001/pdf/Sonata Romantica III Moment Musical Vivo by Manuel Maria Ponce.pdf,,,,verified_pieces/pdf/xml/Sonata Romantica III Moment Musical Vivo by Manuel Maria Ponce.musicxml,,0.020676691729323307,1.1288343558282208,4,1.7925298179535467,0.5380184331797235,0.3968253968253968,0.7871939736346516,4,0.0,1.6334586466165413,869,124.0,6.76849321164863,3.3855005753739933,8.0,0.19677790563866512,0.27963176064441886,2.0,0.38721804511278196,2.378640776699029,0.3883495145631068,0.22033898305084745,10.0,1.746160305892157,3.1201015288112455,2.479828362530604,0.01694915254237288
1,Sonata Romantica: IV,Manuel M. Ponce,11,8,XII,Modern,found,pdf,pdf-20260524T103936Z-3-001/pdf/Sonata Romantica IV Allegro Non Troppo E Serioso by Manuel Maria Ponce.pdf,,,,verified_pieces/pdf/xml/Sonata Romantica IV Allegro Non Troppo E Serioso by Manuel Maria Ponce.musicxml,,0.011132940406024885,0.9383116883116883,5,1.5358671909130626,0.5764925373134329,0.7942973523421588,0.8892529488859764,5,0.0,1.4047151277013752,2145,104.0,7.671360923190644,3.3496503496503496,8.0,0.16923076923076924,0.22843822843822845,3.0,0.2134905042567125,3.6012269938650308,0.5337423312883436,0.1382699868938401,22.0,2.164782203339509,3.180101140822282,2.460751454556383,0.0399737876802097
1,Sonata: Allemande,Silvius Leopold Weiss,10,5,IX,Baroque,found,pdf,pdf-20260524T103936Z-3-001/pdf/weiss-sonata-34-allemande.pdf,,,,verified_pieces/pdf/xml/weiss-sonata-34-allemande.musicxml,,0.0,1.359375,4,2.504484304932736,0.6677316293929713,0.7524752475247525,1.0672645739910314,5,0.0,1.4017857142857142,314,70.0,5.752572638825633,4.971337579617835,9.0,0.4426751592356688,0.17834394904458598,3.0,0.29017857142857145,3.2,0.7384615384615385,0.3901345291479821,11.0,2.234544954033642,3.2670997498193386,2.436523245684975,0.013452914798206279
1,"Stuckchen, Op. 68 no. 5",Robert Schumann,4,3,V,Romantic,found,pdf,pdf-20260524T103936Z-3-001/pdf/Opus 68 No 5 Little Piece (Stuckchen) by Robert Schumann.pdf,,,,verified_pieces/pdf/xml/Opus 68 No 5 Little Piece (Stuckchen) by Robert Schumann.musicxml,,0.023622047244094488,1.532258064516129,21,3.5515873015873014,0.6335078534031413,0.625,0.9761904761904762,2,0.0,1.5118110236220472,192,120.0,5.262690188904886,2.578125,6.0,0.06770833333333333,0.359375,2.0,0.4881889763779528,3.0161290322580645,0.25806451612903225,0.7222222222222222,10.0,2.3761625100410253,2.644739338946419,2.004343772857407,0.023809523809523808
1,"Studio in Si Minore, Op. 35 no. 22",Fernando Sor,4,3,V,Classical,found,gaps,,,,Z41wc,datasets/gaps_v1/readable_musicxml/Fernando Sor - Opus 35 No 22 in B Minor.xml,gaps_v1/musicxml/Opus 35 No 17 in D by Fernando Sor.xml,0.0,0.0,0,1.2298850574712643,0.7568807339449541,0.9006928406466512,1.4068965517241379,5,0.0,1.0022935779816513,437,100.0,6.082218910376446,2.606407322654462,4.0,0.013729977116704805,0.16247139588100687,0.0,0.0022935779816513763,1.0,1.0,0.06896551724137931,7.0,1.147722877213907,2.365569751725842,2.1565683969651066,0.08505747126436781
1,"Study in A, Op. 44 no. 20",Fernando Sor,5,3,V,Classical,found,pdf,pdf-20260524T103936Z-3-001/pdf/Opus 44 No 20 by Fernando Sor.pdf,,,,verified_pieces/pdf/xml/Opus 44 No 20 by Fernando Sor.musicxml,,0.003134796238244514,2.0,2,5.2880503144654085,0.8229813664596274,0.8164556962025317,1.1415094339622642,3,0.0,1.0125391849529781,323,80.0,5.780743515792329,3.9876160990712073,11.0,0.10526315789473684,0.2724458204334365,2.0,0.003134796238244514,2.0,1.0,0.4811320754716981,22.0,7.160534437556369,2.3349890213304523,1.8373488283380353,0.0880503144654088
1,"Study in B Minor, Op. 31 No. 18",Fernando Sor,6,3,VII,Classical,found,pdf,pdf-20260524T103936Z-3-001/pdf/Opus 31 No 18 by Fernando Sor.pdf,,,,verified_pieces/pdf/xml/Opus 31 No 18 by Fernando Sor.musicxml,,0.0,4.1,20,4.451327433628318,0.7763713080168776,0.9068627450980392,1.0707964601769913,4,0.0,1.0484581497797356,238,100.0,5.476463551931511,4.894957983193278,12.900000000000148,0.14285714285714285,0.1134453781512605,20.0,0.048458149779735685,2.8181818181818183,0.8181818181818182,0.2743362831858407,20.0,6.494710101295274,2.6037803199706837,2.0178646319134876,0.061946902654867256
1,"Study in E Minor, Op. 35 no. 18",Fernando Sor,4,2,II,Classical,found,pdf,pdf-20260524T103936Z-3-001/pdf/Opus 35 No 18 by Fernando Sor.pdf,,,,verified_pieces/pdf/xml/Opus 35 No 18 by Fernando Sor.musicxml,gaps_v1/musicxml/Opus 35 No 17 in D by Fernando Sor.xml,0.0,2.897196261682243,21,4.683544303797468,0.5363321799307958,0.8888888888888888,1.0886075949367089,3,0.0,1.8238993710691824,290,120.0,5.673323267171493,3.303448275862069,5.800000000000409,0.1,0.38620689655172413,20.0,0.7861635220125787,2.48,0.248,0.4177215189873418,21.5,5.035464587534386,2.2035162246559135,2.5142261414876743,0.0
1,"Study in E minor, Op. 48 no. 5",Mauro Giuliani,3,3,XII,Classical,found,pdf,pdf-20260524T103936Z-3-001/pdf/Opus 48 no5 (Estudio in E Minor) by Mauro Giuliani.pdf,,,,verified_pieces/pdf/xml/Opus 48 no5 (Estudio in E Minor) by Mauro Giuliani.musicxml,,0.0,0.0,0,2.4620155038759686,0.6887871853546911,1.0,1.2302325581395348,3,0.0,1.0162412993039442,438,120.0,6.0844994130751715,3.308219178082192,9.0,0.2831050228310502,0.4474885844748858,0.0,0.0069605568445475635,2.3333333333333335,0.6666666666666666,0.24651162790697675,15.0,3.0476795205053877,2.7423366023894182,2.258513759872135,0.0
1,Study No. 6,Fernando Sor,3,2,II,Classical,found,dada_gp,,"datasets/DadaGP-v1.1/S/Sor, Fernando/Sor, Fernando - Etude N-6 En Re Majeur.gp4.tokens.txt","datasets/DadaGP-v1.1/S/Sor, Fernando/Sor, Fernando - Etude N-6 En Re Majeur.gp4",,"verified_pieces/dada/xml/Sor, Fernando - Etude N-6 En Re Majeur.musicxml",,0.0,0.36363636363636365,2,1.5793650793650793,0.7575757575757576,0.868995633187773,1.626984126984127,5,0.0226415094339622,1.0474308300395256,265,120.0,5.583496308781699,1.8754716981132076,4.0,0.0,0.2981132075471698,1.0,0.04743083003952569,1.9166666666666667,0.75,0.1984126984126984,5.0,1.208292607544719,2.2816008167120634,2.4384753954844633,0.015873015873015872
1,"Study, 31 no. 17",Fernando Sor,3,1,I,Classical,found,gaps,,,,Bk1wc,datasets/gaps_v1/readable_musicxml/Fernando Sor - Opus 35 No 17 in D.xml,,0.0,0.4444444444444444,2,1.4921259842519685,0.696969696969697,0.7415254237288136,1.2677165354330708,5,0.0,1.0392156862745099,265,100.0,5.583496308781699,1.8452830188679246,4.0,0.0,0.30566037735849055,1.2000000000000002,0.0392156862745098,1.6,0.7,0.20078740157480315,5.0,1.2335280877155115,2.2727365935598285,2.4376562999772404,0.12598425196850394
1,"Study, Op. 139 no. 1",Mauro Giuliani,2,1,II,Classical,found,pdf,pdf-20260524T103936Z-3-001/pdf/Opus 139 No 1 by Mauro Giuliani.pdf,,,,verified_pieces/pdf/xml/Opus 139 No 1 by Mauro Giuliani.musicxml,gaps_v1/musicxml/giuliani-op139no3.xml,0.0,0.575,2,2.1972222222222224,0.5448275862068965,0.8958333333333334,1.0833333333333333,4,0.0,1.6077348066298343,291,150.0,5.676753802268282,1.4123711340206186,3.0,0.013745704467353952,0.41924398625429554,1.1000000000000085,0.4696132596685083,2.4705882352941178,0.4235294117647059,0.32222222222222224,22.0,3.3301709536068733,2.0693321819873116,2.416098248562361,0.044444444444444446
1,"Study, Op. 139 no. 3",Mauro Giuliani,5,3,VII,Classical,found,gaps,,,,fY1wc,datasets/gaps_v1/readable_musicxml/Mauro Giuliani - Opus 139 No. 3.xml,gaps_v1/musicxml/giuliani-op139no3.xml,0.0,0.9358974358974359,3,2.045510455104551,0.5844875346260388,0.5490196078431373,1.1291512915129152,5,0.0,1.3308823529411764,362,100.0,5.8944028342648505,2.069060773480663,5.0,0.052486187845303865,0.36464088397790057,2.0,0.3161764705882353,1.2209302325581395,0.32558139534883723,0.35793357933579334,8.5,1.7723502000001317,2.486246251834318,2.3931855995686684,0.11439114391143912
1,"Study, Op. 139 no. 5",Mauro Giuliani,4,3,VII,Classical,found,pdf,pdf-20260524T103936Z-3-001/pdf/Opus 139 No 5 by Mauro Giuliani.pdf,,,,verified_pieces/pdf/xml/Opus 139 No 5 by Mauro Giuliani.musicxml,gaps_v1/musicxml/giuliani-op139no3.xml,0.03763440860215054,0.9438202247191011,3,1.9243243243243244,0.4447513812154696,0.3076923076923077,0.3081081081081081,5,0.0,1.9516129032258065,363,120.0,5.8971538676367405,2.3002754820936637,6.0,0.09641873278236915,0.3691460055096419,2.0,0.5053763440860215,2.9574468085106385,0.6595744680851063,0.31351351351351353,10.0,1.7522769168462589,2.6642860638057595,2.470197527109069,0.11351351351351352
1,"Study, Op. 139 no. 6",Mauro Giuliani,8,4,VII,Classical,found,pdf,pdf-20260524T103936Z-3-001/pdf/Opus 139 No 6 By Mauro Giuliani.pdf,,,,verified_pieces/pdf/xml/Opus 139 No 6 By Mauro Giuliani.musicxml,gaps_v1/musicxml/giuliani-op139no3.xml,0.0,0.717948717948718,3,1.922566909975669,0.6481012658227848,0.37681159420289856,0.48905109489051096,3,0.0,1.44,396,100.0,5.983936280687191,2.371212121212121,5.0,0.050505050505050504,0.31565656565656564,2.0,0.3054545454545455,2.8333333333333335,0.5476190476190477,0.2956204379562044,22.0,1.966423512893384,2.5757990451209385,2.3213726585331913,0.021897810218978103
1,"Study, Op. 31 no. 16",Fernando Sor,9,3,VI,Classical,found,pdf,pdf-20260524T103936Z-3-001/pdf/Opus 31 No 16 by Fernando Sor.pdf,,,,verified_pieces/pdf/xml/Opus 31 No 16 by Fernando Sor.musicxml,,0.0,1.4545454545454546,4,1.7932263814616758,0.6151202749140894,0.36585365853658536,0.47593582887700536,4,0.0,1.553191489361702,292,90.0,5.680172609017068,2.328767123287671,5.0,0.0410958904109589,0.2465753424657534,2.6000000000000014,0.2925531914893617,2.581818181818182,0.6727272727272727,0.2192513368983957,8.0,1.4130666811879262,2.6644436041746964,2.3051549075188222,0.0
1,"Study, Op. 35 no. 10",Fernando Sor,2,2,II,Classical,found,pdf,pdf-20260524T103936Z-3-001/pdf/Opus 35 No 10 by Fernando Sor.pdf,,,,verified_pieces/pdf/xml/Opus 35 No 10 by Fernando Sor.musicxml,gaps_v1/musicxml/Opus 35 No 17 in D by Fernando Sor.xml,0.0,0.1836734693877551,1,1.7391857506361323,0.7021943573667712,0.7888888888888889,1.034351145038168,4,0.0,1.2167300380228137,320,116.0,5.771441123130016,1.8375,5.0,0.0375,0.36875,1.0,0.18631178707224336,2.857142857142857,0.42857142857142855,0.25190839694656486,6.5,1.3146107949719061,2.39914885282092,2.246363650287872,0.04580152671755725
1,"Study, Op. 35 no. 14",Fernando Sor,2,2,III,Classical,found,pdf,pdf-20260524T103936Z-3-001/pdf/Opus 35 No 14 by Fernando Sor.pdf,,,,verified_pieces/pdf/xml/Opus 35 No 14 by Fernando Sor.musicxml,gaps_v1/musicxml/Opus 35 No 17 in D by Fernando Sor.xml,0.0,1.0784313725490196,19,1.4662162162162162,0.6157407407407407,0.5263157894736842,0.8243243243243243,5,0.0,1.4563758389261745,217,120.0,5.384495062789089,1.2258064516129032,3.0,0.004608294930875576,0.4147465437788018,2.0,0.3691275167785235,2.0,0.5636363636363636,0.14864864864864866,12.5,1.5844838706764204,1.9936454830487795,2.313538062327797,0.05405405405405406
1,"Study, Op. 39 no. 27",Anton Diabelli,1,1,I,Classical,found,pdf,pdf-20260524T103936Z-3-001/pdf/Opus 39 No 27 by Anton Diabelli.pdf,,,,verified_pieces/pdf/xml/Opus 39 No 27 by Anton Diabelli.musicxml,,0.0,2.0,2,5.5327102803738315,0.7121212121212122,0.9253731343283582,1.5327102803738317,5,0.0,1.2314814814814814,133,130.0,4.897839799950911,3.3759398496240602,3.0,0.09022556390977443,0.14285714285714285,2.0,0.19444444444444445,1.1904761904761905,0.19047619047619047,0.2523364485981308,21.0,7.994235957377713,2.0160256840684094,2.206852034680241,0.037383177570093455
1,"Study, Op. 48 no. 23",Mauro Giuliani,9,4,VII,Classical,found,pdf,pdf-20260524T103936Z-3-001/pdf/Opus 48 No 23 by Mauro Giuliani.pdf,,,,verified_pieces/pdf/xml/Opus 48 No 23 by Mauro Giuliani.musicxml,,0.011627906976744186,1.2222222222222223,3,4.36977648202138,0.782016348773842,0.7507507507507507,1.0583090379008746,5,0.0,1.069767441860465,368,100.0,5.910796644040527,4.274456521739131,8.300000000000011,0.18206521739130435,0.19293478260869565,2.2,0.02616279069767442,3.5555555555555554,0.8888888888888888,0.3119533527696793,22.0,6.629006239789613,2.917294845720875,2.2408753462189854,0.01749271137026239
1,"Study, Op. 48 no. 24",Mauro Giuliani,11,4,All,Classical,found,pdf,pdf-20260524T103936Z-3-001/pdf/Opus 48 No 24 by Mauro Giuliani.pdf,,,,verified_pieces/pdf/xml/Opus 48 No 24 by Mauro Giuliani.musicxml,,0.0029585798816568047,1.2531645569620253,3,4.5184965380811075,0.6480331262939959,0.7841409691629956,1.2433234421364985,4,0.0,1.4319526627218935,484,100.0,6.184148890937483,5.541322314049586,14.0,0.34710743801652894,0.2830578512396694,3.0,0.23372781065088757,3.4050632911392404,0.4177215189873418,0.5103857566765578,22.0,5.623948847653222,3.449929974323374,2.242186582980697,0.06231454005934718
1,"Study, Op. 50 no. 1",Mauro Giuliani,1,1,I,Classical,found,pdf,pdf-20260524T103936Z-3-001/pdf/Opus 50 No 1 by Mauro Giuliani.pdf,,,,verified_pieces/pdf/xml/Opus 50 No 1 by Mauro Giuliani.musicxml,,0.0,0.46153846153846156,2,1.0875,0.5085714285714286,0.23684210526315788,0.7166666666666667,3,0.0,1.4545454545454546,176,120.0,5.176149732573829,1.1363636363636365,3.0,0.0,0.44886363636363635,1.0,0.45454545454545453,2.2181818181818183,0.38181818181818183,0.16666666666666666,3.0,0.9324307391615386,1.8633930808636434,2.210437430192422,0.25
1,"Study, Op. 50 no. 3",Mauro Giuliani,1,1,I,Classical,found,pdf,pdf-20260524T103936Z-3-001/pdf/Opus 50 No 3 by Mauro Giuliani.pdf,,,,verified_pieces/pdf/xml/Opus 50 No 3 by Mauro Giuliani.musicxml,,0.0,1.8214285714285714,8,2.838129496402878,0.6379310344827587,0.9680851063829787,1.3021582733812949,4,0.0,1.25,175,120.0,5.170483995038151,2.0114285714285716,3.0,0.05714285714285714,0.4514285714285714,8.0,0.20714285714285716,3.2413793103448274,0.41379310344827586,0.2446043165467626,22.0,5.434330815959169,2.0771803984389483,2.388714337844286,0.014388489208633094
1,"Study, Op. 50 no. 5",Mauro Giuliani,1,1,V,Classical,found,pdf,pdf-20260524T103936Z-3-001/pdf/Opus 50 No 5 by Mauro Giuliani.pdf,,,,verified_pieces/pdf/xml/Opus 50 No 5 by Mauro Giuliani.musicxml,,0.0,0.07692307692307693,1,2.30879345603272,0.8,0.7878787878787878,1.2085889570552146,5,0.0,1.103658536585366,181,100.0,5.204006687076795,1.6132596685082874,3.0,0.022099447513812154,0.3812154696132597,0.0,0.0975609756097561,3.3125,0.6875,0.22699386503067484,22.0,3.8704847312471644,2.143932309931697,2.454404370985729,0.006134969325153374
1,"Study, Op. 50 no. 7",Mauro Giuliani,5,2,II,Classical,found,pdf,pdf-20260524T103936Z-3-001/pdf/Opus 50 No 7 by Mauro Giuliani.pdf,,,,verified_pieces/pdf/xml/Opus 50 No 7 by Mauro Giuliani.musicxml,,0.0,0.3584905660377358,3,2.138888888888889,0.7307692307692307,0.7142857142857143,1.0296296296296297,5,0.0,1.2509225092250922,339,100.0,5.8289456176102075,1.59882005899705,3.0,0.008849557522123894,0.41887905604719766,1.0,0.21033210332103322,3.175438596491228,0.49122807017543857,0.2518518518518518,22.0,3.044964810894943,2.095645801898256,2.5285813231761156,0.0
1,"Study, Op. 60 no. 1",Matteo Carcassi,2,2,VIII,Classical,found,pdf,pdf-20260524T103936Z-3-001/pdf/Opus 60 No 1 in C by Matteo Carcassi.pdf,,,,verified_pieces/pdf/xml/Opus 60 No 1 in C by Matteo Carcassi.musicxml,gaps_v1/musicxml/Opus 60 No 7 in A Minor by Matteo Carcassi.xml,0.0,0.8888888888888888,2,2.3238255033557045,0.8690095846645367,0.5159010600706714,0.6879194630872483,5,0.0,1.0501672240802675,314,120.0,5.752572638825633,2.372611464968153,5.0,0.0732484076433121,0.3184713375796178,2.0,0.030100334448160536,2.3333333333333335,0.8888888888888888,0.2483221476510067,22.0,3.1696975693211358,2.7557804594772457,2.3621492547878478,0.0
1,"Study, Op. 60 no. 10",Matteo Carcassi,4,3,X,Classical,found,pdf,pdf-20260524T103936Z-3-001/pdf/carcassi-op60-10.pdf,,,,verified_pieces/pdf/xml/carcassi-op60-10.musicxml,gaps_v1/musicxml/Opus 60 No 7 in A Minor by Matteo Carcassi.xml,0.0,1.2954545454545454,2,1.5410628019323673,0.46875,0.0,0.0,0,0.0,1.8428571428571427,129,138.0,4.867534450455582,5.046511627906977,7.0,0.3875968992248062,0.11627906976744186,2.0,0.6285714285714286,1.9090909090909092,0.36363636363636365,0.15942028985507245,5.833333333333334,1.150301296769939,2.52394471479547,1.924668626613892,0.10144927536231885
1,"Study, Op. 60 no. 11",Matteo Carcassi,2,2,III,Classical,found,pdf,pdf-20260524T103936Z-3-001/pdf/Opus 60 No 11 in D Minor by Matteo Carcassi.pdf,,,,verified_pieces/pdf/xml/Opus 60 No 11 in D Minor by Matteo Carcassi.musicxml,gaps_v1/musicxml/Opus 60 No 7 in A Minor by Matteo Carcassi.xml,0.0,0.0,0,1.9282511210762332,0.9375,0.6787330316742082,1.1973094170403586,4,0.0,1.0044642857142858,225,110.0,5.420534999272286,1.8622222222222222,4.0,0.0,0.28888888888888886,0.0,0.004464285714285714,4.0,1.0,0.26905829596412556,5.0,1.0846503806061045,2.4333314959154864,2.263935495614101,0.0
1,"Study, Op. 60 no. 12",Matteo Carcassi,10,4,X,Classical,found,pdf,pdf-20260524T103936Z-3-001/pdf/Opus 60 No 12 in D by Matteo Carcassi.pdf,,,,verified_pieces/pdf/xml/Opus 60 No 12 in D by Matteo Carcassi.musicxml,gaps_v1/musicxml/Opus 60 No 7 in A Minor by Matteo Carcassi.xml,0.0,0.0,0,7.983193277310924,0.7899159663865546,0.907563025210084,1.3445378151260505,5,0.0,1.0,239,120.0,5.480638923341991,6.585774058577406,22.0,0.3138075313807531,0.25523012552301255,0.0,0.0,0.0,0.0,0.5,22.0,8.621824168228784,3.00135077412802,2.1889511253780913,0.02100840336134454
1,"Study, Op. 60 no. 13",Matteo Carcassi,6,3,IX,Classical,found,pdf,pdf-20260524T103936Z-3-001/pdf/Opus 60 No 13 in A by Matteo Carcassi.pdf,,,,verified_pieces/pdf/xml/Opus 60 No 13 in A by Matteo Carcassi.musicxml,gaps_v1/musicxml/Opus 60 No 7 in A Minor by Matteo Carcassi.xml,0.0,0.3333333333333333,1,3.8229166666666665,0.5324232081911263,0.6219081272084805,1.1041666666666667,5,0.0,1.0173010380622838,294,70.0,5.68697535633982,2.642857142857143,7.0,0.11904761904761904,0.5476190476190477,0.8,0.010380622837370242,2.6666666666666665,1.0,0.3784722222222222,22.0,5.882964090750135,2.3574497427871974,1.7818851040474197,0.3645833333333333
1,"Study, Op. 60 no. 14",Matteo Carcassi,5,3,IX,Classical,found,pdf,pdf-20260524T103936Z-3-001/pdf/Opus 60 No 14 in D by Matteo Carcassi.pdf,,,,verified_pieces/pdf/xml/Opus 60 No 14 in D by Matteo Carcassi.musicxml,gaps_v1/musicxml/Opus 60 No 7 in A Minor by Matteo Carcassi.xml,0.0,0.23529411764705882,3,2.339527027027027,0.8702064896755162,0.3303964757709251,0.42567567567567566,5,0.0,1.1447811447811447,340,90.0,5.831882477283517,2.8794117647058823,9.0,0.14411764705882352,0.3205882352941177,1.0,0.12457912457912458,2.945945945945946,0.5675675675675675,0.32094594594594594,11.0,1.6177097735476849,2.793648141029158,2.266030012052199,0.0
1,"Study, Op. 60 no. 15",Matteo Carcassi,6,4,X,Classical,found,pdf,pdf-20260524T103936Z-3-001/pdf/carcassi-op60-15.pdf,,,,verified_pieces/pdf/xml/carcassi-op60-15.musicxml,gaps_v1/musicxml/Opus 60 No 7 in A Minor by Matteo Carcassi.xml,0.001984126984126984,1.4,2,1.7196819085487078,0.813953488372093,0.9778672032193159,1.3439363817097416,4,0.0,1.0257936507936507,517,115.0,6.249975242259483,3.4777562862669247,8.0,0.18181818181818182,0.18181818181818182,2.0,0.00992063492063492,3.6,0.8,0.2286282306163022,11.0,1.62705758958061,3.2224208211974146,2.2137820875539105,0.011928429423459244
1,"Study, Op. 60 no. 17",Matteo Carcassi,7,3,VIII,Classical,found,pdf,pdf-20260524T103936Z-3-001/pdf/Opus 60 No 17 in A Minor by Matteo Carcassi.pdf,,,,verified_pieces/pdf/xml/Opus 60 No 17 in A Minor by Matteo Carcassi.musicxml,gaps_v1/musicxml/Opus 60 No 7 in A Minor by Matteo Carcassi.xml,0.007326007326007326,0.95,2,6.96844362745098,0.7763157894736842,0.8178137651821862,1.724264705882353,5,0.0,1.1172161172161172,305,100.0,5.723585101952381,4.472131147540984,11.600000000000023,0.2262295081967213,0.35081967213114756,2.0,0.07326007326007326,1.8,0.6,0.5514705882352942,22.0,7.564999513211751,3.1024546035067595,2.3671136403867754,0.03676470588235294
1,"Study, Op. 60 no. 18",Matteo Carcassi,7,4,IX,Classical,found,pdf,pdf-20260524T103936Z-3-001/pdf/Opus 60 No 18 in A by Matteo Carcassi.pdf,,,,verified_pieces/pdf/xml/Opus 60 No 18 in A by Matteo Carcassi.musicxml,gaps_v1/musicxml/Opus 60 No 7 in A Minor by Matteo Carcassi.xml,0.0,0.23529411764705882,2,1.9166666666666665,0.7699530516431925,0.5962732919254659,0.8402061855670103,5,0.0,1.0974358974358975,214,120.0,5.3706380281276624,3.4018691588785046,7.0,0.1261682242990654,0.1822429906542056,1.0,0.08717948717948718,3.235294117647059,0.7647058823529411,0.26288659793814434,9.0,1.7610110146772031,3.113150280439587,2.2148554534404084,0.09278350515463918
1,"Study, Op. 60 no. 2",Matteo Carcassi,4,3,X,Classical,found,pdf,pdf-20260524T103936Z-3-001/pdf/Opus 60 No 2 in A minor by Matteo Carcassi.pdf,,,,verified_pieces/pdf/xml/Opus 60 No 2 in A minor by Matteo Carcassi.musicxml,gaps_v1/musicxml/Opus 60 No 7 in A Minor by Matteo Carcassi.xml,0.0,1.0,1,1.9549019607843139,0.4069767441860465,0.4911242603550296,0.8764705882352941,5,0.0,1.0117302052785924,345,120.0,5.846438775057725,3.6115942028985506,8.0,0.18840579710144928,0.27246376811594203,1.0,0.005865102639296188,3.0,1.0,0.18823529411764706,22.0,4.299406269641667,3.1274178973599223,1.8112692122683238,0.49411764705882355
1,"Study, Op. 60 no. 20",Matteo Carcassi,12,4,XII,Classical,found,pdf,pdf-20260524T103936Z-3-001/pdf/carcassi-opus60-20.pdf,,,,verified_pieces/pdf/xml/carcassi-opus60-20.musicxml,gaps_v1/musicxml/Opus 60 No 7 in A Minor by Matteo Carcassi.xml,0.0,0.0,0,2.232,0.7386666666666667,0.8106666666666666,1.392,5,0.0,1.0,376,210.0,5.932245187448011,2.845744680851064,8.0,0.19414893617021275,0.3404255319148936,0.0,0.0,0.0,0.0,0.31733333333333336,12.0,2.3948923427438933,2.832991709203049,2.3392947984408066,0.005333333333333333
1,"Study, Op. 60 no. 21",Matteo Carcassi,7,4,VII,Classical,found,pdf,pdf-20260524T103936Z-3-001/pdf/carcassi-opus60-21.pdf,,,,verified_pieces/pdf/xml/carcassi-opus60-21.musicxml,gaps_v1/musicxml/Opus 60 No 7 in A Minor by Matteo Carcassi.xml,0.0043859649122807015,1.011764705882353,3,1.566079295154185,0.5025,0.057692307692307696,0.16299559471365638,2,0.0,1.7587719298245614,401,70.0,5.996452088619021,2.0124688279301743,4.0,0.029925187032418952,0.26433915211970077,2.0,0.40350877192982454,2.9347826086956523,0.6413043478260869,0.14096916299559473,10.0,1.3340130967562769,2.5721993758787285,2.3763289002858876,0.1013215859030837
1,"Study, Op. 60 no. 22",Matteo Carcassi,12,4,X,Classical,found,pdf,pdf-20260524T103936Z-3-001/pdf/Opus 60 No 22 in C by Matteo Carcassi.pdf,,,,verified_pieces/pdf/xml/Opus 60 No 22 in C by Matteo Carcassi.musicxml,gaps_v1/musicxml/Opus 60 No 7 in A Minor by Matteo Carcassi.xml,0.0,0.7142857142857143,2,2.2691666666666666,0.8899755501222494,0.6020671834625323,0.85,5,0.0,1.0224438902743143,410,120.0,6.018593214496234,3.0926829268292684,8.0,0.16341463414634147,0.23658536585365852,1.4000000000000004,0.0199501246882793,1.375,0.75,0.3125,22.0,2.7419162753649338,3.089867913062918,2.430142580718625,0.015
1,"Study, Op. 60 no. 23",Matteo Carcassi,7,3,X,Classical,found,pdf,pdf-20260524T103936Z-3-001/pdf/Opus 60 No 23 in A by Matteo Carcassi.pdf,,,,verified_pieces/pdf/xml/Opus 60 No 23 in A by Matteo Carcassi.musicxml,gaps_v1/musicxml/Opus 60 No 7 in A Minor by Matteo Carcassi.xml,0.0,0.6956521739130435,2,2.5232558139534884,0.6751269035532995,0.23170731707317074,0.5465116279069767,3,0.0,1.144927536231884,395,160.0,5.981414211254481,3.681012658227848,9.0,0.30886075949367087,0.36455696202531646,2.0,0.14492753623188406,1.88,0.52,0.3168604651162791,13.0,2.837566694989337,3.0813093801015596,2.16532263768931,0.21511627906976744
1,"Study, Op. 60 no. 24",Matteo Carcassi,11,6,IX,Classical,found,pdf,pdf-20260524T103936Z-3-001/pdf/Opus 60 No 24 in E by Matteo Carcassi.pdf,,,,verified_pieces/pdf/xml/Opus 60 No 24 in E by Matteo Carcassi.musicxml,gaps_v1/musicxml/Opus 60 No 7 in A Minor by Matteo Carcassi.xml,0.0,1.6320754716981132,7,2.213981244671782,0.4992343032159265,0.4690265486725664,0.44501278772378516,5,0.0,1.6683673469387754,654,100.0,6.484635235635252,2.934250764525994,6.0,0.09785932721712538,0.23700305810397554,3.0,0.2729591836734694,3.2803738317757007,0.5327102803738317,0.319693094629156,18.5,2.470400340244565,2.926028964925271,2.3410350395058117,0.11508951406649616
1,"Study, Op. 60 no. 25",Matteo Carcassi,11,4,XII,Classical,found,pdf,pdf-20260524T103936Z-3-001/pdf/carcassi-op60-25.pdf,,,,verified_pieces/pdf/xml/carcassi-op60-25.musicxml,gaps_v1/musicxml/Opus 60 No 7 in A Minor by Matteo Carcassi.xml,0.0,0.8275862068965517,3,2.195915435139573,0.7689614935822637,0.7447368421052631,1.0110837438423645,5,0.0,1.055350553505535,858,120.0,6.755768921984255,2.9475524475524475,9.0,0.16083916083916083,0.3135198135198135,3.0,0.03567035670356704,3.586206896551724,0.5517241379310345,0.29310344827586204,14.0,2.2475602711335836,2.9550370081158523,2.293094418643365,0.023399014778325122
1,"Study, Op. 60 no. 4",Matteo Carcassi,6,4,XII,Classical,found,pdf,pdf-20260524T103936Z-3-001/pdf/Opus 60 No 4 by Matteo Carcassi.pdf,,,,verified_pieces/pdf/xml/Opus 60 No 4 by Matteo Carcassi.musicxml,gaps_v1/musicxml/Opus 60 No 7 in A Minor by Matteo Carcassi.xml,0.0,0.3333333333333333,1,2.070460704607046,0.844,0.6791666666666667,1.1219512195121952,4,0.0,1.0161943319838056,251,120.0,5.529429087511423,3.689243027888446,8.0,0.250996015936255,0.26294820717131473,0.8,0.012145748987854251,3.0,0.6666666666666666,0.17479674796747968,12.0,2.1222791316822223,3.0707087858515294,1.888120553233874,0.024390243902439025
1,"Study, Op. 60 no. 5",Matteo Carcassi,8,4,VII,Classical,found,pdf,pdf-20260524T103936Z-3-001/pdf/carcassi-op60-5.pdf,,,,verified_pieces/pdf/xml/carcassi-op60-5.musicxml,gaps_v1/musicxml/Opus 60 No 7 in A Minor by Matteo Carcassi.xml,0.00851063829787234,0.96875,3,1.6225071225071224,0.6382252559726962,0.9106145251396648,1.4230769230769231,5,0.0,1.251063829787234,294,69.0,5.68697535633982,2.945578231292517,8.0,0.1598639455782313,0.2585034013605442,2.900000000000002,0.13617021276595745,2.84375,0.625,0.23931623931623933,9.0,1.4387656552833628,2.836115957497277,2.42165535827887,0.017094017094017096
1,"Study, Op. 60 no. 6",Matteo Carcassi,2,2,V,Classical,found,gaps,,,,Dc1wc,datasets/gaps_v1/readable_musicxml/Matteo Carcassi - Opus 60 No 6 in C.xml,gaps_v1/musicxml/Opus 60 No 7 in A Minor by Matteo Carcassi.xml,0.002551020408163265,0.1724137931034483,2,1.7774936061381075,0.819672131147541,0.5457227138643068,0.9411764705882353,5,0.0,1.0918367346938775,428,100.0,6.061456918928017,1.5350467289719627,3.0,0.002336448598130841,0.3341121495327103,0.1999999999999993,0.08163265306122448,1.3125,0.3125,0.26854219948849106,8.0,1.1089136759309564,2.1511182618307365,2.4745641043512574,0.015345268542199489
1,"Study, Op. 60 no. 7",Matteo Carcassi,3,2,III,Classical,found,dada_gp,,"datasets/DadaGP-v1.1/C/Carcassi, Mateo/Carcassi, Mateo - Etude op 60 no 7.gp3.tokens.txt","datasets/DadaGP-v1.1/C/Carcassi, Mateo/Carcassi, Mateo - Etude op 60 no 7.gp3",,"verified_pieces/dada/xml/Carcassi, Mateo - Etude op 60 no 7.musicxml",gaps_v1/musicxml/Opus 60 No 7 in A Minor by Matteo Carcassi.xml,0.0,0.7142857142857143,2,1.3083333333333333,0.6176853055916776,0.6264090177133655,0.8691176470588236,4,0.046753246753246755,1.1306901615271658,770,120.0,6.647688373563329,1.4792207792207792,3.0,0.01038961038961039,0.35194805194805195,1.5,0.08223201174743025,2.5892857142857144,0.5357142857142857,0.15441176470588236,7.0,1.346620376315648,2.228276243819978,2.263398312042493,0.18823529411764706
1,"Study, Op. 60 no. 8",Matteo Carcassi,6,3,VII,Classical,found,dada_gp,,"datasets/DadaGP-v1.1/C/Carcassi, Mateo/Carcassi, Mateo - Andante nss 8.gp3.tokens.txt","datasets/DadaGP-v1.1/C/Carcassi, Mateo/Carcassi, Mateo - Andante nss 8.gp3",,"verified_pieces/dada/xml/Carcassi, Mateo - Andante nss 8.musicxml",gaps_v1/musicxml/Opus 60 No 7 in A Minor by Matteo Carcassi.xml,0.0,0.391304347826087,2,1.8235294117647058,0.75,0.927536231884058,1.3445378151260505,5,0.0,1.2083333333333333,145,135.0,4.983606621708336,1.0689655172413792,3.0,0.0,0.5310344827586206,1.0,0.20833333333333334,2.68,0.48,0.3277310924369748,4.0,1.0095931356517418,1.7449696445094312,2.265291629671932,0.0
1,"Study, Op. 60 no. 9",Matteo Carcassi,11,4,IX,Classical,found,pdf,pdf-20260524T103936Z-3-001/pdf/carcassi-op60-9.pdf,,,,verified_pieces/pdf/xml/carcassi-op60-9.musicxml,gaps_v1/musicxml/Opus 60 No 7 in A Minor by Matteo Carcassi.xml,0.0,0.7941176470588235,3,2.3498677248677247,0.7828947368421053,0.2756756756756757,0.4087301587301587,5,0.0,1.2055335968379446,305,105.0,5.723585101952381,3.8459016393442624,10.0,0.24262295081967214,0.25573770491803277,2.0,0.15019762845849802,2.763157894736842,0.7894736842105263,0.2896825396825397,12.0,2.2916010053428746,3.3175237997735683,2.252663481762262,0.03571428571428571
1,"Suite 1 for Cello, BWV 1007: i. Prelude",J.S. Bach,8,5,VII,Baroque,found,pdf,pdf-20260524T103936Z-3-001/pdf/bach-bwv1007-prelude.pdf,,,,verified_pieces/pdf/xml/bach-bwv1007-prelude.musicxml,,0.0,0.3269230769230769,3,2.178282009724473,0.812960235640648,0.7043650793650794,0.9205834683954619,4,0.0,1.1003236245954693,680,70.0,6.523562306149512,3.1808823529411763,7.0,0.19411764705882353,0.275,1.0,0.09223300970873786,3.2982456140350878,0.5964912280701754,0.2901134521880065,9.0,1.915042334767907,2.9555987673842723,2.3750069660541957,0.008103727714748784
1,"Suite 1 for Cello, BWV 1007: ii.  Allemande",J.S. Bach,7,4,VII,Baroque,found,pdf,pdf-20260524T103936Z-3-001/pdf/BWV 1007 Allemande by Johann Sebastian Bach.pdf,,,,verified_pieces/pdf/xml/BWV 1007 Allemande by Johann Sebastian Bach.musicxml,,0.0,0.625,4,2.2660818713450297,0.8160469667318982,0.43258426966292135,0.5614035087719298,4,0.0,1.1203501094091903,512,70.0,6.240275845170769,2.5234375,5.0,0.052734375,0.2578125,2.0,0.10940919037199125,3.4,0.74,0.26096491228070173,22.0,2.972028410764053,2.5785892531272703,2.2301661279410707,0.019736842105263157
1,"Suite 1 for Cello, BWV 1007: iii.  Courante",J.S. Bach,8,4,VII,Baroque,found,pdf,pdf-20260524T103936Z-3-001/pdf/BWV 1007 Courante by Johann Sebastian Bach.pdf,,,,verified_pieces/pdf/xml/BWV 1007 Courante by Johann Sebastian Bach.musicxml,,0.0,0.5714285714285714,2,1.6748166259168704,0.8542600896860987,0.6578171091445427,0.882640586797066,5,0.0,1.0902439024390245,447,72.0,6.104793232414985,1.5950782997762865,3.0,0.0,0.32662192393736017,2.0,0.08780487804878048,2.8055555555555554,0.6111111111111112,0.2273838630806846,5.0,0.9672377681250927,2.162261973697584,2.3020168058232735,0.0024449877750611247
1,"Suite 1 for Cello, BWV 1007: iv.  Sarabande",J.S. Bach,7,4,V,Baroque,found,pdf,pdf-20260524T103936Z-3-001/pdf/BWV 1007 Sarabande by Johann Sebastian Bach.pdf,,,,verified_pieces/pdf/xml/BWV 1007 Sarabande by Johann Sebastian Bach.musicxml,,0.0,0.6571428571428571,2,1.423456790123457,0.680628272251309,0.49206349206349204,0.4888888888888889,2,0.0,1.411764705882353,192,40.0,5.262690188904886,1.4166666666666667,3.0,0.0,0.359375,2.0,0.27941176470588236,2.973684210526316,0.8947368421052632,0.15555555555555556,4.5,0.9336558003261699,2.128151035483972,2.449445714638903,0.0
1,"Suite 1 for Cello, BWV 1007: vi. Gigue",J.S. Bach,8,4,V,Baroque,found,pdf,pdf-20260524T103936Z-3-001/pdf/bach-bwv1007-gigue.pdf,,,,verified_pieces/pdf/xml/bach-bwv1007-gigue.musicxml,,0.004761904761904762,0.4827586206896552,3,1.6905901116427433,0.6853146853146853,0.5368421052631579,0.5980861244019139,4,0.0,1.3666666666666667,287,115.0,5.662960480135946,2.1881533101045294,5.0,0.020905923344947737,0.27526132404181186,1.0,0.28095238095238095,3.0,0.7966101694915254,0.24880382775119617,6.0,1.1825470678879448,2.509793431360969,2.3577551649595834,0.004784688995215311
1,"Suite 2 for Cello, BWV 1008: i. Prelude",J.S. Bach,8,6,VII,Baroque,found,pdf,pdf-20260524T103936Z-3-001/pdf/BWV 1008 Prelude by Johann Sebastian Bach.pdf,,,,verified_pieces/pdf/xml/BWV 1008 Prelude by Johann Sebastian Bach.musicxml,,0.004594180704441042,1.109375,18,2.298824130879346,0.7758620689655172,0.5604606525911708,0.647239263803681,3,0.0,1.1562021439509953,755,60.0,6.628041376179533,3.809271523178808,9.0,0.22649006622516557,0.20264900662251656,3.0,0.10260336906584992,3.2238805970149254,0.9104477611940298,0.25,22.0,3.430096104391509,3.2681831085241493,2.3325882435680527,0.01687116564417178
1,"Suite 2 for Cello, BWV 1008: ii. Allemande",J.S. Bach,6,4,V,Baroque,found,pdf,pdf-20260524T103936Z-3-001/pdf/bach-bwv1008-allemande.pdf,,,,verified_pieces/pdf/xml/bach-bwv1008-allemande.musicxml,,0.016666666666666666,0.6862745098039216,3,1.709145775301764,0.6831683168316832,0.5449101796407185,0.649025069637883,5,0.0,1.4055555555555554,506,60.0,6.2285110035911835,2.2114624505928853,5.0,0.037549407114624504,0.2865612648221344,2.0,0.2916666666666667,2.876190476190476,0.7142857142857143,0.2646239554317549,8.666666666666666,1.2746161440052877,2.761285641199407,2.3718596025829326,0.0
1,"Suite 2 for Cello, BWV 1008: iii.  Courante",J.S. Bach,8,6,VII,Baroque,found,pdf,pdf-20260524T103936Z-3-001/pdf/bach-bwv1008-courante.pdf,,,,verified_pieces/pdf/xml/bach-bwv1008-courante.musicxml,,0.008746355685131196,0.4666666666666667,3,1.8121345029239766,0.7571428571428571,0.6621004566210046,0.8596491228070176,4,0.0,1.227405247813411,421,80.0,6.045005314036012,2.4346793349168645,6.0,0.0997624703087886,0.28741092636579574,2.0,0.18950437317784258,3.046153846153846,0.6923076923076923,0.24561403508771928,9.0,1.3829762187669914,2.862632161781926,2.3468485320878307,0.0
1,"Suite 2 for Cello, BWV 1008: iv. Sarabande",J.S. Bach,7,5,IV,Baroque,found,pdf,pdf-20260524T103936Z-3-001/pdf/bach-bwv1008-sarabande.pdf,,,,verified_pieces/pdf/xml/bach-bwv1008-sarabande.musicxml,,0.0055248618784530384,0.6440677966101694,3,1.6097222222222223,0.6515151515151515,0.6129032258064516,0.7222222222222222,5,0.0,1.4640883977900552,265,50.0,5.583496308781699,1.9735849056603774,5.0,0.011320754716981131,0.2943396226415094,2.0,0.3370165745856354,2.639344262295082,0.819672131147541,0.2222222222222222,6.0,1.0862665063599752,2.5901614795505115,2.467814086575567,0.0
1,"Suite 2 for Cello, BWV 1008: vi. Gigue",J.S. Bach,6,4,V,Baroque,found,pdf,pdf-20260524T103936Z-3-001/pdf/bach-bwv1008-gigue.pdf,,,,verified_pieces/pdf/xml/bach-bwv1008-gigue.musicxml,,0.013020833333333334,0.59,3,1.8870757180156659,0.6902985074626866,0.5053763440860215,0.5822454308093995,5,0.0,1.3984375,537,90.0,6.2878585601617845,2.191806331471136,5.0,0.07076350093109869,0.30726256983240224,2.0,0.2786458333333333,3.121495327102804,0.7102803738317757,0.27676240208877284,10.0,1.4610409873862633,2.7054199649911963,2.410651812858572,0.0
1,"Suite 3 for Cello, BWV 1009: i. Prelude",J.S. Bach,9,6,VII,Baroque,found,pdf,pdf-20260524T103936Z-3-001/pdf/BWV 1009 Prelude by Johann Sebastian Bach.pdf,,,,verified_pieces/pdf/xml/BWV 1009 Prelude by Johann Sebastian Bach.musicxml,,0.00644468313641246,0.7078651685393258,3,2.4621586836102964,0.8069353327085286,0.7127937336814621,1.0580645161290323,5,0.0,1.1471535982814178,1068,100.0,6.974478911025045,3.8754681647940075,7.0,0.20786516853932585,0.17134831460674158,2.200000000000003,0.09774436090225563,2.978021978021978,0.7802197802197802,0.3602150537634409,21.0,2.2386997419773516,3.08861698152201,2.3248862347812813,0.005376344086021506
1,"Suite 3 for Cello, BWV 1009: ii. Allemande",J.S. Bach,9,6,IX,Baroque,found,pdf,pdf-20260524T103936Z-3-001/pdf/BWV 1009 Cello Suite In A Major Allemande by Johann Sebastian Bach.pdf,,,,verified_pieces/pdf/xml/BWV 1009 Cello Suite In A Major Allemande by Johann Sebastian Bach.musicxml,,0.006607929515418502,0.8547008547008547,3,1.9969830757910227,0.7389078498293515,0.4474885844748858,0.673289183222958,4,0.0,1.2929515418502202,587,50.0,6.376726947898627,3.6081771720613287,9.0,0.17717206132879046,0.1788756388415673,2.0,0.2687224669603524,2.819672131147541,0.6557377049180327,0.2582781456953642,11.75,1.8216039187619024,3.117723530540835,2.4006947531473557,0.004415011037527594
1,"Suite 3 for Cello, BWV 1009: iii. Courante",J.S. Bach,8,5,VII,Baroque,found,pdf,pdf-20260524T103936Z-3-001/pdf/bach-bwv1009-courante.pdf,,,,verified_pieces/pdf/xml/bach-bwv1009-courante.musicxml,,0.00404040404040404,0.75,3,2.1796221322537113,0.7860869565217391,0.6481994459833795,0.9534412955465587,5,0.0,1.1636363636363636,576,138.0,6.3578422665081,3.7274305555555554,7.0,0.2152777777777778,0.1892361111111111,2.3000000000000043,0.13737373737373737,3.2058823529411766,0.75,0.3076923076923077,12.0,1.908542529015589,3.135222373500462,2.4153307750599557,0.004048582995951417
1,"Suite 3 for Cello, BWV 1009: iv. Sarabande",J.S. Bach,9,6,VIII,Baroque,found,pdf,pdf-20260524T103936Z-3-001/pdf/bach-bwv1009-sarabande.pdf,,,,verified_pieces/pdf/xml/bach-bwv1009-sarabande.musicxml,,0.034482758620689655,1.4722222222222223,4,1.9431599229287089,0.5399361022364217,0.43478260869565216,0.4046242774566474,2,0.0,1.8045977011494252,314,52.0,5.752572638825633,3.5191082802547773,7.0,0.16560509554140126,0.15605095541401273,3.0,0.42528735632183906,3.1621621621621623,0.9594594594594594,0.2774566473988439,7.0,1.4252876425324843,3.036174445358759,2.4876021032731344,0.0
1,"Suite 3 for Cello, BWV 1009: vi. Gigue",J.S. Bach,8,5,VII,Baroque,found,pdf,pdf-20260524T103936Z-3-001/pdf/BWV 1009 Cello Suite In A Major Gigue by Johann Sebastian Bach.pdf,,,,verified_pieces/pdf/xml/BWV 1009 Cello Suite In A Major Gigue by Johann Sebastian Bach.musicxml,,0.004545454545454545,0.775,9,2.74624145785877,0.6486013986013986,0.39737991266375544,0.6583143507972665,5,0.0,1.3022727272727272,573,95.0,6.352629396319567,3.3909249563699824,7.0,0.17975567190226877,0.29842931937172773,2.0,0.275,2.669421487603306,0.6115702479338843,0.3439635535307517,22.0,3.8932310436074733,2.9280636981426498,2.2780920888422473,0.09339407744874716
1,"Suite 4 for Cello, BWV 1010: i. Prelude",J.S. Bach,9,6,V,Baroque,found,pdf,pdf-20260524T103936Z-3-001/pdf/bach-bwv1010-1-prelude.pdf,,,,verified_pieces/pdf/xml/bach-bwv1010-1-prelude.musicxml,,0.0,1.7,3,1.795903045903046,0.8473091364205256,0.7401055408970977,1.12998712998713,5,0.0,1.0282776349614395,800,110.0,6.68586094706836,3.31625,6.0,0.075,0.1125,3.0,0.012853470437017995,3.1,1.0,0.24967824967824967,8.0,1.363820011031124,2.907118265534073,2.3717161800512887,0.002574002574002574
1,"Suite 4 for Cello, BWV 1010: ii. Allemande",J.S. Bach,7,4,VII,Baroque,found,pdf,pdf-20260524T103936Z-3-001/pdf/bach-bwv1010-2-allemande.pdf,,,,verified_pieces/pdf/xml/bach-bwv1010-2-allemande.musicxml,,0.0018450184501845018,0.9111111111111111,3,1.7629390018484288,0.8167701863354038,0.4696132596685083,0.6765249537892791,4,0.0,1.1900369003690037,645,85.0,6.470799503782602,2.6992248062015505,5.0,0.03565891472868217,0.15813953488372093,2.0,0.16974169741697417,2.619565217391304,0.6630434782608695,0.19408502772643252,5.0,0.9547349161369854,2.6569927977994765,2.4489692831599568,0.0
1,"Suite 4 for Cello, BWV 1010: iv. Sarabande",J.S. Bach,8,5,IV,Baroque,found,pdf,pdf-20260524T103936Z-3-001/pdf/bach-bwv1010-4-sarabande.pdf,,,,verified_pieces/pdf/xml/bach-bwv1010-4-sarabande.musicxml,,0.0,1.1428571428571428,4,1.92,0.6398104265402843,0.6288659793814433,0.7266666666666667,4,0.0,1.403973509933775,212,60.0,5.3612921657094255,2.3207547169811322,5.0,0.0330188679245283,0.22169811320754718,2.6000000000000014,0.23841059602649006,2.5555555555555554,0.8333333333333334,0.26,7.0,1.3299916457548813,2.583230396000597,2.391131397363842,0.006666666666666667
1,"Suite 5 for Cello, BWV 1011: i. Prelude",J.S. Bach,11,6,VIII,Baroque,found,pdf,pdf-20260524T103936Z-3-001/pdf/bach-bwv1011-i-prelude.pdf,,,,verified_pieces/pdf/xml/bach-bwv1011-i-prelude.musicxml,,0.0,0.9428571428571428,2,1.8547197640117992,0.7457044673539519,0.38125,0.4336283185840708,5,0.0,1.2863436123348018,292,75.0,5.680172609017068,2.2363013698630136,4.0,0.017123287671232876,0.2328767123287671,2.0,0.15418502202643172,2.4857142857142858,0.9142857142857143,0.24778761061946902,7.0,1.130104434368303,2.5652578215097708,2.3991042019866753,0.008849557522123894
1,"Suite 5 for Cello, BWV 1011: ii.  Allemande",J.S. Bach,6,7,VII,Baroque,found,pdf,pdf-20260524T103936Z-3-001/pdf/bach-bwv1011-ii-allemande.pdf,,,,verified_pieces/pdf/xml/bach-bwv1011-ii-allemande.musicxml,,0.0,0.8775510204081632,3,2.6584967320261437,0.7437185929648241,0.46859903381642515,0.5751633986928104,4,0.0,1.299674267100977,399,70.0,5.991464547107982,2.2506265664160403,4.0,0.02506265664160401,0.2832080200501253,2.0,0.16938110749185667,2.5961538461538463,0.8461538461538461,0.2647058823529412,23.0,3.856821154493077,2.4716019775027176,2.3908831310414214,0.0
1,"Suite 5 for Cello, BWV 1011: iii. Courante",J.S. Bach,8,6,VII,Baroque,found,pdf,pdf-20260524T103936Z-3-001/pdf/bach-bwv1011-iii-courante.pdf,,,,verified_pieces/pdf/xml/bach-bwv1011-iii-courante.musicxml,,0.0,0.8571428571428571,3,2.0528052805280526,0.6342281879194631,0.5851063829787234,0.6435643564356436,4,0.0,1.4729064039408868,299,60.0,5.703782474656201,1.8093645484949832,4.0,0.010033444816053512,0.3377926421404682,2.0,0.3103448275862069,2.8253968253968256,0.9841269841269841,0.21287128712871287,21.0,3.1366635533657132,2.2669655094092427,2.4639678271953036,0.01485148514851485
1,"Suite 5 for Cello, BWV 1011: iv.  Sarabande",J.S. Bach,5,4,V,Baroque,found,pdf,pdf-20260524T103936Z-3-001/pdf/bach-bwv1011-iv-sarabande.pdf,,,,verified_pieces/pdf/xml/bach-bwv1011-iv-sarabande.musicxml,,0.0,0.6818181818181818,2,1.6844660194174756,0.6616541353383458,0.8135593220338984,1.174757281553398,5,0.0,1.2884615384615385,134,50.0,4.90527477843843,1.7014925373134329,4.0,0.007462686567164179,0.2835820895522388,2.0,0.23076923076923078,2.625,0.9583333333333334,0.22330097087378642,11.0,1.7016019201282837,2.2768759082518093,2.4815264335196554,0.009708737864077669
1,"Suite 6 for Cello, BWV 1012: i . Prelude",J.S. Bach,9,6,IX,Baroque,found,pdf,pdf-20260524T103936Z-3-001/pdf/bach-bwv1012-prelude.pdf,,,,verified_pieces/pdf/xml/bach-bwv1012-prelude.musicxml,,0.0,0.6190476190476191,5,2.1915026554201815,0.8115183246073299,0.6412459720730398,0.8022492970946579,4,0.0,1.0739700374531835,1147,130.0,7.045776576879511,3.302528334786399,7.0,0.16041848299912817,0.23714036617262424,2.0,0.06741573033707865,2.6527777777777777,0.6944444444444444,0.316776007497657,14.0,1.7866038183832282,3.03440472211625,2.4565800656379744,0.01218369259606373
1,"Suite 6 for Cello, BWV 1012: ii. Allemande",J.S. Bach,10,7,V,Baroque,found,pdf,pdf-20260524T103936Z-3-001/pdf/bach-bwv1012-allemande.pdf,,,,verified_pieces/pdf/xml/bach-bwv1012-allemande.musicxml,,0.0,1.1216216216216217,4,1.9564102564102568,0.7626582278481012,0.4366576819407008,0.5826923076923077,5,0.0,1.2149712092130518,633,60.0,6.452048954437226,3.0979462875197474,6.0,0.0947867298578199,0.18799368088467613,3.0,0.14779270633397312,2.883116883116883,0.6623376623376623,0.20384615384615384,23.0,2.3385122330593675,2.8912014640402948,2.35624372293726,0.01730769230769231
1,"Suite 6 for Cello, BWV 1012: iii.  Courante",J.S. Bach,7,6,VII,Baroque,found,pdf,pdf-20260524T103936Z-3-001/pdf/bach-bwv1012-courante.pdf,,,,verified_pieces/pdf/xml/bach-bwv1012-courante.musicxml,,0.0,0.0,0,2.0471204188481678,0.924956369982548,0.44851657940663175,0.6631762652705061,5,0.0,1.0,574,30.0,6.354370040797351,2.989547038327526,5.0,0.059233449477351915,0.1672473867595819,0.0,0.0,0.0,0.0,0.2792321116928447,8.0,1.2887807926090764,2.710398267236398,2.436602565546488,0.008726003490401396
1,"Suite 6 for Cello, BWV 1012: iv.  Sarabande",J.S. Bach,6,4,V,Baroque,found,pdf,pdf-20260524T103936Z-3-001/pdf/BWV 1012 Sarabande by Johann Sebastian Bach.pdf,,,,verified_pieces/pdf/xml/BWV 1012 Sarabande by Johann Sebastian Bach.musicxml,,0.011627906976744186,1.024390243902439,3,1.772904483430799,0.453125,0.5348837209302325,0.43859649122807015,5,0.0,1.8662790697674418,321,90.0,5.7745515455444085,3.046728971962617,7.0,0.14953271028037382,0.22429906542056074,3.0,0.5058139534883721,2.8620689655172415,0.6551724137931034,0.24561403508771928,10.0,1.8640881517246712,2.883699614065951,2.4497564393769657,0.1286549707602339
1,"Suite 6 for Cello, BWV 1012: vi.  Gigue",J.S. Bach,10,6,X,Baroque,found,pdf,pdf-20260524T103936Z-3-001/pdf/bach-bwv1012-gigue.pdf,,,,verified_pieces/pdf/xml/bach-bwv1012-gigue.musicxml,,0.0,0.5841584158415841,3,1.9630872483221478,0.7899860917941586,0.4472361809045226,0.6795302013422819,5,0.0,1.2060301507537687,720,110.0,6.580639137284949,3.051388888888889,7.0,0.10555555555555556,0.2013888888888889,2.0,0.17252931323283083,2.4757281553398056,0.6504854368932039,0.25671140939597314,9.0,1.3688087699761313,2.8933216766843746,2.3845324731833837,0.01174496644295302
1,Suite Andaluza: III. Tango,Celedonio Romero,8,6,All,Modern,found,pdf,pdf-20260524T103936Z-3-001/pdf/Tango by Celedonio Romero.pdf,,,,verified_pieces/pdf/xml/Tango by Celedonio Romero.musicxml,,0.02207505518763797,0.6578947368421053,3,2.474188790560472,0.6829268292682927,0.7368421052631579,1.086283185840708,5,0.0,1.2693156732891833,575,80.0,6.3561076606958915,4.961739130434783,10.0,0.4330434782608696,0.20869565217391303,2.0,0.16777041942604856,2.8026315789473686,0.6447368421052632,0.32964601769911506,14.0,2.3713604739259155,3.436343680047195,2.468330662185459,0.00663716814159292
1,Suite Andaluza: IV. Zapateado,Celedonio Romero,8,5,All,Modern,found,pdf,pdf-20260524T103936Z-3-001/pdf/Zapateado by Celedonio Romero.pdf,,,,verified_pieces/pdf/xml/Zapateado by Celedonio Romero.musicxml,,0.10264900662251655,0.8947368421052632,5,2.7729789590254703,0.4250936329588015,0.5433526011560693,0.5980066445182725,5,0.0,1.771523178807947,535,140.0,6.284134161070802,4.11214953271028,9.0,0.28598130841121494,0.13271028037383178,1.0,0.31788079470198677,3.1979166666666665,0.3125,0.2591362126245847,21.0,4.779447472966316,3.191898195796894,2.544150280939092,0.18604651162790697
1,Suite Castellana: Arada,Federico Moreno-Torroba,10,8,XII,Modern,found,pdf,pdf-20260524T103936Z-3-001/pdf/Suite Castellana II Arada by Federico Moreno Torroba.pdf,,,,verified_pieces/pdf/xml/Suite Castellana II Arada by Federico Moreno Torroba.musicxml,,0.033783783783783786,1.1979166666666667,7,2.1336158192090395,0.5802997858672377,0.36054421768707484,0.5423728813559322,5,0.0,1.5810810810810811,468,80.0,6.150602768446279,5.916666666666667,10.0,0.47863247863247865,0.08333333333333333,2.0,0.32432432432432434,2.7083333333333335,0.5729166666666666,0.27796610169491526,13.0,2.0025560209392954,3.469866171308095,2.4709139779567164,0.04067796610169491
1,Suite en La Mayor: Chacona,Gaspar Sanz,8,4,IV,Baroque,found,pdf,pdf-20260524T103936Z-3-001/pdf/Suite En La Mayor (Chacona) by Gaspar Sanz.pdf,,,,verified_pieces/pdf/xml/Suite En La Mayor (Chacona) by Gaspar Sanz.musicxml,,0.0,0.8571428571428571,3,2.004185692541857,0.7827715355805244,0.46153846153846156,0.7945205479452054,4,0.0,1.2181818181818183,268,69.0,5.594711379601839,2.3694029850746268,5.0,0.007462686567164179,0.2574626865671642,2.0,0.1590909090909091,3.142857142857143,0.6285714285714286,0.2602739726027397,7.0,1.1640060917590689,2.357597285552916,2.284662774549076,0.0
1,Suite en La Mayor: Granduque I,Gaspar Sanz,6,3,II,Baroque,found,pdf,pdf-20260524T103936Z-3-001/pdf/Suite En La Mayor (Granduque 1) by Gaspar Sanz.pdf,,,,verified_pieces/pdf/xml/Suite En La Mayor (Granduque 1) by Gaspar Sanz.musicxml,,0.004784688995215311,0.5172413793103449,3,1.6923076923076923,0.6931034482758621,0.2553191489361702,0.3701923076923077,4,0.0,1.3923444976076556,291,72.0,5.676753802268282,2.0171821305841924,4.0,0.0,0.3024054982817869,2.0,0.2822966507177033,3.0677966101694913,0.5423728813559322,0.21153846153846154,4.5,0.98289843456782,2.188334886124001,2.314366388477928,0.009615384615384616
1,Suite en La Mayor: Granduque II,Gaspar Sanz,7,3,II,Baroque,found,pdf,pdf-20260524T103936Z-3-001/pdf/Suite En La Mayor (Granduque 2) by Gaspar Sanz.pdf,,,,verified_pieces/pdf/xml/Suite En La Mayor (Granduque 2) by Gaspar Sanz.musicxml,,0.0,0.5882352941176471,3,1.805867665418227,0.7863501483679525,0.32926829268292684,0.34831460674157305,2,0.0,1.2611940298507462,338,80.0,5.82600010738045,1.967455621301775,4.0,0.0029585798816568047,0.3106508875739645,2.0,0.19776119402985073,3.056603773584906,0.5283018867924528,0.2209737827715356,7.0,0.9815584748244125,2.1507107346917795,2.2208261894698915,0.00749063670411985
1,Suite en La Mayor: Matachin,Gaspar Sanz,6,3,IX,Baroque,found,pdf,pdf-20260524T103936Z-3-001/pdf/Suite En La Mayor (Matachin) by Gaspar Sanz.pdf,,,,verified_pieces/pdf/xml/Suite En La Mayor (Matachin) by Gaspar Sanz.musicxml,,0.0,0.75,3,2.25,0.5636363636363636,0.05555555555555555,0.3064516129032258,2,0.0,1.7619047619047619,111,58.0,4.718498871295094,2.954954954954955,7.0,0.10810810810810811,0.24324324324324326,2.6999999999999993,0.38095238095238093,3.2916666666666665,0.7083333333333334,0.3709677419354839,5.666666666666667,1.2282151866846736,2.858259359336783,2.391145074002112,0.0
1,Suite en La Mayor: Passacalles,Gaspar Sanz,9,4,IX,Baroque,found,pdf,pdf-20260524T103936Z-3-001/pdf/Suite En La Mayor (Passacalles) by Gaspar Sanz.pdf,,,,verified_pieces/pdf/xml/Suite En La Mayor (Passacalles) by Gaspar Sanz.musicxml,,0.02564102564102564,1.0952380952380953,3,2.0795343137254902,0.5707865168539326,0.2857142857142857,0.3235294117647059,4,0.0,1.6336996336996337,446,80.0,6.102558594613569,3.8430493273542603,9.0,0.28475336322869954,0.25112107623318386,3.0,0.3076923076923077,3.0476190476190474,0.5595238095238095,0.2536764705882353,13.0,1.8923726406923316,3.049742209900132,2.2795179713004075,0.04411764705882353
1,Suite en Re Mayor: 2. Rujero y Paradetas,Gaspar Sanz,4,2,II,Baroque,found,pdf,pdf-20260524T103936Z-3-001/pdf/Paradetas by Gaspar Sanz.pdf,,,,verified_pieces/pdf/xml/Paradetas by Gaspar Sanz.musicxml,,0.0,0.13333333333333333,1,1.940104166666667,0.7901234567901234,0.5526315789473685,0.53125,4,0.0,1.2615384615384615,82,120.0,4.418840607796598,1.6219512195121952,3.0,0.0,0.3902439024390244,0.5999999999999996,0.23076923076923078,2.8666666666666667,0.6,0.265625,5.0,0.8626948187281622,1.8099729420633064,1.9709220281898365,0.0
1,"Suite for Solo Violoncello, BWV 1009: Gigue",J.S. Bach,8,4,IV,Baroque,found,pdf,pdf-20260524T103936Z-3-001/pdf/bach-bwv1009-gigue.pdf,,,,verified_pieces/pdf/xml/bach-bwv1009-gigue.musicxml,,0.0049382716049382715,0.8275862068965517,3,2.516336633663366,0.7180451127819549,0.6335078534031413,0.806930693069307,5,0.0,1.3160493827160493,533,110.0,6.280395838960195,3.2532833020637897,7.0,0.15384615384615385,0.23639774859287055,2.0,0.28888888888888886,2.8803418803418803,0.6410256410256411,0.3811881188118812,10.0,1.9882171201407535,2.885140894338984,2.399142167008439,0.0
1,Suite I: i. Passagio-Presto; BWV 996,J.S. Bach,14,7,VII,Baroque,found,dada_gp,,"datasets/DadaGP-v1.1/B/Bach, Johann Sebastian/Bach, Johann Sebastian - Bwv 996 N-1 Suite PrCdule Presto.gp4.tokens.txt","datasets/DadaGP-v1.1/B/Bach, Johann Sebastian/Bach, Johann Sebastian - Bwv 996 N-1 Suite PrCdule Presto.gp4",,"verified_pieces/dada/xml/Bach, Johann Sebastian - Bwv 996 N-1 Suite PrCdule Presto.musicxml",,0.020964360587002098,0.8564102564102564,3,1.6680672268907564,0.5104551045510455,0.45962732919254656,0.3949579831932773,4,0.0712530712530712,1.7064989517819706,814,70.0,6.703188113240863,2.398034398034398,5.0,0.04176904176904177,0.25307125307125306,2.0,0.429769392033543,2.4390243902439024,0.6926829268292682,0.28361344537815125,8.0,1.3320250581418855,2.6641995029277283,2.5189951214200255,0.06302521008403361
1,Suite I: iii. Courante; BWV 996,J.S. Bach,12,8,VII,Baroque,found,pdf,pdf-20260524T103936Z-3-001/pdf/BWV996 Courante by Johann Sebastian Bach.pdf,,,,verified_pieces/pdf/xml/BWV996 Courante by Johann Sebastian Bach.musicxml,,0.0,0.9903846153846154,3,1.9515086206896552,0.5620253164556962,0.6545454545454545,0.6810344827586207,5,0.0,1.6995708154506437,396,120.0,5.983936280687191,2.6085858585858586,5.0,0.07828282828282829,0.25,2.0,0.4592274678111588,2.3271028037383177,0.8037383177570093,0.2801724137931034,21.5,2.2051351540933735,2.8204820508516475,2.4869972266677425,0.008620689655172414
1,Suite I: vi. Gigue; BWV 996,J.S. Bach,18,7,VIII,Baroque,found,pdf,pdf-20260524T103936Z-3-001/pdf/BWV 996 6 Gigue by Johann Sebastian Bach.pdf,,,,verified_pieces/pdf/xml/BWV 996 6 Gigue by Johann Sebastian Bach.musicxml,,0.0021598272138228943,0.8216216216216217,21,1.8396464646464648,0.6432748538011696,0.6814159292035398,0.6688311688311688,4,0.0,1.4794816414686824,685,90.0,6.530877627725885,2.6978102189781024,6.0,0.0948905109489051,0.2583941605839416,2.0,0.43628509719222464,2.4257425742574257,0.599009900990099,0.2792207792207792,11.5,1.4819457637937112,2.8569374961950866,2.4933847321218674,0.0
1,Suite in D Minor: v. Gavotte,Robert de Visee,5,3,III,Baroque,found,pdf,pdf-20260524T103936Z-3-001/pdf/Lute Suite In D Minor 5 Gavotte by Robert de Visee.pdf,,,,verified_pieces/pdf/xml/Lute Suite In D Minor 5 Gavotte by Robert de Visee.musicxml,,0.0,0.7674418604651163,3,1.5083333333333333,0.5434782608695652,0.8461538461538461,0.4875,4,0.0,1.7160493827160495,139,132.0,4.941642422609304,1.856115107913669,3.0,0.0,0.2949640287769784,2.0,0.5432098765432098,2.727272727272727,0.6818181818181818,0.275,4.0,1.0755812382149477,2.2455038383140526,2.3003912369698667,0.0
1,"Suite IV, BWV 1006a: i. Prelude",J.S. Bach,16,8,X,Baroque,found,pdf,pdf-20260524T103936Z-3-001/pdf/bach-bwv1006a-prelude.pdf,,,,verified_pieces/pdf/xml/bach-bwv1006a-prelude.musicxml,,0.0,0.989010989010989,5,2.326750054860654,0.8222222222222222,0.7653213751868461,1.2080315997366688,5,0.0,1.0664473684210527,1621,100.0,7.3914152346753585,4.199876619370759,9.0,0.23750771128932757,0.17211597779148674,2.0,0.05986842105263158,2.5934065934065935,0.6593406593406593,0.32126398946675444,13.0,2.097739874659821,3.2077132154717387,2.4755593713827246,0.0013166556945358788
1,Suite Populaire Bresilienne: 3.  Valsa-Choro,Heitor Villa-Lobos,8,5,X,Modern,found,pdf,pdf-20260524T103936Z-3-001/pdf/Suite Populaire Bresilienne No 3 by Heitor Villa-Lobos.pdf,,,,verified_pieces/pdf/xml/Suite Populaire Bresilienne No 3 by Heitor Villa-Lobos.musicxml,gaps_v1/musicxml/Valsa Choro by Heitor Villa Lobos.xml,0.0515695067264574,0.8119402985074626,3,1.3813483146067416,0.361913357400722,0.7,0.22696629213483147,2,0.0,2.486547085201794,1109,124.0,7.01211529430638,2.6961226330027053,7.0,0.12263300270513977,0.3065825067628494,2.0,0.804932735426009,2.543175487465181,0.4011142061281337,0.2,10.0,1.4338873347179164,2.902574064244758,2.3619761224507925,0.0044943820224719105
1,Suite Populaire Bresilienne: 4.  Gavotta - Choro,Heitor Villa-Lobos,9,6,IX,Modern,found,pdf,pdf-20260524T103936Z-3-001/pdf/Suite Populaire Bresilienne No 4 Gavotta Choro by Heitor Villa-Lobos.pdf,,,,verified_pieces/pdf/xml/Suite Populaire Bresilienne No 4 Gavotta Choro by Heitor Villa-Lobos.musicxml,,0.02929427430093209,0.9284064665127021,4,2.0055555555555555,0.4544334975369458,0.44,0.20666666666666667,2,0.0,2.1637816245006656,1625,70.0,7.3938782901077555,3.195076923076923,7.0,0.15630769230769231,0.2775384615384615,2.0,0.5978695073235686,3.024498886414254,0.34075723830734966,0.3626666666666667,8.666666666666666,1.4393049591494147,2.994896822281444,2.4195926915370656,0.0
1,"Suite, BWV 995: i. Prelude",J.S. Bach,14,5,VIII,Baroque,found,pdf,pdf-20260524T103936Z-3-001/pdf/BWV 995 1 Prelude by Johann Sebastian Bach.pdf,,,,verified_pieces/pdf/xml/BWV 995 1 Prelude by Johann Sebastian Bach.musicxml,,0.0007401924500370096,0.8,4,1.93279012345679,0.7759562841530054,0.5142231947483589,0.6511111111111111,5,0.0,1.2198371576609919,1648,60.0,7.407924322559599,3.145631067961165,7.0,0.15776699029126215,0.22148058252427186,2.0,0.1687638786084382,2.8771929824561404,0.6842105263157895,0.2674074074074074,10.0,1.4813307723754354,3.137530837874963,2.3565006463470297,0.005185185185185185
1,"Suite, BWV 995: ii. Allemande",J.S. Bach,11,7,VII,Baroque,found,pdf,pdf-20260524T103936Z-3-001/pdf/BWV 995 2 Allemande by Johann Sebastian Bach.pdf,,,,verified_pieces/pdf/xml/BWV 995 2 Allemande by Johann Sebastian Bach.musicxml,,0.012254901960784314,1.434782608695652,4,1.9763308763308765,0.7658730158730159,0.3333333333333333,0.457002457002457,5,0.0,1.2377450980392157,505,76.0,6.226536669287466,4.075247524752475,8.0,0.2613861386138614,0.1603960396039604,3.0,0.12009803921568628,2.979591836734694,0.8571428571428571,0.22604422604422605,10.0,1.6100657550102413,3.264131972360325,2.269671901635552,0.019656019656019656
1,"Suite, BWV 995: iii. Courante",J.S. Bach,12,7,VII,Baroque,found,pdf,pdf-20260524T103936Z-3-001/pdf/BWV 995 3 Courante by Johann Sebastian Bach.pdf,,,,verified_pieces/pdf/xml/BWV 995 3 Courante by Johann Sebastian Bach.musicxml,,0.0,1.2222222222222223,3,1.8845628415300546,0.6545961002785515,0.40540540540540543,0.46311475409836067,5,0.0,1.469387755102041,360,76.0,5.8888779583328805,3.186111111111111,7.0,0.14444444444444443,0.18333333333333332,2.0,0.2938775510204082,2.875,0.875,0.2459016393442623,9.0,1.5832774911532894,3.072470607267009,2.3282725631368897,0.02459016393442623
1,"Suite, BWV 995: vi. Gigue",J.S. Bach,13,6,VII,Baroque,found,pdf,pdf-20260524T103936Z-3-001/pdf/BWV 995 6 Gigue by Johann Sebastian Bach.pdf,,,,verified_pieces/pdf/xml/BWV 995 6 Gigue by Johann Sebastian Bach.musicxml,,0.0,0.782051282051282,3,2.0803212851405624,0.7280966767371602,0.5504587155963303,0.6144578313253012,5,0.0,1.328,332,208.0,5.808142489980444,2.924698795180723,7.0,0.16265060240963855,0.25903614457831325,2.0,0.328,2.9634146341463414,0.8170731707317073,0.3092369477911647,21.5,2.229226795463216,3.004440632268041,2.4098079441759066,0.004016064257028112
1,"Suite, BWV 996: i. Praeludio",J.S. Bach,13,6,VII,Baroque,found,pdf,pdf-20260524T103936Z-3-001/pdf/BWV 996 1 Prelude by Johann Sebastian Bach.pdf,,,,verified_pieces/pdf/xml/BWV 996 1 Prelude by Johann Sebastian Bach.musicxml,,0.0211864406779661,1.0497512437810945,4,1.708634111818825,0.5156054931335831,0.45222929936305734,0.39065817409766457,3,0.0,1.6991525423728813,802,90.0,6.688354713946762,2.7306733167082293,5.0,0.06982543640897755,0.2144638403990025,2.0,0.4343220338983051,2.4926829268292683,0.7170731707317073,0.28874734607218683,8.0,1.3571796268857492,2.8101423507643832,2.5106687366948797,0.06157112526539278
1,"Suite, BWV 997: iii. Sarabande",J.S. Bach,8,7,VII,Baroque,found,dada_gp,,"datasets/DadaGP-v1.1/B/Bach, Johann Sebastian/Bach, Johann Sebastian - Sarabande - Bwv 997.gp4.tokens.txt","datasets/DadaGP-v1.1/B/Bach, Johann Sebastian/Bach, Johann Sebastian - Sarabande - Bwv 997.gp4",,"verified_pieces/dada/xml/Bach, Johann Sebastian - Sarabande - Bwv 997.musicxml",,0.009287925696594427,1.125,6,1.5143374741200828,0.46798029556650245,0.23214285714285715,0.18944099378881987,2,0.0305980528511821,1.888544891640867,610,48.0,6.415096959171596,2.60327868852459,5.0,0.07049180327868852,0.24754098360655738,3.0,0.6687306501547987,2.7685185185185186,0.7407407407407407,0.2111801242236025,9.0,1.3026028752081167,2.8367794067382275,2.5183891181485447,0.052795031055900624
1,"Suite, BWV 997: iv. Gigue",J.S. Bach,8,6,V,Baroque,found,pdf,pdf-20260524T103936Z-3-001/pdf/BWV 997 Gigue  in A Minor by Johann Sebastian Bach.pdf,,,,verified_pieces/pdf/xml/BWV 997 Gigue  in A Minor by Johann Sebastian Bach.musicxml,,0.0,0.628099173553719,3,1.6744868035190617,0.6569037656903766,0.4954954954954955,0.45161290322580644,4,0.0,1.4005847953216375,479,85.0,6.173786103901937,2.242171189979123,5.0,0.05636743215031315,0.2776617954070981,2.0,0.391812865497076,3.0074626865671643,0.7014925373134329,0.2434017595307918,8.0,1.3897887062432024,2.7662121345423234,2.4495312688345012,0.017595307917888565
1,"Suite, BWV 997: v. Double",J.S. Bach,15,6,VIII,Baroque,found,pdf,pdf-20260524T103936Z-3-001/pdf/BWV997 Double bu Johann Sebastian Bach.pdf,,,,verified_pieces/pdf/xml/BWV997 Double bu Johann Sebastian Bach.musicxml,,0.0,0.651685393258427,3,1.89419795221843,0.8140556368960469,0.6096938775510204,0.7559726962457338,5,0.0,1.1652470187393527,684,100.0,6.529418838262226,2.172514619883041,5.0,0.07017543859649122,0.26900584795321636,2.0,0.16524701873935263,2.845360824742268,0.6288659793814433,0.27986348122866894,10.0,1.5036589463793055,2.7584807033982113,2.4429842766037826,0.0017064846416382253
1,Sunburst,Andrew York,13,7,VII,Modern,found,pdf,pdf-20260524T103936Z-3-001/pdf/Sunburst by Andrew York.pdf,,,,verified_pieces/pdf/xml/Sunburst by Andrew York.musicxml,,0.003755868544600939,1.0902255639097744,3,3.886434837092732,0.5646687697160884,0.5108303249097473,0.8148496240601504,5,0.0,1.4892018779342724,1586,160.0,7.369600720526409,3.218158890290038,8.0,0.2578814627994956,0.4735182849936948,2.0,0.3305164319248826,2.0795454545454546,0.17897727272727273,0.6127819548872181,11.0,2.851118492604248,2.5541408849084166,2.519670380693564,0.05733082706766917
1,Swan Lake (Theme); Op. 20,Peter Ilyitch Tchaikovsky,8,4,VI,Romantic,found,pdf,pdf-20260524T103936Z-3-001/pdf/Theme From Swan Lake (Opus 20) by Pyotr Ilych Tchaikovsky.pdf,,,,verified_pieces/pdf/xml/Theme From Swan Lake (Opus 20) by Pyotr Ilych Tchaikovsky.musicxml,,0.0,0.58,3,1.5232323232323233,0.58,0.44,0.4909090909090909,3,0.0,1.5120481927710843,251,80.0,5.529429087511423,2.302788844621514,6.0,0.027888446215139442,0.33067729083665337,2.0,0.3192771084337349,3.4339622641509435,0.5471698113207547,0.21212121212121213,6.333333333333333,1.1238008153695396,2.645529794903948,2.395926777679624,0.048484848484848485
1,Swing '59,Charlie Byrd,7,5,VI,Modern,found,pdf,pdf-20260524T103936Z-3-001/pdf/Swing 59 by Charlie Byrd.pdf,,,,verified_pieces/pdf/xml/Swing 59 by Charlie Byrd.musicxml,,0.10091743119266056,1.5483870967741935,3,1.46141975308642,0.4334763948497854,0.38461538461538464,0.3148148148148148,2,0.0,2.146788990825688,234,120.0,5.459585514144159,3.735042735042735,6.0,0.05128205128205128,0.05555555555555555,2.0,0.5688073394495413,2.274193548387097,0.3225806451612903,0.2037037037037037,4.75,0.9307577120054135,2.482477014378871,2.4427133213379832,0.037037037037037035
1,Tango,Isaac Albeniz,8,5,X,Romantic,found,pdf,pdf-20260524T103936Z-3-001/pdf/albeniz-tango.pdf,,,,verified_pieces/pdf/xml/albeniz-tango.musicxml,,0.0189873417721519,1.4589041095890412,5,2.2095238095238097,0.5,0.3,0.29523809523809524,3,0.0,1.8512658227848102,585,50.0,6.373319789577012,6.047863247863248,11.0,0.5008547008547009,0.13504273504273503,3.0,0.46835443037974683,3.027027027027027,0.7635135135135135,0.3682539682539683,11.5,1.8987991988573345,3.603297537932649,2.4548275792106695,0.025396825396825397
1,Tango En Skai,Roland Dyens,14,8,All,Modern,found,dada_gp,,"datasets/DadaGP-v1.1/D/Dyens, Roland/Dyens, Roland - Tango en Skai.gp3.tokens.txt","datasets/DadaGP-v1.1/D/Dyens, Roland/Dyens, Roland - Tango en Skai.gp3",,"verified_pieces/dada/xml/Dyens, Roland - Tango en Skai.musicxml",,0.038910505836575876,0.6764705882352942,2,1.5911458333333333,0.42417582417582417,0.5545454545454546,0.72265625,4,0.0263157894736842,1.7743190661478598,456,58.0,6.124683390894205,3.706140350877193,10.0,0.23464912280701755,0.21052631578947367,1.0,0.3968871595330739,2.264705882352941,0.39215686274509803,0.19140625,12.0,2.3940989532968517,3.0499296059732433,2.5003794003801065,0.1015625
1,Tango No. 2,Agustin Barrios Mangore,9,8,XII,Romantic,found,pdf,pdf-20260524T103936Z-3-001/pdf/Tango No 2 by Agustin Barrios Mangore.pdf,,,,verified_pieces/pdf/xml/Tango No 2 by Agustin Barrios Mangore.musicxml,,0.013108614232209739,0.954337899543379,4,2.4382426516572857,0.5613608748481167,0.5675675675675675,0.7185741088180112,5,0.0,1.5430711610486891,824,80.0,6.715383386334681,6.381067961165049,12.0,0.5521844660194175,0.13592233009708737,3.0,0.4101123595505618,2.776255707762557,0.3744292237442922,0.34146341463414637,15.0,2.7375115598757005,3.4936520820199544,2.4483770600964605,0.06941838649155722
1,Tanz,Georg Fuhrmann,1,1,I,Renaissance,found,pdf,pdf-20260524T103936Z-3-001/pdf/Tanz by Georg Leopold Fuhrmann.pdf,,,,verified_pieces/pdf/xml/Tanz by Georg Leopold Fuhrmann.musicxml,,0.0,0.0,0,1.0,0.4714285714285714,1.0,1.0222222222222221,2,0.0,1.5434782608695652,71,120.0,4.276666119016055,0.7605633802816901,3.0,0.0,0.7323943661971831,0.0,0.5434782608695652,3.72,0.32,0.13333333333333333,2.5,0.7958224257542215,1.2292039883372974,2.423948314533367,0.0
1,Tarantella,Agustin Barrios Mandore,8,4,XII,Romantic,found,pdf,pdf-20260524T103936Z-3-001/pdf/Tarantella (Recuerdos De Napoles) by Agustin Barrios Mangore.pdf,,,,verified_pieces/pdf/xml/Tarantella (Recuerdos De Napoles) by Agustin Barrios Mangore.musicxml,,0.018338727076591153,0.87890625,3,1.68772498200144,0.5765496639283048,0.6029411764705882,0.7775377969762419,5,0.0,1.4455231930960086,1340,100.0,7.201170883281678,3.5865671641791046,8.0,0.18955223880597014,0.20522388059701493,2.0,0.2912621359223301,3.325925925925926,0.3888888888888889,0.2473002159827214,15.666666666666666,1.6933405208963357,3.294496486600792,2.537883862860009,0.06587473002159827
1,Tarleton's Resurrection,John Dowland,5,3,VII,Renaissance,found,dada_gp,,"datasets/DadaGP-v1.1/D/Dowland, John/Dowland, John - Tarleton_'s Resurrection.gp3.tokens.txt","datasets/DadaGP-v1.1/D/Dowland, John/Dowland, John - Tarleton_'s Resurrection.gp3",,"verified_pieces/dada/xml/Dowland, John - Tarleton_'s Resurrection.musicxml",,0.0,0.82,3,1.3816425120772946,0.3675675675675676,0.0,0.028985507246376812,1,0.0,2.657142857142857,186,76.0,5.231108616854587,2.0806451612903225,5.0,0.03225806451612903,0.3279569892473118,3.0,0.7142857142857143,3.76,0.6,0.18840579710144928,4.5,0.8760094013400778,2.3505550537696336,2.47417245267821,0.014492753623188406
1,Tempo di Minuetto; Op. 2 no. 1,Fernando Sor,3,2,V,Classical,found,pdf,pdf-20260524T103936Z-3-001/pdf/Opus 2 No 1 (Minuet in G) by Fernando Sor.pdf,,,,verified_pieces/pdf/xml/Opus 2 No 1 (Minuet in G) by Fernando Sor.musicxml,gaps_v1/musicxml/sor-opus29-no24.xml,0.044444444444444446,0.868421052631579,3,1.2803030303030303,0.36363636363636365,1.0,0.3181818181818182,3,0.0,2.466666666666667,111,104.0,4.718498871295094,2.1531531531531534,5.0,0.02702702702702703,0.3153153153153153,2.0,0.8444444444444444,2.1578947368421053,0.7631578947368421,0.18181818181818182,5.0,1.0795520999263832,2.519479622262347,2.1900458590940346,0.0
1,The Easy Winners (Theme),Scott Joplin,6,4,VII,Modern,found,pdf,pdf-20260524T103936Z-3-001/pdf/The Easy Winner by Scott Joplin.pdf,,,,verified_pieces/pdf/xml/The Easy Winner by Scott Joplin.musicxml,,0.013008130081300813,0.6216216216216216,4,1.8963083604777418,0.5660377358490566,0.8426966292134831,1.0325732899022801,5,0.0,1.5528455284552845,955,80.0,6.862757913051401,3.0712041884816754,7.0,0.20523560209424083,0.27015706806282724,2.0,0.432520325203252,2.601503759398496,0.40225563909774437,0.25732899022801303,10.0,1.761740498965604,2.9046938625230996,2.486150068884685,0.006514657980456026
1,The Entertainer (Theme),Scott Joplin,5,3,III,Modern,found,pdf,pdf-20260524T103936Z-3-001/pdf/The Entertainer by Scott Joplin.pdf,,,,verified_pieces/pdf/xml/The Entertainer by Scott Joplin.musicxml,gaps_v1/musicxml/joplin-entertainer.xml,0.0,1.0618556701030928,3,1.6051587301587302,0.6574468085106383,0.6473684210526316,0.9851190476190477,5,0.0,1.3976261127596439,471,80.0,6.156978985585555,2.239915074309979,5.0,0.036093418259023353,0.2229299363057325,2.0,0.29376854599406527,2.1818181818181817,0.31313131313131315,0.21428571428571427,7.0,1.192726873781109,2.6576935613032338,2.3517488398282165,0.020833333333333332
1,The Frog Galliard,John Dowland,13,7,V,Renaissance,found,pdf,pdf-20260524T103936Z-3-001/pdf/dowland-frog-galliard.pdf,,,,verified_pieces/pdf/xml/dowland-frog-galliard.musicxml,,0.03636363636363636,0.8113207547169812,3,1.9831804281345566,0.4796380090497738,0.5,0.6146788990825688,5,0.0,2.018181818181818,222,100.0,5.407171771460119,2.2972972972972974,5.0,0.036036036036036036,0.3108108108108108,3.0,0.4818181818181818,3.9622641509433962,0.5849056603773585,0.3577981651376147,6.5,1.3270004332751963,2.4071809387195415,2.4514402108362656,0.0
1,The King Of Denmark's Galliard,John Dowland,7,4,V,Renaissance,found,pdf,pdf-20260524T103936Z-3-001/pdf/The King of Denmarks Galliard by John Dowland.pdf,,,,verified_pieces/pdf/xml/The King of Denmarks Galliard by John Dowland.musicxml,,0.05263157894736842,0.7428571428571429,3,1.9648936170212767,0.5087719298245614,0.4827586206896552,0.3191489361702128,3,0.0,1.8105263157894738,172,108.0,5.153291594497779,2.2674418604651163,5.0,0.08139534883720931,0.3081395348837209,2.0,0.3684210526315789,3.4285714285714284,0.5428571428571428,0.2765957446808511,6.0,1.4202446849194683,2.5785621968286483,2.46255064814024,0.031914893617021274
1,"The Last Rose of Summer, Op. 125 no. 2","Traditional Irish melody, arr. by Mauro Giuliani",7,4,V,Classical,found,dada_gp,,"datasets/DadaGP-v1.1/G/Giuliani, Mauro/Giuliani, Mauro - The Last Rose Of Summer.gp4.tokens.txt","datasets/DadaGP-v1.1/G/Giuliani, Mauro/Giuliani, Mauro - The Last Rose Of Summer.gp4",,"verified_pieces/dada/xml/Giuliani, Mauro - The Last Rose Of Summer.musicxml",,0.005272407732864675,0.40540540540540543,4,1.2871185446009388,0.5289256198347108,0.7007299270072993,0.5563380281690141,3,0.0229276895943562,1.70298769771529,969,69.0,6.877296071497429,1.6016511867905057,3.0,0.0030959752321981426,0.37874097007223945,2.0,0.5659050966608085,2.540372670807453,0.33229813664596275,0.1073943661971831,5.0,0.8524817925354503,2.2020534017087763,2.512815578239634,0.007042253521126761
1,The Prince's Toys: The Doll with Blinking Eyes,Nikita Koshkin,13,10,IX,Modern,found,pdf,pdf-20260524T103936Z-3-001/pdf/The Princes Toys Doll With Closing Eyes by Nikita Koshkin.pdf,,,,verified_pieces/pdf/xml/The Princes Toys Doll With Closing Eyes by Nikita Koshkin.musicxml,,0.005689900426742532,0.9473684210526315,3,2.5132953466286794,0.574744661095636,0.6339285714285714,0.6552706552706553,4,0.0,1.5334281650071124,1078,56.0,6.983789965258135,3.098330241187384,7.0,0.13821892393320964,0.32838589981447125,2.0,0.3456614509246088,2.506172839506173,0.31275720164609055,0.4017094017094017,10.0,2.0245215705363138,2.9899305717244733,2.5571926101669815,0.10541310541310542
1,"The Right Honourable Robert, Earl of Essex, His Galliard",John Dowland,12,8,V,Renaissance,found,pdf,pdf-20260524T103936Z-3-001/pdf/The Right Honorable Robert Earl of Essex His Galliard by John Dowland.pdf,,,,verified_pieces/pdf/xml/The Right Honorable Robert Earl of Essex His Galliard by John Dowland.musicxml,,0.0,0.7613636363636364,3,1.734555827220864,0.6972972972972973,0.5335968379446641,0.7530562347188264,5,0.0,1.3560975609756099,556,84.0,6.322565239927284,1.724820143884892,4.0,0.01618705035971223,0.3381294964028777,2.0,0.21951219512195122,2.7888888888888888,0.6222222222222222,0.22493887530562348,7.0,1.1493976900646585,2.4235494720590522,2.3459987939117104,0.0024449877750611247
1,The Round Battle Galliard,John Dowland,5,3,IV,Renaissance,found,pdf,pdf-20260524T103936Z-3-001/pdf/Round Battle Galliard by John Dowland.pdf,,,,verified_pieces/pdf/xml/Round Battle Galliard by John Dowland.musicxml,,0.019230769230769232,1.0681818181818181,3,1.447411003236246,0.48223350253807107,0.36666666666666664,0.5339805825242718,4,0.0,1.9038461538461537,198,104.0,5.293304824724492,1.7828282828282829,4.0,0.015151515151515152,0.3434343434343434,3.0,0.4230769230769231,3.3863636363636362,0.4772727272727273,0.14563106796116504,7.0,1.1368111432480372,2.174670121051869,2.4661867670476143,0.02912621359223301
1,The Sick Tune,John Dowland,2,1,III,Renaissance,found,pdf,pdf-20260524T103936Z-3-001/pdf/The Sick Tune by John Dowland.pdf,,,,verified_pieces/pdf/xml/The Sick Tune by John Dowland.musicxml,,0.0,0.7,2,1.4210526315789473,0.6078431372549019,0.68,0.7894736842105263,2,0.0,1.3333333333333333,52,66.0,3.970291913552122,1.4230769230769231,3.0,0.0,0.38461538461538464,2.0,0.2564102564102564,2.2,0.7,0.18421052631578946,3.0,1.0099916348629205,1.8053232276070963,2.1137778275659063,0.05263157894736842
1,The Squirrel's Toy,Francis Cutting,3,2,V,Renaissance,found,pdf,pdf-20260524T103936Z-3-001/pdf/The Squirrels Toy by Francis Cutting.pdf,,,,verified_pieces/pdf/xml/The Squirrels Toy by Francis Cutting.musicxml,,0.0,0.44,3,1.7727272727272727,0.525,0.2857142857142857,0.18181818181818182,1,0.0,1.8,81,150.0,4.406719247264253,1.9012345679012346,4.0,0.037037037037037035,0.37037037037037035,1.6000000000000014,0.5777777777777777,3.423076923076923,0.6538461538461539,0.3181818181818182,5.5,1.1225933343409373,2.274698261357949,2.283404876169723,0.0
1,The Weeping Willow,Scott Joplin,11,5,VIII,Modern,found,pdf,pdf-20260524T103936Z-3-001/pdf/Weeping Willow by Scott Joplin.pdf,,,,verified_pieces/pdf/xml/Weeping Willow by Scott Joplin.musicxml,,0.019438444924406047,0.8743455497382199,3,1.7617243867243866,0.5487646293888166,0.7985074626865671,0.8484848484848485,4,0.0,1.6630669546436285,770,145.0,6.647688373563329,2.5467532467532465,6.0,0.09610389610389611,0.2961038961038961,2.0,0.43844492440604754,2.7536945812807883,0.5763546798029556,0.2748917748917749,8.0,1.4963930447364229,2.838287310267369,2.4953610173894587,0.02813852813852814
1,The Woods So Wild,William Byrd,4,4,II,Renaissance,found,pdf,pdf-20260524T103936Z-3-001/pdf/The Woods So Wild by William Byrd.pdf,,,,verified_pieces/pdf/xml/The Woods So Wild by William Byrd.musicxml,,0.0,1.6987951807228916,7,1.0192307692307692,0.2830188679245283,0.0,0.08791208791208792,1,0.0,2.891304347826087,266,130.0,5.58724865840025,2.018796992481203,3.0,0.022556390977443608,0.15037593984962405,2.0,0.9130434782608695,2.4166666666666665,0.39285714285714285,0.16483516483516483,6.0,1.0650454801117604,2.34845399848262,2.416480295430999,0.08791208791208792
1,Theme from Op. 102,Mauro Giuliani,6,4,X,Classical,found,pdf,pdf-20260524T103936Z-3-001/pdf/Opus 102 Theme by Mauro Giuliani.pdf,,,,verified_pieces/pdf/xml/Opus 102 Theme by Mauro Giuliani.musicxml,,0.01098901098901099,1.3253012048192772,3,3.0552486187845305,0.536741214057508,0.5116279069767442,1.0828729281767955,4,0.0,1.7252747252747254,314,88.0,5.752572638825633,3.4012738853503186,8.0,0.20382165605095542,0.2929936305732484,3.0,0.46703296703296704,2.235294117647059,0.4823529411764706,0.5027624309392266,14.0,2.6800026369416803,2.993124261095822,2.3346399197920498,0.049723756906077346
1,"Three Pieces from Recreation du Guitariste; Chasse, Op. 51 no. 9",Napoleon Coste,5,3,VII,Romantic,found,pdf,pdf-20260524T103936Z-3-001/pdf/Opus 51 No 9 by Napoleon Coste.pdf,,,,verified_pieces/pdf/xml/Opus 51 No 9 by Napoleon Coste.musicxml,,0.005,0.8426966292134831,3,1.4677554438860974,0.45714285714285713,0.5490196078431373,0.2864321608040201,3,0.0,1.755,351,92.0,5.863631175598097,2.0,5.0,0.03133903133903134,0.3789173789173789,2.0,0.53,1.9811320754716981,0.33962264150943394,0.23115577889447236,4.333333333333333,1.1423220683851967,2.3977986318030147,2.2259457492173964,0.08542713567839195
1,"Three Pieces from Recreation du Guitariste; Rondeau, Op. 51 no. 6",Napoleon Coste,5,4,VII,Romantic,found,pdf,pdf-20260524T103936Z-3-001/pdf/Opus 51 No 6 by Napoleon Coste.pdf,,,,verified_pieces/pdf/xml/Opus 51 No 6 by Napoleon Coste.musicxml,,0.0,0.7910447761194029,3,6.063039723661486,0.5868852459016394,0.7125,0.917098445595855,5,0.0,1.577319587628866,306,120.0,5.726847747587197,3.7908496732026142,9.0,0.16339869281045752,0.32679738562091504,2.0,0.3556701030927835,3.0434782608695654,0.463768115942029,0.43005181347150256,22.0,7.977158567337075,2.9569688729402266,2.414604530895403,0.031088082901554404
1,"Toccata and Fugue, BWV 565",J.S. Bach,14,7,All,Baroque,found,pdf,pdf-20260524T103936Z-3-001/pdf/BWV 565 Toccata and Fugue by Johann Sebastian Bach.pdf,,,,verified_pieces/pdf/xml/BWV 565 Toccata and Fugue by Johann Sebastian Bach.musicxml,,0.002933780385582565,1.1218487394957983,5,2.4543116701607266,0.7351279494848787,0.6578050443081118,0.919916142557652,5,0.0,1.261525565800503,3010,100.0,8.010027528481734,4.199003322259136,10.0,0.28837209302325584,0.20132890365448505,3.0,0.2057837384744342,2.741344195519348,0.5030549898167006,0.33081761006289306,18.0,2.5781631358649224,3.468536435625288,2.459349350168198,0.0012578616352201257
1,Tombeau de M. Mouton (Allemande),Robert de Visee,10,5,VII,Baroque,found,pdf,pdf-20260524T103936Z-3-001/pdf/Tombeau de M Mouton by Robert de Visee.pdf,,,,verified_pieces/pdf/xml/Tombeau de M Mouton by Robert de Visee.musicxml,,0.014018691588785047,0.9482758620689655,3,2.066510172143975,0.5845697329376854,0.5980392156862745,0.6525821596244131,5,0.0,1.5794392523364487,338,66.0,5.82600010738045,2.9940828402366866,7.0,0.14497041420118342,0.23668639053254437,2.0,0.2850467289719626,3.2459016393442623,0.9344262295081968,0.2863849765258216,22.0,2.4087130953515663,2.8945180214039503,2.5120907850369987,0.018779342723004695
1,Tombeau Sur La Mort De M. Comte De Logy,Silvius Leopold Weiss,11,6,VII,Baroque,found,pdf,pdf-20260524T103936Z-3-001/pdf/Tombeau Sur La Mort De M Comte De Logy by Silvius Leopold Weiss.pdf,,,,verified_pieces/pdf/xml/Tombeau Sur La Mort De M Comte De Logy by Silvius Leopold Weiss.musicxml,,0.021442495126705652,1.6210526315789473,4,1.6255859375,0.5779310344827586,0.5314285714285715,0.71875,5,0.0,1.4152046783625731,726,56.0,6.588926477533519,4.202479338842975,7.0,0.2465564738292011,0.11019283746556474,3.0,0.1871345029239766,3.3333333333333335,0.8125,0.21875,20.0,1.8166868797834277,3.1586592045835444,2.4913493400472895,0.107421875
1,Toy,Francis Cutting,3,3,IV,Renaissance,found,pdf,pdf-20260524T103936Z-3-001/pdf/Toy by Francis Cutting.pdf,,,,verified_pieces/pdf/xml/Toy by Francis Cutting.musicxml,,0.0,0.5238095238095238,2,1.7661691542288558,0.6078431372549019,0.5172413793103449,0.8656716417910447,5,0.0,1.5147058823529411,103,120.0,4.6443908991413725,1.825242718446602,4.0,0.02912621359223301,0.3786407766990291,2.0,0.3235294117647059,3.1363636363636362,0.8636363636363636,0.22388059701492538,5.0,1.2026469223389677,2.1677923518861357,2.45289372299008,0.014925373134328358
1,"Traumerei from Kinderscenen, Op. 15",Robert Schumann,9,6,XII,Romantic,found,pdf,pdf-20260524T103936Z-3-001/pdf/Traumerei by Robert Schumann.pdf,,,,verified_pieces/pdf/xml/Traumerei by Robert Schumann.musicxml,,0.05434782608695652,1.5974025974025974,4,2.3711293260473587,0.49127906976744184,0.3283582089552239,0.34972677595628415,3,0.0,1.875,345,60.0,5.846438775057725,6.689855072463768,12.0,0.6028985507246377,0.1565217391304348,3.0,0.42934782608695654,3.2531645569620253,0.6455696202531646,0.4098360655737705,11.5,2.3256554265401133,3.549656716956215,2.47475055774119,0.03825136612021858
1,Tres pequenas Piezas para Guitarra: III. Pequena sevillana,Joaquin Rodrigo,9,5,X,Modern,found,pdf,pdf-20260524T103936Z-3-001/pdf/Pequena Sevillana by Joaquin Rodrigo.pdf,,,,verified_pieces/pdf/xml/Pequena Sevillana by Joaquin Rodrigo.musicxml,,0.23394495412844038,0.6907730673316709,4,1.286835055491772,0.29260935143288086,0.24285714285714285,0.17451205510907003,5,0.0,2.282110091743119,1990,96.0,7.596392304064196,2.034170854271357,4.0,0.03919597989949749,0.27035175879396983,2.0,0.463302752293578,3.2054455445544554,0.10891089108910891,0.1584385763490241,10.0,1.3166072679479492,2.363233129442647,2.4720670924402266,0.29621125143513205
1,Triptico - I. Prelude,Joaquin Rodrigo,20,10,All,Modern,found,pdf,pdf-20260524T103936Z-3-001/pdf/Triptico No 1 Prelude by Joaquin Rodrigo.pdf,,,,verified_pieces/pdf/xml/Triptico No 1 Prelude by Joaquin Rodrigo.musicxml,,0.07538167938931298,1.9707446808510638,4,2.2655523718560966,0.2985725614591594,0.7048929663608563,0.673352435530086,5,0.0,2.407442748091603,2523,160.0,7.8336002236611035,3.8470075307174,10.0,0.18470075307174,0.22235434007134364,3.0,0.35877862595419846,4.433510638297872,0.13829787234042554,0.2521489971346705,22.0,3.6650056047676514,3.3315346669456862,2.5792156242312987,0.09455587392550144
1,"Tu y yo (Gavota) by Alphons Czibulka, Trans. by Barrios",Agustin Barrios Mangore,7,7,All,Romantic,found,pdf,pdf-20260524T103936Z-3-001/pdf/Tu Y Yo by Augustin Barrios Mangore.pdf,,,,verified_pieces/pdf/xml/Tu Y Yo by Augustin Barrios Mangore.musicxml,,0.05555555555555555,1.2518518518518518,5,2.326517967781908,0.4969450101832994,0.6285714285714286,0.5539033457249071,5,0.0,1.8222222222222222,492,100.0,6.20050917404269,3.7052845528455283,8.0,0.17886178861788618,0.15447154471544716,3.0,0.5074074074074074,2.802919708029197,0.7372262773722628,0.31226765799256506,12.0,2.7746687509682135,3.1410518498966713,2.4546991935745157,0.011152416356877323
1,Tua Imagem,Agustin Barrios Mandore,10,7,X,Romantic,found,gaps,,,,s41wc,datasets/gaps_v1/readable_musicxml/Agustin Barrios - Tua Imagem.xml,,0.0,1.1403508771929824,4,2.1908315565031984,0.5710144927536231,0.5674418604651162,1.1663113006396588,5,0.0,1.4702127659574469,691,100.0,6.539585955617669,4.905933429811867,9.0,0.3183791606367583,0.13024602026049203,3.0,0.3829787234042553,1.5666666666666667,0.38333333333333336,0.3091684434968017,14.0,2.205546688580268,3.442454753618174,2.4914121357373262,0.08528784648187633
1,Twenty-one Lessons: 1,Dionisio Aguado,2,2,II,Classical,found,pdf,pdf-20260524T103936Z-3-001/pdf/Exercise 1 by Dionisio Aguado.pdf,,,,verified_pieces/pdf/xml/Exercise 1 by Dionisio Aguado.musicxml,,0.0,1.2941176470588236,3,1.8207070707070707,0.5428571428571428,0.9166666666666666,0.7424242424242424,3,0.0,1.5820895522388059,106,120.0,4.672828834461906,3.839622641509434,7.0,0.19811320754716982,0.12264150943396226,2.0,0.5074626865671642,1.3235294117647058,0.4117647058823529,0.2878787878787879,6.0,1.5212608313126426,2.9486348238165507,1.799076232928136,0.07575757575757576
1,Un Dia de Noviembre,Leo Brouwer,8,4,IX,Modern,found,pdf,pdf-20260524T103936Z-3-001/pdf/Un Dia de Noviembre by Leo Brouwer.pdf,,,,verified_pieces/pdf/xml/Un Dia de Noviembre by Leo Brouwer.musicxml,,0.024793388429752067,1.0217391304347827,3,2.270401106500692,0.6509433962264151,0.821917808219178,1.157676348547718,5,0.0,1.3181818181818181,319,90.0,5.768320995793772,4.260188087774295,9.0,0.3542319749216301,0.23510971786833856,3.0,0.2066115702479339,2.94,0.58,0.3153526970954357,12.0,2.1685314616901334,3.2348249443897665,2.3883225777858788,0.004149377593360996
1,Un Sueno en la Floresta,Agustin Barrios Mandore,16,9,All,Romantic,found,pdf,pdf-20260524T103936Z-3-001/pdf/Sueno en la Floresta by Augustin Barrios Mangore.pdf,,,,verified_pieces/pdf/xml/Sueno en la Floresta by Augustin Barrios Mangore.musicxml,,0.0020391517128874386,1.5,7,1.4583843329253365,0.43868471953578336,0.5023514322359983,1.1362709098327213,5,0.0,1.0546492659053834,2586,102.0,7.8582541821860294,8.223897911832946,14.0,0.6918020108275329,0.06380510440835267,3.0,0.029771615008156605,2.0821917808219177,0.6986301369863014,0.21664626682986537,20.0,2.4801108002403915,3.77652901832737,1.6722570938885655,0.4532843737250102
1,Un tiempo fue Italica famosa,Joaquin Rodrigo,15,7,All,Modern,found,pdf,pdf-20260524T103936Z-3-001/pdf/Un Tiempo Fue Italica Famosa by Joaquin Rodrigo.pdf,,,,verified_pieces/pdf/xml/Un Tiempo Fue Italica Famosa by Joaquin Rodrigo.musicxml,,0.032940019665683384,1.5565217391304347,5,1.9086407607804559,0.641193595342067,0.4591044776119403,0.5336940482046237,5,0.0,1.3515240904621435,2749,48.0,7.919356190660617,4.084030556566024,10.0,0.2535467442706439,0.21789741724263367,3.0,0.11455260570304818,3.4892703862660945,0.2575107296137339,0.24299065420560748,14.0,1.8358302377810352,3.4600529818620682,2.497625313130232,0.08853910477127398
1,Una Limosna por el Amor de Dios,Agustin Barrios Mandore,12,6,All,Romantic,found,pdf,pdf-20260524T103936Z-3-001/pdf/Una Limosnita por el Amor de Dios by Augustin Barrios Mangore.pdf,,,,verified_pieces/pdf/xml/Una Limosnita por el Amor de Dios by Augustin Barrios Mangore.musicxml,,0.0,0.34579439252336447,3,1.1193297224102912,0.42042606516290726,0.5140562248995983,1.2261340555179419,5,0.0,1.080514208389716,1597,80.0,7.37650812632622,5.0375704445835945,12.0,0.3656856606136506,0.16530995616781466,2.0,0.07916102841677942,1.4017094017094016,0.39316239316239315,0.16926201760324983,17.0,1.9167297238815633,3.4952232260286666,1.512573323616622,0.44617467840216657
1,Vals,Francisco Tarrega,8,6,IX,Romantic,found,pdf,pdf-20260524T103936Z-3-001/pdf/tarrega-vals-d.pdf,,,,verified_pieces/pdf/xml/tarrega-vals-d.musicxml,,0.0,0.5253164556962026,5,2.3439241917502787,0.5060975609756098,0.26732673267326734,0.5953177257525084,4,0.0,1.6433333333333333,493,160.0,6.202535517187923,4.359026369168357,9.0,0.385395537525355,0.20486815415821502,1.0,0.5333333333333333,2.00625,0.325,0.411371237458194,12.0,2.2419556150290654,3.109651700873338,2.361491801474011,0.14381270903010032
1,Vals de Primavera,Agustin Barrios Mandore,9,4,XII,Romantic,found,pdf,pdf-20260524T103936Z-3-001/pdf/vals-de-primavera-barrios.pdf,,,,verified_pieces/pdf/xml/vals-de-primavera-barrios.musicxml,,0.0013736263736263737,1.1028571428571428,5,1.890187987161852,0.6663078579117331,0.6659090909090909,0.8954607977991746,5,0.0,1.2774725274725274,930,140.0,6.836259277277067,4.932258064516129,9.0,0.3365591397849462,0.11827956989247312,2.0,0.24313186813186813,2.3389830508474576,0.5423728813559322,0.24346629986244842,11.0,1.838041558400524,3.5331542904525115,2.547595553429764,0.0577716643741403
1,Vals Tropical,Agustin Barrios Mandore,8,5,X,Romantic,found,pdf,pdf-20260524T103936Z-3-001/pdf/barrios-vals-tropical.pdf,,,,verified_pieces/pdf/xml/barrios-vals-tropical.musicxml,,0.007936507936507936,1.0136986301369864,4,1.8267020335985853,0.5867158671586716,0.6577540106951871,0.9204244031830239,5,0.0,1.4365079365079365,543,160.0,6.298949246855942,4.138121546961326,8.0,0.2523020257826888,0.16574585635359115,2.0,0.4021164021164021,1.7171052631578947,0.40789473684210525,0.2625994694960212,13.0,1.7914063447305988,3.3310069489968526,2.421461596273676,0.08222811671087533
1,"Vals, Op. 8 no. 4",Agustin Barrios Mandore,13,5,X,Romantic,found,pdf,pdf-20260524T103936Z-3-001/pdf/Opus 8 No 4 (Waltz) by Augustin Barrios Mangore.pdf,,,,verified_pieces/pdf/xml/Opus 8 No 4 (Waltz) by Augustin Barrios Mangore.musicxml,,0.005025125628140704,0.7272727272727273,3,2.23979035639413,0.666049953746531,0.748868778280543,1.1836477987421383,5,0.0,1.3592964824120604,1082,150.0,6.9874902470009905,3.965804066543438,9.0,0.23105360443622922,0.20794824399260628,2.0,0.292713567839196,1.9012875536480687,0.3090128755364807,0.3232704402515723,12.0,2.042049288086208,3.2476106564526748,2.497462409353167,0.045283018867924525
1,Valse; Op. 64 no. 2,Frederic Chopin,16,8,All,Romantic,found,pdf,pdf-20260524T103936Z-3-001/pdf/Opus 64 No 2 (Valse No 7) by Frederic Chopin.pdf,,,,verified_pieces/pdf/xml/Opus 64 No 2 (Valse No 7) by Frederic Chopin.musicxml,,0.015384615384615385,0.9090909090909091,5,2.000684462696783,0.6063199473337723,0.35377358490566035,0.5359342915811088,4,0.0,1.558974358974359,1520,109.0,7.327123292259293,5.7125,11.0,0.44144736842105264,0.12697368421052632,2.0,0.4635897435897436,2.690265486725664,0.25663716814159293,0.2679671457905544,17.0,2.0239164603822988,3.698779900264132,2.227682166837863,0.017453798767967144
1,Valse; Op. 69 no. 2,Frederic Chopin,8,5,VII,Romantic,found,pdf,pdf-20260524T103936Z-3-001/pdf/Opus 69 No 2 (Valse) by Frederic Chopin.pdf,,,,verified_pieces/pdf/xml/Opus 69 No 2 (Valse) by Frederic Chopin.musicxml,,0.007263922518159807,0.6492537313432836,4,1.7596278317152105,0.5973813420621932,0.5851063829787234,0.808252427184466,5,0.0,1.4818401937046004,612,120.0,6.418364935936212,2.2973856209150325,6.0,0.0915032679738562,0.3104575163398693,2.0,0.3389830508474576,2.664285714285714,0.4357142857142857,0.24029126213592233,10.0,1.921350775969107,2.8445321268953903,2.39183073808702,0.043689320388349516
1,Valses Poeticos - Valse No. 3,Enrique Granados,13,8,All,Romantic,found,pdf,pdf-20260524T103936Z-3-001/pdf/Valses Poeticos No 3 by Enrique Granados.pdf,,,,verified_pieces/pdf/xml/Valses Poeticos No 3 by Enrique Granados.musicxml,,0.043478260869565216,1.4049586776859504,5,1.9084699453551912,0.4060324825986079,0.0,0.28415300546448086,2,0.0,2.347826086956522,432,82.0,6.07073772800249,4.414351851851852,10.900000000000034,0.2523148148148148,0.20601851851851852,3.0,0.6847826086956522,3.1984126984126986,0.48412698412698413,0.31693989071038253,9.333333333333334,1.7202037665165608,3.4062785703162723,2.5344555688076893,0.02185792349726776
1,Valses Poeticos - Valse No. 4,Enrique Granados,8,5,VII,Romantic,found,pdf,pdf-20260524T103936Z-3-001/pdf/Valses Poeticos No 4 by Enrique Granados.pdf,,,,verified_pieces/pdf/xml/Valses Poeticos No 4 by Enrique Granados.musicxml,,0.010752688172043012,1.105263157894737,3,2.157608695652174,0.5424836601307189,0.53125,0.6195652173913043,5,0.0,1.6559139784946237,154,140.0,5.043425116919247,3.779220779220779,8.0,0.2727272727272727,0.22727272727272727,2.0,0.40860215053763443,2.6578947368421053,0.7368421052631579,0.2608695652173913,10.0,2.244573990227443,3.2142056424216423,2.4438032050191896,0.06521739130434782
1,Valses Poeticos - Valse No. 5,Enrique Granados,14,9,VI,Romantic,found,pdf,pdf-20260524T103936Z-3-001/pdf/Valses Poeticos No 5 by Enrique Granados.pdf,,,,verified_pieces/pdf/xml/Valses Poeticos No 5 by Enrique Granados.musicxml,,0.07142857142857142,1.1228070175438596,3,1.9243986254295535,0.4479166666666667,0.25,0.36082474226804123,2,0.0,1.969387755102041,193,130.0,5.267858159063328,3.6580310880829017,7.0,0.24352331606217617,0.16580310880829016,2.0,0.5816326530612245,2.754385964912281,0.8245614035087719,0.29896907216494845,9.0,1.6580569056866676,3.090704887907601,2.517288490338141,0.08247422680412371
1,Valses Poeticos - Valse No. 6,Enrique Granados,11,8,VII,Romantic,found,pdf,pdf-20260524T103936Z-3-001/pdf/Valses Poeticos No 6 by Enrique Granados.pdf,,,,verified_pieces/pdf/xml/Valses Poeticos No 6 by Enrique Granados.musicxml,,0.0,1.144736842105263,4,2.5065359477124183,0.5018050541516246,0.8461538461538461,0.5555555555555556,3,0.0,1.8051948051948052,278,120.0,5.631211781821365,4.809352517985611,10.0,0.43884892086330934,0.26258992805755393,3.0,0.5454545454545454,3.0714285714285716,0.8571428571428571,0.40522875816993464,14.0,2.6153062081586644,3.310187969510013,2.541544101064731,0.0196078431372549
1,Valses Poeticos - Valse No. 7,Enrique Granados,18,8,IX,Romantic,found,pdf,pdf-20260524T103936Z-3-001/pdf/Valses Poeticos No 7 by Enrique Granados.pdf,,,,verified_pieces/pdf/xml/Valses Poeticos No 7 by Enrique Granados.musicxml,,0.008620689655172414,1.1551724137931034,3,1.6956521739130435,0.5,0.7857142857142857,0.7304347826086957,4,0.0,1.7155172413793103,199,150.0,5.298317366548036,3.5025125628140703,7.0,0.135678391959799,0.135678391959799,2.0,0.5,2.310344827586207,0.5517241379310345,0.25217391304347825,7.5,1.6727802177198268,2.8994819666841014,2.5452893470350784,0.008695652173913044
1,Verano Porteno (Tango),Astor Piazzolla,10,5,X,Modern,found,pdf,pdf-20260524T103936Z-3-001/pdf/Verano Porteno Tango by Astor Piazzolla.pdf,,,,verified_pieces/pdf/xml/Verano Porteno Tango by Astor Piazzolla.musicxml,,0.021032504780114723,1.3916083916083917,4,1.681162196679438,0.49443207126948774,0.42214532871972316,0.6954022988505747,5,0.0,1.7189292543021033,899,120.0,6.802394763324311,3.0478309232480534,8.0,0.15795328142380421,0.27030033370411566,3.0,0.28680688336520077,3.046666666666667,0.54,0.210727969348659,11.5,1.5252080690783543,3.1343935931394684,2.5397194070733065,0.11685823754789272
1,Villano,Gaspar Sanz,3,2,II,Baroque,found,pdf,pdf-20260524T103936Z-3-001/pdf/Villano by Gaspar Sanz.pdf,,,,verified_pieces/pdf/xml/Villano by Gaspar Sanz.musicxml,,0.0,0.0,0,1.9166666666666667,0.75,0.0,0.2222222222222222,1,0.0,1.3157894736842106,25,120.0,3.258096538021482,2.28,5.0,0.0,0.28,0.0,0.3157894736842105,2.5,0.6666666666666666,0.2222222222222222,4.0,1.1086778913041726,2.131346433249389,1.8448894517332408,0.0
1,Villanos,Gaspar Sanz,5,3,IX,Baroque,found,pdf,pdf-20260524T103936Z-3-001/pdf/Villanos by Gaspar Sanz.pdf,,,,verified_pieces/pdf/xml/Villanos by Gaspar Sanz.musicxml,,0.0,0.20588235294117646,3,2.0859375,0.7102272727272727,0.31666666666666665,0.296875,2,0.0,1.372093023255814,177,120.0,5.181783550292085,2.3163841807909606,7.0,0.11864406779661017,0.4011299435028249,1.0,0.27906976744186046,3.2222222222222223,0.5277777777777778,0.2890625,9.0,1.45176861352106,2.5040986117798893,2.1605284102488844,0.0078125
1,Vivace,Adam Falckenhagen,4,2,VII,Baroque,found,pdf,pdf-20260524T103936Z-3-001/pdf/Vivace by Adam Falckenhagen.pdf,,,,verified_pieces/pdf/xml/Vivace by Adam Falckenhagen.musicxml,,0.0,0.391304347826087,3,2.1561338289962824,0.7627118644067796,0.8416289592760181,1.6319702602230484,5,0.0,1.0962962962962963,296,126.0,5.6937321388027,2.141891891891892,5.0,0.060810810810810814,0.3547297297297297,1.0,0.0962962962962963,3.8076923076923075,0.5384615384615384,0.2825278810408922,9.5,1.7120200238360095,2.448637955400724,2.4614574070204105,0.007434944237918215
1,"Vivace, Op. 48 no. 1",Mauro Giuliani,5,3,IX,Classical,found,pdf,pdf-20260524T103936Z-3-001/pdf/Opus 48 No 1 Study in C by Mauro Giuliani.pdf,,,,verified_pieces/pdf/xml/Opus 48 No 1 Study in C by Mauro Giuliani.musicxml,,0.0,0.7419354838709677,2,1.316793893129771,0.6941176470588235,0.8055555555555556,1.381679389312977,5,0.0,1.2954545454545454,171,120.0,5.147494476813453,3.9590643274853803,9.0,0.27485380116959063,0.17543859649122806,2.0,0.24242424242424243,2.28125,0.78125,0.1297709923664122,6.0,0.9927333437893093,3.332017941089633,2.4125530181004686,0.0
1,Volte,Anonymous,2,1,II,Renaissance,found,pdf,pdf-20260524T103936Z-3-001/pdf/Volte by Anonymous.pdf,,,,verified_pieces/pdf/xml/Volte by Anonymous.musicxml,,0.0,0.29411764705882354,1,1.5032679738562091,0.6455696202531646,0.3888888888888889,0.2549019607843137,1,0.0,1.5384615384615385,80,120.0,4.394449154672439,1.825,3.0,0.0125,0.375,1.0,0.36538461538461536,3.263157894736842,0.47368421052631576,0.19607843137254902,3.25,0.8988858972609303,1.9069658478918496,2.054241856752713,0.0
1,Walsingham Galliard,John Dowland,6,3,V,Renaissance,found,pdf,pdf-20260524T103936Z-3-001/pdf/Walsingham (Galliard) by John Dowland.pdf,,,,verified_pieces/pdf/xml/Walsingham (Galliard) by John Dowland.musicxml,,0.014925373134328358,1.4285714285714286,18,1.987218045112782,0.4725274725274725,0.6,0.5789473684210527,4,0.0,2.044776119402985,274,90.0,5.616771097666572,2.6423357664233578,5.700000000000017,0.0948905109489051,0.29927007299270075,3.0,0.5298507462686567,3.436619718309859,0.8873239436619719,0.3609022556390977,10.333333333333334,1.557907427381115,2.7714162015441275,2.492581498898077,0.0
1,Waltz (from Six Divertimentos); Op. 8 no. 2,Fernando Sor,4,2,VII,Classical,found,pdf,pdf-20260524T103936Z-3-001/pdf/Opus 8 No 2 Waltz by Fernando Sor.pdf,,,,verified_pieces/pdf/xml/Opus 8 No 2 Waltz by Fernando Sor.musicxml,,0.0,0.9056603773584906,3,1.7394636015325668,0.47023809523809523,0.4666666666666667,0.367816091954023,3,0.0,1.9204545454545454,169,110.0,5.135798437050262,2.6923076923076925,7.0,0.17751479289940827,0.3905325443786982,2.0,0.625,2.2363636363636363,0.6,0.26436781609195403,6.0,1.4727627467415918,2.8532429465590052,2.166033425974175,0.022988505747126436
1,"Waltz, Op. 241 no. 1",Ferdinando Carulli,1,1,I,Classical,found,pdf,pdf-20260524T103936Z-3-001/pdf/Opus 241 Appendice No 1 by Ferdinando Carulli.pdf,,,,verified_pieces/pdf/xml/Opus 241 Appendice No 1 by Ferdinando Carulli.musicxml,gaps_v1/musicxml/Andantino in G Major by Ferdinando Carulli.xml,0.0,0.7948717948717948,2,1.3559322033898304,0.521505376344086,0.8125,1.4661016949152543,5,0.0,1.5714285714285714,187,120.0,5.236441962829949,1.2192513368983957,3.0,0.0,0.44385026737967914,1.2000000000000028,0.36134453781512604,2.441860465116279,0.5581395348837209,0.16101694915254236,4.5,1.0928343162900986,1.9915923927624806,2.438683780708873,0.06779661016949153
1,"Waltz, Op. 241 no. 24",Ferdinando Carulli,2,1,I,Classical,found,pdf,pdf-20260524T103936Z-3-001/pdf/carulli-op241-24.pdf,,,,verified_pieces/pdf/xml/carulli-op241-24.musicxml,gaps_v1/musicxml/Andantino in G Major by Ferdinando Carulli.xml,0.0,0.6129032258064516,2,1.2735849056603774,0.6312056737588653,0.8695652173913043,1.3773584905660377,5,0.0,1.3271028037383177,142,104.0,4.962844630259907,1.0633802816901408,3.0,0.0,0.4788732394366197,1.0,0.2897196261682243,2.6129032258064515,0.3548387096774194,0.16037735849056603,3.5,0.9036928313077772,1.8671972745468886,2.4420104041824273,0.0
1,"Waltz, Op. 241 no. 4",Ferdinando Carulli,1,1,I,Classical,found,pdf,pdf-20260524T103936Z-3-001/pdf/Opus 241 II Polonaise No 4 by Ferdinando Carulli.pdf,,,,verified_pieces/pdf/xml/Opus 241 II Polonaise No 4 by Ferdinando Carulli.musicxml,gaps_v1/musicxml/Andantino in G Major by Ferdinando Carulli.xml,0.0,0.24,2,5.298148148148148,0.6757990867579908,0.8512396694214877,0.9666666666666667,4,0.0,1.2154696132596685,220,120.0,5.3981627015177525,2.6045454545454545,3.0999999999999943,0.08636363636363636,0.5272727272727272,1.0,0.17679558011049723,2.0,0.71875,0.37777777777777777,22.0,7.741043986617277,2.047635937436242,2.0172531679440744,0.016666666666666666
1,"Waltz, Op. 39 no. 15",Johannes Brahms,7,4,IX,Romantic,found,pdf,pdf-20260524T103936Z-3-001/pdf/Opus 39 No 15 Waltz by Johannes Brahms.pdf,,,,verified_pieces/pdf/xml/Opus 39 No 15 Waltz by Johannes Brahms.musicxml,gaps_v1/musicxml/brahms-op39-no15.xml,0.0,1.103448275862069,3,1.1966666666666665,0.46875,0.5365853658536586,0.55,2,0.0,1.5940594059405941,161,120.0,5.087596335232384,2.1490683229813663,5.0,0.018633540372670808,0.35403726708074534,2.0,0.3465346534653465,3.6,0.5428571428571428,0.14,3.0,0.945568612000208,2.4485499721960213,2.3181086672187865,0.13
1,"Waltz, Op. 39 no. 2",Johannes Brahms,5,3,VII,Romantic,found,pdf,pdf-20260524T103936Z-3-001/pdf/Opus 39 No 2 Waltz by Johannes Brahms.pdf,,,,verified_pieces/pdf/xml/Opus 39 No 2 Waltz by Johannes Brahms.musicxml,gaps_v1/musicxml/brahms-op39-no15.xml,0.0,1.25,3,1.1627906976744187,0.576271186440678,0.5151515151515151,0.8837209302325582,3,0.0,1.367816091954023,119,120.0,4.787491742782046,2.142857142857143,4.0,0.0,0.08403361344537816,2.0,0.3333333333333333,2.793103448275862,0.5172413793103449,0.10465116279069768,4.0,0.9777818408446535,2.2600795820519695,2.4493032954900538,0.16279069767441862
1,"Waltz, Op. 39 no. 9",Johannes Brahms,7,4,X,Romantic,found,pdf,pdf-20260524T103936Z-3-001/pdf/Opus 39 No 9 Waltz by Johannes Brahms.pdf,,,,verified_pieces/pdf/xml/Opus 39 No 9 Waltz by Johannes Brahms.musicxml,gaps_v1/musicxml/brahms-op39-no15.xml,0.011494252873563218,1.0238095238095237,4,2.2635658914728682,0.5942028985507246,1.0,1.255813953488372,4,0.0,1.5977011494252873,139,70.0,4.941642422609304,3.4964028776978417,7.0,0.1510791366906475,0.17266187050359713,2.8999999999999986,0.5172413793103449,2.3555555555555556,0.8666666666666667,0.43023255813953487,8.0,1.836583643834506,3.113767181929582,2.4895583247072532,0.0
1,"Waltz, Op. 51 no. 8",Napoleon Coste,8,4,X,Romantic,found,pdf,pdf-20260524T103936Z-3-001/pdf/Opus 51 No 8 by Napoleon Coste.pdf,,,,verified_pieces/pdf/xml/Opus 51 No 8 by Napoleon Coste.musicxml,,0.0,0.8688524590163934,4,3.0739191073919105,0.6201780415430267,0.6031746031746031,0.6569037656903766,5,0.0,1.4083333333333334,338,144.0,5.82600010738045,2.7189349112426036,5.0,0.0621301775147929,0.31952662721893493,3.0,0.2833333333333333,3.1176470588235294,0.47058823529411764,0.3138075313807531,22.0,4.870009305720869,2.6146757986959144,2.205313166394081,0.03347280334728033
1,"What If a Day, a Month, or a Year",Anonymous,1,1,I,Renaissance,found,pdf,pdf-20260524T103936Z-3-001/pdf/What If A Day Or A Month Or A Year by Anonymous.pdf,,,,verified_pieces/pdf/xml/What If A Day Or A Month Or A Year by Anonymous.musicxml,,0.0,0.4666666666666667,2,1.1928104575163399,0.46601941747572817,0.125,0.2549019607843137,2,0.0,2.0,104,120.0,4.653960350157523,1.1923076923076923,3.0,0.0,0.3942307692307692,1.0,0.5769230769230769,3.2666666666666666,0.5666666666666667,0.0392156862745098,3.0,0.6716501230707276,1.9249508160984496,2.3595967457958262,0.0
1,Wilson's Wilde,Anonymous,2,2,II,Renaissance,found,pdf,pdf-20260524T103936Z-3-001/pdf/Wilsons Wilde by Anonymous.pdf,,,,verified_pieces/pdf/xml/Wilsons Wilde by Anonymous.musicxml,,0.023529411764705882,0.23529411764705882,3,1.4166666666666667,0.5347222222222222,0.5,0.75,5,0.0,1.7058823529411764,145,120.0,4.983606621708336,1.6,4.0,0.006896551724137931,0.38620689655172413,1.0,0.4235294117647059,3.3333333333333335,0.5277777777777778,0.14285714285714285,5.0,1.0799703601654902,2.011990024644322,2.4217401772985805,0.0
1,Zambra Granadina,Isaac Albeniz,17,9,All,Romantic,found,pdf,pdf-20260524T103936Z-3-001/pdf/Opus 92 07 Zambra Granadina by Isaac Albeniz.pdf,,,,verified_pieces/pdf/xml/Opus 92 07 Zambra Granadina by Isaac Albeniz.musicxml,,0.013986013986013986,1.4444444444444444,4,1.8899591360186807,0.4625912408759124,0.32989690721649484,0.3204903677758319,5,0.0,1.917832167832168,1097,72.0,7.001245622069476,3.804010938924339,8.0,0.2041932543299909,0.2315405651777575,2.0,0.44405594405594406,2.8031496062992125,0.39763779527559057,0.28371278458844135,12.0,1.9336205118866585,3.3162219287465824,2.5118347880885796,0.08056042031523643
1,Zarabanda,Gaspar Sanz,4,3,IX,Baroque,found,pdf,pdf-20260524T103936Z-3-001/pdf/Zarabanda by Gaspar Sanz.pdf,,,,verified_pieces/pdf/xml/Zarabanda by Gaspar Sanz.musicxml,,0.0,0.17857142857142858,1,2.0367231638418084,0.5757575757575758,0.5,0.2711864406779661,2,0.0,1.6666666666666667,100,120.0,4.61512051684126,2.48,8.100000000000009,0.16,0.44,1.0,0.4666666666666667,3.25,0.5714285714285714,0.3898305084745763,5.5,1.2186049094128009,2.4277891963226654,2.1454111697168408,0.0
1,"24 Caprices, Op. 1: 5",Niccolo Paganini,20,10,All,Romantic,found,pdf,pdf-20260524T103936Z-3-001/pdf/Caprice 5 In A Minor Op_ 1 by Nicolo Paganini.pdf,,,,verified_pieces/pdf/xml/Caprice 5 In A Minor Op_ 1 by Nicolo Paganini.musicxml,,0.0,0.0,0,1.8501628664495113,0.9011943539630836,0.5939196525515744,0.7003257328990228,5,0.0,1.0,922,168.0,6.827629234502852,7.331887201735358,12.0,0.5672451193058569,0.0010845986984815619,0.0,0.0,0.0,0.0,0.2757871878393051,7.0,1.1813436081380535,3.5054340308644636,2.4910691127642526,0.0
1,Adelita (Mazurka),Francisco Tarrega,6,7,IX,Romantic,found,pdf,pdf-20260524T103936Z-3-001/pdf/Adelita (Mazurka) by Francisco Tarrega.pdf,,,,verified_pieces/pdf/xml/Adelita (Mazurka) by Francisco Tarrega.musicxml,,0.0,0.75,2,2.7378048780487805,0.582089552238806,0.39285714285714285,0.5,2,0.0,1.6265060240963856,135,80.0,4.912654885736052,5.866666666666666,10.0,0.5703703703703704,0.17777777777777778,2.0,0.39759036144578314,3.0303030303030303,0.7272727272727273,0.524390243902439,9.0,2.155424317629291,3.3246907757032225,2.432933751503367,0.036585365853658534
1,Air,Anonymous,4,2,IV,Baroque,found,pdf,pdf-20260524T103936Z-3-001/pdf/Air by Anonymous.pdf,,,,verified_pieces/pdf/xml/Air by Anonymous.musicxml,,0.011235955056179775,0.8888888888888888,2,2.4308712121212124,0.5060975609756098,0.6666666666666666,0.5568181818181818,4,0.0,1.853932584269663,165,120.0,5.111987788356544,1.915151515151515,4.0,0.01818181818181818,0.3212121212121212,2.0,0.42696629213483145,3.526315789473684,0.7894736842105263,0.22727272727272727,21.0,4.046217790437893,2.451854142926553,2.483629493282751,0.011363636363636364
1,"Alborada, Capriccio",Francisco Tarrega,11,6,X,Romantic,found,pdf,pdf-20260524T103936Z-3-001/pdf/tarrega-alborada.pdf,,,,verified_pieces/pdf/xml/tarrega-alborada.musicxml,,0.013513513513513514,0.5180722891566265,3,3.294871794871795,0.6213872832369942,0.39080459770114945,0.26244343891402716,2,0.0,1.563063063063063,347,76.0,5.8522024797744745,5.858789625360231,11.0,0.5389048991354467,0.1988472622478386,2.0,0.3918918918918919,2.9770114942528734,0.4367816091954023,0.4751131221719457,13.75,2.636858065705579,3.325278428371189,2.2629805195791213,0.00904977375565611
1,"Allegretto moderato, Op. 6 no. 11",Fernando Sor,7,3,V,Classical,found,pdf,pdf-20260524T103936Z-3-001/pdf/Opus 6 No 11 in E minor by Fernando Sor.pdf,,,,verified_pieces/pdf/xml/Opus 6 No 11 in E minor by Fernando Sor.musicxml,,0.0,0.5,3,1.4579256360078279,0.7667910447761194,0.9870410367170627,1.5890410958904109,4,0.0,1.048828125,537,90.0,6.2878585601617845,1.690875232774674,4.0,0.00558659217877095,0.2905027932960894,2.0,0.048828125,3.88,0.64,0.10371819960861056,7.0,1.168190097569329,2.2158042687962785,2.337382900323725,0.003913894324853229
1,Allegro,Domenico Scarlatti,8,4,VIII,Baroque,found,pdf,pdf-20260524T103936Z-3-001/pdf/Allegro in A by Domenico Scarlatti.pdf,,,,verified_pieces/pdf/xml/Allegro in A by Domenico Scarlatti.musicxml,,0.0,0.48484848484848486,3,1.828087167070218,0.6697761194029851,0.6369047619047619,0.7554479418886199,5,0.0,1.2971014492753623,537,180.0,6.2878585601617845,2.0,5.0,0.0670391061452514,0.3687150837988827,2.0,0.2971014492753623,2.6991869918699187,0.5447154471544715,0.30024213075060535,10.0,1.5702239849339807,2.5625362287805955,2.3823080213504926,0.021791767554479417
1,Allegro,W. A. Mozart,4,2,II,Classical,found,pdf,pdf-20260524T103936Z-3-001/pdf/Allegro in D by Wolfgang Amadeus Mozart.pdf,,,,verified_pieces/pdf/xml/Allegro in D by Wolfgang Amadeus Mozart.musicxml,,0.0,0.6595744680851063,2,1.695,0.5061728395061729,0.6666666666666666,0.51,2,0.0,1.613861386138614,163,120.0,5.099866427824199,1.9877300613496933,4.0,0.0,0.294478527607362,2.0,0.5742574257425742,1.9827586206896552,0.41379310344827586,0.29,4.0,1.2527868932903155,2.146512014012632,2.192510429027994,0.12
1,Allegro Sinfonico,Agustin Barrios Mandore,14,7,All,Romantic,found,pdf,pdf-20260524T103936Z-3-001/pdf/barrios-sinfonico.pdf,,,,verified_pieces/pdf/xml/barrios-sinfonico.musicxml,,0.00205761316872428,1.426356589147287,4,1.8333333333333333,0.48137931034482756,0.21785714285714286,0.24536082474226803,3,0.0,1.4938271604938271,726,118.0,6.588926477533519,5.24793388429752,12.0,0.3581267217630854,0.18181818181818182,3.0,0.2674897119341564,3.2,0.6538461538461539,0.1958762886597938,21.0,2.74459794312679,3.5902372079697824,2.3530148037756917,0.2618556701030928
1,"Allegro, Op. 100 no. 11",Mauro Giuliani,6,3,V,Classical,found,pdf,pdf-20260524T103936Z-3-001/pdf/Opus 100 No 11 by Mauro Giuliani.pdf,,,,verified_pieces/pdf/xml/Opus 100 No 11 by Mauro Giuliani.musicxml,gaps_v1/musicxml/giuliani-opus100-no11.xml,0.002145922746781116,1.0,4,4.391935483870967,0.6798336798336798,0.9072847682119205,1.7870967741935484,5,0.0,1.0343347639484979,482,110.0,6.180016653652572,2.771784232365145,7.0,0.1037344398340249,0.4896265560165975,1.8999999999999995,0.017167381974248927,2.625,1.0,0.35698924731182796,22.0,6.887931029301609,2.3798928161192037,2.3662971053737896,0.07311827956989247
1,"Allegro, Op. 40 no. 6",Mauro Giuliani,6,3,X,Classical,found,pdf,pdf-20260524T103936Z-3-001/pdf/Divertimento Opus 40 No 6 by Mauro Giuliani.pdf,,,,verified_pieces/pdf/xml/Divertimento Opus 40 No 6 by Mauro Giuliani.musicxml,,0.0,1.0520833333333333,3,2.7111111111111112,0.6056338028169014,0.6197183098591549,0.9511111111111111,5,0.0,1.575221238938053,356,94.0,5.877735781779639,2.705056179775281,7.0,0.12359550561797752,0.33707865168539325,2.0,0.4424778761061947,2.12,0.26,0.4488888888888889,7.5,2.0150820220416725,2.551864069238119,2.0902678085868107,0.017777777777777778
1,"Allegro, Op. 50 no. 13",Mauro Giuliani,1,1,I,Classical,found,pdf,pdf-20260524T103936Z-3-001/pdf/Opus 50 No 13 by Mauro Giuliani.pdf,,,,verified_pieces/pdf/xml/Opus 50 No 13 by Mauro Giuliani.musicxml,,0.006329113924050633,0.3333333333333333,1,2.7372611464968153,0.8414634146341463,0.9675324675324676,1.5286624203821657,5,0.0,1.0443037974683544,165,90.0,5.111987788356544,2.0484848484848484,3.0,0.03636363636363636,0.30303030303030304,0.8,0.0189873417721519,3.3333333333333335,1.0,0.09554140127388536,21.0,5.109454532501546,2.1475146344909644,2.190606709255347,0.03184713375796178
1,"Allegro, Op. 60 no. 20",Matteo Carcassi,7,3,X,Classical,found,pdf,pdf-20260524T103936Z-3-001/pdf/Opus 60 No 20 in A by Matteo Carcassi.pdf,,,,verified_pieces/pdf/xml/Opus 60 No 20 in A by Matteo Carcassi.musicxml,gaps_v1/musicxml/Opus 60 No 7 in A Minor by Matteo Carcassi.xml,0.0,0.0,0,3.896935933147632,0.7688022284122563,0.8440111420612814,1.3426183844011141,5,0.0,1.0,360,180.0,5.8888779583328805,4.111111111111111,10.0,0.28888888888888886,0.3111111111111111,0.0,0.0,0.0,0.0,0.4373259052924791,22.0,5.340544094407208,3.1728240752895265,2.3232691106184946,0.0
1,"Andante Largo, Op. 5 no. 5",Fernando Sor,10,6,VII,Classical,found,pdf,pdf-20260524T103936Z-3-001/pdf/Opus 5 No 5 by Fernando Sor.pdf,,,,verified_pieces/pdf/xml/Opus 5 No 5 by Fernando Sor.musicxml,,0.019569471624266144,1.3726235741444868,4,1.8326797385620914,0.4957081545064378,0.3488372093023256,0.5568627450980392,4,0.0,1.8258317025440314,933,33.0,6.839476438228843,4.672025723472669,9.0,0.37513397642015006,0.1232583065380493,3.0,0.5185909980430529,2.211320754716981,0.37735849056603776,0.3176470588235294,9.0,1.6116489775519904,3.2269556287907792,2.3429027750888545,0.043137254901960784
1,"Andantino Grazioso, Op. 5 no. 8",Matteo Carcassi,4,3,V,Classical,found,dada_gp,,"datasets/DadaGP-v1.1/C/Carcassi, Mateo/Carcassi, Mateo - Andante Grazioso Opus 5 No. 8.gp3.tokens.txt","datasets/DadaGP-v1.1/C/Carcassi, Mateo/Carcassi, Mateo - Andante Grazioso Opus 5 No. 8.gp3",,"verified_pieces/dada/xml/Carcassi, Mateo - Andante Grazioso Opus 5 No. 8.musicxml",,0.0,1.1415929203539823,3,1.8025210084033614,0.5368852459016393,0.390625,0.6840336134453782,4,0.0,1.639261744966443,977,75.0,6.885509670034818,2.4616171954964177,5.0,0.03480040941658137,0.2835209825997953,2.0,0.436241610738255,1.85,0.1076923076923077,0.27058823529411763,7.5,1.4788212914424896,2.6749061101335623,2.252623782976915,0.05042016806722689
1,Armonias de America,Agustin Barrios Mangore,12,8,XII,Romantic,found,pdf,pdf-20260524T103936Z-3-001/pdf/Armonias De America by Agustin Barrios Mangore.pdf,,,,verified_pieces/pdf/xml/Armonias De America by Agustin Barrios Mangore.musicxml,,0.021568627450980392,1.2511415525114156,3,1.6096922069417157,0.5159313725490197,0.4637096774193548,0.3320235756385069,4,0.0,1.6019607843137256,817,112.0,6.706862336602747,5.684210526315789,12.0,0.37454100367197063,0.11627906976744186,2.0,0.4294117647058823,1.5753424657534247,0.4794520547945205,0.1905697445972495,16.0,1.6094470249943658,3.817066457843404,2.1491190435055954,0.12966601178781925
1,"Cadenzas, Caprices, Rondos & Preludes, Op. 100: 1. Cadenze",Mauro Giuliani,1,1,I,Classical,found,pdf,pdf-20260524T103936Z-3-001/pdf/Opus 100 No 1 by Mauro Giuliani.pdf,,,,verified_pieces/pdf/xml/Opus 100 No 1 by Mauro Giuliani.musicxml,gaps_v1/musicxml/giuliani-opus100-no11.xml,0.0,1.0,1,1.4603174603174602,0.890625,0.904,1.1587301587301588,3,0.0,1.015748031496063,129,100.0,4.867534450455582,1.3255813953488371,3.0,0.0,0.3333333333333333,1.0,0.007874015748031496,3.0,1.0,0.16666666666666666,3.0,0.8787689228994544,1.9708195601766882,2.361629217819279,0.007936507936507936
1,"Cadenzas, Caprices, Rondos & Preludes, Op. 100: 10. Capricie",Mauro Giuliani,3,1,II,Classical,found,pdf,pdf-20260524T103936Z-3-001/pdf/Opus 100 No 10 by Mauro Giuliani.pdf,,,,verified_pieces/pdf/xml/Opus 100 No 10 by Mauro Giuliani.musicxml,gaps_v1/musicxml/giuliani-opus100-no11.xml,0.0,1.0,2,1.4812332439678284,0.8143236074270557,1.0,1.646112600536193,5,0.0,1.0106951871657754,378,100.0,5.937536205082426,1.3888888888888888,3.0,0.0,0.3968253968253968,1.8,0.0053475935828877,3.0,1.0,0.17962466487935658,5.0,1.0111557805903997,2.093167687297743,2.362098422932567,0.0
1,"Cadenzas, Caprices, Rondos & Preludes, Op. 100: 11. Capricie",Mauro Giuliani,6,3,V,Classical,found,pdf,pdf-20260524T103936Z-3-001/pdf/giuliani-opus100-no11.pdf,,,,verified_pieces/pdf/xml/giuliani-opus100-no11.musicxml,gaps_v1/musicxml/giuliani-opus100-no11.xml,0.0,0.4117647058823529,2,1.6677083333333333,0.7689393939393939,0.9852216748768473,1.8,5,0.0,1.099585062240664,265,112.0,5.583496308781699,1.649056603773585,4.0,0.01509433962264151,0.3584905660377358,1.0,0.08298755186721991,1.45,0.75,0.225,5.0,1.1767048617207385,2.3482242166097365,2.448608438386715,0.0
1,"Cadenzas, Caprices, Rondos & Preludes, Op. 100: 12. Capricie",Mauro Giuliani,7,5,VII,Classical,found,pdf,pdf-20260524T103936Z-3-001/pdf/Opus 100 No 12 by Mauro Giuliani.pdf,,,,verified_pieces/pdf/xml/Opus 100 No 12 by Mauro Giuliani.musicxml,gaps_v1/musicxml/giuliani-opus100-no11.xml,0.0,0.0,0,3.1693386773547094,0.7549800796812749,0.9196787148594378,1.0240480961923848,3,0.0,1.006,503,90.0,6.222576268071369,3.0636182902584492,5.0,0.0775347912524851,0.294234592445328,0.0,0.002,5.0,1.0,0.23446893787575152,22.0,5.628253391239511,2.6520673960161525,2.1360401948194117,0.03807615230460922
1,"Cadenzas, Caprices, Rondos & Preludes, Op. 100: 13. Capricie",Mauro Giuliani,8,5,XII,Classical,found,pdf,pdf-20260524T103936Z-3-001/pdf/Opus 100 No 13 by Mauro Giuliani.pdf,,,,verified_pieces/pdf/xml/Opus 100 No 13 by Mauro Giuliani.musicxml,gaps_v1/musicxml/giuliani-opus100-no11.xml,0.0,0.8214285714285714,2,4.768167456556082,0.7397849462365591,0.6910994764397905,1.1445497630331753,5,0.0,1.1016548463356974,466,160.0,6.1463292576688975,3.4055793991416308,9.0,0.15879828326180256,0.40987124463519314,2.0,0.06855791962174941,1.896551724137931,0.4827586206896552,0.31990521327014215,22.0,7.26883068574621,2.723803828562692,2.285641923998948,0.04739336492890995
1,"Cadenzas, Caprices, Rondos & Preludes, Op. 100: 14. Capricie",Mauro Giuliani,7,4,VII,Classical,found,pdf,pdf-20260524T103936Z-3-001/pdf/Opus 100 No 14 by Mauro Giuliani.pdf,,,,verified_pieces/pdf/xml/Opus 100 No 14 by Mauro Giuliani.musicxml,gaps_v1/musicxml/giuliani-opus100-no11.xml,0.0,1.5,3,1.6311475409836065,0.7432675044883303,0.9052044609665427,1.058287795992714,3,0.0,1.0145454545454546,558,120.0,6.326149473155099,2.6344086021505375,7.0,0.11827956989247312,0.3118279569892473,2.5,0.01090909090909091,1.3333333333333333,1.0,0.16029143897996356,7.0,1.6857148532815682,2.7180709865005968,2.395670273227881,0.07832422586520947
1,"Cadenzas, Caprices, Rondos & Preludes, Op. 100: 15. Rondo",Mauro Giuliani,5,3,V,Classical,found,pdf,pdf-20260524T103936Z-3-001/pdf/Opus 100 No 15 by Mauro Giuliani.pdf,,,,verified_pieces/pdf/xml/Opus 100 No 15 by Mauro Giuliani.musicxml,gaps_v1/musicxml/giuliani-opus100-no11.xml,0.0,0.4473684210526316,2,2.444877505567929,0.6720647773279352,0.9234828496042217,1.4521158129175946,5,0.0,1.1,495,120.0,6.206575926724928,1.898989898989899,3.0,0.03838383838383838,0.39191919191919194,1.0,0.08666666666666667,2.871794871794872,0.46153846153846156,0.1759465478841871,22.0,4.488906394077484,2.1933305204753752,2.3512493056418053,0.026726057906458798
1,"Cadenzas, Caprices, Rondos & Preludes, Op. 100: 16. Rondo",Mauro Giuliani,6,2,VIII,Classical,found,pdf,pdf-20260524T103936Z-3-001/pdf/Opus 100 No 16 by Mauro Giuliani.pdf,,,,verified_pieces/pdf/xml/Opus 100 No 16 by Mauro Giuliani.musicxml,gaps_v1/musicxml/giuliani-opus100-no11.xml,0.0,0.6153846153846154,2,1.8341557017543861,0.7370466321243523,0.6888888888888889,0.9802631578947368,5,0.0,1.2692939244663382,773,90.0,6.651571873589727,1.4618369987063389,3.0,0.007761966364812419,0.40620957309184996,2.0,0.24630541871921183,2.953333333333333,0.24,0.26973684210526316,22.0,1.6606867116984874,2.1782263018402297,2.44079707176722,0.001644736842105263
1,"Cadenzas, Caprices, Rondos & Preludes, Op. 100: 17. Preludi",Mauro Giuliani,11,4,X,Classical,found,pdf,pdf-20260524T103936Z-3-001/pdf/Opus 100 No 17 by Mauro Giuliani.pdf,,,,verified_pieces/pdf/xml/Opus 100 No 17 by Mauro Giuliani.musicxml,gaps_v1/musicxml/giuliani-opus100-no11.xml,0.013513513513513514,1.0,2,2.180365296803653,0.7333333333333333,0.5344827586206896,0.6301369863013698,5,0.0,1.2297297297297298,91,70.0,4.5217885770490405,3.230769230769231,7.0,0.16483516483516483,0.1978021978021978,2.0,0.10810810810810811,2.375,1.0,0.3150684931506849,13.0,2.295270669543555,3.053276612040158,2.281272076666093,0.0
1,"Cadenzas, Caprices, Rondos & Preludes, Op. 100: 18. Preludi",Mauro Giuliani,10,4,VIII,Classical,found,pdf,pdf-20260524T103936Z-3-001/pdf/Opus 100 No 18 by Mauro Giuliani.pdf,,,,verified_pieces/pdf/xml/Opus 100 No 18 by Mauro Giuliani.musicxml,gaps_v1/musicxml/giuliani-opus100-no11.xml,0.005681818181818182,1.0,2,1.6070204081632655,0.8064516129032258,0.8362573099415205,1.3771428571428572,4,0.0,1.0625,187,90.0,5.236441962829949,2.235294117647059,5.0,0.09090909090909091,0.2994652406417112,1.8,0.017045454545454544,2.6666666666666665,1.0,0.18857142857142858,9.0,1.2752726740464226,2.7654627347575578,2.3792909750935296,0.011428571428571429
1,"Cadenzas, Caprices, Rondos & Preludes, Op. 100: 19. Preludi",Mauro Giuliani,9,4,VII,Classical,found,pdf,pdf-20260524T103936Z-3-001/pdf/Opus 100 No 19 by Mauro Giuliani.pdf,,,,verified_pieces/pdf/xml/Opus 100 No 19 by Mauro Giuliani.musicxml,gaps_v1/musicxml/giuliani-opus100-no11.xml,0.0,0.09090909090909091,1,2.027927927927928,0.8465346534653465,0.6211180124223602,0.6864864864864865,3,0.0,1.0913978494623655,203,100.0,5.318119993844216,3.7241379310344827,8.0,0.3399014778325123,0.2660098522167488,0.0,0.06989247311827956,2.3076923076923075,0.6923076923076923,0.3027027027027027,10.0,1.545399323760914,3.007289249535587,2.2331739947632148,0.005405405405405406
1,"Cadenzas, Caprices, Rondos & Preludes, Op. 100: 2. Cadenze",Mauro Giuliani,13,2,III,Classical,found,pdf,pdf-20260524T103936Z-3-001/pdf/Opus 100 No 2 by Mauro Giuliani.pdf,,,,verified_pieces/pdf/xml/Opus 100 No 2 by Mauro Giuliani.musicxml,gaps_v1/musicxml/giuliani-opus100-no11.xml,0.0,0.0,0,1.206140350877193,0.6753246753246753,1.0,1.2763157894736843,3,0.0,1.0131004366812226,232,130.0,5.4510384535657,1.6163793103448276,4.0,0.0,0.4051724137931034,0.0,0.004366812227074236,5.0,1.0,0.12280701754385964,4.0,1.0705618370595404,2.243083390858185,2.268069320566532,0.0
1,"Cadenzas, Caprices, Rondos & Preludes, Op. 100: 20. Preludi",Mauro Giuliani,10,3,IV,Classical,found,pdf,pdf-20260524T103936Z-3-001/pdf/Opus 100 No 20 by Mauro Giuliani.pdf,,,,verified_pieces/pdf/xml/Opus 100 No 20 by Mauro Giuliani.musicxml,gaps_v1/musicxml/giuliani-opus100-no11.xml,0.0,0.0,0,1.7619047619047619,0.7007299270072993,0.6666666666666666,0.8650793650793651,4,0.0,1.0866141732283465,138,90.0,4.9344739331306915,1.826086956521739,5.0,0.036231884057971016,0.41304347826086957,0.0,0.031496062992125984,2.75,0.75,0.2777777777777778,7.0,1.4595408563010122,2.4540844287649732,2.2985189719648433,0.03968253968253968
1,"Cadenzas, Caprices, Rondos & Preludes, Op. 100: 21. Preludi",Mauro Giuliani,10,4,XIV,Classical,found,pdf,pdf-20260524T103936Z-3-001/pdf/Opus 100 No 21 by Mauro Giuliani.pdf,,,,verified_pieces/pdf/xml/Opus 100 No 21 by Mauro Giuliani.musicxml,gaps_v1/musicxml/giuliani-opus100-no11.xml,0.01020408163265306,1.7777777777777777,3,2.0446735395189006,0.7155172413793104,0.6705882352941176,0.8247422680412371,5,0.0,1.1938775510204083,117,90.0,4.770684624465665,3.2564102564102564,7.0,0.18803418803418803,0.23931623931623933,3.0,0.09183673469387756,3.3333333333333335,1.0,0.24742268041237114,15.0,2.1360532843074505,2.98262538364988,2.395816154425265,0.0
1,"Cadenzas, Caprices, Rondos & Preludes, Op. 100: 22. Preludi",Mauro Giuliani,4,3,I,Classical,found,pdf,pdf-20260524T103936Z-3-001/pdf/Opus 100 No 22 by Mauro Giuliani.pdf,,,,verified_pieces/pdf/xml/Opus 100 No 22 by Mauro Giuliani.musicxml,gaps_v1/musicxml/giuliani-opus100-no11.xml,0.003861003861003861,3.6,9,2.318733850129199,0.781021897810219,0.9132231404958677,1.3449612403100775,3,0.0,1.0617760617760619,275,100.0,5.62040086571715,2.4909090909090907,3.0,0.07272727272727272,0.09090909090909091,9.0,0.03861003861003861,2.9,0.7,0.19767441860465115,20.0,3.0894272538609737,2.144436782224954,2.0250819410214733,0.06976744186046512
1,"Cadenzas, Caprices, Rondos & Preludes, Op. 100: 23. Preludi",Mauro Giuliani,7,3,V,Classical,found,pdf,pdf-20260524T103936Z-3-001/pdf/Opus 100 No 23 by Mauro Giuliani.pdf,,,,verified_pieces/pdf/xml/Opus 100 No 23 by Mauro Giuliani.musicxml,gaps_v1/musicxml/giuliani-opus100-no11.xml,0.0,1.25,3,2.2513636363636365,0.696165191740413,0.9907407407407407,1.5333333333333334,5,0.0,1.027190332326284,340,100.0,5.831882477283517,2.9411764705882355,7.0,0.10588235294117647,0.3088235294117647,2.7,0.012084592145015106,2.25,1.0,0.22121212121212122,22.0,3.4949452184390255,2.64380190932067,2.347254156834164,0.006060606060606061
1,"Cadenzas, Caprices, Rondos & Preludes, Op. 100: 24. Preludi",Mauro Giuliani,10,4,IX,Classical,found,pdf,pdf-20260524T103936Z-3-001/pdf/Opus 100 No 24 by Mauro Giuliani.pdf,,,,verified_pieces/pdf/xml/Opus 100 No 24 by Mauro Giuliani.musicxml,gaps_v1/musicxml/giuliani-opus100-no11.xml,0.0022471910112359553,0.22727272727272727,3,1.5808558558558559,0.6145833333333334,0.8240963855421687,1.222972972972973,5,0.0,1.0808988764044944,481,130.0,6.1779441140506,2.1683991683991684,4.0,0.056133056133056136,0.31392931392931395,0.9000000000000021,0.04943820224719101,1.9090909090909092,0.3181818181818182,0.11711711711711711,22.0,2.8148055831507084,2.5412632579543226,2.409674581794147,0.09684684684684684
1,"Cadenzas, Caprices, Rondos & Preludes, Op. 100: 3. Cadenze",Mauro Giuliani,2,2,III,Classical,found,pdf,pdf-20260524T103936Z-3-001/pdf/Opus 100 No 3 by Mauro Giuliani.pdf,,,,verified_pieces/pdf/xml/Opus 100 No 3 by Mauro Giuliani.musicxml,gaps_v1/musicxml/giuliani-opus100-no11.xml,0.020100502512562814,2.0,3,1.1180555555555556,0.6733870967741935,1.0,1.2323232323232323,3,0.0,1.2512562814070352,249,130.0,5.521460917862246,2.9718875502008033,4.0,0.0,0.03614457831325301,3.0,0.05025125628140704,2.5,0.6,0.025252525252525252,4.0,0.794869363477036,2.002826027040669,2.107596245542855,0.0
1,"Cadenzas, Caprices, Rondos & Preludes, Op. 100: 4. Cadenze",Mauro Giuliani,4,2,II,Classical,found,pdf,pdf-20260524T103936Z-3-001/pdf/Opus 100 No 4 by Mauro Giuliani.pdf,,,,verified_pieces/pdf/xml/Opus 100 No 4 by Mauro Giuliani.musicxml,gaps_v1/musicxml/giuliani-opus100-no11.xml,0.05128205128205128,0.782608695652174,3,1.3480392156862746,0.5352798053527981,1.0,1.7941176470588236,5,0.0,1.5091575091575091,412,110.0,6.023447592961033,1.9344660194174756,4.0,0.0,0.17718446601941748,2.0,0.25274725274725274,2.0434782608695654,0.2608695652173913,0.19852941176470587,4.0,1.0640191155241019,2.0430579609769506,2.370300769646202,0.0
1,"Cadenzas, Caprices, Rondos & Preludes, Op. 100: 5. Cadenze",Mauro Giuliani,3,3,IV,Classical,found,pdf,pdf-20260524T103936Z-3-001/pdf/Opus 100 No 5 by Mauro Giuliani.pdf,,,,verified_pieces/pdf/xml/Opus 100 No 5 by Mauro Giuliani.musicxml,gaps_v1/musicxml/giuliani-opus100-no11.xml,0.0,1.0,2,1.078416149068323,0.6697247706422018,1.0,1.3322981366459627,3,0.0,1.0154798761609907,328,110.0,5.796057750765372,2.176829268292683,4.0,0.006097560975609756,0.20426829268292682,1.8,0.009287925696594427,2.3333333333333335,1.0,0.09006211180124224,4.0,1.0024542743494926,2.4425704299059787,2.2253455028235996,0.0
1,"Cadenzas, Caprices, Rondos & Preludes, Op. 100: 6. Cadenze",Mauro Giuliani,5,2,II,Classical,found,pdf,pdf-20260524T103936Z-3-001/pdf/Opus 100 No 6 by Mauro Giuliani.pdf,,,,verified_pieces/pdf/xml/Opus 100 No 6 by Mauro Giuliani.musicxml,gaps_v1/musicxml/giuliani-opus100-no11.xml,0.0,2.0,2,0.89375,0.5761316872427984,0.7824267782426778,0.925,3,0.0,1.012448132780083,244,110.0,5.501258210544727,1.778688524590164,3.0,0.0,0.15163934426229508,2.0,0.004149377593360996,3.0,1.0,0.020833333333333332,3.0,0.8697236749872532,1.9491532793657087,2.3409484507061498,0.19166666666666668
1,"Cadenzas, Caprices, Rondos & Preludes, Op. 100: 7. Cadenze",Mauro Giuliani,4,2,III,Classical,found,pdf,pdf-20260524T103936Z-3-001/pdf/Opus 100 No 7 by Mauro Giuliani.pdf,,,,verified_pieces/pdf/xml/Opus 100 No 7 by Mauro Giuliani.musicxml,gaps_v1/musicxml/giuliani-opus100-no11.xml,0.0025974025974025974,0.0,0,1.0625,0.5891472868217055,1.0,1.3697916666666667,3,0.0,1.0077922077922077,388,110.0,5.963579343618446,2.5902061855670104,4.0,0.0,0.07989690721649484,0.0,0.0025974025974025974,5.0,1.0,0.11979166666666667,5.0,1.134795319283027,2.0487577840579996,1.9324060025562864,0.0
1,"Cadenzas, Caprices, Rondos & Preludes, Op. 100: 8. Cadenze",Mauro Giuliani,5,2,IV,Classical,found,pdf,pdf-20260524T103936Z-3-001/pdf/Opus 100 No 8 by Mauro Giuliani.pdf,,,,verified_pieces/pdf/xml/Opus 100 No 8 by Mauro Giuliani.musicxml,gaps_v1/musicxml/giuliani-opus100-no11.xml,0.0,0.0,0,1.3489583333333333,0.8645833333333334,0.9895833333333334,1.1875,4,0.0,1.0,193,160.0,5.267858159063328,3.05699481865285,5.0,0.0,0.06735751295336788,0.0,0.0,0.0,0.0,0.06770833333333333,4.0,0.8342280353300023,2.388501041702455,2.291163748793297,0.0
1,"Cadenzas, Caprices, Rondos & Preludes, Op. 100: 9. Cadenze",Mauro Giuliani,4,3,IV,Classical,found,pdf,pdf-20260524T103936Z-3-001/pdf/Opus 100 No 9 by Mauro Giuliani.pdf,,,,verified_pieces/pdf/xml/Opus 100 No 9 by Mauro Giuliani.musicxml,gaps_v1/musicxml/giuliani-opus100-no11.xml,0.0037735849056603774,0.0,0,1.0416666666666667,0.6666666666666666,1.0,1.1704545454545454,3,0.0,1.0113207547169811,268,140.0,5.594711379601839,3.16044776119403,6.0,0.0,0.048507462686567165,0.0,0.0037735849056603774,5.0,1.0,0.06818181818181818,3.0,0.9098402845743551,2.560056390005771,2.1771302783717656,0.0
1,Carora (Valse Venezolano),Antonio Lauro,14,7,All,Modern,found,dada_gp,,"datasets/DadaGP-v1.1/L/Lauro, Antonio/Lauro, Antonio - Carora (Valse Venezolano).gp4.tokens.txt","datasets/DadaGP-v1.1/L/Lauro, Antonio/Lauro, Antonio - Carora (Valse Venezolano).gp4",,"verified_pieces/dada/xml/Lauro, Antonio - Carora (Valse Venezolano).musicxml",,0.03557312252964427,0.7101449275362319,4,2.2566137566137567,0.6153846153846154,0.7611940298507462,1.0595238095238095,5,0.0681818181818181,1.391304347826087,352,160.0,5.8664680569332965,3.9375,10.0,0.25,0.23579545454545456,2.0,0.2727272727272727,2.4927536231884058,0.7681159420289855,0.2976190476190476,14.0,2.5843274067634456,3.400507392794325,2.485082845548422,0.007936507936507936
1,Dance of the Reed Flutes (from The Nutcracker); Op. 71,Peter Ilyitch Tchaikovsky,5,3,III,Romantic,found,pdf,pdf-20260524T103936Z-3-001/pdf/Waltz Of The Flowers From The Nutcracker Ballet (Opus 71) by Pyotr Ilyich Tchaikovsky.pdf,,,,verified_pieces/pdf/xml/Waltz Of The Flowers From The Nutcracker Ballet (Opus 71) by Pyotr Ilyich Tchaikovsky.musicxml,,0.01834862385321101,1.5405405405405406,3,1.7327188940092166,0.6242038216560509,0.4057971014492754,0.3778801843317972,3,0.0,1.444954128440367,315,160.0,5.755742213586912,3.184126984126984,7.0,0.19365079365079366,0.20952380952380953,3.0,0.1834862385321101,2.425,0.45,0.2626728110599078,6.0,1.130779915339127,3.101069494942022,2.126034926861814,0.0
1,Dedicatoria,Enrique Granados,7,6,IX,Romantic,found,pdf,pdf-20260524T103936Z-3-001/pdf/granados-dedicatoria.pdf,,,,verified_pieces/pdf/xml/granados-dedicatoria.musicxml,,0.0,0.5714285714285714,4,2.6013333333333333,0.6666666666666666,0.9464285714285714,1.12,3,0.0,1.2936507936507937,163,55.0,5.099866427824199,5.975460122699387,10.0,0.5521472392638037,0.1656441717791411,2.0,0.2777777777777778,3.2285714285714286,0.5714285714285714,0.472,9.0,2.0655799293284303,3.2539359102467182,2.4426321167488787,0.0
1,Dinora,Agustin Barrios Mangore,7,7,XII,Romantic,found,pdf,pdf-20260524T103936Z-3-001/pdf/barrios-dinora.pdf,,,,verified_pieces/pdf/xml/barrios-dinora.musicxml,,0.02843601895734597,1.3465346534653466,4,1.9388888888888889,0.5384615384615384,0.4657534246575342,0.5571428571428572,5,0.0,1.6682464454976302,352,120.0,5.8664680569332965,5.332386363636363,10.0,0.38920454545454547,0.08806818181818182,3.0,0.4786729857819905,2.396039603960396,0.7227722772277227,0.24761904761904763,14.0,1.8573558418095486,3.5086371806277064,2.405650273929969,0.03333333333333333
1,Divagaciones Criollas,Agustin Barrios Mandore,7,5,VII,Romantic,found,pdf,pdf-20260524T103936Z-3-001/pdf/barrios-criollas.pdf,,,,verified_pieces/pdf/xml/barrios-criollas.musicxml,,0.014553014553014554,1.0308641975308641,4,1.8347222222222221,0.5308641975308642,0.5220883534136547,0.8708333333333333,5,0.0,1.686070686070686,811,120.0,6.699500340161678,3.4858199753390875,8.0,0.26633785450061653,0.26633785450061653,3.0,0.3575883575883576,2.395348837209302,0.4418604651162791,0.2625,9.5,1.5231281519570015,3.070456943986124,2.5156621152703824,0.052083333333333336
1,"Ecossaise, Op. 33 no. 11",Mauro Giuliani,2,2,II,Classical,found,pdf,pdf-20260524T103936Z-3-001/pdf/Ecossaise by Mauro Giuliani.pdf,,,,verified_pieces/pdf/xml/Ecossaise by Mauro Giuliani.musicxml,,0.0,0.3888888888888889,2,1.253968253968254,0.6823529411764706,0.8,0.8571428571428571,2,0.0,1.34375,86,90.0,4.465908118654584,1.0116279069767442,3.0,0.0,0.46511627906976744,1.3000000000000007,0.34375,2.727272727272727,0.45454545454545453,0.1746031746031746,3.0,0.9464764055663389,1.8347483546246572,2.3278162709016974,0.0
1,Einleitende Etuden (Introductory Studies); Op. 60 no. 12,Fernando Sor,4,2,V,Classical,found,pdf,pdf-20260524T103936Z-3-001/pdf/Opus 60 No 12 in G Major by Fernando Sor.pdf,,,,verified_pieces/pdf/xml/Opus 60 No 12 in G Major by Fernando Sor.musicxml,,0.0,0.4166666666666667,3,3.036697247706422,0.6785714285714286,0.6031746031746031,0.6330275229357798,4,0.0,1.2818181818181817,141,120.0,4.955827057601261,2.6666666666666665,5.0,0.06382978723404255,0.3262411347517731,1.0,0.2818181818181818,2.064516129032258,0.7741935483870968,0.3761467889908257,19.0,4.764021517419163,2.548018617720464,2.1523147923467465,0.06422018348623854
1,Elogio De La Danza,Leo Brouwer,9,8,X,Modern,found,pdf,pdf-20260524T103936Z-3-001/pdf/Eligio De La Danza by Leo Brouwer.pdf,,,,verified_pieces/pdf/xml/Eligio De La Danza by Leo Brouwer.musicxml,,0.0,0.6031746031746031,3,1.8504901960784315,0.49209486166007904,0.48598130841121495,0.7377450980392157,5,0.0,1.2396088019559903,507,49.0,6.230481447578482,3.439842209072978,9.0,0.2445759368836292,0.3806706114398422,3.0,0.16136919315403422,1.7575757575757576,0.12121212121212122,0.25980392156862747,12.0,2.519614185160249,2.9464836438579414,2.4926126196132015,0.3480392156862745
1,Estilo (Chinita),Agustin Barrios Mandore,7,5,VIII,Romantic,found,pdf,pdf-20260524T103936Z-3-001/pdf/barrios-estilo.pdf,,,,verified_pieces/pdf/xml/barrios-estilo.musicxml,,0.0,1.449438202247191,3,1.504409171075838,0.5290519877675841,0.3064516129032258,0.4656084656084656,3,0.0,1.7263157894736842,328,90.0,5.796057750765372,3.8109756097560976,7.0,0.11585365853658537,0.10975609756097561,3.0,0.46842105263157896,2.5280898876404496,0.6179775280898876,0.21693121693121692,7.75,1.2959013603713914,3.0763344255870093,2.385073215918682,0.047619047619047616
1,Estudios Sencillos: V,Leo Brouwer,3,3,I,Modern,found,pdf,pdf-20260524T103936Z-3-001/pdf/Estudios Sencillos (Study No 5) by Leo Brouwer.pdf,,,,verified_pieces/pdf/xml/Estudios Sencillos (Study No 5) by Leo Brouwer.musicxml,gaps_v1/musicxml/brouwer-etude6.xml,0.0,2.972972972972973,5,1.7572463768115942,0.559322033898305,0.8133333333333334,1.434782608695652,4,0.0,1.2805755395683454,178,92.0,5.187385805840755,2.331460674157303,6.0,0.0898876404494382,0.3202247191011236,5.0,0.2805755395683453,1.0,0.1794871794871795,0.32608695652173914,5.5,1.8535468420895669,2.323049465932751,2.3292038814953147,0.14492753623188406
1,Estudios Sencillos: VI,Leo Brouwer,6,5,X,Modern,found,pdf,pdf-20260524T103936Z-3-001/pdf/Estudios Sencillos (Study No 6) by Leo Brouwer.pdf,,,,verified_pieces/pdf/xml/Estudios Sencillos (Study No 6) by Leo Brouwer.musicxml,gaps_v1/musicxml/brouwer-etude6.xml,0.0,0.0,0,2.730337078651685,0.7191011235955056,0.949438202247191,1.4943820224719102,5,0.0,1.0,179,120.0,5.19295685089021,2.653631284916201,6.0,0.0893854748603352,0.4245810055865922,0.0,0.0,0.0,0.0,0.3089887640449438,22.0,3.704731396179574,2.6657821600491607,2.4376976860104245,0.03932584269662921
1,Estudios Sencillos: VII,Leo Brouwer,6,4,IV,Modern,found,pdf,pdf-20260524T103936Z-3-001/pdf/Estudios Sencillos (Study No 7) by Leo Brouwer.pdf,,,,verified_pieces/pdf/xml/Estudios Sencillos (Study No 7) by Leo Brouwer.musicxml,gaps_v1/musicxml/brouwer-etude6.xml,0.0,2.0,2,1.8304093567251463,0.5170454545454546,0.2037037037037037,0.4093567251461988,5,0.0,1.0290697674418605,177,180.0,5.181783550292085,3.2033898305084745,7.0,0.11299435028248588,0.3107344632768362,2.0,0.029069767441860465,2.0,0.2,0.391812865497076,7.0,2.1576490771275596,2.603708674684537,2.44982107720777,0.43859649122807015
1,Estudios Sencillos: VIII,Leo Brouwer,7,3,II,Modern,found,pdf,pdf-20260524T103936Z-3-001/pdf/Estudios Sencillos (Study No 8) by Leo Brouwer.pdf,,,,verified_pieces/pdf/xml/Estudios Sencillos (Study No 8) by Leo Brouwer.musicxml,gaps_v1/musicxml/brouwer-etude6.xml,0.0,1.0,3,1.9270833333333333,0.759493670886076,0.944,1.6458333333333333,4,0.0,1.096551724137931,159,120.0,5.075173815233827,1.7044025157232705,3.0,0.0,0.4025157232704403,2.8000000000000007,0.0896551724137931,1.4615384615384615,0.6923076923076923,0.4722222222222222,4.5,1.210441766808025,1.9382575519455099,2.3406421287720587,0.006944444444444444
1,Estudios Sencillos: X,Leo Brouwer,6,4,I,Modern,found,pdf,pdf-20260524T103936Z-3-001/pdf/Estudios Sencillos (Study No 10) by Leo Brouwer.pdf,,,,verified_pieces/pdf/xml/Estudios Sencillos (Study No 10) by Leo Brouwer.musicxml,gaps_v1/musicxml/brouwer-etude6.xml,0.0,0.0,0,1.7905759162303665,0.7980295566502463,0.425414364640884,0.6910994764397905,5,0.0,1.0625,204,90.0,5.3230099791384085,1.7598039215686274,4.0,0.00980392156862745,0.3235294117647059,0.0,0.041666666666666664,2.0,0.375,0.193717277486911,22.0,3.1270003328962184,2.294127401998653,2.4285373889261974,0.03664921465968586
1,Estudios Sencillos: XI,Leo Brouwer,7,5,V,Modern,found,pdf,pdf-20260524T103936Z-3-001/pdf/Estudios Sencillos (Study No 11) by Leo Brouwer.pdf,,,,verified_pieces/pdf/xml/Estudios Sencillos (Study No 11) by Leo Brouwer.musicxml,gaps_v1/musicxml/brouwer-etude6.xml,0.0,0.6666666666666666,2,2.194915254237288,0.7091633466135459,0.7674418604651163,1.2457627118644068,5,0.0,1.0632911392405062,252,100.0,5.53338948872752,2.1547619047619047,5.0,0.047619047619047616,0.38492063492063494,2.0,0.05485232067510549,1.8461538461538463,0.5384615384615384,0.3559322033898305,22.0,2.875255256395217,2.5233365886997294,2.435122344421079,0.046610169491525424
1,Estudios Sencillos: XII,Leo Brouwer,5,3,III,Modern,found,pdf,pdf-20260524T103936Z-3-001/pdf/Etude 12 by Leo Brouwer.pdf,,,,verified_pieces/pdf/xml/Etude 12 by Leo Brouwer.musicxml,gaps_v1/musicxml/brouwer-etude6.xml,0.0,1.0357142857142858,3,1.716867469879518,0.5882352941176471,1.0,1.2409638554216869,4,0.0,1.4285714285714286,120,80.0,4.795790545596741,1.4416666666666667,3.0,0.0,0.4083333333333333,2.0,0.3333333333333333,2.1785714285714284,0.7142857142857143,0.26506024096385544,5.0,1.3003539163385374,2.223128965515935,2.2821404750004217,0.0
1,Estudios Sencillos: XIII,Leo Brouwer,7,4,II,Modern,found,pdf,pdf-20260524T103936Z-3-001/pdf/Estudio 13 by Leo Brouwer.pdf,,,,verified_pieces/pdf/xml/Estudio 13 by Leo Brouwer.musicxml,gaps_v1/musicxml/brouwer-etude6.xml,0.010638297872340425,0.9652777777777778,3,2.12,0.4748322147651007,0.3684210526315789,0.4,5,0.0,1.5877659574468086,597,180.0,6.393590753950631,2.4120603015075375,4.0,0.03015075376884422,0.2914572864321608,1.0,0.5638297872340425,1.2641509433962264,0.0660377358490566,0.48533333333333334,12.0,2.0110362171444516,2.3000459293921405,2.3097097698548046,0.2
1,Estudios Sencillos: XIV,Leo Brouwer,9,4,II,Modern,found,pdf,pdf-20260524T103936Z-3-001/pdf/Estudio Sencillos No 14 by Leo Brouwer.pdf,,,,verified_pieces/pdf/xml/Estudio Sencillos No 14 by Leo Brouwer.musicxml,gaps_v1/musicxml/brouwer-etude6.xml,0.0,0.7672413793103449,1,2.174721189591078,0.5271867612293144,0.35106382978723405,0.5390334572490706,5,0.0,1.5703703703703704,424,160.0,6.052089168924417,2.4764150943396226,5.0,0.01650943396226415,0.28537735849056606,1.0,0.5703703703703704,1.025974025974026,0.07142857142857142,0.4275092936802974,7.0,1.3637474393737958,2.37887427452974,2.0155289721833936,0.14869888475836432
1,Estudios Sencillos: XIX,Leo Brouwer,8,4,V,Modern,found,pdf,pdf-20260524T103936Z-3-001/pdf/Estudios Sencillos (Study No 19) by Leo Brouwer.pdf,,,,verified_pieces/pdf/xml/Estudios Sencillos (Study No 19) by Leo Brouwer.musicxml,gaps_v1/musicxml/brouwer-etude6.xml,0.09900990099009901,0.9154929577464789,3,1.3320895522388059,0.31040564373897706,1.0,0.32338308457711445,3,0.0,2.8118811881188117,568,100.0,6.343880434126331,2.334507042253521,5.0,0.051056338028169015,0.3362676056338028,2.0,0.7128712871287128,3.111111111111111,0.24305555555555555,0.19402985074626866,5.833333333333333,0.8578273239969476,2.4206533416359917,2.349300423503628,0.0845771144278607
1,Estudios Sencillos: XVI,Leo Brouwer,9,4,III,Modern,found,pdf,pdf-20260524T103936Z-3-001/pdf/Estudio Sencillos No 16 by Leo Brouwer.pdf,,,,verified_pieces/pdf/xml/Estudio Sencillos No 16 by Leo Brouwer.musicxml,gaps_v1/musicxml/brouwer-etude6.xml,0.0,0.8888888888888888,2,2.4887307236061686,0.8203389830508474,0.6893939393939394,0.9715302491103203,4,0.0,1.049645390070922,296,60.0,5.6937321388027,2.364864864864865,5.0,0.030405405405405407,0.375,2.0,0.03546099290780142,3.2,0.3,0.3167259786476868,22.0,3.4240577017578846,2.5152586842562403,2.4941021096902443,0.03558718861209965
1,Estudios Sencillos: XVII,Leo Brouwer,9,5,VII,Modern,found,pdf,pdf-20260524T103936Z-3-001/pdf/Etude 17 by Leo Brouwer.pdf,,,,verified_pieces/pdf/xml/Etude 17 by Leo Brouwer.musicxml,gaps_v1/musicxml/brouwer-etude6.xml,0.0,0.4444444444444444,2,1.9285714285714286,0.7773019271948608,0.7523148148148148,1.0593406593406594,5,0.0,1.0263157894736843,468,76.0,6.150602768446279,2.948717948717949,7.0,0.11752136752136752,0.27564102564102566,2.0,0.02631578947368421,1.4166666666666667,0.3333333333333333,0.1934065934065934,22.0,2.407601775799317,2.751024638724615,2.2507900663222897,0.004395604395604396
1,Estudios Sencillos: XVIII,Leo Brouwer,8,6,IV,Modern,found,pdf,pdf-20260524T103936Z-3-001/pdf/Estudios Sencillos (Study No 18) by Leo Brouwer.pdf,,,,verified_pieces/pdf/xml/Estudios Sencillos (Study No 18) by Leo Brouwer.musicxml,gaps_v1/musicxml/brouwer-etude6.xml,0.0,1.3529411764705883,4,2.5632502308402585,0.7990314769975787,0.39932885906040266,0.8310249307479224,5,0.0,1.143646408839779,414,60.0,6.028278520230698,2.896135265700483,5.0,0.028985507246376812,0.2246376811594203,2.0,0.09668508287292818,1.3714285714285714,0.4,0.26038781163434904,24.0,3.3046551233092782,2.46296150890775,2.4503645446954594,0.055401662049861494
1,Estudios Sencillos: XX,Leo Brouwer,10,4,III,Modern,found,pdf,pdf-20260524T103936Z-3-001/pdf/Estudio Sencillos No 20 by Leo Brouwer.pdf,,,,verified_pieces/pdf/xml/Estudio Sencillos No 20 by Leo Brouwer.musicxml,gaps_v1/musicxml/brouwer-etude6.xml,0.006557377049180328,3.019230769230769,19,2.074575807334428,0.5600448933782267,0.4805194805194805,0.535303776683087,5,0.0,1.4622950819672131,892,140.0,6.794586580876499,1.65695067264574,3.0,0.013452914798206279,0.4562780269058296,19.0,0.17704918032786884,3.3518518518518516,0.12037037037037036,0.3021346469622332,8.333333333333334,1.6946584594134824,1.862233712017125,2.4206325940265394,0.09688013136288999
1,Fantasia,John Dowland,11,7,VIII,Renaissance,found,dada_gp,,"datasets/DadaGP-v1.1/D/Dowland, John/Dowland, John - Fantasia.gp3.tokens.txt","datasets/DadaGP-v1.1/D/Dowland, John/Dowland, John - Fantasia.gp3",,"verified_pieces/dada/xml/Dowland, John - Fantasia.musicxml",,0.005780346820809248,0.9637681159420289,3,1.939621913580247,0.6411290322580645,0.4521276595744681,0.5717592592592593,5,0.0,1.4346820809248555,1241,100.0,7.124478262493424,2.296535052377115,4.0,0.0257856567284448,0.2715551974214343,2.0,0.330635838150289,3.167832167832168,0.4020979020979021,0.2835648148148148,9.0,1.3425859269514895,2.327392512380389,2.4668111999451163,0.047453703703703706
1,Folias,Gaspar Sanz,4,2,III,Baroque,found,pdf,pdf-20260524T103936Z-3-001/pdf/Folias by Gaspar Sanz.pdf,,,,verified_pieces/pdf/xml/Folias by Gaspar Sanz.musicxml,,0.0,0.6956521739130435,2,1.5662949194547706,0.6972222222222222,0.45569620253164556,0.5762081784386617,4,0.0,1.337037037037037,361,120.0,5.8916442118257715,1.4736842105263157,3.0,0.0,0.3601108033240997,2.0,0.25555555555555554,3.217391304347826,0.2463768115942029,0.20074349442379183,4.333333333333333,0.9562096593370424,2.008380881338537,2.0618005917684057,0.0037174721189591076
1,"Goldberg Variations, BWV 988: Variatio 18",J.S. Bach,11,5,V,Baroque,found,pdf,pdf-20260524T103936Z-3-001/pdf/BWV 988 Goldberg Variation 18 by Johann Sebastian Bach.pdf,,,,verified_pieces/pdf/xml/BWV 988 Goldberg Variation 18 by Johann Sebastian Bach.musicxml,,0.0,0.6862745098039216,4,1.8412280701754389,0.6046511627906976,0.42857142857142855,0.46842105263157896,4,0.0,1.581151832460733,302,90.0,5.713732805509369,2.6589403973509933,5.0,0.08940397350993377,0.28807947019867547,2.0,0.5654450261780105,2.75,0.6388888888888888,0.32105263157894737,8.5,1.499345553344816,2.7358518850782056,2.5237000109777075,0.0
1,"Goldberg Variations, BWV 988: Variatio 19",J.S. Bach,14,9,V,Baroque,found,pdf,pdf-20260524T103936Z-3-001/pdf/BWV 988 Goldberg Variation 19 by Johann Sebastian Bach.zip,,,,verified_pieces/pdf/xml/BWV 988 Goldberg Variation 19 by Johann Sebastian Bach.musicxml,,0.0,0.5,2,2.289297658862876,0.7893175074183977,0.495575221238938,0.5551839464882943,3,0.0,1.1266666666666667,338,90.0,0.0,0.0,0.0,0.0,0.0,0.0,0.0,0.0,0.0,0.0,0.0,0.0,0.0,0.0,0.0
1,"Goldberg Variations, BWV 988: Variatio 2",J.S. Bach,15,6,VIII,Baroque,found,pdf,pdf-20260524T103936Z-3-001/pdf/bach-goldberg-var-2.pdf,,,,verified_pieces/pdf/xml/bach-goldberg-var-2.musicxml,,0.0,1.015625,5,2.1414965986394554,0.5921375921375921,0.2631578947368421,0.4326530612244898,3,0.0,1.6585365853658536,408,75.0,6.013715156042802,3.8308823529411766,8.0,0.25245098039215685,0.22058823529411764,3.0,0.5528455284552846,2.963235294117647,0.75,0.33877551020408164,10.0,1.7687579793942896,3.19645518010618,2.567224285203167,0.0
1,"Goldberg Variations, BWV 988: Variatio 22",J.S. Bach,13,8,V,Baroque,found,pdf,pdf-20260524T103936Z-3-001/pdf/BWV 988 Goldberg Variation 22 by Johann Sebastian Bach.pdf,,,,verified_pieces/pdf/xml/BWV 988 Goldberg Variation 22 by Johann Sebastian Bach.musicxml,,0.0,1.1904761904761905,4,2.2149532710280373,0.7593984962406015,0.47058823529411764,0.514018691588785,3,0.0,1.2407407407407407,134,95.0,4.90527477843843,2.544776119402985,5.0,0.06716417910447761,0.23880597014925373,2.0,0.24074074074074073,1.2307692307692308,0.5384615384615384,0.3177570093457944,7.0,1.5256562086444254,2.668289126280652,1.966506912897112,0.009345794392523364
1,"Goldberg Variations, BWV 988: Variatio 4",J.S. Bach,8,5,VII,Baroque,found,pdf,pdf-20260524T103936Z-3-001/pdf/BWV 988 Goldberg Variation 4 by Johann Sebastian Bach.pdf,,,,verified_pieces/pdf/xml/BWV 988 Goldberg Variation 4 by Johann Sebastian Bach.musicxml,,0.0,0.9117647058823529,3,1.9883720930232558,0.5550660792951542,0.6538461538461539,0.6201550387596899,4,0.0,1.7538461538461538,228,85.0,5.43372200355424,2.4166666666666665,5.0,0.06578947368421052,0.27631578947368424,2.0,0.5461538461538461,2.5492957746478875,0.8028169014084507,0.3178294573643411,10.0,1.5683448110627447,2.6432718348692994,2.5338325932250556,0.0
1,Lesson 15: Waltz,Dionisio Aguado,2,3,II,Classical,found,pdf,pdf-20260524T103936Z-3-001/pdf/Etude No 15 Metodo Primera by Dionisio Aguado.pdf,,,,verified_pieces/pdf/xml/Etude No 15 Metodo Primera by Dionisio Aguado.musicxml,,0.013513513513513514,1.48,3,1.4794520547945205,0.5847457627118644,0.43333333333333335,0.5753424657534246,3,0.0,1.6081081081081081,119,85.0,4.787491742782046,2.1848739495798317,5.0,0.0,0.2605042016806723,3.0,0.35135135135135137,2.6153846153846154,0.7307692307692307,0.1643835616438356,4.333333333333333,1.0591146777706812,2.4926598546246566,2.424119156670556,0.0
1,Lesson 23,Dionisio Aguado,5,4,X,Classical,found,pdf,pdf-20260524T103936Z-3-001/pdf/Etude No 23 Metodo Primera by Dionisio Aguado.pdf,,,,verified_pieces/pdf/xml/Etude No 23 Metodo Primera by Dionisio Aguado.musicxml,,0.0,0.7741935483870968,2,3.4119496855345908,0.5368421052631579,0.2,0.8490566037735849,3,0.0,1.7777777777777777,96,85.0,4.574710978503383,4.8125,7.0,0.3125,0.23958333333333334,2.0,0.5740740740740741,2.4838709677419355,0.41935483870967744,0.5849056603773585,12.0,2.6756146599966915,2.4892554444215236,2.465165665357398,0.03773584905660377
1,Lesson 24,Dionisio Aguado,4,3,VII,Classical,found,pdf,pdf-20260524T103936Z-3-001/pdf/Etude No 24 Metodo Primera by Dionisio Aguado.pdf,,,,verified_pieces/pdf/xml/Etude No 24 Metodo Primera by Dionisio Aguado.musicxml,,0.0,0.72,3,2.2350119904076737,0.5960591133004927,0.15,0.5467625899280576,2,0.0,1.457142857142857,204,85.0,5.3230099791384085,4.803921568627451,7.0,0.3137254901960784,0.22549019607843138,1.0,0.4142857142857143,2.4482758620689653,0.20689655172413793,0.2805755395683453,9.0,2.364456101882615,2.5889733675874487,2.347149597696535,0.08633093525179857
1,Lesson 26,Dionisio Aguado,6,4,XI,Classical,found,pdf,pdf-20260524T103936Z-3-001/pdf/Etude No 26 Metodo Primera by Dionisio Aguado.pdf,,,,verified_pieces/pdf/xml/Etude No 26 Metodo Primera by Dionisio Aguado.musicxml,,0.03404255319148936,0.6626506024096386,3,1.56980056980057,0.5054054054054054,0.1797752808988764,0.44017094017094016,4,0.0,1.578723404255319,371,90.0,5.918893854273146,2.08355795148248,5.0,0.04851752021563342,0.3477088948787062,2.0,0.3829787234042553,2.7333333333333334,0.45555555555555555,0.2222222222222222,7.0,1.5024101113090853,2.554616012487479,2.3681262417777744,0.18376068376068377
1,Lesson 29,Dionisio Aguado,4,4,VII,Classical,found,pdf,pdf-20260524T103936Z-3-001/pdf/Lesson 29 in E Minor by Dionisio Aguado.pdf,,,,verified_pieces/pdf/xml/Lesson 29 in E Minor by Dionisio Aguado.musicxml,,0.0,0.75,2,1.7469879518072293,0.6551724137931034,0.18,0.4457831325301205,5,0.0,1.3928571428571428,117,120.0,4.770684624465665,2.8632478632478633,7.0,0.1452991452991453,0.27350427350427353,2.0,0.23809523809523808,3.0,0.95,0.18072289156626506,7.0,1.3988332884219181,2.8648822648898213,2.330626961497847,0.07228915662650602
1,Lesson 5 (Waltz),Dionisio Aguado,4,2,III,Classical,found,pdf,pdf-20260524T103936Z-3-001/pdf/Etude No 5 Metodo Primera by Dionisio Aguado.pdf,,,,verified_pieces/pdf/xml/Etude No 5 Metodo Primera by Dionisio Aguado.musicxml,,0.037037037037037035,0.6481481481481481,2,1.043613707165109,0.46875,0.6111111111111112,0.7289719626168224,5,0.0,1.787037037037037,193,100.0,5.267858159063328,1.5544041450777202,3.0,0.0,0.3471502590673575,2.0,0.5,3.1666666666666665,0.35185185185185186,0.102803738317757,3.0,0.8919672823087795,1.9011456683224603,2.469639194541939,0.11214953271028037
1,Lesson 6,Dionisio Aguado,1,1,I,Classical,found,pdf,pdf-20260524T103936Z-3-001/pdf/Etude No 6 Metodo Primera by Dionisio Aguado.pdf,,,,verified_pieces/pdf/xml/Etude No 6 Metodo Primera by Dionisio Aguado.musicxml,,0.029411764705882353,0.9310344827586207,2,1.1243781094527363,0.5046728971962616,0.3,0.6865671641791045,2,0.0,1.588235294117647,108,90.0,4.6913478822291435,1.5555555555555556,3.0,0.0,0.3055555555555556,2.0,0.45588235294117646,3.064516129032258,0.3870967741935484,0.13432835820895522,3.0,0.9048163386116809,1.9341835579231321,2.379204756783135,0.1791044776119403
1,Packington's Pound,Anonymous,2,1,I,Renaissance,found,pdf,pdf-20260524T103936Z-3-001/pdf/Packingtons Pound by anonymous.pdf,,,,verified_pieces/pdf/xml/Packingtons Pound by anonymous.musicxml,,0.0,0.0,0,1.3706666666666667,0.5621890547263682,0.43902439024390244,0.432,2,0.0,1.6031746031746033,202,120.0,5.313205979041787,1.004950495049505,3.0,0.0,0.4900990099009901,0.0,0.3888888888888889,3.326530612244898,0.1836734693877551,0.168,3.0,0.9067313702402591,1.805333397983269,2.4050980953367547,0.0
1,Parabola,Leo Brouwer,18,10,X,Modern,found,pdf,pdf-20260524T103936Z-3-001/pdf/Parabola by Leo Brouwer.pdf,,,,verified_pieces/pdf/xml/Parabola by Leo Brouwer.musicxml,,0.0,0.723404255319149,6,2.577755905511811,0.6772438803263826,0.6824894514767933,1.2234251968503937,5,0.0,1.0855457227138643,1104,80.0,7.007600613951853,3.391304347826087,9.0,0.19021739130434784,0.3061594202898551,2.0,0.046214355948869225,2.851063829787234,0.23404255319148937,0.35826771653543305,13.0,3.0186014798327845,3.1680703497063565,2.4112470758833555,0.18503937007874016
1,Partita III: BWV 1006: iii. Gavotte en Rondeau,J.S. Bach,13,9,VII,Baroque,found,dada_gp,,"datasets/DadaGP-v1.1/B/Bach, Johann Sebastian/Bach, Johann Sebastian - Gavotte en Rondeau (from lute suite 4) BWV 1006a.gp3.tokens.txt","datasets/DadaGP-v1.1/B/Bach, Johann Sebastian/Bach, Johann Sebastian - Gavotte en Rondeau (from lute suite 4) BWV 1006a.gp3",,"verified_pieces/dada/xml/Bach, Johann Sebastian - Gavotte en Rondeau (from lute suite 4) BWV 1006a.musicxml",,0.005952380952380952,1.0,3,1.9356681569796323,0.7248858447488584,0.543640897755611,0.6438152011922503,3,0.1583710407239819,1.3050595238095237,877,137.0,6.777646593635117,3.685290763968073,7.0,0.1653363740022805,0.15051311288483465,2.0,0.21428571428571427,2.701388888888889,0.5625,0.2548435171385991,9.0,1.4288042377308632,3.0130724667725874,2.2732787862685213,0.0029806259314456036
1,Passacaille (from Great Suite #7 for Harpsichord),George Friedrich Handel,9,4,VII,Baroque,found,pdf,pdf-20260524T103936Z-3-001/pdf/Suite No 7 Passacaille by Georg Friedrich Handel.pdf,,,,verified_pieces/pdf/xml/Suite No 7 Passacaille by Georg Friedrich Handel.musicxml,,0.006462035541195477,1.3289473684210527,4,2.117044228694714,0.6757075471698113,0.6832844574780058,0.7362459546925566,5,0.0,1.37156704361874,849,85.0,6.745236349484363,5.180212014134276,10.0,0.3486454652532391,0.127208480565371,3.0,0.2520193861066236,2.7756410256410255,0.8717948717948718,0.2896440129449838,13.0,1.862729136474743,3.4380880528282853,2.449186797973701,0.0
1,Queen Elizabeth's Galliard,John Dowland,8,5,V,Renaissance,found,pdf,pdf-20260524T103936Z-3-001/pdf/Queen Elizabeths Galliard by John Dowland.pdf,,,,verified_pieces/pdf/xml/Queen Elizabeths Galliard by John Dowland.musicxml,,0.004273504273504274,0.8717948717948718,3,1.8383404864091561,0.5901639344262295,0.4485981308411215,0.648068669527897,5,0.0,1.5683760683760684,367,88.0,5.908082938168931,2.422343324250681,5.0,0.07084468664850137,0.3106267029972752,2.299999999999997,0.33760683760683763,3.9367088607594938,0.5189873417721519,0.2317596566523605,7.0,1.4262504949819286,2.547794070811976,2.3356416794201444,0.008583690987124463
1,Recuerdos de la Alhambra,Francisco Tarrega,12,7,X,Romantic,found,pdf,pdf-20260524T103936Z-3-001/pdf/Recuerdos de la Alhambra by Francisco Tarrega.pdf,,,,verified_pieces/pdf/xml/Recuerdos de la Alhambra by Francisco Tarrega.musicxml,,0.0,0.6818181818181818,4,0.9535115722266561,0.3885848318999218,0.48224607762180016,0.8946528332003192,5,0.0,1.0207336523125996,1280,80.0,7.155396301896734,3.46796875,8.0,0.1671875,0.20234375,2.0,0.017543859649122806,1.8181818181818181,0.6363636363636364,0.09337589784517158,22.0,1.9517022567973097,3.1122695531194364,2.0001609829982394,0.4868316041500399
1,Twenty-one Lessons: 11,Dionisio Aguado,1,2,II,Classical,found,pdf,pdf-20260524T103936Z-3-001/pdf/Etude No 11 Metodo Primera by Dionisio Aguado.pdf,,,,verified_pieces/pdf/xml/Etude No 11 Metodo Primera by Dionisio Aguado.musicxml,,0.0,0.813953488372093,3,1.5813953488372092,0.6923076923076923,0.5238095238095238,1.2945736434108528,4,0.0,1.4076923076923078,183,85.0,5.214935757608986,1.8415300546448088,4.0,0.0,0.28415300546448086,3.0,0.34615384615384615,1.4222222222222223,0.4,0.16279069767441862,4.333333333333333,0.9521534320073884,2.267878242792321,2.428127510596237,0.007751937984496124
1,Twenty-one Lessons: 12,Dionisio Aguado,2,2,III,Classical,found,pdf,pdf-20260524T103936Z-3-001/pdf/Etude No 12 Metodo Primera by Dionisio Aguado.pdf,,,,verified_pieces/pdf/xml/Etude No 12 Metodo Primera by Dionisio Aguado.musicxml,,0.0,0.9666666666666667,5,1.2833333333333334,0.5643564356435643,0.875,0.43333333333333335,2,0.0,1.6721311475409837,102,120.0,4.634728988229636,2.156862745098039,5.0,0.0,0.2647058823529412,2.1000000000000014,0.5245901639344263,1.9375,0.875,0.11666666666666667,5.0,0.9978217015820754,2.542644621817536,2.2732433205582514,0.016666666666666666
1,Twenty-one Lessons: 13,Dionisio Aguado,2,3,II,Classical,found,pdf,pdf-20260524T103936Z-3-001/pdf/Etude No 13 Metodo Primera by Dionisio Aguado.pdf,,,,verified_pieces/pdf/xml/Etude No 13 Metodo Primera by Dionisio Aguado.musicxml,,0.0,0.8064516129032258,3,1.9862542955326459,0.6691729323308271,0.6976744186046512,0.845360824742268,4,0.0,1.3673469387755102,134,120.0,4.90527477843843,2.3208955223880596,4.0,0.007462686567164179,0.208955223880597,3.0,0.336734693877551,1.8181818181818181,0.7575757575757576,0.21649484536082475,20.0,2.8275836246023878,2.410197550891902,2.4544658998541578,0.0
1,Twenty-one Lessons: 14,Dionisio Aguado,2,2,I,Classical,found,pdf,pdf-20260524T103936Z-3-001/pdf/Etude No 14 Metodo Primera by Dionisio Aguado.pdf,,,,verified_pieces/pdf/xml/Etude No 14 Metodo Primera by Dionisio Aguado.musicxml,,0.02040816326530612,0.9032258064516129,2,1.201388888888889,0.45,0.8571428571428571,0.7083333333333334,3,0.0,2.061224489795918,101,90.0,4.624972813284271,1.4257425742574257,3.0,0.0,0.33663366336633666,2.0,0.6530612244897959,2.6875,0.75,0.125,3.0,0.8929756314676576,1.931519927930147,2.4945370036114944,0.0
1,Twenty-one Lessons: 15,Dionisio Aguado,2,2,III,Classical,found,pdf,pdf-20260524T103936Z-3-001/pdf/Study No 15 by Dionisio Aguado.pdf,,,,verified_pieces/pdf/xml/Study No 15 by Dionisio Aguado.musicxml,,0.024793388429752067,0.896551724137931,3,1.8274284498350886,0.4956140350877193,1.0,1.3734439834024896,5,0.0,1.8884297520661157,457,120.0,6.126869184114185,1.7943107221006565,4.0,0.0,0.3063457330415755,2.0,0.49173553719008267,2.857142857142857,0.35294117647058826,0.3153526970954357,4.0,1.121591982479016,2.10492040918752,2.4457046404497156,0.0
1,Twenty-one Lessons: 16,Dionisio Aguado,4,2,II,Classical,found,pdf,pdf-20260524T103936Z-3-001/pdf/Etude No 16 Metodo Primera by Dionisio Aguado.pdf,,,,verified_pieces/pdf/xml/Etude No 16 Metodo Primera by Dionisio Aguado.musicxml,,0.0,0.74,2,0.8108333333333334,0.3108108108108108,0.6666666666666666,0.2,3,0.0,2.207920792079208,223,100.0,5.4116460518550396,1.0582959641255605,3.0,0.0,0.5336322869955157,2.0,0.8217821782178217,1.7951807228915662,0.2891566265060241,0.09,4.0,0.9267517197178541,1.933414330843653,1.9537399470175092,0.21
1,Twenty-one Lessons: 17,Dionisio Aguado,4,3,VII,Classical,found,pdf,pdf-20260524T103936Z-3-001/pdf/Etude No 17 Metodo Primera by Dionisio Aguado.pdf,,,,verified_pieces/pdf/xml/Etude No 17 Metodo Primera by Dionisio Aguado.musicxml,,0.0,0.4696969696969697,2,1.389294403892944,0.4641509433962264,1.0,0.45255474452554745,3,0.0,1.9275362318840579,266,100.0,5.58724865840025,1.4097744360902256,4.0,0.015037593984962405,0.46616541353383456,1.0,0.5507246376811594,2.5526315789473686,0.21052631578947367,0.21897810218978103,6.333333333333333,1.1811367797863122,2.2235342382157013,2.232488486610406,0.0
1,Twenty-one Lessons: 18,Dionisio Aguado,4,2,II,Classical,found,pdf,pdf-20260524T103936Z-3-001/pdf/Etude No 18 Metodo Primera by Dionisio Aguado.pdf,,,,verified_pieces/pdf/xml/Etude No 18 Metodo Primera by Dionisio Aguado.musicxml,,0.0,0.6724137931034483,2,0.8177458033573141,0.2773972602739726,1.0,0.39568345323741005,3,0.0,2.092857142857143,293,100.0,5.683579767338681,0.7849829351535836,2.0,0.0,0.6143344709897611,2.0,0.8,1.6964285714285714,0.20535714285714285,0.09352517985611511,4.0,0.9516471660596898,1.650349090007034,1.9815512626608818,0.2589928057553957
1,Twenty-one Lessons: 19,Dionisio Aguado,2,2,III,Classical,found,pdf,pdf-20260524T103936Z-3-001/pdf/Lesson 19 by Dionisio Aguado.pdf,,,,verified_pieces/pdf/xml/Lesson 19 by Dionisio Aguado.musicxml,,0.0,0.0,0,5.876106194690266,0.8761061946902655,0.9292035398230089,1.1858407079646018,3,0.0,1.0,114,120.0,4.74493212836325,3.3508771929824563,22.0,0.13157894736842105,0.4298245614035088,0.0,0.0,0.0,0.0,0.35398230088495575,22.0,8.245280487952238,1.9378898296843838,1.7728436508369818,0.035398230088495575
1,Twenty-one Lessons: 2,Dionisio Aguado,1,1,II,Classical,found,pdf,pdf-20260524T103936Z-3-001/pdf/Exercise No 2 by Dionisio Aguado.pdf,,,,verified_pieces/pdf/xml/Exercise No 2 by Dionisio Aguado.musicxml,,0.0,0.0,0,4.797687861271676,0.884393063583815,0.8901734104046243,1.630057803468208,5,0.0,1.0,174,120.0,5.1647859739235145,2.8908045977011496,5.0,0.09195402298850575,0.40804597701149425,0.0,0.0,0.0,0.0,0.3236994219653179,22.0,7.062855321316773,2.3082430497504247,2.3537844228807727,0.005780346820809248
1,Twenty-one Lessons: 20,Dionisio Aguado,2,2,V,Classical,found,pdf,pdf-20260524T103936Z-3-001/pdf/Etude No 20 Metodo Primera by Dionisio Aguado.pdf,,,,verified_pieces/pdf/xml/Etude No 20 Metodo Primera by Dionisio Aguado.musicxml,,0.0,0.6086956521739131,2,1.386904761904762,0.41089108910891087,0.14705882352941177,0.14285714285714285,1,0.0,1.7964601769911503,203,90.0,5.318119993844216,1.4876847290640394,4.800000000000011,0.019704433497536946,0.5270935960591133,2.0,0.40707964601769914,3.652173913043478,0.5652173913043478,0.32142857142857145,4.666666666666667,1.2569675427902336,2.1569458017762337,2.547402957736944,0.24107142857142858
1,Twenty-one Lessons: 21,Dionisio Aguado,2,2,V,Classical,found,pdf,pdf-20260524T103936Z-3-001/pdf/Etude No 21 Metodo Primera by Dionisio Aguado.pdf,,,,verified_pieces/pdf/xml/Etude No 21 Metodo Primera by Dionisio Aguado.musicxml,,0.03571428571428571,0.9166666666666666,3,0.6546184738955824,0.19123505976095617,0.0,0.0,0,0.0,3.0,252,85.0,5.53338948872752,1.9285714285714286,4.0,0.011904761904761904,0.26587301587301587,2.0,1.0,3.4285714285714284,0.36904761904761907,0.0963855421686747,2.666666666666667,0.8006787333817308,2.302203935918192,2.4534095588897213,0.39759036144578314
1,Twenty-one Lessons: 3,Dionisio Aguado,3,1,III,Classical,found,pdf,pdf-20260524T103936Z-3-001/pdf/Exercise 3 in A Major by Dionisio Aguado.pdf,,,,verified_pieces/pdf/xml/Exercise 3 in A Major by Dionisio Aguado.musicxml,,0.0,1.1333333333333333,3,1.6265060240963856,0.6557377049180327,0.625,1.3855421686746987,4,0.0,1.4642857142857142,123,120.0,4.820281565605037,1.951219512195122,4.0,0.0,0.2682926829268293,3.0,0.36904761904761907,1.6129032258064515,0.6129032258064516,0.1927710843373494,4.0,1.0334403239875518,2.2501991091192033,2.4658347215576693,0.012048192771084338
1,Twenty-one Lessons: 4,Dionisio Aguado,2,2,II,Classical,found,pdf,pdf-20260524T103936Z-3-001/pdf/Exercise 4 in G Major by Dionisio Aguado.pdf,,,,verified_pieces/pdf/xml/Exercise 4 in G Major by Dionisio Aguado.musicxml,,0.0,0.7254901960784313,2,0.9636963696369637,0.3183856502242152,0.5,0.15841584158415842,2,0.0,2.196078431372549,224,120.0,5.41610040220442,1.1696428571428572,3.0,0.008928571428571428,0.53125,2.0,0.8137254901960784,1.8072289156626506,0.30120481927710846,0.13861386138613863,5.0,1.1139933915178566,2.0337322568264793,1.9658188475797194,0.2079207920792079
1,Twenty-one Lessons: 5,Dionisio Aguado,1,2,I,Classical,found,pdf,pdf-20260524T103936Z-3-001/pdf/Study No 5 by Dionisio Aguado.pdf,,,,verified_pieces/pdf/xml/Study No 5 by Dionisio Aguado.musicxml,,0.0,6.333333333333333,19,7.215425531914893,0.8126649076517151,0.9973045822102425,1.75,5,0.0,1.0079575596816976,380,85.0,5.942799375126701,4.03421052631579,22.0,0.16578947368421051,0.45263157894736844,15.200000000000001,0.007957559681697613,1.6666666666666667,1.0,0.42819148936170215,22.0,8.820996248662766,2.2389973537654986,2.195227902738587,0.0
1,Twenty-one Lessons: 6,Dionisio Aguado,1,2,I,Classical,found,pdf,pdf-20260524T103936Z-3-001/pdf/Study 6 in E Minor by Dionisio Aguado.pdf,,,,verified_pieces/pdf/xml/Study 6 in E Minor by Dionisio Aguado.musicxml,,0.0,0.0,0,7.586776859504132,0.7285714285714285,0.9979035639412998,1.4896694214876034,5,0.0,1.0123711340206185,491,90.0,6.198478716492308,4.710794297352342,22.0,0.19144602851323828,0.4134419551934827,0.0,0.008247422680412371,3.25,0.75,0.45041322314049587,22.0,9.08833547342312,2.466134374731753,1.922030666777583,0.0
1,Twenty-one Lessons: 9,Dionisio Aguado,1,2,II,Classical,found,pdf,pdf-20260524T103936Z-3-001/pdf/Etude No 9 Metodo Primera by Dionisio Aguado.pdf,,,,verified_pieces/pdf/xml/Etude No 9 Metodo Primera by Dionisio Aguado.musicxml,,0.0,0.7575757575757576,2,1.2545045045045047,0.5294117647058824,0.625,0.7702702702702703,4,0.0,1.6,120,90.0,4.795790545596741,1.3333333333333333,3.0,0.0,0.425,2.0,0.5466666666666666,1.7317073170731707,0.3902439024390244,0.12162162162162163,3.0,0.8756048844332546,2.1148078577559235,2.3532155135962016,0.02702702702702703
1,"Vals, Op. 8 no. 3",Agustin Barrios Mandore,11,5,XI,Romantic,found,dada_gp,,"datasets/DadaGP-v1.1/B/Barrios, Agustin/Barrios, Agustin - Waltz No.3 Op.8.gp4.tokens.txt","datasets/DadaGP-v1.1/B/Barrios, Agustin/Barrios, Agustin - Waltz No.3 Op.8.gp4",,"verified_pieces/dada/xml/Barrios, Agustin - Waltz No.3 Op.8.musicxml",,0.00463678516228748,1.1855345911949686,7,2.19437564499484,0.5145985401459854,0.3744292237442922,0.43962848297213625,3,0.035118525021949,1.695517774343122,1097,195.0,7.001245622069476,6.180492251595259,12.0,0.4658158614402917,0.11941659070191431,3.0,0.49149922720247297,2.308176100628931,0.3490566037735849,0.3328173374613003,14.0,2.1794254442892904,3.6719256305026367,2.3163988087311767,0.0913312693498452
1,"Andantino, op. 241 no. 19",Ferdinando Carulli,3,1,I,Classical,found,pdf,pdf-20260524T103936Z-3-001/pdf/Andantino in A Minor by Ferdinando Carulli.pdf,,,,verified_pieces/pdf/xml/Andantino in A Minor by Ferdinando Carulli.musicxml,gaps_v1/musicxml/Andantino in G Major by Ferdinando Carulli.xml,0.0,0.4,1,2.175090252707581,0.7411347517730497,0.8805970149253731,1.8375451263537905,5,0.0,1.0179856115107915,283,80.0,5.648974238161206,1.3886925795053005,3.0,0.02120141342756184,0.5159010600706714,1.0,0.017985611510791366,0.8,0.6,0.24548736462093862,22.0,4.115550383090136,1.905338762725575,2.455737962001838,0.0
1,Berceuse et Trio,Napoleon Coste,8,5,IX,Romantic,found,pdf,pdf-20260524T103936Z-3-001/pdf/coste-berceuse.pdf,,,,verified_pieces/pdf/xml/coste-berceuse.musicxml,,0.00641025641025641,0.8227848101265823,3,3.3096774193548386,0.5347985347985348,0.3157894736842105,0.7096774193548387,5,0.0,1.7564102564102564,274,88.0,5.616771097666572,4.138686131386861,9.0,0.31386861313868614,0.25547445255474455,2.0,0.5064102564102564,2.3797468354430378,0.5822784810126582,0.5096774193548387,10.0,2.5671755332509645,3.1333062885658567,2.2965014050137538,0.03225806451612903
1,"Bourree, BWV 996",J.S. Bach,7,4,V,Baroque,found,gaps,,,,2D1wc,datasets/gaps_v1/readable_musicxml/Johann Sebastian Bach - BWV996 Bourree in E Minor.xml,,0.0,1.0,1,1.838134430727023,0.8259109311740891,0.6276150627615062,1.1481481481481481,5,0.0,1.0163934426229508,248,100.0,5.517452896464707,2.0725806451612905,4.300000000000011,0.028225806451612902,0.31048387096774194,1.0,0.00819672131147541,2.0,0.5,0.20164609053497942,7.0,1.3719876323489257,2.482952968142291,2.5373788079184494,0.00411522633744856
1,Caazapa-Aire Popular Paraguayo,Agustin Barrios Mangore,11,9,XII,Romantic,found,pdf,pdf-20260524T103936Z-3-001/pdf/Caazapa by Barrios.pdf,,,,verified_pieces/pdf/xml/Caazapa by Barrios.musicxml,gaps_v1/musicxml/Caazapa by Barrios.xml,0.0030816640986132513,1.064327485380117,4,2.1731995884773663,0.6180631120783461,0.474025974025974,0.6311728395061729,5,0.0,1.4175654853620956,920,70.0,6.825460036255307,4.296739130434783,10.0,0.3282608695652174,0.266304347826087,3.0,0.29121725731895226,2.380952380952381,0.37566137566137564,0.375,10.0,1.799813571339358,3.3238980646096254,2.4028662123011317,0.024691358024691357
1,Cadiz from Suite Espanola,Isaac Albeniz,16,9,All,Romantic,found,pdf,pdf-20260524T103936Z-3-001/pdf/Cadiz by Isaac Albeniz.pdf,,,,verified_pieces/pdf/xml/Cadiz by Isaac Albeniz.musicxml,,0.007462686567164179,0.7700729927007299,3,1.7365470852017937,0.5589887640449438,0.5277777777777778,0.804185351270553,4,0.0,1.5955223880597016,1069,100.0,6.975413927455952,3.21889616463985,8.0,0.2011225444340505,0.21702525724976612,2.0,0.43134328358208956,2.273356401384083,0.34256055363321797,0.21225710014947682,12.25,1.7532225442888254,3.167086698404803,2.4816350530532563,0.008968609865470852
1,Can She Excuse (Earl of Essex's Galliard),John Dowland,9,7,III,Renaissance,found,pdf,pdf-20260524T103936Z-3-001/pdf/Can She Excuse by John Dowland.pdf,,,,verified_pieces/pdf/xml/Can She Excuse by John Dowland.musicxml,,0.00909090909090909,0.6470588235294118,3,1.533434650455927,0.6140350877192983,0.4178082191780822,0.5835866261398176,5,0.0,1.5575757575757576,514,100.0,6.244166900663736,1.5136186770428015,3.0,0.0038910505836575876,0.3521400778210117,2.0,0.3212121212121212,3.141509433962264,0.5377358490566038,0.1762917933130699,6.0,0.9630877341425407,2.2557214803752643,2.3636784622385134,0.0
1,"Can She Excuse, Poulton 42",John Dowland,8,6,IV,Renaissance,found,pdf,pdf-20260524T103936Z-3-001/pdf/dowland-can-she-excuse.pdf,,,,verified_pieces/pdf/xml/dowland-can-she-excuse.musicxml,,0.0,1.0,3,2.2104468599033815,0.6235011990407674,0.45390070921985815,0.6123188405797102,5,0.0,1.5090252707581226,418,65.0,6.037870919922137,1.8157894736842106,3.0,0.014354066985645933,0.3444976076555024,2.0,0.2779783393501805,3.207792207792208,0.6363636363636364,0.2427536231884058,23.0,3.5538714914996583,2.248008994821306,2.365166998728988,0.0
1,"Caprice, Op. 20 no. 2",Luigi Legnani,8,4,XII,Classical,found,pdf,pdf-20260524T103936Z-3-001/pdf/Caprice Opus 20 No 2 by Luigi Rinaldo Legnani.pdf,,,,verified_pieces/pdf/xml/Caprice Opus 20 No 2 by Luigi Rinaldo Legnani.musicxml,gaps_v1/musicxml/opus-20-no-7-legnani.xml,0.0,0.6823529411764706,3,2.2120181405895694,0.5253164556962026,0.7803030303030303,0.9285714285714286,4,0.0,1.6101694915254237,475,120.0,6.16541785423142,2.477894736842105,7.0,0.1431578947368421,0.4357894736842105,2.0,0.376271186440678,2.279279279279279,0.34234234234234234,0.2653061224489796,20.0,2.652888001399652,2.7020198667813653,2.36463406517205,0.047619047619047616
1,Estudio,Francisco Tarrega,4,2,V,Romantic,found,pdf,pdf-20260524T103936Z-3-001/pdf/Estudio in E Minor by Francisco Tarrega.pdf,,,,verified_pieces/pdf/xml/Estudio in E Minor by Francisco Tarrega.musicxml,,0.007692307692307693,1.0,3,1.6589147286821706,0.5973154362416108,1.0,1.2945736434108528,2,0.0,1.1538461538461537,150,100.0,5.017279836814924,2.1,5.0,0.06666666666666667,0.38,3.0,0.13846153846153847,4.166666666666667,0.5,0.24806201550387597,12.0,2.0096516109465257,2.539618312443942,2.0410499113418274,0.0
1,Estudio 10,Fernando Sor,6,4,IX,Classical,found,pdf,pdf-20260524T103936Z-3-001/pdf/Opus 31 No 19 (Segovia Study 10) by Fernando Sor.pdf,,,,verified_pieces/pdf/xml/Opus 31 No 19 (Segovia Study 10) by Fernando Sor.musicxml,,0.007653061224489796,1.3368421052631578,3,1.4884910485933505,0.2956521739130435,0.12863070539419086,0.5115089514066496,5,0.0,1.469387755102041,576,75.0,6.3578422665081,4.045138888888889,9.0,0.3090277777777778,0.2690972222222222,3.0,0.2423469387755102,2.526315789473684,0.6421052631578947,0.23785166240409208,12.0,2.511392563494632,3.0414231497489994,2.26333269091843,0.5191815856777494
1,Estudio 11,Fernando Sor,7,3,VII,Classical,found,pdf,pdf-20260524T103936Z-3-001/pdf/Opus 6 No 3 (Segovia Study 11) by Fernando Sor.pdf,,,,verified_pieces/pdf/xml/Opus 6 No 3 (Segovia Study 11) by Fernando Sor.musicxml,,0.0,1.2527472527472527,3,2.0095541401273884,0.6286307053941909,0.047619047619047616,0.5063694267515924,4,0.0,1.5333333333333334,483,120.0,6.182084906716632,2.722567287784679,6.0,0.09937888198757763,0.2277432712215321,3.0,0.29523809523809524,2.4193548387096775,0.4838709677419355,0.2611464968152866,8.333333333333334,1.3161031122439575,2.821530159393392,2.2847139568778503,0.0
1,Estudio 16,Fernando Sor,9,4,X,Classical,found,pdf,pdf-20260524T103936Z-3-001/pdf/Opus 29 No 23 (Segovia 16) by Fernando Sor.pdf,,,,verified_pieces/pdf/xml/Opus 29 No 23 (Segovia 16) by Fernando Sor.musicxml,,0.0,1.2,4,1.6297297297297297,0.6599732262382865,0.9826839826839827,1.5675675675675675,4,0.0,1.3453237410071943,748,78.0,6.618738983517219,3.927807486631016,8.0,0.22459893048128343,0.16042780748663102,2.0,0.34172661870503596,1.1473684210526316,0.22631578947368422,0.20540540540540542,11.0,1.618952758749337,3.1377784987837423,2.393979778845449,0.0
1,Estudio 18,Fernando Sor,7,5,VI,Classical,found,pdf,pdf-20260524T103936Z-3-001/pdf/Opus 29 No 22 (Segovia Study 18) by Fernando Sor.pdf,,,,verified_pieces/pdf/xml/Opus 29 No 22 (Segovia Study 18) by Fernando Sor.musicxml,,0.045023696682464455,1.7431906614785992,5,1.429532858273951,0.43001119820828665,0.20430107526881722,0.2826603325415677,4,0.0,2.118483412322275,894,72.0,6.796823718274855,4.097315436241611,8.0,0.13982102908277405,0.04697986577181208,3.0,0.6090047393364929,2.840466926070039,0.5447470817120622,0.20190023752969122,9.0,1.1916436496688205,3.01790755026539,2.430979374509054,0.040380047505938245
1,Estudio 19,Fernando Sor,7,4,VI,Classical,found,pdf,pdf-20260524T103936Z-3-001/pdf/Opus 29 No 13 (Segovia Study 19) by Fernando Sor.pdf,,,,verified_pieces/pdf/xml/Opus 29 No 13 (Segovia Study 19) by Fernando Sor.musicxml,,0.0,0.0,0,1.4725925925925927,0.7437037037037038,0.9837037037037037,1.914074074074074,5,0.0,1.0,676,50.0,6.517671272912275,3.1242603550295858,6.0,0.07396449704142012,0.07100591715976332,0.0,0.0,0.0,0.0,0.1748148148148148,10.0,1.3099295785216363,2.791615485180943,2.381567924469497,0.002962962962962963
1,Estudio 20,Fernando Sor,9,4,VII,Classical,found,pdf,pdf-20260524T103936Z-3-001/pdf/Opus 29 No 17 (Segovia Study 20) by Fernando Sor.pdf,,,,verified_pieces/pdf/xml/Opus 29 No 17 (Segovia Study 20) by Fernando Sor.musicxml,,0.020833333333333332,1.2215909090909092,4,1.6121739130434782,0.46872322193658955,0.3923076923076923,0.21217391304347827,3,0.0,2.0277777777777777,1168,80.0,7.063903961472068,3.618150684931507,7.0,0.18236301369863014,0.1678082191780822,3.0,0.6215277777777778,2.2290502793296088,0.4748603351955307,0.21043478260869566,7.0,1.2275428537028588,3.168374154354742,2.3237122048942127,0.029565217391304348
1,Estudio 7,Fernando Sor,6,3,VIII,Classical,found,pdf,pdf-20260524T103936Z-3-001/pdf/Opus 31 No 21 (Segovia Study 7) by Fernando Sor.pdf,,,,verified_pieces/pdf/xml/Opus 31 No 21 (Segovia Study 7) by Fernando Sor.musicxml,,0.005,1.1046511627906976,2,1.420435510887772,0.5512820512820513,0.4375,0.4120603015075377,4,0.0,1.565,313,87.0,5.749392985908253,2.747603833865815,5.800000000000011,0.07028753993610223,0.11182108626198083,2.0,0.45,1.788888888888889,0.4777777777777778,0.15577889447236182,7.333333333333334,1.1135709383214922,2.7447792671962064,2.117326479016202,0.09547738693467336
1,Estudio 9,Fernando Sor,7,3,VII,Classical,found,pdf,pdf-20260524T103936Z-3-001/pdf/Opus 31 No 20 (Segovia Study 9) by Fernando Sor.pdf,,,,verified_pieces/pdf/xml/Opus 31 No 20 (Segovia Study 9) by Fernando Sor.musicxml,,0.012422360248447204,1.3945578231292517,3,1.4104166666666667,0.3141683778234086,0.0,0.08125,1,0.0,3.031055900621118,488,120.0,6.192362489474872,2.4959016393442623,6.0,0.0778688524590164,0.2520491803278688,3.0,0.9130434782608695,3.2789115646258504,0.4897959183673469,0.18125,7.666666666666667,1.304790519053197,2.857535381741415,2.4114166457383006,0.0
1,Estudio para Ambas Manos,Agustin Barrios Mandore,13,7,XII,Romantic,found,pdf,pdf-20260524T103936Z-3-001/pdf/barrios-manos.pdf,,,,verified_pieces/pdf/xml/barrios-manos.musicxml,,0.0,0.0,0,1.8968253968253967,0.8258575197889182,0.6870026525198939,0.8571428571428571,5,0.0,1.0026385224274406,380,100.0,5.942799375126701,4.007894736842105,9.0,0.2131578947368421,0.17894736842105263,0.0,0.002638522427440633,2.0,1.0,0.2275132275132275,13.0,1.9860466903590706,3.4458061335161423,2.538414534501244,0.031746031746031744
1,Estudios Sencillos: I,Leo Brouwer,4,2,III,Modern,found,gaps,,,,Ly1wc,datasets/gaps_v1/readable_musicxml/Leo Brouwer - Estudios Sencillos.xml,,0.0,0.0,0,1.8851674641148326,0.6267942583732058,0.8325358851674641,1.3014354066985645,5,0.0,1.0,210,100.0,5.351858133476067,2.085714285714286,6.0,0.05714285714285714,0.4666666666666667,0.0,0.0,0.0,0.0,0.24401913875598086,12.0,2.4133242763592424,2.5069759908017364,2.5542009900128164,0.15311004784688995
1,Fortune,John Dowland,8,6,V,Renaissance,found,pdf,pdf-20260524T103936Z-3-001/pdf/Fortune My Foe by John Dowland.pdf,,,,verified_pieces/pdf/xml/Fortune My Foe by John Dowland.musicxml,,0.0,0.2857142857142857,2,1.4684684684684686,0.5655737704918032,0.5666666666666667,0.5675675675675675,3,0.0,1.64,123,120.0,4.820281565605037,1.146341463414634,3.0,0.0,0.43902439024390244,1.3000000000000007,0.37333333333333335,3.142857142857143,0.6071428571428571,0.14864864864864866,3.5,0.81450609385915,1.9195623471982466,2.51039304530569,0.013513513513513514
1,Gavotte No. 1 (from Lute Suite No. 3); BWV 995,J.S. Bach,11,5,VII,Baroque,found,dada_gp,,"datasets/DadaGP-v1.1/B/Bach, Johann Sebastian/Bach, Johann Sebastian - Gavotte En Rondeau (From BWV 995).gp4.tokens.txt","datasets/DadaGP-v1.1/B/Bach, Johann Sebastian/Bach, Johann Sebastian - Gavotte En Rondeau (From BWV 995).gp4",,"verified_pieces/dada/xml/Bach, Johann Sebastian - Gavotte En Rondeau (From BWV 995).musicxml",,0.0,0.4745762711864407,2,1.6787878787878787,0.776,0.5423728813559322,0.5131313131313131,3,0.0,1.2620967741935485,626,200.0,6.440946540632921,1.6517571884984026,3.0,0.01597444089456869,0.33226837060702874,1.0,0.2620967741935484,2.9384615384615387,0.2923076923076923,0.2101010101010101,6.0,0.9480732963260865,2.3572398321680077,2.30583114799798,0.0
1,"Gran Sonata Eroica, Op. 150",Mauro Giuliani,15,6,All,Classical,found,pdf,pdf-20260524T103936Z-3-001/pdf/Grand Sonata Opus 150 by Mauro Giuliani.pdf,,,,verified_pieces/pdf/xml/Grand Sonata Opus 150 by Mauro Giuliani.musicxml,,0.006759611322348965,1.1738317757009347,4,3.0435404339250494,0.5994194484760522,0.532258064516129,0.705832628909552,5,0.0,1.4558512885509083,3446,110.0,8.145259566516865,3.7266395821242018,9.0,0.22663958212420196,0.2954149738827626,3.0,0.229404309252218,3.1786372007366483,0.5985267034990792,0.352916314454776,22.0,4.309737620505191,3.2957475189701397,2.470365524574588,0.06973795435333897
1,Granada,Isaac Albeniz,14,8,X,Romantic,found,pdf,pdf-20260524T103936Z-3-001/pdf/Granada by Isaac Albeniz.pdf,,,,verified_pieces/pdf/xml/Granada by Isaac Albeniz.musicxml,,0.015277777777777777,1.4239766081871346,4,1.590681502086231,0.4521072796934866,0.3553299492385787,0.39221140472878996,5,0.0,1.8138888888888889,1306,50.0,7.175489713624222,5.240428790199081,9.0,0.48009188361408883,0.14012251148545177,3.0,0.49444444444444446,2.3679775280898876,0.2696629213483146,0.22253129346314326,10.333333333333334,1.3808855350290217,3.3718683537509455,2.385696585098312,0.12517385257301808
1,"Grand Ouverture, Op. 61",Mauro Giuliani,13,5,XII,Classical,found,pdf,pdf-20260524T103936Z-3-001/pdf/Opus 61 Grand Overture by Mauro Giuliani.pdf,,,,verified_pieces/pdf/xml/Opus 61 Grand Overture by Mauro Giuliani.musicxml,,0.0033647375504710633,1.0376569037656904,3,2.4046561202737573,0.6861294583883751,0.8662162162162163,1.6001346348030967,5,0.0,1.2738896366083445,3786,66.0,8.239329427901795,3.202324352879028,8.0,0.15715795034337032,0.2593766508188061,3.0,0.16790040376850607,2.8957915831663326,0.3527054108216433,0.3406260518343992,15.5,2.3141910081448147,3.152773573110258,2.5012082467791767,0.03197576573544261
1,La Bananita (Tango),Agustin Barrios Mandore,12,6,All,Romantic,found,pdf,pdf-20260524T103936Z-3-001/pdf/La Bananita by Agustin Barrios.pdf,,,,verified_pieces/pdf/xml/La Bananita by Agustin Barrios.musicxml,,0.02681992337164751,1.4757085020242915,21,1.7750852514919013,0.34936575052854124,0.654320987654321,0.8120204603580563,5,0.0,2.417624521072797,1893,92.0,7.546446273746024,4.1584786053882725,10.0,0.28631801373481247,0.2398309561542525,3.0,0.6462324393358876,2.909090909090909,0.39920948616600793,0.2595907928388747,22.0,2.094380724541421,3.326683167762297,2.463636405980453,0.06905370843989769
1,La donna e mobile from 'Rigoletto',Giuseppe Verdi,8,4,VII,Romantic,found,pdf,pdf-20260524T103936Z-3-001/pdf/La donna e mobile by Giuseppe Verdi.pdf,,,,verified_pieces/pdf/xml/La donna e mobile by Giuseppe Verdi.musicxml,,0.008403361344537815,0.5714285714285714,3,1.6567796610169492,0.47345132743362833,0.7692307692307693,0.3559322033898305,2,0.0,1.9075630252100841,227,75.0,5.429345628954441,2.700440528634361,6.0,0.07929515418502203,0.2907488986784141,2.0,0.6302521008403361,2.546666666666667,0.5466666666666666,0.2796610169491525,7.0,1.2860237359314834,2.677150166222213,2.2908576982007838,0.059322033898305086
1,Lagrima,Francisco Tarrega,4,4,IX,Romantic,found,pdf,pdf-20260524T103936Z-3-001/pdf/Prelude 20 Lagrima by Francisco Tarrega.pdf,,,,verified_pieces/pdf/xml/Prelude 20 Lagrima by Francisco Tarrega.musicxml,gaps_v1/musicxml/Prelude 20 Lagrima by Francisco Tarrega.xml,0.014705882352941176,1.0434782608695652,2,2.9601990049751246,0.66,0.6956521739130435,0.9552238805970149,4,0.0,1.4852941176470589,101,80.0,4.624972813284271,3.00990099009901,8.0,0.21782178217821782,0.3465346534653465,2.0,0.39705882352941174,2.7037037037037037,0.7037037037037037,0.44776119402985076,12.0,2.345753997710925,2.8870156196896586,2.340148535202976,0.0
1,Leyenda,Isaac Albeniz,15,8,XI,Romantic,found,dada_gp,,"datasets/DadaGP-v1.1/A/Albeniz, Isaac/Albeniz, Isaac - Leyenda.gp3.tokens.txt","datasets/DadaGP-v1.1/A/Albeniz, Isaac/Albeniz, Isaac - Leyenda.gp3",,"verified_pieces/dada/xml/Albeniz, Isaac - Leyenda.musicxml",,0.01614391143911439,1.5419847328244274,4,4.891016766651284,0.7801532876159741,0.9004617752693689,1.8121827411167513,5,0.0129032258064516,1.1439114391143912,2480,107.0,7.816416983691801,5.128225806451613,10.0,0.5717741935483871,0.31814516129032255,3.0,0.06226937269372694,3.311111111111111,0.4074074074074074,0.5952930318412551,14.75,3.678573479286814,2.7953654789619535,2.346139597822217,0.05814490078449469
1,"Los Panaderos, Bolero",Julian Arcas,10,5,X,Romantic,found,pdf,pdf-20260524T103936Z-3-001/pdf/Bolero in A Minor by Julian Arcas.pdf,,,,verified_pieces/pdf/xml/Bolero in A Minor by Julian Arcas.musicxml,,0.0103359173126615,0.8918918918918919,2,2.2567357512953365,0.6738703339882122,0.7217741935483871,1.1139896373056994,5,0.0,1.317829457364341,510,110.0,6.236369590203704,2.93921568627451,8.100000000000023,0.17647058823529413,0.3215686274509804,2.0,0.20671834625322996,2.875,0.4625,0.2823834196891192,13.0,2.5432022674189905,2.969079868103313,2.445467460673661,0.02849740932642487
1,Luisito (Minueto),Agustin Barrios Mandore,7,4,VIII,Romantic,found,pdf,pdf-20260524T103936Z-3-001/pdf/luisito-barrios.pdf,,,,verified_pieces/pdf/xml/luisito-barrios.musicxml,,0.006369426751592357,1.3725490196078431,3,2.03525641025641,0.6593886462882096,0.3888888888888889,0.4423076923076923,4,0.0,1.464968152866242,230,80.0,5.442417710521793,4.517391304347826,8.0,0.2,0.04782608695652174,3.0,0.3248407643312102,2.549019607843137,0.8823529411764706,0.3269230769230769,9.5,1.439640220886042,3.145490412296922,2.442387638477428,0.0
1,Mazurca en sol,Francisco Tarrega,8,6,XII,Romantic,found,pdf,pdf-20260524T103936Z-3-001/pdf/Mazurca En Sol by Francisco Tarrega.pdf,,,,verified_pieces/pdf/xml/Mazurca En Sol by Francisco Tarrega.musicxml,,0.028089887640449437,1.0918367346938775,4,2.2570621468926553,0.5184049079754601,0.24242424242424243,0.5875706214689266,5,0.0,1.8370786516853932,327,75.0,5.793013608384144,4.654434250764526,9.0,0.3211009174311927,0.1529051987767584,2.0,0.5617977528089888,2.1,0.65,0.3615819209039548,12.0,2.178654804020855,3.3102704061875143,2.400080858257003,0.01694915254237288
1,Mazurka Apassionata,Agustin Barrios Mandore,15,8,All,Romantic,found,pdf,pdf-20260524T103936Z-3-001/pdf/barrios-mazurka.pdf,,,,verified_pieces/pdf/xml/barrios-mazurka.musicxml,,0.01643192488262911,1.1488372093023256,5,2.588156862745098,0.5362517099863201,0.5546218487394958,0.7623529411764706,5,0.0,1.7183098591549295,732,90.0,6.597145701886651,6.300546448087432,12.0,0.5218579234972678,0.12704918032786885,3.0,0.5093896713615024,2.2027649769585254,0.5391705069124424,0.3764705882352941,14.0,2.6191755678328708,3.7401981850068586,2.4558399130241457,0.05647058823529412
1,Melancholy Galliard,John Dowland,8,4,V,Renaissance,found,pdf,pdf-20260524T103936Z-3-001/pdf/dowland-melancholy.pdf,,,,verified_pieces/pdf/xml/dowland-melancholy.musicxml,,0.02142857142857143,1.6979166666666667,3,1.4738351254480286,0.5106382978723404,0.2578125,0.26881720430107525,4,0.0,1.85,518,54.0,6.251903883165888,2.83976833976834,5.0,0.04826254826254826,0.1833976833976834,3.0,0.34285714285714286,3.6354166666666665,0.4375,0.11827956989247312,5.0,0.8483734684160978,2.721751553248584,2.369507840238517,0.04659498207885305
1,Partita I: BWV 1002: viii. Double (Tempo di Borea),J.S. Bach,12,5,VII,Baroque,found,pdf,pdf-20260524T103936Z-3-001/pdf/BWV1002 Double by Johann Sebastian Bach.pdf,,,,verified_pieces/pdf/xml/BWV1002 Double by Johann Sebastian Bach.musicxml,,0.0,0.6764705882352942,3,1.6319218241042346,0.7507246376811594,0.6293103448275862,0.8013029315960912,4,0.0,1.1233766233766234,346,110.0,5.849324779946859,3.008670520231214,7.0,0.1069364161849711,0.2023121387283237,1.6999999999999993,0.12337662337662338,3.236842105263158,0.868421052631579,0.20521172638436483,7.0,1.2664644239815839,2.8352386869705817,2.4450982223197792,0.006514657980456026
1,Poco Allegretto,Ferdinando Carulli,1,1,I,Classical,found,pdf,pdf-20260524T103936Z-3-001/pdf/Opus 211 No 10 Poco Allegretto by Ferdinando Carulli.pdf,,,,verified_pieces/pdf/xml/Opus 211 No 10 Poco Allegretto by Ferdinando Carulli.musicxml,,0.0051813471502590676,0.5483870967741935,2,2.527777777777778,0.5757575757575758,0.7545454545454545,0.9895833333333334,4,0.0,1.544041450777202,298,100.0,5.700443573390687,1.9429530201342282,4.0,0.02348993288590604,0.33557046979865773,1.0,0.32124352331606215,2.435483870967742,0.3709677419354839,0.203125,22.0,4.573484789226257,2.3907988434681307,2.2699621112511066,0.020833333333333332
1,"Prelude, TI i-6",Francisco Tarrega,8,6,All,Romantic,found,pdf,pdf-20260524T103936Z-3-001/pdf/Prelude 6 in B Minor by Francisco Tarrega.pdf,,,,verified_pieces/pdf/xml/Prelude 6 in B Minor by Francisco Tarrega.musicxml,,0.0,2.066666666666667,3,2.0652680652680653,0.6519337016574586,0.7560975609756098,1.1888111888111887,4,0.0,1.2638888888888888,182,80.0,5.209486152841421,4.571428571428571,9.900000000000006,0.26373626373626374,0.12087912087912088,3.0,0.10416666666666667,2.8666666666666667,0.9333333333333333,0.26573426573426573,12.0,2.4178045681351117,3.4291203825100673,2.474950129723209,0.0
1,Ricercare III,Francesco Canova da Milano,10,7,V,Renaissance,found,pdf,pdf-20260524T103936Z-3-001/pdf/Ricercare III by Francesco da Milano.pdf,,,,verified_pieces/pdf/xml/Ricercare III by Francesco da Milano.musicxml,,0.0,0.9344262295081968,3,1.8602339181286551,0.600896860986547,0.59,0.5894736842105263,4,0.0,1.562937062937063,447,80.0,6.104793232414985,2.1431767337807606,5.0,0.026845637583892617,0.3042505592841163,2.0,0.45104895104895104,2.193798449612403,0.5581395348837209,0.2982456140350877,7.0,1.3582674234573209,2.330706141053395,2.5184306135904118,0.017543859649122806
1,Study No. 16,Mateo Carcassi,3,2,VIII,Classical,found,pdf,pdf-20260524T103936Z-3-001/pdf/Opus 60 No 16 D Minor by Matteo Carcassi.pdf,,,,verified_pieces/pdf/xml/Opus 60 No 16 D Minor by Matteo Carcassi.musicxml,,0.0,1.087719298245614,3,0.8515151515151516,0.3548387096774194,0.0,0.8606060606060606,2,0.0,1.6867469879518073,280,120.0,5.638354669333745,3.9857142857142858,8.0,0.2,0.07142857142857142,2.0,0.6867469879518072,1.3596491228070176,0.21052631578947367,0.10303030303030303,5.5,1.057762421661652,3.1323593611874583,2.203326062305265,0.37575757575757573
1,The Prince's Toys: The Mechanical Monkey,Nikita Koshkin,15,10,XII,Modern,found,pdf,pdf-20260524T103936Z-3-001/pdf/The Princes Toys Clockwork Monkey by Nikita Koshkin.pdf,,,,verified_pieces/pdf/xml/The Princes Toys Clockwork Monkey by Nikita Koshkin.musicxml,,0.05335628227194492,1.0872093023255813,4,2.657183908045977,0.5379310344827586,0.4401294498381877,0.5344827586206896,5,0.0,1.4991394148020654,871,120.0,6.77078942390898,4.483352468427095,10.0,0.27784156142365096,0.182548794489093,2.0,0.29948364888123924,2.810344827586207,0.5057471264367817,0.3310344827586207,19.0,3.138120902322831,3.5631755997154806,2.5548331368153008,0.15862068965517243
1,The Prince's Toys: The Mischievous Prince,Nikita Koshkin,12,8,XI,Modern,found,pdf,pdf-20260524T103936Z-3-001/pdf/The Princes Toys The Prince Is Being Capricious by Nikita Koshkin.pdf,,,,verified_pieces/pdf/xml/The Princes Toys The Prince Is Being Capricious by Nikita Koshkin.musicxml,,0.014925373134328358,1.074766355140187,3,2.029166666666667,0.47715736040609136,0.3269230769230769,0.325,4,0.0,1.9651741293532339,395,80.0,5.981414211254481,4.794936708860759,9.0,0.3291139240506329,0.13164556962025317,2.0,0.5323383084577115,2.5233644859813085,0.5607476635514018,0.32,7.5,1.706497997850178,3.4480643105266173,2.3741469057126854,0.03
1,The Prince's Toys: The Tin Soldiers,Nikita Koshkin,16,9,X,Modern,found,pdf,pdf-20260524T103936Z-3-001/pdf/The Princes Toys Playing With Soldiers by Nikita Koshkin.pdf,,,,verified_pieces/pdf/xml/The Princes Toys Playing With Soldiers by Nikita Koshkin.musicxml,,0.03816793893129771,0.18737270875763748,4,1.6452599388379205,0.21701514059120403,0.34408602150537637,0.0764525993883792,2,0.0,2.119083969465649,1388,130.0,7.236339342754344,5.412103746397695,9.0,0.3256484149855908,0.1707492795389049,1.0,0.8213740458015267,1.7304832713754648,0.120817843866171,0.24770642201834864,13.0,2.6060476775188626,2.8570979170930375,2.521120760336883,0.5305810397553516
1,Danza Mora,Francisco Tarrega,18,8,All,Romantic,found,dada_gp,,"datasets/DadaGP-v1.1/T/Tarrega, Francisco/Tarrega, Francisco - Danza Mora.gp3.tokens.txt","datasets/DadaGP-v1.1/T/Tarrega, Francisco/Tarrega, Francisco - Danza Mora.gp3",,"verified_pieces/dada/xml/Tarrega, Francisco - Danza Mora.musicxml",,0.027607361963190184,1.3767123287671232,4,1.7287179487179485,0.5157116451016636,0.49473684210526314,0.5230769230769231,4,0.0,1.6625766871165644,542,100.0,6.297109319933935,5.452029520295203,9.0,0.4907749077490775,0.11439114391143912,2.0,0.4723926380368098,2.7337662337662336,0.4935064935064935,0.2553846153846154,8.0,1.5115495747835301,3.349525976103339,2.5632566196336746,0.09538461538461539
1,Fuga No. 1,Leo Brouwer,11,8,All,Modern,found,pdf,pdf-20260524T103936Z-3-001/pdf/Fuga No 1 by Leo Brouwer.pdf,,,,verified_pieces/pdf/xml/Fuga No 1 by Leo Brouwer.musicxml,,0.01048951048951049,0.8857142857142857,5,1.9462930531231757,0.5380313199105146,0.497737556561086,0.3975481611208406,4,0.0,1.5646853146853146,895,50.0,6.79794041297493,3.2670391061452513,7.0,0.20893854748603352,0.32513966480446926,2.0,0.4195804195804196,2.1333333333333333,0.5458333333333333,0.3239929947460595,11.0,1.8469708181469982,3.011109389751756,2.509764930580976,0.10332749562171628
1,Nocturne Opus 9 No. 2,Frederic Chopin,16,8,XIV,Romantic,found,pdf,pdf-20260524T103936Z-3-001/pdf/Opus 9 No 2 Nocturne by Frederic Chopin.pdf,,,,verified_pieces/pdf/xml/Opus 9 No 2 Nocturne by Frederic Chopin.musicxml,gaps_v1/musicxml/Opus 9 No 2 Nocturne by Frederic Chopin.xml,0.0076481835564053535,1.0,6,2.3370051085568324,0.6093366093366094,0.7823529411764706,0.8314176245210728,4,0.0,1.5583173996175907,815,56.0,6.704414354964107,4.975460122699387,9.0,0.347239263803681,0.13987730061349693,2.0,0.4168260038240918,3.1788990825688073,0.5412844036697247,0.3486590038314176,11.0,1.9472680189780378,3.381190112641463,2.541841624204056,0.0019157088122605363
1,Tarantos,Leo Brouwer,19,10,X,Modern,found,dada_gp,,"datasets/DadaGP-v1.1/B/Brouwer, Leo/Brouwer, Leo - Tarantos.gp4.tokens.txt","datasets/DadaGP-v1.1/B/Brouwer, Leo/Brouwer, Leo - Tarantos.gp4",,"verified_pieces/dada/xml/Brouwer, Leo - Tarantos.musicxml",,0.0,1.4081632653061225,4,2.5817543859649126,0.6624775583482945,0.7481108312342569,0.9978947368421053,5,0.108991825613079,1.1722689075630253,558,80.0,6.326149473155099,4.062724014336918,9.0,0.26881720430107525,0.26344086021505375,3.0,0.10504201680672269,2.26,0.66,0.37894736842105264,16.0,2.6851411298183505,3.232600303964266,2.486678594335916,0.11578947368421053
1,"24 Caprices, Op. 1: 1",Niccolo Paganini,20,10,All,Romantic,found,pdf,pdf-20260524T103936Z-3-001/pdf/1st Caprice by Nicolo Paganini.pdf,,,,verified_pieces/pdf/xml/1st Caprice by Nicolo Paganini.musicxml,,0.0018399264029438822,1.4,3,1.6975138121546962,0.6709677419354839,0.7234972677595628,1.0239410681399632,5,0.0,1.141674333026679,1241,106.0,7.124478262493424,7.595487510072522,14.0,0.564867042707494,0.0427074939564867,2.0,0.12603495860165592,1.364963503649635,0.5401459854014599,0.1998158379373849,17.0,2.010343866658008,3.936457049018364,2.53721565682345,0.13075506445672191
1,"24 Caprices, Op. 1: 13",Niccolo Paganini,16,6,XII,Romantic,found,pdf,pdf-20260524T103936Z-3-001/pdf/13th Caprice by Niccolo Paganini.pdf,,,,verified_pieces/pdf/xml/13th Caprice by Niccolo Paganini.musicxml,,0.0,1.368421052631579,3,1.9926686217008798,0.7022727272727273,0.7350427350427351,1.404692082111437,5,0.0,1.2894736842105263,441,72.0,6.091309882077698,5.784580498866213,11.0,0.36507936507936506,0.06349206349206349,2.0,0.2777777777777778,1.063157894736842,0.28421052631578947,0.2727272727272727,15.0,1.800997609576333,3.659036266318985,2.335958712213902,0.008797653958944282
1,"24 Caprices, Op. 1: 16",Niccolo Paganini,17,9,All,Romantic,found,pdf,pdf-20260524T103936Z-3-001/pdf/Capriccio No 16 Presto In Sol Minore by Niccolo Paganini.pdf,,,,verified_pieces/pdf/xml/Capriccio No 16 Presto In Sol Minore by Niccolo Paganini.musicxml,,0.0016233766233766235,0.0,0,2.067073170731707,0.8786407766990292,0.5684039087947883,1.1056910569105691,5,0.0,1.00487012987013,619,165.0,6.429719478039138,8.510500807754443,13.0,0.7172859450726979,0.004846526655896607,0.0,0.0016233766233766235,5.0,1.0,0.3252032520325203,12.0,1.633886947013671,3.655153074151302,2.5386676017957446,0.0065040650406504065
1,"24 Caprices, Op. 1: 2",Niccolo Paganini,19,10,All,Romantic,found,pdf,pdf-20260524T103936Z-3-001/pdf/Capricce No 2 by Nicolo Paganini.pdf,,,,verified_pieces/pdf/xml/Capricce No 2 by Nicolo Paganini.musicxml,,0.0010141987829614604,2.0,2,2.176988155668359,0.8789101917255298,0.7708757637474541,1.984771573604061,5,0.0,1.0060851926977687,992,81.0,6.900730664045173,9.22983870967742,13.0,0.8518145161290323,0.005040322580645161,2.0,0.002028397565922921,3.5,1.0,0.3746192893401015,14.0,1.5434780124544094,3.5262447086592177,2.51307849920929,0.005076142131979695
1,"24 Caprices, Op. 1: 20",Niccolo Paganini,15,7,All,Romantic,found,pdf,pdf-20260524T103936Z-3-001/pdf/Caprice No 20 by Niccolo Paganini.pdf,,,,verified_pieces/pdf/xml/Caprice No 20 by Niccolo Paganini.musicxml,,0.0,1.8048780487804879,4,1.722517730496454,0.6598360655737705,0.49264705882352944,0.5904255319148937,5,0.0,1.297082228116711,489,120.0,6.194405391104672,6.323108384458077,12.199999999999989,0.44171779141104295,0.09202453987730061,3.0,0.21750663129973474,2.524390243902439,0.4634146341463415,0.21808510638297873,11.0,1.697754753315185,3.754685217250554,2.4871426976204782,0.07180851063829788
1,"24 Caprices, Op. 1: 24",Niccolo Paganini,19,8,All,Romantic,found,pdf,pdf-20260524T103936Z-3-001/pdf/Caprice No.24 by Nicolo Paganini.pdf,,,,verified_pieces/pdf/xml/Caprice No.24 by Nicolo Paganini.musicxml,,0.0,0.4117647058823529,2,1.5412844036697249,0.7983539094650206,0.4911242603550296,0.6605504587155964,5,0.0,1.1141552511415524,244,120.0,5.501258210544727,1.8770491803278688,4.0,0.004098360655737705,0.30327868852459017,1.4000000000000004,0.1141552511415525,3.28,0.56,0.2018348623853211,6.0,1.1486498663408393,2.529700826516824,2.360109497632084,0.04128440366972477
1,Bajando de la meseta,Joaquin Rodrigo,14,8,All,Modern,found,pdf,pdf-20260524T103936Z-3-001/pdf/Por Los Campos De Espana No 3 Bajando De La Meseta by Joaquin Rodrigo.pdf,,,,verified_pieces/pdf/xml/Por Los Campos De Espana No 3 Bajando De La Meseta by Joaquin Rodrigo.musicxml,,0.025811823480432972,1.121654501216545,4,1.7627777777777776,0.37209302325581395,0.44042232277526394,0.565,5,0.0,1.9700249791840134,2366,56.0,7.769378609513984,3.5135249366018595,9.0,0.19907016060862215,0.31149619611158075,2.0,0.36969192339716905,2.9324324324324325,0.20270270270270271,0.19333333333333333,16.0,2.2288122078866786,3.060759373620859,2.547723227876026,0.20833333333333334
1,Choro da Saudade,Agustin Barrios Mandore,13,7,X,Romantic,found,pdf,pdf-20260524T103936Z-3-001/pdf/Choro de Saudade (Nostalgic Song) by Agustin Barrios Mangore.pdf,,,,verified_pieces/pdf/xml/Choro de Saudade (Nostalgic Song) by Agustin Barrios Mangore.musicxml,,0.0049382716049382715,1.4198473282442747,5,2.240924092409241,0.5350734094616639,0.5918367346938775,1.1485148514851484,5,0.0,1.5160493827160493,614,57.0,6.421622267806518,4.95928338762215,10.0,0.31107491856677527,0.1270358306188925,3.0,0.3308641975308642,1.9179104477611941,0.5,0.3712871287128713,15.0,2.243654755037993,3.46259768266878,2.462656649320791,0.10148514851485149
1,Entre olivares,Joaquin Rodrigo,15,7,XII,Modern,found,pdf,pdf-20260524T103936Z-3-001/pdf/Por Los Campos De Espana No 2 Entre Olivares  by Joaquin Rodrigo.pdf,,,,verified_pieces/pdf/xml/Por Los Campos De Espana No 2 Entre Olivares  by Joaquin Rodrigo.musicxml,,0.023397761953204477,1.2382133995037221,4,1.4560930074677527,0.2838018741633199,0.4161735700197239,0.3533604887983707,5,0.0,2.2807731434384535,2242,132.0,7.715569534520208,3.14228367528992,9.0,0.16458519179304193,0.3496877787689563,3.0,0.41098677517802645,3.4232673267326734,0.15841584158415842,0.18024439918533605,22.0,2.214075541548372,2.8801935632505713,2.5742072228832145,0.2892057026476578
1,"Goldberg Variations, BWV 988: Variatio 1",J.S. Bach,12,4,VII,Baroque,found,pdf,pdf-20260524T103936Z-3-001/pdf/BWV 988 Goldberg Variation 1 by Johann Sebastian Bach.pdf,,,,verified_pieces/pdf/xml/BWV 988 Goldberg Variation 1 by Johann Sebastian Bach.musicxml,,0.0,0.0,0,2.3503937007874014,0.937007874015748,0.5826771653543307,0.8858267716535433,5,0.0,1.0,255,85.0,5.545177444479562,2.376470588235294,4.0,0.054901960784313725,0.29411764705882354,0.0,0.0,0.0,0.0,0.35039370078740156,8.0,1.32185589025657,2.5000527481405843,2.2215837465252104,0.0
1,"Jesu, Joy of Man's Desiring (from Cantata No. 147)",J.S. Bach,16,7,VIII,Baroque,found,pdf,"pdf-20260524T103936Z-3-001/pdf/BWV147  Jesu, Joy of Man_s Desiring Johann Sebastian Bach.pdf",,,,"verified_pieces/pdf/xml/BWV147  Jesu, Joy of Man_s Desiring Johann Sebastian Bach.musicxml",,0.0,0.8636363636363636,21,1.758130081300813,0.6265938069216758,0.5138888888888888,0.5094850948509485,3,0.0,1.4864864864864864,550,120.0,6.311734809152915,1.5345454545454544,3.0,0.0036363636363636364,0.38727272727272727,1.1000000000000085,0.327027027027027,2.6611570247933884,0.4380165289256198,0.23848238482384823,22.0,1.8990861752578183,2.1366333163071367,2.3495509393613525,0.0027100271002710027
1,"Suite IV, BWV 1006a: iii. Gavotte en rondeau",J.S. Bach,14,8,VII,Baroque,found,pdf,pdf-20260524T103936Z-3-001/pdf/BWV 1006a iii Gavotte En Rondeau by Johann Sebastian Bach.pdf,,,,verified_pieces/pdf/xml/BWV 1006a iii Gavotte En Rondeau by Johann Sebastian Bach.musicxml,,0.0045385779122541605,1.198581560283688,4,1.9141414141414144,0.7263157894736842,0.5703125,0.6863636363636364,3,0.0,1.2950075642965204,856,120.0,6.75343791859778,3.996495327102804,7.0,0.16238317757009346,0.11448598130841121,3.0,0.22087745839636913,2.3698630136986303,0.5616438356164384,0.29545454545454547,9.0,1.3291735692935058,2.9788787308769944,2.2831444337680113,0.0030303030303030303
