Target,Candidate,Source,Reason,Path
Mauro Giuliani - 3 temi favoriti con variazioni: Tema di Rode,"G/Giuliani, Mauro/Giuliani, Mauro - Op. 50 No.3.gp3.tokens.txt",DadaGP,Num:{'3'},"G/Giuliani, Mauro/Giuliani, Mauro - Op. 50 No.3.gp3.tokens.txt"
Mauro Giuliani - 3 temi favoriti con variazioni: Tema di Rode,"G/Giuliani, Mauro/Giuliani, Mauro - Study No. 3.gp4.tokens.txt",DadaGP,Num:{'3'},"G/Giuliani, Mauro/Giuliani, Mauro - Study No. 3.gp4.tokens.txt"
Mauro Giuliani - 4 pezzi favoriti: Rondo sul tema Donnette innamorate,"G/Giuliani, Mauro/Giuliani, Mauro - Dance Rondo.gp4.tokens.txt",DadaGP,Num:{'4'},"G/Giuliani, Mauro/Giuliani, Mauro - Dance Rondo.gp4.tokens.txt"
"J.S. Bach - Adagio, Aria, and Fugue; BWV 992: i. Adagio","B/Bach, Johann Sebastian/Bach, Johann Sebastian - Toccata And Fugue (Bwv 565).gp4.tokens.txt",DadaGP,Words:3/7,"B/Bach, Johann Sebastian/Bach, Johann Sebastian - Toccata And Fugue (Bwv 565).gp4.tokens.txt"
"J.S. Bach - Adagio, Aria, and Fugue; BWV 992: ii. Aria","B/Bach, Johann Sebastian/Bach, Johann Sebastian - Toccata And Fugue (Bwv 565).gp4.tokens.txt",DadaGP,Words:3/7,"B/Bach, Johann Sebastian/Bach, Johann Sebastian - Toccata And Fugue (Bwv 565).gp4.tokens.txt"
"J.S. Bach - Adagio, Aria, and Fugue; BWV 992: iii. Fugue","B/Bach, Johann Sebastian/Bach, Johann Sebastian - Toccata And Fugue (Bwv 565).gp4.tokens.txt",DadaGP,Words:3/7,"B/Bach, Johann Sebastian/Bach, Johann Sebastian - Toccata And Fugue (Bwv 565).gp4.tokens.txt"
Francisco Tarrega - Adelita (Mazurca),"T/Tarrega, Francisco/Tarrega, Francisco - Adelita (2).gp3.tokens.txt",DadaGP,Words:1/2,"T/Tarrega, Francisco/Tarrega, Francisco - Adelita (2).gp3.tokens.txt"
Francisco Tarrega - Adelita (Mazurca),"T/Tarrega, Francisco/Tarrega, Francisco - Adelita.gp3.tokens.txt",DadaGP,Words:1/2,"T/Tarrega, Francisco/Tarrega, Francisco - Adelita.gp3.tokens.txt"
"Mauro Giuliani - Agitato, Op. 51 no. 3","G/Giuliani, Mauro/Giuliani, Mauro - Op. 50 No. 1.gp3.tokens.txt",DadaGP,Num:{'3'},"G/Giuliani, Mauro/Giuliani, Mauro - Op. 50 No. 1.gp3.tokens.txt"
"Mauro Giuliani - Agitato, Op. 51 no. 3","G/Giuliani, Mauro/Giuliani, Mauro - Op. 50 No.3.gp3.tokens.txt",DadaGP,Num:{'3'},"G/Giuliani, Mauro/Giuliani, Mauro - Op. 50 No.3.gp3.tokens.txt"
"Mauro Giuliani - Agitato, Op. 51 no. 3","G/Giuliani, Mauro/Giuliani, Mauro - Study No. 3.gp4.tokens.txt",DadaGP,Num:{'3'},"G/Giuliani, Mauro/Giuliani, Mauro - Study No. 3.gp4.tokens.txt"
"Fernando Sor - Allegretto in E Minor, Op. 47 no. 4","S/Sor, Fernando/Sor, Fernando - Encouragement Cantabile Op.34.gp4.tokens.txt",DadaGP,Num:{'4'},"S/Sor, Fernando/Sor, Fernando - Encouragement Cantabile Op.34.gp4.tokens.txt"
"Fernando Sor - Allegretto in E Minor, Op. 47 no. 4","S/Sor, Fernando/Sor, Fernando - Estudio 3 (Op. 6, No. 2).gp4.tokens.txt",DadaGP,Num:{'4'},"S/Sor, Fernando/Sor, Fernando - Estudio 3 (Op. 6, No. 2).gp4.tokens.txt"
"Fernando Sor - Allegretto in E Minor, Op. 47 no. 4","S/Sor, Fernando/Sor, Fernando - Estudio No. 10.gp4.tokens.txt",DadaGP,Num:{'4'},"S/Sor, Fernando/Sor, Fernando - Estudio No. 10.gp4.tokens.txt"
"Fernando Sor - Allegretto in E Minor, Op. 47 no. 4","S/Sor, Fernando/Sor, Fernando - Estudio No. 18.gp4.tokens.txt",DadaGP,Num:{'4'},"S/Sor, Fernando/Sor, Fernando - Estudio No. 18.gp4.tokens.txt"
"Fernando Sor - Allegretto in E Minor, Op. 47 no. 4","S/Sor, Fernando/Sor, Fernando - Estudio No. 3.gp4.tokens.txt",DadaGP,Num:{'4'},"S/Sor, Fernando/Sor, Fernando - Estudio No. 3.gp4.tokens.txt"
"Fernando Sor - Allegretto in E Minor, Op. 47 no. 4","S/Sor, Fernando/Sor, Fernando - Etude No 9, Opus 31.gp4.tokens.txt",DadaGP,Num:{'4'},"S/Sor, Fernando/Sor, Fernando - Etude No 9, Opus 31.gp4.tokens.txt"
"Fernando Sor - Allegretto in E Minor, Op. 47 no. 4","S/Sor, Fernando/Sor, Fernando - Etude No. 13.gp4.tokens.txt",DadaGP,Num:{'4'},"S/Sor, Fernando/Sor, Fernando - Etude No. 13.gp4.tokens.txt"
"Fernando Sor - Allegretto in E Minor, Op. 47 no. 4","S/Sor, Fernando/Sor, Fernando - Etude No. 9 Opus 35.gp4.tokens.txt",DadaGP,Num:{'4'},"S/Sor, Fernando/Sor, Fernando - Etude No. 9 Opus 35.gp4.tokens.txt"
"Fernando Sor - Allegretto in E Minor, Op. 47 no. 4","S/Sor, Fernando/Sor, Fernando - Op. 31 - No 1 (Study In C Major).gp4.tokens.txt",DadaGP,Num:{'4'},"S/Sor, Fernando/Sor, Fernando - Op. 31 - No 1 (Study In C Major).gp4.tokens.txt"
"Fernando Sor - Allegretto in E Minor, Op. 47 no. 4","S/Sor, Fernando/Sor, Fernando - Op. 44 - No 22 (study In A Minor).gp4.tokens.txt",DadaGP,Num:{'4'},"S/Sor, Fernando/Sor, Fernando - Op. 44 - No 22 (study In A Minor).gp4.tokens.txt"
"Fernando Sor - Allegretto in E Minor, Op. 47 no. 4","S/Sor, Fernando/Sor, Fernando - Op. 60 - No 1 (study In C Major).gp4.tokens.txt",DadaGP,Num:{'4'},"S/Sor, Fernando/Sor, Fernando - Op. 60 - No 1 (study In C Major).gp4.tokens.txt"
"Fernando Sor - Allegretto in E Minor, Op. 47 no. 4","S/Sor, Fernando/Sor, Fernando - Op. 60 - No 2 (study In C Major).gp4.tokens.txt",DadaGP,Num:{'4'},"S/Sor, Fernando/Sor, Fernando - Op. 60 - No 2 (study In C Major).gp4.tokens.txt"
"Fernando Sor - Allegretto in E Minor, Op. 47 no. 4","S/Sor, Fernando/Sor, Fernando - Op. 60 - No 5 (study In A Minor).gp4.tokens.txt",DadaGP,Num:{'4'},"S/Sor, Fernando/Sor, Fernando - Op. 60 - No 5 (study In A Minor).gp4.tokens.txt"
"Fernando Sor - Allegretto in E Minor, Op. 47 no. 4","S/Sor, Fernando/Sor, Fernando - Op. 60 - No 6 (study In A Minor).gp4.tokens.txt",DadaGP,Num:{'4'},"S/Sor, Fernando/Sor, Fernando - Op. 60 - No 6 (study In A Minor).gp4.tokens.txt"
"Fernando Sor - Allegretto in E Minor, Op. 47 no. 4","S/Sor, Fernando/Sor, Fernando - Sonate In C (Op.15B).gp4.tokens.txt",DadaGP,Num:{'4'},"S/Sor, Fernando/Sor, Fernando - Sonate In C (Op.15B).gp4.tokens.txt"
"Fernando Sor - Allegretto in E Minor, Op. 47 no. 4","S/Sor, Fernando/Sor, Fernando - Study In D Minor (poco Allegretto).gp4.tokens.txt",DadaGP,Num:{'4'},"S/Sor, Fernando/Sor, Fernando - Study In D Minor (poco Allegretto).gp4.tokens.txt"
"Fernando Sor - Allegretto in E Minor, Op. 47 no. 4","S/Sor, Fernando/Sor, Fernando - Study No. 16.gp4.tokens.txt",DadaGP,Num:{'4'},"S/Sor, Fernando/Sor, Fernando - Study No. 16.gp4.tokens.txt"
"Fernando Sor - Allegretto in E Minor, Op. 47 no. 4","S/Sor, Fernando/Sor, Fernando - Study No. 19.gp4.tokens.txt",DadaGP,Num:{'4'},"S/Sor, Fernando/Sor, Fernando - Study No. 19.gp4.tokens.txt"
"Fernando Sor - Allegretto in E Minor, Op. 47 no. 4","S/Sor, Fernando/Sor, Fernando - Variations in Tremolo, From Op.21.gp4.tokens.txt",DadaGP,Num:{'4'},"S/Sor, Fernando/Sor, Fernando - Variations in Tremolo, From Op.21.gp4.tokens.txt"
"Fernando Sor - Allegretto, Op. 35 no. 8","S/Sor, Fernando/Sor, Fernando - Estudio 3 (Op. 6, No. 2).gp4.tokens.txt",DadaGP,Words:2/5,"S/Sor, Fernando/Sor, Fernando - Estudio 3 (Op. 6, No. 2).gp4.tokens.txt"
"Fernando Sor - Allegretto, Op. 35 no. 8","S/Sor, Fernando/Sor, Fernando - Etude No. 9 Opus 35.gp4.tokens.txt",DadaGP,Num:{'35'},"S/Sor, Fernando/Sor, Fernando - Etude No. 9 Opus 35.gp4.tokens.txt"
"Fernando Sor - Allegretto, Op. 35 no. 8","S/Sor, Fernando/Sor, Fernando - Op. 31 - No 1 (Study In C Major).gp4.tokens.txt",DadaGP,Words:2/5,"S/Sor, Fernando/Sor, Fernando - Op. 31 - No 1 (Study In C Major).gp4.tokens.txt"
"Fernando Sor - Allegretto, Op. 35 no. 8","S/Sor, Fernando/Sor, Fernando - Op. 44 - No 22 (study In A Minor).gp4.tokens.txt",DadaGP,Words:2/5,"S/Sor, Fernando/Sor, Fernando - Op. 44 - No 22 (study In A Minor).gp4.tokens.txt"
"Fernando Sor - Allegretto, Op. 35 no. 8","S/Sor, Fernando/Sor, Fernando - Op. 60 - No 1 (study In C Major).gp4.tokens.txt",DadaGP,Words:2/5,"S/Sor, Fernando/Sor, Fernando - Op. 60 - No 1 (study In C Major).gp4.tokens.txt"
"Fernando Sor - Allegretto, Op. 35 no. 8","S/Sor, Fernando/Sor, Fernando - Op. 60 - No 2 (study In C Major).gp4.tokens.txt",DadaGP,Words:2/5,"S/Sor, Fernando/Sor, Fernando - Op. 60 - No 2 (study In C Major).gp4.tokens.txt"
"Fernando Sor - Allegretto, Op. 35 no. 8","S/Sor, Fernando/Sor, Fernando - Op. 60 - No 5 (study In A Minor).gp4.tokens.txt",DadaGP,Words:2/5,"S/Sor, Fernando/Sor, Fernando - Op. 60 - No 5 (study In A Minor).gp4.tokens.txt"
"Fernando Sor - Allegretto, Op. 35 no. 8","S/Sor, Fernando/Sor, Fernando - Op. 60 - No 6 (study In A Minor).gp4.tokens.txt",DadaGP,Words:2/5,"S/Sor, Fernando/Sor, Fernando - Op. 60 - No 6 (study In A Minor).gp4.tokens.txt"
"Mauro Giuliani - Allegretto, Op. 51 no. 15","G/Giuliani, Mauro/Giuliani, Mauro - Op. 50 No. 1.gp3.tokens.txt",DadaGP,Words:2/5,"G/Giuliani, Mauro/Giuliani, Mauro - Op. 50 No. 1.gp3.tokens.txt"
"Mauro Giuliani - Allegretto, Op. 51 no. 15","G/Giuliani, Mauro/Giuliani, Mauro - Op. 50 No.3.gp3.tokens.txt",DadaGP,Words:2/5,"G/Giuliani, Mauro/Giuliani, Mauro - Op. 50 No.3.gp3.tokens.txt"
Mauro Giuliani - Allegro,"G/Giuliani, Mauro/Giuliani, Mauro - Allegro (Solo).gp4.tokens.txt",DadaGP,Words:1/1,"G/Giuliani, Mauro/Giuliani, Mauro - Allegro (Solo).gp4.tokens.txt"
Mauro Giuliani - Allegro,"G/Giuliani, Mauro/Giuliani, Mauro - Allegro.gp3.tokens.txt",DadaGP,Words:1/1,"G/Giuliani, Mauro/Giuliani, Mauro - Allegro.gp3.tokens.txt"
"Mauro Giuliani - Allegro in D Major, Op. 50 no. 26","G/Giuliani, Mauro/Giuliani, Mauro - Op. 50 No. 1.gp3.tokens.txt",DadaGP,Num:{'50'},"G/Giuliani, Mauro/Giuliani, Mauro - Op. 50 No. 1.gp3.tokens.txt"
"Mauro Giuliani - Allegro in D Major, Op. 50 no. 26","G/Giuliani, Mauro/Giuliani, Mauro - Op. 50 No.3.gp3.tokens.txt",DadaGP,Num:{'50'},"G/Giuliani, Mauro/Giuliani, Mauro - Op. 50 No.3.gp3.tokens.txt"
Agustin Barrios Mandore - Allegro Sinfonico,"B/Barrios, Agustin/Barrios, Agustin - La Catedral (Allegro).gp3.tokens.txt",DadaGP,Words:1/2,"B/Barrios, Agustin/Barrios, Agustin - La Catedral (Allegro).gp3.tokens.txt"
Agustin Barrios Mandore - Allegro Sinfonico,"B/Barrios, Agustin/Barrios, Agustin - La Catedral - Allegro Solemne.gp3.tokens.txt",DadaGP,Words:1/2,"B/Barrios, Agustin/Barrios, Agustin - La Catedral - Allegro Solemne.gp3.tokens.txt"
"Mauro Giuliani - Allegro, Op. 40 no. 6","G/Giuliani, Mauro/Giuliani, Mauro - Op. 50 No. 1.gp3.tokens.txt",DadaGP,Words:2/5,"G/Giuliani, Mauro/Giuliani, Mauro - Op. 50 No. 1.gp3.tokens.txt"
"Mauro Giuliani - Allegro, Op. 40 no. 6","G/Giuliani, Mauro/Giuliani, Mauro - Op. 50 No.3.gp3.tokens.txt",DadaGP,Words:2/5,"G/Giuliani, Mauro/Giuliani, Mauro - Op. 50 No.3.gp3.tokens.txt"
"Mauro Giuliani - Allegro, Op. 50 no. 13","G/Giuliani, Mauro/Giuliani, Mauro - Op. 50 No. 1.gp3.tokens.txt",DadaGP,Num:{'50'},"G/Giuliani, Mauro/Giuliani, Mauro - Op. 50 No. 1.gp3.tokens.txt"
"Mauro Giuliani - Allegro, Op. 50 no. 13","G/Giuliani, Mauro/Giuliani, Mauro - Op. 50 No.3.gp3.tokens.txt",DadaGP,Num:{'50'},"G/Giuliani, Mauro/Giuliani, Mauro - Op. 50 No.3.gp3.tokens.txt"
Fernando Sor - Andante in B Minor,"S/Sor, Fernando/Sor, Fernando - Op. 44 - No 22 (study In A Minor).gp4.tokens.txt",DadaGP,Words:2/4,"S/Sor, Fernando/Sor, Fernando - Op. 44 - No 22 (study In A Minor).gp4.tokens.txt"
Fernando Sor - Andante in B Minor,"S/Sor, Fernando/Sor, Fernando - Op. 60 - No 5 (study In A Minor).gp4.tokens.txt",DadaGP,Words:2/4,"S/Sor, Fernando/Sor, Fernando - Op. 60 - No 5 (study In A Minor).gp4.tokens.txt"
Fernando Sor - Andante in B Minor,"S/Sor, Fernando/Sor, Fernando - Op. 60 - No 6 (study In A Minor).gp4.tokens.txt",DadaGP,Words:2/4,"S/Sor, Fernando/Sor, Fernando - Op. 60 - No 6 (study In A Minor).gp4.tokens.txt"
Fernando Sor - Andante in B Minor,"S/Sor, Fernando/Sor, Fernando - Study In D Minor (poco Allegretto).gp4.tokens.txt",DadaGP,Words:2/4,"S/Sor, Fernando/Sor, Fernando - Study In D Minor (poco Allegretto).gp4.tokens.txt"
Fernando Sor - Andante in C,"S/Sor, Fernando/Sor, Fernando - Op. 31 - No 1 (Study In C Major).gp4.tokens.txt",DadaGP,Words:2/3,"S/Sor, Fernando/Sor, Fernando - Op. 31 - No 1 (Study In C Major).gp4.tokens.txt"
Fernando Sor - Andante in C,"S/Sor, Fernando/Sor, Fernando - Op. 60 - No 1 (study In C Major).gp4.tokens.txt",DadaGP,Words:2/3,"S/Sor, Fernando/Sor, Fernando - Op. 60 - No 1 (study In C Major).gp4.tokens.txt"
Fernando Sor - Andante in C,"S/Sor, Fernando/Sor, Fernando - Op. 60 - No 2 (study In C Major).gp4.tokens.txt",DadaGP,Words:2/3,"S/Sor, Fernando/Sor, Fernando - Op. 60 - No 2 (study In C Major).gp4.tokens.txt"
Fernando Sor - Andante in C,"S/Sor, Fernando/Sor, Fernando - Sonate In C (Op.15B).gp4.tokens.txt",DadaGP,Words:2/3,"S/Sor, Fernando/Sor, Fernando - Sonate In C (Op.15B).gp4.tokens.txt"
Fernando Sor - Andante in C,"S/Sor, Fernando/Sor, Fernando - Study in C.gp3.tokens.txt",DadaGP,Words:2/3,"S/Sor, Fernando/Sor, Fernando - Study in C.gp3.tokens.txt"
Fernando Sor - Andantino,"S/Sor, Fernando/Sor, Fernando - Andantino (op.60).gp3.tokens.txt",DadaGP,Words:1/1,"S/Sor, Fernando/Sor, Fernando - Andantino (op.60).gp3.tokens.txt"
Fernando Sor - Andantino,"S/Sor, Fernando/Sor, Fernando - andantino.gp3.tokens.txt",DadaGP,Words:1/1,"S/Sor, Fernando/Sor, Fernando - andantino.gp3.tokens.txt"
"Matteo Carcassi - Andantino Grazioso, Op. 5 no. 8","C/Carcassi, Mateo/Carcassi, Mateo - Andante Grazioso Opus 5 No. 8.gp3.tokens.txt",DadaGP,"Num:{'5', '8'}","C/Carcassi, Mateo/Carcassi, Mateo - Andante Grazioso Opus 5 No. 8.gp3.tokens.txt"
"Matteo Carcassi - Andantino Grazioso, Op. 5 no. 8","C/Carcassi, Mateo/Carcassi, Mateo - Andante nss 8.gp3.tokens.txt",DadaGP,Num:{'8'},"C/Carcassi, Mateo/Carcassi, Mateo - Andante nss 8.gp3.tokens.txt"
Fernando Sor - Andantino in E Minor,"S/Sor, Fernando/Sor, Fernando - Op. 44 - No 22 (study In A Minor).gp4.tokens.txt",DadaGP,Words:2/4,"S/Sor, Fernando/Sor, Fernando - Op. 44 - No 22 (study In A Minor).gp4.tokens.txt"
Fernando Sor - Andantino in E Minor,"S/Sor, Fernando/Sor, Fernando - Op. 60 - No 5 (study In A Minor).gp4.tokens.txt",DadaGP,Words:2/4,"S/Sor, Fernando/Sor, Fernando - Op. 60 - No 5 (study In A Minor).gp4.tokens.txt"
Fernando Sor - Andantino in E Minor,"S/Sor, Fernando/Sor, Fernando - Op. 60 - No 6 (study In A Minor).gp4.tokens.txt",DadaGP,Words:2/4,"S/Sor, Fernando/Sor, Fernando - Op. 60 - No 6 (study In A Minor).gp4.tokens.txt"
Fernando Sor - Andantino in E Minor,"S/Sor, Fernando/Sor, Fernando - Study In D Minor (poco Allegretto).gp4.tokens.txt",DadaGP,Words:2/4,"S/Sor, Fernando/Sor, Fernando - Study In D Minor (poco Allegretto).gp4.tokens.txt"
"Mauro Giuliani - Andantino mosso, Op. 1, part 4 no. 3","G/Giuliani, Mauro/Giuliani, Mauro - Op. 50 No. 1.gp3.tokens.txt",DadaGP,"Num:{'3', '1'}","G/Giuliani, Mauro/Giuliani, Mauro - Op. 50 No. 1.gp3.tokens.txt"
"Mauro Giuliani - Andantino mosso, Op. 1, part 4 no. 3","G/Giuliani, Mauro/Giuliani, Mauro - Op. 50 No.3.gp3.tokens.txt",DadaGP,Num:{'3'},"G/Giuliani, Mauro/Giuliani, Mauro - Op. 50 No.3.gp3.tokens.txt"
"Mauro Giuliani - Andantino mosso, Op. 1, part 4 no. 3","G/Giuliani, Mauro/Giuliani, Mauro - Study No. 3.gp4.tokens.txt",DadaGP,"Num:{'4', '3'}","G/Giuliani, Mauro/Giuliani, Mauro - Study No. 3.gp4.tokens.txt"
"Fernando Sor - Andantino, Op. 44 no. 5","S/Sor, Fernando/Sor, Fernando - Andante (Op.44).gp3.tokens.txt",DadaGP,Num:{'44'},"S/Sor, Fernando/Sor, Fernando - Andante (Op.44).gp3.tokens.txt"
"Fernando Sor - Andantino, Op. 44 no. 5","S/Sor, Fernando/Sor, Fernando - Andantino (op.60).gp3.tokens.txt",DadaGP,Words:2/5,"S/Sor, Fernando/Sor, Fernando - Andantino (op.60).gp3.tokens.txt"
"Fernando Sor - Andantino, Op. 44 no. 5","S/Sor, Fernando/Sor, Fernando - Estudio 3 (Op. 6, No. 2).gp4.tokens.txt",DadaGP,Words:2/5,"S/Sor, Fernando/Sor, Fernando - Estudio 3 (Op. 6, No. 2).gp4.tokens.txt"
"Fernando Sor - Andantino, Op. 44 no. 5","S/Sor, Fernando/Sor, Fernando - Op. 31 - No 1 (Study In C Major).gp4.tokens.txt",DadaGP,Words:2/5,"S/Sor, Fernando/Sor, Fernando - Op. 31 - No 1 (Study In C Major).gp4.tokens.txt"
"Fernando Sor - Andantino, Op. 44 no. 5","S/Sor, Fernando/Sor, Fernando - Op. 44 - No 22 (study In A Minor).gp4.tokens.txt",DadaGP,Num:{'44'},"S/Sor, Fernando/Sor, Fernando - Op. 44 - No 22 (study In A Minor).gp4.tokens.txt"
"Fernando Sor - Andantino, Op. 44 no. 5","S/Sor, Fernando/Sor, Fernando - Op. 60 - No 1 (study In C Major).gp4.tokens.txt",DadaGP,Words:2/5,"S/Sor, Fernando/Sor, Fernando - Op. 60 - No 1 (study In C Major).gp4.tokens.txt"
"Fernando Sor - Andantino, Op. 44 no. 5","S/Sor, Fernando/Sor, Fernando - Op. 60 - No 2 (study In C Major).gp4.tokens.txt",DadaGP,Words:2/5,"S/Sor, Fernando/Sor, Fernando - Op. 60 - No 2 (study In C Major).gp4.tokens.txt"
"Fernando Sor - Andantino, Op. 44 no. 5","S/Sor, Fernando/Sor, Fernando - Op. 60 - No 5 (study In A Minor).gp4.tokens.txt",DadaGP,Num:{'5'},"S/Sor, Fernando/Sor, Fernando - Op. 60 - No 5 (study In A Minor).gp4.tokens.txt"
"Fernando Sor - Andantino, Op. 44 no. 5","S/Sor, Fernando/Sor, Fernando - Op. 60 - No 6 (study In A Minor).gp4.tokens.txt",DadaGP,Words:2/5,"S/Sor, Fernando/Sor, Fernando - Op. 60 - No 6 (study In A Minor).gp4.tokens.txt"
Agustin Barrios Mandore - Armonias de America,"B/Barrios, Agustin/Barrios, Agustin - Armonias De America.gp4.tokens.txt",DadaGP,Words:3/3,"B/Barrios, Agustin/Barrios, Agustin - Armonias De America.gp4.tokens.txt"
"J.S. Bach - Bouree, BWV 996","B/Bach, Johann Sebastian/Bach, Johann Sebastian - Bwv 996 N-1 Suite PrCdule Presto.gp4.tokens.txt",DadaGP,Num:{'996'},"B/Bach, Johann Sebastian/Bach, Johann Sebastian - Bwv 996 N-1 Suite PrCdule Presto.gp4.tokens.txt"
"J.S. Bach - Bourree, BWV 996","B/Bach, Johann Sebastian/Bach, Johann Sebastian - Bwv 996 N-1 Suite PrCdule Presto.gp4.tokens.txt",DadaGP,Num:{'996'},"B/Bach, Johann Sebastian/Bach, Johann Sebastian - Bwv 996 N-1 Suite PrCdule Presto.gp4.tokens.txt"
"Mauro Giuliani - Cadenzas, Caprices, Rondos & Preludes, Op. 100: 1. Cadenze","G/Giuliani, Mauro/Giuliani, Mauro - Op. 50 No. 1.gp3.tokens.txt",DadaGP,Num:{'1'},"G/Giuliani, Mauro/Giuliani, Mauro - Op. 50 No. 1.gp3.tokens.txt"
"Mauro Giuliani - Cadenzas, Caprices, Rondos & Preludes, Op. 100: 1. Cadenze","G/Giuliani, Mauro/Giuliani, Mauro - Opera 100 N. 11.gp4.tokens.txt",DadaGP,Num:{'100'},"G/Giuliani, Mauro/Giuliani, Mauro - Opera 100 N. 11.gp4.tokens.txt"
"Mauro Giuliani - Cadenzas, Caprices, Rondos & Preludes, Op. 100: 10. Capricie","G/Giuliani, Mauro/Giuliani, Mauro - Opera 100 N. 11.gp4.tokens.txt",DadaGP,Num:{'100'},"G/Giuliani, Mauro/Giuliani, Mauro - Opera 100 N. 11.gp4.tokens.txt"
"Mauro Giuliani - Cadenzas, Caprices, Rondos & Preludes, Op. 100: 11. Capricie","G/Giuliani, Mauro/Giuliani, Mauro - Opera 100 N. 11.gp4.tokens.txt",DadaGP,"Num:{'100', '11'}","G/Giuliani, Mauro/Giuliani, Mauro - Opera 100 N. 11.gp4.tokens.txt"
"Mauro Giuliani - Cadenzas, Caprices, Rondos & Preludes, Op. 100: 12. Capricie","G/Giuliani, Mauro/Giuliani, Mauro - Opera 100 N. 11.gp4.tokens.txt",DadaGP,Num:{'100'},"G/Giuliani, Mauro/Giuliani, Mauro - Opera 100 N. 11.gp4.tokens.txt"
"Mauro Giuliani - Cadenzas, Caprices, Rondos & Preludes, Op. 100: 13. Capricie","G/Giuliani, Mauro/Giuliani, Mauro - Opera 100 N. 11.gp4.tokens.txt",DadaGP,Num:{'100'},"G/Giuliani, Mauro/Giuliani, Mauro - Opera 100 N. 11.gp4.tokens.txt"
"Mauro Giuliani - Cadenzas, Caprices, Rondos & Preludes, Op. 100: 14. Capricie","G/Giuliani, Mauro/Giuliani, Mauro - Opera 100 N. 11.gp4.tokens.txt",DadaGP,Num:{'100'},"G/Giuliani, Mauro/Giuliani, Mauro - Opera 100 N. 11.gp4.tokens.txt"
"Mauro Giuliani - Cadenzas, Caprices, Rondos & Preludes, Op. 100: 15. Rondo","G/Giuliani, Mauro/Giuliani, Mauro - Opera 100 N. 11.gp4.tokens.txt",DadaGP,Num:{'100'},"G/Giuliani, Mauro/Giuliani, Mauro - Opera 100 N. 11.gp4.tokens.txt"
"Mauro Giuliani - Cadenzas, Caprices, Rondos & Preludes, Op. 100: 16. Rondo","G/Giuliani, Mauro/Giuliani, Mauro - Opera 100 N. 11.gp4.tokens.txt",DadaGP,Num:{'100'},"G/Giuliani, Mauro/Giuliani, Mauro - Opera 100 N. 11.gp4.tokens.txt"
"Mauro Giuliani - Cadenzas, Caprices, Rondos & Preludes, Op. 100: 17. Preludi","G/Giuliani, Mauro/Giuliani, Mauro - Opera 100 N. 11.gp4.tokens.txt",DadaGP,Num:{'100'},"G/Giuliani, Mauro/Giuliani, Mauro - Opera 100 N. 11.gp4.tokens.txt"
"Mauro Giuliani - Cadenzas, Caprices, Rondos & Preludes, Op. 100: 18. Preludi","G/Giuliani, Mauro/Giuliani, Mauro - Opera 100 N. 11.gp4.tokens.txt",DadaGP,Num:{'100'},"G/Giuliani, Mauro/Giuliani, Mauro - Opera 100 N. 11.gp4.tokens.txt"
"Mauro Giuliani - Cadenzas, Caprices, Rondos & Preludes, Op. 100: 19. Preludi","G/Giuliani, Mauro/Giuliani, Mauro - Opera 100 N. 11.gp4.tokens.txt",DadaGP,Num:{'100'},"G/Giuliani, Mauro/Giuliani, Mauro - Opera 100 N. 11.gp4.tokens.txt"
"Mauro Giuliani - Cadenzas, Caprices, Rondos & Preludes, Op. 100: 2. Cadenze","G/Giuliani, Mauro/Giuliani, Mauro - Etude (2).gp4.tokens.txt",DadaGP,Num:{'2'},"G/Giuliani, Mauro/Giuliani, Mauro - Etude (2).gp4.tokens.txt"
"Mauro Giuliani - Cadenzas, Caprices, Rondos & Preludes, Op. 100: 2. Cadenze","G/Giuliani, Mauro/Giuliani, Mauro - Maestoso (2).gp4.tokens.txt",DadaGP,Num:{'2'},"G/Giuliani, Mauro/Giuliani, Mauro - Maestoso (2).gp4.tokens.txt"
"Mauro Giuliani - Cadenzas, Caprices, Rondos & Preludes, Op. 100: 2. Cadenze","G/Giuliani, Mauro/Giuliani, Mauro - Opera 100 N. 11.gp4.tokens.txt",DadaGP,Num:{'100'},"G/Giuliani, Mauro/Giuliani, Mauro - Opera 100 N. 11.gp4.tokens.txt"
"Mauro Giuliani - Cadenzas, Caprices, Rondos & Preludes, Op. 100: 2. Cadenze","G/Giuliani, Mauro/Giuliani, Mauro - allegretto (2).gp3.tokens.txt",DadaGP,Num:{'2'},"G/Giuliani, Mauro/Giuliani, Mauro - allegretto (2).gp3.tokens.txt"
"Mauro Giuliani - Cadenzas, Caprices, Rondos & Preludes, Op. 100: 20. Preludi","G/Giuliani, Mauro/Giuliani, Mauro - Opera 100 N. 11.gp4.tokens.txt",DadaGP,Num:{'100'},"G/Giuliani, Mauro/Giuliani, Mauro - Opera 100 N. 11.gp4.tokens.txt"
"Mauro Giuliani - Cadenzas, Caprices, Rondos & Preludes, Op. 100: 21. Preludi","G/Giuliani, Mauro/Giuliani, Mauro - Opera 100 N. 11.gp4.tokens.txt",DadaGP,Num:{'100'},"G/Giuliani, Mauro/Giuliani, Mauro - Opera 100 N. 11.gp4.tokens.txt"
"Mauro Giuliani - Cadenzas, Caprices, Rondos & Preludes, Op. 100: 22. Preludi","G/Giuliani, Mauro/Giuliani, Mauro - Opera 100 N. 11.gp4.tokens.txt",DadaGP,Num:{'100'},"G/Giuliani, Mauro/Giuliani, Mauro - Opera 100 N. 11.gp4.tokens.txt"
"Mauro Giuliani - Cadenzas, Caprices, Rondos & Preludes, Op. 100: 23. Preludi","G/Giuliani, Mauro/Giuliani, Mauro - Opera 100 N. 11.gp4.tokens.txt",DadaGP,Num:{'100'},"G/Giuliani, Mauro/Giuliani, Mauro - Opera 100 N. 11.gp4.tokens.txt"
"Mauro Giuliani - Cadenzas, Caprices, Rondos & Preludes, Op. 100: 24. Preludi","G/Giuliani, Mauro/Giuliani, Mauro - Opera 100 N. 11.gp4.tokens.txt",DadaGP,Num:{'100'},"G/Giuliani, Mauro/Giuliani, Mauro - Opera 100 N. 11.gp4.tokens.txt"
"Mauro Giuliani - Cadenzas, Caprices, Rondos & Preludes, Op. 100: 3. Cadenze","G/Giuliani, Mauro/Giuliani, Mauro - Op. 50 No. 1.gp3.tokens.txt",DadaGP,Num:{'3'},"G/Giuliani, Mauro/Giuliani, Mauro - Op. 50 No. 1.gp3.tokens.txt"
"Mauro Giuliani - Cadenzas, Caprices, Rondos & Preludes, Op. 100: 3. Cadenze","G/Giuliani, Mauro/Giuliani, Mauro - Op. 50 No.3.gp3.tokens.txt",DadaGP,Num:{'3'},"G/Giuliani, Mauro/Giuliani, Mauro - Op. 50 No.3.gp3.tokens.txt"
"Mauro Giuliani - Cadenzas, Caprices, Rondos & Preludes, Op. 100: 3. Cadenze","G/Giuliani, Mauro/Giuliani, Mauro - Opera 100 N. 11.gp4.tokens.txt",DadaGP,Num:{'100'},"G/Giuliani, Mauro/Giuliani, Mauro - Opera 100 N. 11.gp4.tokens.txt"
"Mauro Giuliani - Cadenzas, Caprices, Rondos & Preludes, Op. 100: 3. Cadenze","G/Giuliani, Mauro/Giuliani, Mauro - Study No. 3.gp4.tokens.txt",DadaGP,Num:{'3'},"G/Giuliani, Mauro/Giuliani, Mauro - Study No. 3.gp4.tokens.txt"
"Mauro Giuliani - Cadenzas, Caprices, Rondos & Preludes, Op. 100: 4. Cadenze","G/Giuliani, Mauro/Giuliani, Mauro - Opera 100 N. 11.gp4.tokens.txt",DadaGP,"Num:{'4', '100'}","G/Giuliani, Mauro/Giuliani, Mauro - Opera 100 N. 11.gp4.tokens.txt"
"Mauro Giuliani - Cadenzas, Caprices, Rondos & Preludes, Op. 100: 5. Cadenze","G/Giuliani, Mauro/Giuliani, Mauro - Opera 100 N. 11.gp4.tokens.txt",DadaGP,Num:{'100'},"G/Giuliani, Mauro/Giuliani, Mauro - Opera 100 N. 11.gp4.tokens.txt"
"Mauro Giuliani - Cadenzas, Caprices, Rondos & Preludes, Op. 100: 6. Cadenze","G/Giuliani, Mauro/Giuliani, Mauro - Opera 100 N. 11.gp4.tokens.txt",DadaGP,Num:{'100'},"G/Giuliani, Mauro/Giuliani, Mauro - Opera 100 N. 11.gp4.tokens.txt"
"Mauro Giuliani - Cadenzas, Caprices, Rondos & Preludes, Op. 100: 7. Cadenze","G/Giuliani, Mauro/Giuliani, Mauro - Opera 100 N. 11.gp4.tokens.txt",DadaGP,Num:{'100'},"G/Giuliani, Mauro/Giuliani, Mauro - Opera 100 N. 11.gp4.tokens.txt"
"Mauro Giuliani - Cadenzas, Caprices, Rondos & Preludes, Op. 100: 8. Cadenze","G/Giuliani, Mauro/Giuliani, Mauro - Opera 100 N. 11.gp4.tokens.txt",DadaGP,Num:{'100'},"G/Giuliani, Mauro/Giuliani, Mauro - Opera 100 N. 11.gp4.tokens.txt"
"Mauro Giuliani - Cadenzas, Caprices, Rondos & Preludes, Op. 100: 9. Cadenze","G/Giuliani, Mauro/Giuliani, Mauro - Opera 100 N. 11.gp4.tokens.txt",DadaGP,Num:{'100'},"G/Giuliani, Mauro/Giuliani, Mauro - Opera 100 N. 11.gp4.tokens.txt"
"Mauro Giuliani - Caprice, Op. 100 no. 13","G/Giuliani, Mauro/Giuliani, Mauro - Op. 50 No. 1.gp3.tokens.txt",DadaGP,Words:2/5,"G/Giuliani, Mauro/Giuliani, Mauro - Op. 50 No. 1.gp3.tokens.txt"
"Mauro Giuliani - Caprice, Op. 100 no. 13","G/Giuliani, Mauro/Giuliani, Mauro - Op. 50 No.3.gp3.tokens.txt",DadaGP,Words:2/5,"G/Giuliani, Mauro/Giuliani, Mauro - Op. 50 No.3.gp3.tokens.txt"
"Mauro Giuliani - Caprice, Op. 100 no. 13","G/Giuliani, Mauro/Giuliani, Mauro - Opera 100 N. 11.gp4.tokens.txt",DadaGP,Num:{'100'},"G/Giuliani, Mauro/Giuliani, Mauro - Opera 100 N. 11.gp4.tokens.txt"
"Mauro Giuliani - Caprice, Op. 11","G/Giuliani, Mauro/Giuliani, Mauro - Opera 100 N. 11.gp4.tokens.txt",DadaGP,Num:{'11'},"G/Giuliani, Mauro/Giuliani, Mauro - Opera 100 N. 11.gp4.tokens.txt"
"J.S. Bach - Chromatic Fantasy and Fugue, BWV 903","B/Bach, Johann Sebastian/Bach, Johann Sebastian - Toccata And Fugue (Bwv 565).gp4.tokens.txt",DadaGP,Words:3/6,"B/Bach, Johann Sebastian/Bach, Johann Sebastian - Toccata And Fugue (Bwv 565).gp4.tokens.txt"
Heitor Villa-Lobos - Cinq Preludes: Prelude No.  2,H/Heitor Villa Lobos/Heitor Villa Lobos - Prelude no. 1.gp3.tokens.txt,DadaGP,Words:2/5,H/Heitor Villa Lobos/Heitor Villa Lobos - Prelude no. 1.gp3.tokens.txt
Heitor Villa-Lobos - Cinq Preludes: Prelude No.  2,"L/Heitor Villa-Lobos/Villa-Lobos, Heitor - Etude No. 1 (2).gp4.tokens.txt",DadaGP,Num:{'2'},"L/Heitor Villa-Lobos/Villa-Lobos, Heitor - Etude No. 1 (2).gp4.tokens.txt"
Heitor Villa-Lobos - Cinq Preludes: Prelude No.  2,"L/Heitor Villa-Lobos/Villa-Lobos, Heitor - Prelude No. 1.gp4.tokens.txt",DadaGP,Words:2/5,"L/Heitor Villa-Lobos/Villa-Lobos, Heitor - Prelude No. 1.gp4.tokens.txt"
Heitor Villa-Lobos - Cinq Preludes: Prelude No.  2,A/Aston Villa/Aston Villa - Raisonne (2).gp4.tokens.txt,DadaGP,Num:{'2'},A/Aston Villa/Aston Villa - Raisonne (2).gp4.tokens.txt
Heitor Villa-Lobos - Cinq Preludes: Prelude No.  3,H/Heitor Villa Lobos/Heitor Villa Lobos - Prelude no. 1.gp3.tokens.txt,DadaGP,Num:{'3'},H/Heitor Villa Lobos/Heitor Villa Lobos - Prelude no. 1.gp3.tokens.txt
Heitor Villa-Lobos - Cinq Preludes: Prelude No.  3,"L/Heitor Villa-Lobos/Lobos, Heitor Villa - Bachiana Brasileiras No 5.gp3.tokens.txt",DadaGP,Num:{'3'},"L/Heitor Villa-Lobos/Lobos, Heitor Villa - Bachiana Brasileiras No 5.gp3.tokens.txt"
Heitor Villa-Lobos - Cinq Preludes: Prelude No.  3,"L/Heitor Villa-Lobos/Lobos, Heitor Villa - Chirinho Suite Populaire BrCsilienne No 5.gp3.tokens.txt",DadaGP,Num:{'3'},"L/Heitor Villa-Lobos/Lobos, Heitor Villa - Chirinho Suite Populaire BrCsilienne No 5.gp3.tokens.txt"
Heitor Villa-Lobos - Cinq Preludes: Prelude No.  3,"L/Heitor Villa-Lobos/Villa-Lobos, Heitor - Prelude No. 1.gp4.tokens.txt",DadaGP,Words:2/5,"L/Heitor Villa-Lobos/Villa-Lobos, Heitor - Prelude No. 1.gp4.tokens.txt"
Heitor Villa-Lobos - Cinq Preludes: Prelude No.  3,Preludio No. 3,GAPS,Num,5w1wc
"J.S. Bach - Courante from Cello Suite No. III, BWV 1009","B/Bach, Johann Sebastian/Bach, Johann Sebastian - Sarabande (From Cello Suite I [BWV 1007]).gp4.tokens.txt",DadaGP,Words:4/8,"B/Bach, Johann Sebastian/Bach, Johann Sebastian - Sarabande (From Cello Suite I [BWV 1007]).gp4.tokens.txt"
Francisco Tarrega - Danza Mora,"T/Tarrega, Francisco/Tarrega, Francisco - Danza Mora.gp3.tokens.txt",DadaGP,Words:2/2,"T/Tarrega, Francisco/Tarrega, Francisco - Danza Mora.gp3.tokens.txt"
Fernando Sor - Deuxieme Fantasie (Op. 4),"S/Sor, Fernando/Sor, Fernando - Encouragement Cantabile Op.34.gp4.tokens.txt",DadaGP,Num:{'4'},"S/Sor, Fernando/Sor, Fernando - Encouragement Cantabile Op.34.gp4.tokens.txt"
Fernando Sor - Deuxieme Fantasie (Op. 4),"S/Sor, Fernando/Sor, Fernando - Estudio 3 (Op. 6, No. 2).gp4.tokens.txt",DadaGP,Num:{'4'},"S/Sor, Fernando/Sor, Fernando - Estudio 3 (Op. 6, No. 2).gp4.tokens.txt"
Fernando Sor - Deuxieme Fantasie (Op. 4),"S/Sor, Fernando/Sor, Fernando - Op. 31 - No 1 (Study In C Major).gp4.tokens.txt",DadaGP,Num:{'4'},"S/Sor, Fernando/Sor, Fernando - Op. 31 - No 1 (Study In C Major).gp4.tokens.txt"
Fernando Sor - Deuxieme Fantasie (Op. 4),"S/Sor, Fernando/Sor, Fernando - Op. 44 - No 22 (study In A Minor).gp4.tokens.txt",DadaGP,Num:{'4'},"S/Sor, Fernando/Sor, Fernando - Op. 44 - No 22 (study In A Minor).gp4.tokens.txt"
Fernando Sor - Deuxieme Fantasie (Op. 4),"S/Sor, Fernando/Sor, Fernando - Op. 60 - No 1 (study In C Major).gp4.tokens.txt",DadaGP,Num:{'4'},"S/Sor, Fernando/Sor, Fernando - Op. 60 - No 1 (study In C Major).gp4.tokens.txt"
Fernando Sor - Deuxieme Fantasie (Op. 4),"S/Sor, Fernando/Sor, Fernando - Op. 60 - No 2 (study In C Major).gp4.tokens.txt",DadaGP,Num:{'4'},"S/Sor, Fernando/Sor, Fernando - Op. 60 - No 2 (study In C Major).gp4.tokens.txt"
Fernando Sor - Deuxieme Fantasie (Op. 4),"S/Sor, Fernando/Sor, Fernando - Op. 60 - No 5 (study In A Minor).gp4.tokens.txt",DadaGP,Num:{'4'},"S/Sor, Fernando/Sor, Fernando - Op. 60 - No 5 (study In A Minor).gp4.tokens.txt"
Fernando Sor - Deuxieme Fantasie (Op. 4),"S/Sor, Fernando/Sor, Fernando - Op. 60 - No 6 (study In A Minor).gp4.tokens.txt",DadaGP,Num:{'4'},"S/Sor, Fernando/Sor, Fernando - Op. 60 - No 6 (study In A Minor).gp4.tokens.txt"
Fernando Sor - Deuxieme Fantasie (Op. 4),"S/Sor, Fernando/Sor, Fernando - Sonate In C (Op.15B).gp4.tokens.txt",DadaGP,Num:{'4'},"S/Sor, Fernando/Sor, Fernando - Sonate In C (Op.15B).gp4.tokens.txt"
Fernando Sor - Deuxieme Fantasie (Op. 4),"S/Sor, Fernando/Sor, Fernando - Variations in Tremolo, From Op.21.gp4.tokens.txt",DadaGP,Num:{'4'},"S/Sor, Fernando/Sor, Fernando - Variations in Tremolo, From Op.21.gp4.tokens.txt"
"Mauro Giuliani - Divertimento, Op. 37 no. 3","G/Giuliani, Mauro/Giuliani, Mauro - Op. 50 No. 1.gp3.tokens.txt",DadaGP,Num:{'3'},"G/Giuliani, Mauro/Giuliani, Mauro - Op. 50 No. 1.gp3.tokens.txt"
"Mauro Giuliani - Divertimento, Op. 37 no. 3","G/Giuliani, Mauro/Giuliani, Mauro - Op. 50 No.3.gp3.tokens.txt",DadaGP,Num:{'3'},"G/Giuliani, Mauro/Giuliani, Mauro - Op. 50 No.3.gp3.tokens.txt"
"Mauro Giuliani - Divertimento, Op. 37 no. 3","G/Giuliani, Mauro/Giuliani, Mauro - Study No. 3.gp4.tokens.txt",DadaGP,Num:{'3'},"G/Giuliani, Mauro/Giuliani, Mauro - Study No. 3.gp4.tokens.txt"
"Mauro Giuliani - Divertimento, Op. 37 no. 5","G/Giuliani, Mauro/Giuliani, Mauro - Op. 50 No. 1.gp3.tokens.txt",DadaGP,Words:2/5,"G/Giuliani, Mauro/Giuliani, Mauro - Op. 50 No. 1.gp3.tokens.txt"
"Mauro Giuliani - Divertimento, Op. 37 no. 5","G/Giuliani, Mauro/Giuliani, Mauro - Op. 50 No.3.gp3.tokens.txt",DadaGP,Words:2/5,"G/Giuliani, Mauro/Giuliani, Mauro - Op. 50 No.3.gp3.tokens.txt"
"Mauro Giuliani - Divertimento, Op. 40 no. 12","G/Giuliani, Mauro/Giuliani, Mauro - Op. 50 No. 1.gp3.tokens.txt",DadaGP,Words:2/5,"G/Giuliani, Mauro/Giuliani, Mauro - Op. 50 No. 1.gp3.tokens.txt"
"Mauro Giuliani - Divertimento, Op. 40 no. 12","G/Giuliani, Mauro/Giuliani, Mauro - Op. 50 No.3.gp3.tokens.txt",DadaGP,Words:2/5,"G/Giuliani, Mauro/Giuliani, Mauro - Op. 50 No.3.gp3.tokens.txt"
"Mauro Giuliani - Divertimento, Op. 40 no. 23","G/Giuliani, Mauro/Giuliani, Mauro - Op. 50 No. 1.gp3.tokens.txt",DadaGP,Words:2/5,"G/Giuliani, Mauro/Giuliani, Mauro - Op. 50 No. 1.gp3.tokens.txt"
"Mauro Giuliani - Divertimento, Op. 40 no. 23","G/Giuliani, Mauro/Giuliani, Mauro - Op. 50 No.3.gp3.tokens.txt",DadaGP,Words:2/5,"G/Giuliani, Mauro/Giuliani, Mauro - Op. 50 No.3.gp3.tokens.txt"
Heitor Villa-Lobos - Douze Etudes - Etude No. 10,"L/Heitor Villa-Lobos/Villa-Lobos, Heitor - Etude No 1.gp4.tokens.txt",DadaGP,Words:2/5,"L/Heitor Villa-Lobos/Villa-Lobos, Heitor - Etude No 1.gp4.tokens.txt"
Heitor Villa-Lobos - Douze Etudes - Etude No. 10,"L/Heitor Villa-Lobos/Villa-Lobos, Heitor - Etude No. 1 (2).gp4.tokens.txt",DadaGP,Words:2/5,"L/Heitor Villa-Lobos/Villa-Lobos, Heitor - Etude No. 1 (2).gp4.tokens.txt"
Heitor Villa-Lobos - Douze Etudes - Etude No. 10,"L/Heitor Villa-Lobos/Villa-Lobos, Heitor - Etude No. 6.gp4.tokens.txt",DadaGP,Words:2/5,"L/Heitor Villa-Lobos/Villa-Lobos, Heitor - Etude No. 6.gp4.tokens.txt"
Heitor Villa-Lobos - Douze Etudes - Etude No. 10,"L/Heitor Villa-Lobos/Villa-Lobos, Heitor - Etude no. 12.gp4.tokens.txt",DadaGP,Words:2/5,"L/Heitor Villa-Lobos/Villa-Lobos, Heitor - Etude no. 12.gp4.tokens.txt"
Heitor Villa-Lobos - Douze Etudes - Etude No. 11,"L/Heitor Villa-Lobos/Villa-Lobos, Heitor - Etude No 1.gp4.tokens.txt",DadaGP,Words:2/5,"L/Heitor Villa-Lobos/Villa-Lobos, Heitor - Etude No 1.gp4.tokens.txt"
Heitor Villa-Lobos - Douze Etudes - Etude No. 11,"L/Heitor Villa-Lobos/Villa-Lobos, Heitor - Etude No. 1 (2).gp4.tokens.txt",DadaGP,Words:2/5,"L/Heitor Villa-Lobos/Villa-Lobos, Heitor - Etude No. 1 (2).gp4.tokens.txt"
Heitor Villa-Lobos - Douze Etudes - Etude No. 11,"L/Heitor Villa-Lobos/Villa-Lobos, Heitor - Etude No. 6.gp4.tokens.txt",DadaGP,Words:2/5,"L/Heitor Villa-Lobos/Villa-Lobos, Heitor - Etude No. 6.gp4.tokens.txt"
Heitor Villa-Lobos - Douze Etudes - Etude No. 11,"L/Heitor Villa-Lobos/Villa-Lobos, Heitor - Etude no. 12.gp4.tokens.txt",DadaGP,Words:2/5,"L/Heitor Villa-Lobos/Villa-Lobos, Heitor - Etude no. 12.gp4.tokens.txt"
Heitor Villa-Lobos - Douze Etudes - Etude No. 3,H/Heitor Villa Lobos/Heitor Villa Lobos - Etude Nss2.gp3.tokens.txt,DadaGP,Num:{'3'},H/Heitor Villa Lobos/Heitor Villa Lobos - Etude Nss2.gp3.tokens.txt
Heitor Villa-Lobos - Douze Etudes - Etude No. 3,H/Heitor Villa Lobos/Heitor Villa Lobos - Prelude no. 1.gp3.tokens.txt,DadaGP,Num:{'3'},H/Heitor Villa Lobos/Heitor Villa Lobos - Prelude no. 1.gp3.tokens.txt
Heitor Villa-Lobos - Douze Etudes - Etude No. 3,"L/Heitor Villa-Lobos/Lobos, Heitor Villa - Bachiana Brasileiras No 5.gp3.tokens.txt",DadaGP,Num:{'3'},"L/Heitor Villa-Lobos/Lobos, Heitor Villa - Bachiana Brasileiras No 5.gp3.tokens.txt"
Heitor Villa-Lobos - Douze Etudes - Etude No. 3,"L/Heitor Villa-Lobos/Lobos, Heitor Villa - Chirinho Suite Populaire BrCsilienne No 5.gp3.tokens.txt",DadaGP,Num:{'3'},"L/Heitor Villa-Lobos/Lobos, Heitor Villa - Chirinho Suite Populaire BrCsilienne No 5.gp3.tokens.txt"
Heitor Villa-Lobos - Douze Etudes - Etude No. 3,"L/Heitor Villa-Lobos/Villa-Lobos, Heitor - Etude No 1.gp4.tokens.txt",DadaGP,Words:2/5,"L/Heitor Villa-Lobos/Villa-Lobos, Heitor - Etude No 1.gp4.tokens.txt"
Heitor Villa-Lobos - Douze Etudes - Etude No. 3,"L/Heitor Villa-Lobos/Villa-Lobos, Heitor - Etude No. 1 (2).gp4.tokens.txt",DadaGP,Words:2/5,"L/Heitor Villa-Lobos/Villa-Lobos, Heitor - Etude No. 1 (2).gp4.tokens.txt"
Heitor Villa-Lobos - Douze Etudes - Etude No. 3,"L/Heitor Villa-Lobos/Villa-Lobos, Heitor - Etude No. 6.gp4.tokens.txt",DadaGP,Words:2/5,"L/Heitor Villa-Lobos/Villa-Lobos, Heitor - Etude No. 6.gp4.tokens.txt"
Heitor Villa-Lobos - Douze Etudes - Etude No. 3,"L/Heitor Villa-Lobos/Villa-Lobos, Heitor - Etude no. 12.gp4.tokens.txt",DadaGP,Words:2/5,"L/Heitor Villa-Lobos/Villa-Lobos, Heitor - Etude no. 12.gp4.tokens.txt"
Heitor Villa-Lobos - Douze Etudes - Etude No. 3,Preludio No. 3,GAPS,Num,5w1wc
Heitor Villa-Lobos - Douze Etudes - Etude No. 7,"L/Heitor Villa-Lobos/Villa-Lobos, Heitor - Etude No 1.gp4.tokens.txt",DadaGP,Words:2/5,"L/Heitor Villa-Lobos/Villa-Lobos, Heitor - Etude No 1.gp4.tokens.txt"
Heitor Villa-Lobos - Douze Etudes - Etude No. 7,"L/Heitor Villa-Lobos/Villa-Lobos, Heitor - Etude No. 1 (2).gp4.tokens.txt",DadaGP,Words:2/5,"L/Heitor Villa-Lobos/Villa-Lobos, Heitor - Etude No. 1 (2).gp4.tokens.txt"
Heitor Villa-Lobos - Douze Etudes - Etude No. 7,"L/Heitor Villa-Lobos/Villa-Lobos, Heitor - Etude No. 6.gp4.tokens.txt",DadaGP,Words:2/5,"L/Heitor Villa-Lobos/Villa-Lobos, Heitor - Etude No. 6.gp4.tokens.txt"
Heitor Villa-Lobos - Douze Etudes - Etude No. 7,"L/Heitor Villa-Lobos/Villa-Lobos, Heitor - Etude no. 12.gp4.tokens.txt",DadaGP,Words:2/5,"L/Heitor Villa-Lobos/Villa-Lobos, Heitor - Etude no. 12.gp4.tokens.txt"
Heitor Villa-Lobos - Douze Etudes - Etude No. 8,"L/Heitor Villa-Lobos/Villa-Lobos, Heitor - Etude No 1.gp4.tokens.txt",DadaGP,Words:2/5,"L/Heitor Villa-Lobos/Villa-Lobos, Heitor - Etude No 1.gp4.tokens.txt"
Heitor Villa-Lobos - Douze Etudes - Etude No. 8,"L/Heitor Villa-Lobos/Villa-Lobos, Heitor - Etude No. 1 (2).gp4.tokens.txt",DadaGP,Words:2/5,"L/Heitor Villa-Lobos/Villa-Lobos, Heitor - Etude No. 1 (2).gp4.tokens.txt"
Heitor Villa-Lobos - Douze Etudes - Etude No. 8,"L/Heitor Villa-Lobos/Villa-Lobos, Heitor - Etude No. 6.gp4.tokens.txt",DadaGP,Words:2/5,"L/Heitor Villa-Lobos/Villa-Lobos, Heitor - Etude No. 6.gp4.tokens.txt"
Heitor Villa-Lobos - Douze Etudes - Etude No. 8,"L/Heitor Villa-Lobos/Villa-Lobos, Heitor - Etude no. 12.gp4.tokens.txt",DadaGP,Words:2/5,"L/Heitor Villa-Lobos/Villa-Lobos, Heitor - Etude no. 12.gp4.tokens.txt"
Heitor Villa-Lobos - Douze Etudes - Etude No. 9,"L/Heitor Villa-Lobos/Villa-Lobos, Heitor - Etude No 1.gp4.tokens.txt",DadaGP,Words:2/5,"L/Heitor Villa-Lobos/Villa-Lobos, Heitor - Etude No 1.gp4.tokens.txt"
Heitor Villa-Lobos - Douze Etudes - Etude No. 9,"L/Heitor Villa-Lobos/Villa-Lobos, Heitor - Etude No. 1 (2).gp4.tokens.txt",DadaGP,Words:2/5,"L/Heitor Villa-Lobos/Villa-Lobos, Heitor - Etude No. 1 (2).gp4.tokens.txt"
Heitor Villa-Lobos - Douze Etudes - Etude No. 9,"L/Heitor Villa-Lobos/Villa-Lobos, Heitor - Etude No. 6.gp4.tokens.txt",DadaGP,Words:2/5,"L/Heitor Villa-Lobos/Villa-Lobos, Heitor - Etude No. 6.gp4.tokens.txt"
Heitor Villa-Lobos - Douze Etudes - Etude No. 9,"L/Heitor Villa-Lobos/Villa-Lobos, Heitor - Etude no. 12.gp4.tokens.txt",DadaGP,Words:2/5,"L/Heitor Villa-Lobos/Villa-Lobos, Heitor - Etude no. 12.gp4.tokens.txt"
"Mauro Giuliani - Ecossaise, Op. 33 no. 11","G/Giuliani, Mauro/Giuliani, Mauro - Op. 50 No. 1.gp3.tokens.txt",DadaGP,Words:2/5,"G/Giuliani, Mauro/Giuliani, Mauro - Op. 50 No. 1.gp3.tokens.txt"
"Mauro Giuliani - Ecossaise, Op. 33 no. 11","G/Giuliani, Mauro/Giuliani, Mauro - Op. 50 No.3.gp3.tokens.txt",DadaGP,Words:2/5,"G/Giuliani, Mauro/Giuliani, Mauro - Op. 50 No.3.gp3.tokens.txt"
"Mauro Giuliani - Ecossaise, Op. 33 no. 11","G/Giuliani, Mauro/Giuliani, Mauro - Opera 100 N. 11.gp4.tokens.txt",DadaGP,Num:{'11'},"G/Giuliani, Mauro/Giuliani, Mauro - Opera 100 N. 11.gp4.tokens.txt"
"Mauro Giuliani - Ecossaise, Op. 33 no. 9","G/Giuliani, Mauro/Giuliani, Mauro - Op. 50 No. 1.gp3.tokens.txt",DadaGP,Words:2/5,"G/Giuliani, Mauro/Giuliani, Mauro - Op. 50 No. 1.gp3.tokens.txt"
"Mauro Giuliani - Ecossaise, Op. 33 no. 9","G/Giuliani, Mauro/Giuliani, Mauro - Op. 50 No.3.gp3.tokens.txt",DadaGP,Words:2/5,"G/Giuliani, Mauro/Giuliani, Mauro - Op. 50 No.3.gp3.tokens.txt"
Fernando Sor - Einleitende Etuden (Introductory Studies); Op. 60 no. 13,"S/Sor, Fernando/Sor, Fernando - Andantino (op.60).gp3.tokens.txt",DadaGP,Num:{'60'},"S/Sor, Fernando/Sor, Fernando - Andantino (op.60).gp3.tokens.txt"
Fernando Sor - Einleitende Etuden (Introductory Studies); Op. 60 no. 13,"S/Sor, Fernando/Sor, Fernando - Etude No. 13.gp4.tokens.txt",DadaGP,Num:{'13'},"S/Sor, Fernando/Sor, Fernando - Etude No. 13.gp4.tokens.txt"
Fernando Sor - Einleitende Etuden (Introductory Studies); Op. 60 no. 13,"S/Sor, Fernando/Sor, Fernando - Op. 60 - No 1 (study In C Major).gp4.tokens.txt",DadaGP,Num:{'60'},"S/Sor, Fernando/Sor, Fernando - Op. 60 - No 1 (study In C Major).gp4.tokens.txt"
Fernando Sor - Einleitende Etuden (Introductory Studies); Op. 60 no. 13,"S/Sor, Fernando/Sor, Fernando - Op. 60 - No 2 (study In C Major).gp4.tokens.txt",DadaGP,Num:{'60'},"S/Sor, Fernando/Sor, Fernando - Op. 60 - No 2 (study In C Major).gp4.tokens.txt"
Fernando Sor - Einleitende Etuden (Introductory Studies); Op. 60 no. 13,"S/Sor, Fernando/Sor, Fernando - Op. 60 - No 5 (study In A Minor).gp4.tokens.txt",DadaGP,Num:{'60'},"S/Sor, Fernando/Sor, Fernando - Op. 60 - No 5 (study In A Minor).gp4.tokens.txt"
Fernando Sor - Einleitende Etuden (Introductory Studies); Op. 60 no. 13,"S/Sor, Fernando/Sor, Fernando - Op. 60 - No 6 (study In A Minor).gp4.tokens.txt",DadaGP,Num:{'60'},"S/Sor, Fernando/Sor, Fernando - Op. 60 - No 6 (study In A Minor).gp4.tokens.txt"
Fernando Sor - Einleitende Etuden (Introductory Studies); Op. 60 no. 14,"S/Sor, Fernando/Sor, Fernando - Andantino (op.60).gp3.tokens.txt",DadaGP,Num:{'60'},"S/Sor, Fernando/Sor, Fernando - Andantino (op.60).gp3.tokens.txt"
Fernando Sor - Einleitende Etuden (Introductory Studies); Op. 60 no. 14,"S/Sor, Fernando/Sor, Fernando - Op. 60 - No 1 (study In C Major).gp4.tokens.txt",DadaGP,Num:{'60'},"S/Sor, Fernando/Sor, Fernando - Op. 60 - No 1 (study In C Major).gp4.tokens.txt"
Fernando Sor - Einleitende Etuden (Introductory Studies); Op. 60 no. 14,"S/Sor, Fernando/Sor, Fernando - Op. 60 - No 2 (study In C Major).gp4.tokens.txt",DadaGP,Num:{'60'},"S/Sor, Fernando/Sor, Fernando - Op. 60 - No 2 (study In C Major).gp4.tokens.txt"
Fernando Sor - Einleitende Etuden (Introductory Studies); Op. 60 no. 14,"S/Sor, Fernando/Sor, Fernando - Op. 60 - No 5 (study In A Minor).gp4.tokens.txt",DadaGP,Num:{'60'},"S/Sor, Fernando/Sor, Fernando - Op. 60 - No 5 (study In A Minor).gp4.tokens.txt"
Fernando Sor - Einleitende Etuden (Introductory Studies); Op. 60 no. 14,"S/Sor, Fernando/Sor, Fernando - Op. 60 - No 6 (study In A Minor).gp4.tokens.txt",DadaGP,Num:{'60'},"S/Sor, Fernando/Sor, Fernando - Op. 60 - No 6 (study In A Minor).gp4.tokens.txt"
Fernando Sor - Einleitende Etuden (Introductory Studies); Op. 60 no. 15,"S/Sor, Fernando/Sor, Fernando - Andantino (op.60).gp3.tokens.txt",DadaGP,Num:{'60'},"S/Sor, Fernando/Sor, Fernando - Andantino (op.60).gp3.tokens.txt"
Fernando Sor - Einleitende Etuden (Introductory Studies); Op. 60 no. 15,"S/Sor, Fernando/Sor, Fernando - Op. 60 - No 1 (study In C Major).gp4.tokens.txt",DadaGP,Num:{'60'},"S/Sor, Fernando/Sor, Fernando - Op. 60 - No 1 (study In C Major).gp4.tokens.txt"
Fernando Sor - Einleitende Etuden (Introductory Studies); Op. 60 no. 15,"S/Sor, Fernando/Sor, Fernando - Op. 60 - No 2 (study In C Major).gp4.tokens.txt",DadaGP,Num:{'60'},"S/Sor, Fernando/Sor, Fernando - Op. 60 - No 2 (study In C Major).gp4.tokens.txt"
Fernando Sor - Einleitende Etuden (Introductory Studies); Op. 60 no. 15,"S/Sor, Fernando/Sor, Fernando - Op. 60 - No 5 (study In A Minor).gp4.tokens.txt",DadaGP,Num:{'60'},"S/Sor, Fernando/Sor, Fernando - Op. 60 - No 5 (study In A Minor).gp4.tokens.txt"
Fernando Sor - Einleitende Etuden (Introductory Studies); Op. 60 no. 15,"S/Sor, Fernando/Sor, Fernando - Op. 60 - No 6 (study In A Minor).gp4.tokens.txt",DadaGP,Num:{'60'},"S/Sor, Fernando/Sor, Fernando - Op. 60 - No 6 (study In A Minor).gp4.tokens.txt"
Fernando Sor - Einleitende Etuden (Introductory Studies); Op. 60 no. 15,"S/Sor, Fernando/Sor, Fernando - Sonate In C (Op.15B).gp4.tokens.txt",DadaGP,Num:{'15'},"S/Sor, Fernando/Sor, Fernando - Sonate In C (Op.15B).gp4.tokens.txt"
Fernando Sor - Einleitende Etuden (Introductory Studies); Op. 60 no. 17,"S/Sor, Fernando/Sor, Fernando - Andantino (op.60).gp3.tokens.txt",DadaGP,Num:{'60'},"S/Sor, Fernando/Sor, Fernando - Andantino (op.60).gp3.tokens.txt"
Fernando Sor - Einleitende Etuden (Introductory Studies); Op. 60 no. 17,"S/Sor, Fernando/Sor, Fernando - Op. 60 - No 1 (study In C Major).gp4.tokens.txt",DadaGP,Num:{'60'},"S/Sor, Fernando/Sor, Fernando - Op. 60 - No 1 (study In C Major).gp4.tokens.txt"
Fernando Sor - Einleitende Etuden (Introductory Studies); Op. 60 no. 17,"S/Sor, Fernando/Sor, Fernando - Op. 60 - No 2 (study In C Major).gp4.tokens.txt",DadaGP,Num:{'60'},"S/Sor, Fernando/Sor, Fernando - Op. 60 - No 2 (study In C Major).gp4.tokens.txt"
Fernando Sor - Einleitende Etuden (Introductory Studies); Op. 60 no. 17,"S/Sor, Fernando/Sor, Fernando - Op. 60 - No 5 (study In A Minor).gp4.tokens.txt",DadaGP,Num:{'60'},"S/Sor, Fernando/Sor, Fernando - Op. 60 - No 5 (study In A Minor).gp4.tokens.txt"
Fernando Sor - Einleitende Etuden (Introductory Studies); Op. 60 no. 17,"S/Sor, Fernando/Sor, Fernando - Op. 60 - No 6 (study In A Minor).gp4.tokens.txt",DadaGP,Num:{'60'},"S/Sor, Fernando/Sor, Fernando - Op. 60 - No 6 (study In A Minor).gp4.tokens.txt"
Fernando Sor - Einleitende Etuden (Introductory Studies); Op. 60 no. 2,"S/Sor, Fernando/Sor, Fernando - Andantino (op.60).gp3.tokens.txt",DadaGP,Num:{'60'},"S/Sor, Fernando/Sor, Fernando - Andantino (op.60).gp3.tokens.txt"
Fernando Sor - Einleitende Etuden (Introductory Studies); Op. 60 no. 2,"S/Sor, Fernando/Sor, Fernando - Estudio 2.gp3.tokens.txt",DadaGP,Num:{'2'},"S/Sor, Fernando/Sor, Fernando - Estudio 2.gp3.tokens.txt"
Fernando Sor - Einleitende Etuden (Introductory Studies); Op. 60 no. 2,"S/Sor, Fernando/Sor, Fernando - Estudio 2.gp4.tokens.txt",DadaGP,Num:{'2'},"S/Sor, Fernando/Sor, Fernando - Estudio 2.gp4.tokens.txt"
Fernando Sor - Einleitende Etuden (Introductory Studies); Op. 60 no. 2,"S/Sor, Fernando/Sor, Fernando - Estudio 3 (Op. 6, No. 2).gp4.tokens.txt",DadaGP,Num:{'2'},"S/Sor, Fernando/Sor, Fernando - Estudio 3 (Op. 6, No. 2).gp4.tokens.txt"
Fernando Sor - Einleitende Etuden (Introductory Studies); Op. 60 no. 2,"S/Sor, Fernando/Sor, Fernando - Op. 60 - No 1 (study In C Major).gp4.tokens.txt",DadaGP,Num:{'60'},"S/Sor, Fernando/Sor, Fernando - Op. 60 - No 1 (study In C Major).gp4.tokens.txt"
Fernando Sor - Einleitende Etuden (Introductory Studies); Op. 60 no. 2,"S/Sor, Fernando/Sor, Fernando - Op. 60 - No 2 (study In C Major).gp4.tokens.txt",DadaGP,"Num:{'2', '60'}","S/Sor, Fernando/Sor, Fernando - Op. 60 - No 2 (study In C Major).gp4.tokens.txt"
Fernando Sor - Einleitende Etuden (Introductory Studies); Op. 60 no. 2,"S/Sor, Fernando/Sor, Fernando - Op. 60 - No 5 (study In A Minor).gp4.tokens.txt",DadaGP,Num:{'60'},"S/Sor, Fernando/Sor, Fernando - Op. 60 - No 5 (study In A Minor).gp4.tokens.txt"
Fernando Sor - Einleitende Etuden (Introductory Studies); Op. 60 no. 2,"S/Sor, Fernando/Sor, Fernando - Op. 60 - No 6 (study In A Minor).gp4.tokens.txt",DadaGP,Num:{'60'},"S/Sor, Fernando/Sor, Fernando - Op. 60 - No 6 (study In A Minor).gp4.tokens.txt"
Fernando Sor - Einleitende Etuden (Introductory Studies); Op. 60 no. 20,"S/Sor, Fernando/Sor, Fernando - Andantino (op.60).gp3.tokens.txt",DadaGP,Num:{'60'},"S/Sor, Fernando/Sor, Fernando - Andantino (op.60).gp3.tokens.txt"
Fernando Sor - Einleitende Etuden (Introductory Studies); Op. 60 no. 20,"S/Sor, Fernando/Sor, Fernando - Op. 60 - No 1 (study In C Major).gp4.tokens.txt",DadaGP,Num:{'60'},"S/Sor, Fernando/Sor, Fernando - Op. 60 - No 1 (study In C Major).gp4.tokens.txt"
Fernando Sor - Einleitende Etuden (Introductory Studies); Op. 60 no. 20,"S/Sor, Fernando/Sor, Fernando - Op. 60 - No 2 (study In C Major).gp4.tokens.txt",DadaGP,Num:{'60'},"S/Sor, Fernando/Sor, Fernando - Op. 60 - No 2 (study In C Major).gp4.tokens.txt"
Fernando Sor - Einleitende Etuden (Introductory Studies); Op. 60 no. 20,"S/Sor, Fernando/Sor, Fernando - Op. 60 - No 5 (study In A Minor).gp4.tokens.txt",DadaGP,Num:{'60'},"S/Sor, Fernando/Sor, Fernando - Op. 60 - No 5 (study In A Minor).gp4.tokens.txt"
Fernando Sor - Einleitende Etuden (Introductory Studies); Op. 60 no. 20,"S/Sor, Fernando/Sor, Fernando - Op. 60 - No 6 (study In A Minor).gp4.tokens.txt",DadaGP,Num:{'60'},"S/Sor, Fernando/Sor, Fernando - Op. 60 - No 6 (study In A Minor).gp4.tokens.txt"
Fernando Sor - Einleitende Etuden (Introductory Studies); Op. 60 no. 22,"S/Sor, Fernando/Sor, Fernando - Andantino (op.60).gp3.tokens.txt",DadaGP,Num:{'60'},"S/Sor, Fernando/Sor, Fernando - Andantino (op.60).gp3.tokens.txt"
Fernando Sor - Einleitende Etuden (Introductory Studies); Op. 60 no. 22,"S/Sor, Fernando/Sor, Fernando - Op. 44 - No 22 (study In A Minor).gp4.tokens.txt",DadaGP,Num:{'22'},"S/Sor, Fernando/Sor, Fernando - Op. 44 - No 22 (study In A Minor).gp4.tokens.txt"
Fernando Sor - Einleitende Etuden (Introductory Studies); Op. 60 no. 22,"S/Sor, Fernando/Sor, Fernando - Op. 60 - No 1 (study In C Major).gp4.tokens.txt",DadaGP,Num:{'60'},"S/Sor, Fernando/Sor, Fernando - Op. 60 - No 1 (study In C Major).gp4.tokens.txt"
Fernando Sor - Einleitende Etuden (Introductory Studies); Op. 60 no. 22,"S/Sor, Fernando/Sor, Fernando - Op. 60 - No 2 (study In C Major).gp4.tokens.txt",DadaGP,Num:{'60'},"S/Sor, Fernando/Sor, Fernando - Op. 60 - No 2 (study In C Major).gp4.tokens.txt"
Fernando Sor - Einleitende Etuden (Introductory Studies); Op. 60 no. 22,"S/Sor, Fernando/Sor, Fernando - Op. 60 - No 5 (study In A Minor).gp4.tokens.txt",DadaGP,Num:{'60'},"S/Sor, Fernando/Sor, Fernando - Op. 60 - No 5 (study In A Minor).gp4.tokens.txt"
Fernando Sor - Einleitende Etuden (Introductory Studies); Op. 60 no. 22,"S/Sor, Fernando/Sor, Fernando - Op. 60 - No 6 (study In A Minor).gp4.tokens.txt",DadaGP,Num:{'60'},"S/Sor, Fernando/Sor, Fernando - Op. 60 - No 6 (study In A Minor).gp4.tokens.txt"
Fernando Sor - Einleitende Etuden (Introductory Studies); Op. 60 no. 23,"S/Sor, Fernando/Sor, Fernando - Andantino (op.60).gp3.tokens.txt",DadaGP,Num:{'60'},"S/Sor, Fernando/Sor, Fernando - Andantino (op.60).gp3.tokens.txt"
Fernando Sor - Einleitende Etuden (Introductory Studies); Op. 60 no. 23,"S/Sor, Fernando/Sor, Fernando - Op. 60 - No 1 (study In C Major).gp4.tokens.txt",DadaGP,Num:{'60'},"S/Sor, Fernando/Sor, Fernando - Op. 60 - No 1 (study In C Major).gp4.tokens.txt"
Fernando Sor - Einleitende Etuden (Introductory Studies); Op. 60 no. 23,"S/Sor, Fernando/Sor, Fernando - Op. 60 - No 2 (study In C Major).gp4.tokens.txt",DadaGP,Num:{'60'},"S/Sor, Fernando/Sor, Fernando - Op. 60 - No 2 (study In C Major).gp4.tokens.txt"
Fernando Sor - Einleitende Etuden (Introductory Studies); Op. 60 no. 23,"S/Sor, Fernando/Sor, Fernando - Op. 60 - No 5 (study In A Minor).gp4.tokens.txt",DadaGP,Num:{'60'},"S/Sor, Fernando/Sor, Fernando - Op. 60 - No 5 (study In A Minor).gp4.tokens.txt"
Fernando Sor - Einleitende Etuden (Introductory Studies); Op. 60 no. 23,"S/Sor, Fernando/Sor, Fernando - Op. 60 - No 6 (study In A Minor).gp4.tokens.txt",DadaGP,Num:{'60'},"S/Sor, Fernando/Sor, Fernando - Op. 60 - No 6 (study In A Minor).gp4.tokens.txt"
Fernando Sor - Einleitende Etuden (Introductory Studies); Op. 60 no. 24,"S/Sor, Fernando/Sor, Fernando - Andantino (op.60).gp3.tokens.txt",DadaGP,Num:{'60'},"S/Sor, Fernando/Sor, Fernando - Andantino (op.60).gp3.tokens.txt"
Fernando Sor - Einleitende Etuden (Introductory Studies); Op. 60 no. 24,"S/Sor, Fernando/Sor, Fernando - Op. 60 - No 1 (study In C Major).gp4.tokens.txt",DadaGP,Num:{'60'},"S/Sor, Fernando/Sor, Fernando - Op. 60 - No 1 (study In C Major).gp4.tokens.txt"
Fernando Sor - Einleitende Etuden (Introductory Studies); Op. 60 no. 24,"S/Sor, Fernando/Sor, Fernando - Op. 60 - No 2 (study In C Major).gp4.tokens.txt",DadaGP,Num:{'60'},"S/Sor, Fernando/Sor, Fernando - Op. 60 - No 2 (study In C Major).gp4.tokens.txt"
Fernando Sor - Einleitende Etuden (Introductory Studies); Op. 60 no. 24,"S/Sor, Fernando/Sor, Fernando - Op. 60 - No 5 (study In A Minor).gp4.tokens.txt",DadaGP,Num:{'60'},"S/Sor, Fernando/Sor, Fernando - Op. 60 - No 5 (study In A Minor).gp4.tokens.txt"
Fernando Sor - Einleitende Etuden (Introductory Studies); Op. 60 no. 24,"S/Sor, Fernando/Sor, Fernando - Op. 60 - No 6 (study In A Minor).gp4.tokens.txt",DadaGP,Num:{'60'},"S/Sor, Fernando/Sor, Fernando - Op. 60 - No 6 (study In A Minor).gp4.tokens.txt"
Fernando Sor - Einleitende Etuden (Introductory Studies); Op. 60 no. 25,"S/Sor, Fernando/Sor, Fernando - Andantino (op.60).gp3.tokens.txt",DadaGP,Num:{'60'},"S/Sor, Fernando/Sor, Fernando - Andantino (op.60).gp3.tokens.txt"
Fernando Sor - Einleitende Etuden (Introductory Studies); Op. 60 no. 25,"S/Sor, Fernando/Sor, Fernando - Op. 60 - No 1 (study In C Major).gp4.tokens.txt",DadaGP,Num:{'60'},"S/Sor, Fernando/Sor, Fernando - Op. 60 - No 1 (study In C Major).gp4.tokens.txt"
Fernando Sor - Einleitende Etuden (Introductory Studies); Op. 60 no. 25,"S/Sor, Fernando/Sor, Fernando - Op. 60 - No 2 (study In C Major).gp4.tokens.txt",DadaGP,Num:{'60'},"S/Sor, Fernando/Sor, Fernando - Op. 60 - No 2 (study In C Major).gp4.tokens.txt"
Fernando Sor - Einleitende Etuden (Introductory Studies); Op. 60 no. 25,"S/Sor, Fernando/Sor, Fernando - Op. 60 - No 5 (study In A Minor).gp4.tokens.txt",DadaGP,Num:{'60'},"S/Sor, Fernando/Sor, Fernando - Op. 60 - No 5 (study In A Minor).gp4.tokens.txt"
Fernando Sor - Einleitende Etuden (Introductory Studies); Op. 60 no. 25,"S/Sor, Fernando/Sor, Fernando - Op. 60 - No 6 (study In A Minor).gp4.tokens.txt",DadaGP,Num:{'60'},"S/Sor, Fernando/Sor, Fernando - Op. 60 - No 6 (study In A Minor).gp4.tokens.txt"
Fernando Sor - Einleitende Etuden (Introductory Studies); Op. 60 no. 3,"S/Sor, Fernando/Sor, Fernando - Andante (Op.44).gp3.tokens.txt",DadaGP,Num:{'3'},"S/Sor, Fernando/Sor, Fernando - Andante (Op.44).gp3.tokens.txt"
Fernando Sor - Einleitende Etuden (Introductory Studies); Op. 60 no. 3,"S/Sor, Fernando/Sor, Fernando - Andantino (op.60).gp3.tokens.txt",DadaGP,"Num:{'3', '60'}","S/Sor, Fernando/Sor, Fernando - Andantino (op.60).gp3.tokens.txt"
Fernando Sor - Einleitende Etuden (Introductory Studies); Op. 60 no. 3,"S/Sor, Fernando/Sor, Fernando - Estudio 3 (Op. 6, No. 2).gp4.tokens.txt",DadaGP,Num:{'3'},"S/Sor, Fernando/Sor, Fernando - Estudio 3 (Op. 6, No. 2).gp4.tokens.txt"
Fernando Sor - Einleitende Etuden (Introductory Studies); Op. 60 no. 3,"S/Sor, Fernando/Sor, Fernando - Estudio No. 3.gp4.tokens.txt",DadaGP,Num:{'3'},"S/Sor, Fernando/Sor, Fernando - Estudio No. 3.gp4.tokens.txt"
Fernando Sor - Einleitende Etuden (Introductory Studies); Op. 60 no. 3,"S/Sor, Fernando/Sor, Fernando - Estudio No. III.gp3.tokens.txt",DadaGP,Num:{'3'},"S/Sor, Fernando/Sor, Fernando - Estudio No. III.gp3.tokens.txt"
Fernando Sor - Einleitende Etuden (Introductory Studies); Op. 60 no. 3,"S/Sor, Fernando/Sor, Fernando - Estudio No. IV.gp3.tokens.txt",DadaGP,Num:{'3'},"S/Sor, Fernando/Sor, Fernando - Estudio No. IV.gp3.tokens.txt"
Fernando Sor - Einleitende Etuden (Introductory Studies); Op. 60 no. 3,"S/Sor, Fernando/Sor, Fernando - Estudio No. V.gp3.tokens.txt",DadaGP,Num:{'3'},"S/Sor, Fernando/Sor, Fernando - Estudio No. V.gp3.tokens.txt"
Fernando Sor - Einleitende Etuden (Introductory Studies); Op. 60 no. 3,"S/Sor, Fernando/Sor, Fernando - Op. 60 - No 1 (study In C Major).gp4.tokens.txt",DadaGP,Num:{'60'},"S/Sor, Fernando/Sor, Fernando - Op. 60 - No 1 (study In C Major).gp4.tokens.txt"
Fernando Sor - Einleitende Etuden (Introductory Studies); Op. 60 no. 3,"S/Sor, Fernando/Sor, Fernando - Op. 60 - No 2 (study In C Major).gp4.tokens.txt",DadaGP,Num:{'60'},"S/Sor, Fernando/Sor, Fernando - Op. 60 - No 2 (study In C Major).gp4.tokens.txt"
Fernando Sor - Einleitende Etuden (Introductory Studies); Op. 60 no. 3,"S/Sor, Fernando/Sor, Fernando - Op. 60 - No 5 (study In A Minor).gp4.tokens.txt",DadaGP,Num:{'60'},"S/Sor, Fernando/Sor, Fernando - Op. 60 - No 5 (study In A Minor).gp4.tokens.txt"
Fernando Sor - Einleitende Etuden (Introductory Studies); Op. 60 no. 3,"S/Sor, Fernando/Sor, Fernando - Op. 60 - No 6 (study In A Minor).gp4.tokens.txt",DadaGP,Num:{'60'},"S/Sor, Fernando/Sor, Fernando - Op. 60 - No 6 (study In A Minor).gp4.tokens.txt"
Fernando Sor - Einleitende Etuden (Introductory Studies); Op. 60 no. 4,"S/Sor, Fernando/Sor, Fernando - Andantino (op.60).gp3.tokens.txt",DadaGP,Num:{'60'},"S/Sor, Fernando/Sor, Fernando - Andantino (op.60).gp3.tokens.txt"
Fernando Sor - Einleitende Etuden (Introductory Studies); Op. 60 no. 4,"S/Sor, Fernando/Sor, Fernando - Encouragement Cantabile Op.34.gp4.tokens.txt",DadaGP,Num:{'4'},"S/Sor, Fernando/Sor, Fernando - Encouragement Cantabile Op.34.gp4.tokens.txt"
Fernando Sor - Einleitende Etuden (Introductory Studies); Op. 60 no. 4,"S/Sor, Fernando/Sor, Fernando - Estudio 3 (Op. 6, No. 2).gp4.tokens.txt",DadaGP,Num:{'4'},"S/Sor, Fernando/Sor, Fernando - Estudio 3 (Op. 6, No. 2).gp4.tokens.txt"
Fernando Sor - Einleitende Etuden (Introductory Studies); Op. 60 no. 4,"S/Sor, Fernando/Sor, Fernando - Estudio No. 10.gp4.tokens.txt",DadaGP,Num:{'4'},"S/Sor, Fernando/Sor, Fernando - Estudio No. 10.gp4.tokens.txt"
Fernando Sor - Einleitende Etuden (Introductory Studies); Op. 60 no. 4,"S/Sor, Fernando/Sor, Fernando - Estudio No. 18.gp4.tokens.txt",DadaGP,Num:{'4'},"S/Sor, Fernando/Sor, Fernando - Estudio No. 18.gp4.tokens.txt"
Fernando Sor - Einleitende Etuden (Introductory Studies); Op. 60 no. 4,"S/Sor, Fernando/Sor, Fernando - Estudio No. 3.gp4.tokens.txt",DadaGP,Num:{'4'},"S/Sor, Fernando/Sor, Fernando - Estudio No. 3.gp4.tokens.txt"
Fernando Sor - Einleitende Etuden (Introductory Studies); Op. 60 no. 4,"S/Sor, Fernando/Sor, Fernando - Etude No 9, Opus 31.gp4.tokens.txt",DadaGP,Num:{'4'},"S/Sor, Fernando/Sor, Fernando - Etude No 9, Opus 31.gp4.tokens.txt"
Fernando Sor - Einleitende Etuden (Introductory Studies); Op. 60 no. 4,"S/Sor, Fernando/Sor, Fernando - Etude No. 13.gp4.tokens.txt",DadaGP,Num:{'4'},"S/Sor, Fernando/Sor, Fernando - Etude No. 13.gp4.tokens.txt"
Fernando Sor - Einleitende Etuden (Introductory Studies); Op. 60 no. 4,"S/Sor, Fernando/Sor, Fernando - Etude No. 9 Opus 35.gp4.tokens.txt",DadaGP,Num:{'4'},"S/Sor, Fernando/Sor, Fernando - Etude No. 9 Opus 35.gp4.tokens.txt"
Fernando Sor - Einleitende Etuden (Introductory Studies); Op. 60 no. 4,"S/Sor, Fernando/Sor, Fernando - Op. 31 - No 1 (Study In C Major).gp4.tokens.txt",DadaGP,Num:{'4'},"S/Sor, Fernando/Sor, Fernando - Op. 31 - No 1 (Study In C Major).gp4.tokens.txt"
Fernando Sor - Einleitende Etuden (Introductory Studies); Op. 60 no. 4,"S/Sor, Fernando/Sor, Fernando - Op. 44 - No 22 (study In A Minor).gp4.tokens.txt",DadaGP,Num:{'4'},"S/Sor, Fernando/Sor, Fernando - Op. 44 - No 22 (study In A Minor).gp4.tokens.txt"
Fernando Sor - Einleitende Etuden (Introductory Studies); Op. 60 no. 4,"S/Sor, Fernando/Sor, Fernando - Op. 60 - No 1 (study In C Major).gp4.tokens.txt",DadaGP,"Num:{'4', '60'}","S/Sor, Fernando/Sor, Fernando - Op. 60 - No 1 (study In C Major).gp4.tokens.txt"
Fernando Sor - Einleitende Etuden (Introductory Studies); Op. 60 no. 4,"S/Sor, Fernando/Sor, Fernando - Op. 60 - No 2 (study In C Major).gp4.tokens.txt",DadaGP,"Num:{'4', '60'}","S/Sor, Fernando/Sor, Fernando - Op. 60 - No 2 (study In C Major).gp4.tokens.txt"
Fernando Sor - Einleitende Etuden (Introductory Studies); Op. 60 no. 4,"S/Sor, Fernando/Sor, Fernando - Op. 60 - No 5 (study In A Minor).gp4.tokens.txt",DadaGP,"Num:{'4', '60'}","S/Sor, Fernando/Sor, Fernando - Op. 60 - No 5 (study In A Minor).gp4.tokens.txt"
Fernando Sor - Einleitende Etuden (Introductory Studies); Op. 60 no. 4,"S/Sor, Fernando/Sor, Fernando - Op. 60 - No 6 (study In A Minor).gp4.tokens.txt",DadaGP,"Num:{'4', '60'}","S/Sor, Fernando/Sor, Fernando - Op. 60 - No 6 (study In A Minor).gp4.tokens.txt"
Fernando Sor - Einleitende Etuden (Introductory Studies); Op. 60 no. 4,"S/Sor, Fernando/Sor, Fernando - Sonate In C (Op.15B).gp4.tokens.txt",DadaGP,Num:{'4'},"S/Sor, Fernando/Sor, Fernando - Sonate In C (Op.15B).gp4.tokens.txt"
Fernando Sor - Einleitende Etuden (Introductory Studies); Op. 60 no. 4,"S/Sor, Fernando/Sor, Fernando - Study No. 16.gp4.tokens.txt",DadaGP,Num:{'4'},"S/Sor, Fernando/Sor, Fernando - Study No. 16.gp4.tokens.txt"
Fernando Sor - Einleitende Etuden (Introductory Studies); Op. 60 no. 4,"S/Sor, Fernando/Sor, Fernando - Study No. 19.gp4.tokens.txt",DadaGP,Num:{'4'},"S/Sor, Fernando/Sor, Fernando - Study No. 19.gp4.tokens.txt"
Fernando Sor - Einleitende Etuden (Introductory Studies); Op. 60 no. 4,"S/Sor, Fernando/Sor, Fernando - Variations in Tremolo, From Op.21.gp4.tokens.txt",DadaGP,Num:{'4'},"S/Sor, Fernando/Sor, Fernando - Variations in Tremolo, From Op.21.gp4.tokens.txt"
Fernando Sor - Einleitende Etuden (Introductory Studies); Op. 60 no. 5,"S/Sor, Fernando/Sor, Fernando - Andantino (op.60).gp3.tokens.txt",DadaGP,Num:{'60'},"S/Sor, Fernando/Sor, Fernando - Andantino (op.60).gp3.tokens.txt"
Fernando Sor - Einleitende Etuden (Introductory Studies); Op. 60 no. 5,"S/Sor, Fernando/Sor, Fernando - Op. 60 - No 1 (study In C Major).gp4.tokens.txt",DadaGP,Num:{'60'},"S/Sor, Fernando/Sor, Fernando - Op. 60 - No 1 (study In C Major).gp4.tokens.txt"
Fernando Sor - Einleitende Etuden (Introductory Studies); Op. 60 no. 5,"S/Sor, Fernando/Sor, Fernando - Op. 60 - No 2 (study In C Major).gp4.tokens.txt",DadaGP,Num:{'60'},"S/Sor, Fernando/Sor, Fernando - Op. 60 - No 2 (study In C Major).gp4.tokens.txt"
Fernando Sor - Einleitende Etuden (Introductory Studies); Op. 60 no. 5,"S/Sor, Fernando/Sor, Fernando - Op. 60 - No 5 (study In A Minor).gp4.tokens.txt",DadaGP,"Num:{'5', '60'}","S/Sor, Fernando/Sor, Fernando - Op. 60 - No 5 (study In A Minor).gp4.tokens.txt"
Fernando Sor - Einleitende Etuden (Introductory Studies); Op. 60 no. 5,"S/Sor, Fernando/Sor, Fernando - Op. 60 - No 6 (study In A Minor).gp4.tokens.txt",DadaGP,Num:{'60'},"S/Sor, Fernando/Sor, Fernando - Op. 60 - No 6 (study In A Minor).gp4.tokens.txt"
Fernando Sor - Einleitende Etuden (Introductory Studies); Op. 60 no. 6,"S/Sor, Fernando/Sor, Fernando - Andantino (op.60).gp3.tokens.txt",DadaGP,Num:{'60'},"S/Sor, Fernando/Sor, Fernando - Andantino (op.60).gp3.tokens.txt"
Fernando Sor - Einleitende Etuden (Introductory Studies); Op. 60 no. 6,"S/Sor, Fernando/Sor, Fernando - Estudio 3 (Op. 6, No. 2).gp4.tokens.txt",DadaGP,Num:{'6'},"S/Sor, Fernando/Sor, Fernando - Estudio 3 (Op. 6, No. 2).gp4.tokens.txt"
Fernando Sor - Einleitende Etuden (Introductory Studies); Op. 60 no. 6,"S/Sor, Fernando/Sor, Fernando - Etude N-6 En Re Majeur.gp4.tokens.txt",DadaGP,Num:{'6'},"S/Sor, Fernando/Sor, Fernando - Etude N-6 En Re Majeur.gp4.tokens.txt"
Fernando Sor - Einleitende Etuden (Introductory Studies); Op. 60 no. 6,"S/Sor, Fernando/Sor, Fernando - Op. 60 - No 1 (study In C Major).gp4.tokens.txt",DadaGP,Num:{'60'},"S/Sor, Fernando/Sor, Fernando - Op. 60 - No 1 (study In C Major).gp4.tokens.txt"
Fernando Sor - Einleitende Etuden (Introductory Studies); Op. 60 no. 6,"S/Sor, Fernando/Sor, Fernando - Op. 60 - No 2 (study In C Major).gp4.tokens.txt",DadaGP,Num:{'60'},"S/Sor, Fernando/Sor, Fernando - Op. 60 - No 2 (study In C Major).gp4.tokens.txt"
Fernando Sor - Einleitende Etuden (Introductory Studies); Op. 60 no. 6,"S/Sor, Fernando/Sor, Fernando - Op. 60 - No 5 (study In A Minor).gp4.tokens.txt",DadaGP,Num:{'60'},"S/Sor, Fernando/Sor, Fernando - Op. 60 - No 5 (study In A Minor).gp4.tokens.txt"
Fernando Sor - Einleitende Etuden (Introductory Studies); Op. 60 no. 6,"S/Sor, Fernando/Sor, Fernando - Op. 60 - No 6 (study In A Minor).gp4.tokens.txt",DadaGP,"Num:{'6', '60'}","S/Sor, Fernando/Sor, Fernando - Op. 60 - No 6 (study In A Minor).gp4.tokens.txt"
Fernando Sor - Einleitende Etuden (Introductory Studies); Op. 60 no. 7,"S/Sor, Fernando/Sor, Fernando - Andantino (op.60).gp3.tokens.txt",DadaGP,Num:{'60'},"S/Sor, Fernando/Sor, Fernando - Andantino (op.60).gp3.tokens.txt"
Fernando Sor - Einleitende Etuden (Introductory Studies); Op. 60 no. 7,"S/Sor, Fernando/Sor, Fernando - Op. 60 - No 1 (study In C Major).gp4.tokens.txt",DadaGP,Num:{'60'},"S/Sor, Fernando/Sor, Fernando - Op. 60 - No 1 (study In C Major).gp4.tokens.txt"
Fernando Sor - Einleitende Etuden (Introductory Studies); Op. 60 no. 7,"S/Sor, Fernando/Sor, Fernando - Op. 60 - No 2 (study In C Major).gp4.tokens.txt",DadaGP,Num:{'60'},"S/Sor, Fernando/Sor, Fernando - Op. 60 - No 2 (study In C Major).gp4.tokens.txt"
Fernando Sor - Einleitende Etuden (Introductory Studies); Op. 60 no. 7,"S/Sor, Fernando/Sor, Fernando - Op. 60 - No 5 (study In A Minor).gp4.tokens.txt",DadaGP,Num:{'60'},"S/Sor, Fernando/Sor, Fernando - Op. 60 - No 5 (study In A Minor).gp4.tokens.txt"
Fernando Sor - Einleitende Etuden (Introductory Studies); Op. 60 no. 7,"S/Sor, Fernando/Sor, Fernando - Op. 60 - No 6 (study In A Minor).gp4.tokens.txt",DadaGP,Num:{'60'},"S/Sor, Fernando/Sor, Fernando - Op. 60 - No 6 (study In A Minor).gp4.tokens.txt"
Fernando Sor - Einleitende Etuden (Introductory Studies); Op. 60 no. 8,"S/Sor, Fernando/Sor, Fernando - Andantino (op.60).gp3.tokens.txt",DadaGP,Num:{'60'},"S/Sor, Fernando/Sor, Fernando - Andantino (op.60).gp3.tokens.txt"
Fernando Sor - Einleitende Etuden (Introductory Studies); Op. 60 no. 8,"S/Sor, Fernando/Sor, Fernando - Op. 60 - No 1 (study In C Major).gp4.tokens.txt",DadaGP,Num:{'60'},"S/Sor, Fernando/Sor, Fernando - Op. 60 - No 1 (study In C Major).gp4.tokens.txt"
Fernando Sor - Einleitende Etuden (Introductory Studies); Op. 60 no. 8,"S/Sor, Fernando/Sor, Fernando - Op. 60 - No 2 (study In C Major).gp4.tokens.txt",DadaGP,Num:{'60'},"S/Sor, Fernando/Sor, Fernando - Op. 60 - No 2 (study In C Major).gp4.tokens.txt"
Fernando Sor - Einleitende Etuden (Introductory Studies); Op. 60 no. 8,"S/Sor, Fernando/Sor, Fernando - Op. 60 - No 5 (study In A Minor).gp4.tokens.txt",DadaGP,Num:{'60'},"S/Sor, Fernando/Sor, Fernando - Op. 60 - No 5 (study In A Minor).gp4.tokens.txt"
Fernando Sor - Einleitende Etuden (Introductory Studies); Op. 60 no. 8,"S/Sor, Fernando/Sor, Fernando - Op. 60 - No 6 (study In A Minor).gp4.tokens.txt",DadaGP,Num:{'60'},"S/Sor, Fernando/Sor, Fernando - Op. 60 - No 6 (study In A Minor).gp4.tokens.txt"
Fernando Sor - Einleitende Etuden (Introductory Studies); Op. 60 no. 9,"S/Sor, Fernando/Sor, Fernando - Andantino (op.60).gp3.tokens.txt",DadaGP,Num:{'60'},"S/Sor, Fernando/Sor, Fernando - Andantino (op.60).gp3.tokens.txt"
Fernando Sor - Einleitende Etuden (Introductory Studies); Op. 60 no. 9,"S/Sor, Fernando/Sor, Fernando - Etude No 9, Opus 31.gp4.tokens.txt",DadaGP,Num:{'9'},"S/Sor, Fernando/Sor, Fernando - Etude No 9, Opus 31.gp4.tokens.txt"
Fernando Sor - Einleitende Etuden (Introductory Studies); Op. 60 no. 9,"S/Sor, Fernando/Sor, Fernando - Etude No. 9 Opus 35.gp4.tokens.txt",DadaGP,Num:{'9'},"S/Sor, Fernando/Sor, Fernando - Etude No. 9 Opus 35.gp4.tokens.txt"
Fernando Sor - Einleitende Etuden (Introductory Studies); Op. 60 no. 9,"S/Sor, Fernando/Sor, Fernando - Op. 60 - No 1 (study In C Major).gp4.tokens.txt",DadaGP,Num:{'60'},"S/Sor, Fernando/Sor, Fernando - Op. 60 - No 1 (study In C Major).gp4.tokens.txt"
Fernando Sor - Einleitende Etuden (Introductory Studies); Op. 60 no. 9,"S/Sor, Fernando/Sor, Fernando - Op. 60 - No 2 (study In C Major).gp4.tokens.txt",DadaGP,Num:{'60'},"S/Sor, Fernando/Sor, Fernando - Op. 60 - No 2 (study In C Major).gp4.tokens.txt"
Fernando Sor - Einleitende Etuden (Introductory Studies); Op. 60 no. 9,"S/Sor, Fernando/Sor, Fernando - Op. 60 - No 5 (study In A Minor).gp4.tokens.txt",DadaGP,Num:{'60'},"S/Sor, Fernando/Sor, Fernando - Op. 60 - No 5 (study In A Minor).gp4.tokens.txt"
Fernando Sor - Einleitende Etuden (Introductory Studies); Op. 60 no. 9,"S/Sor, Fernando/Sor, Fernando - Op. 60 - No 6 (study In A Minor).gp4.tokens.txt",DadaGP,Num:{'60'},"S/Sor, Fernando/Sor, Fernando - Op. 60 - No 6 (study In A Minor).gp4.tokens.txt"
Roland Dyens - Eloge De Leo Brouwer: 5.  Interlude,Bachianas Brasileras No.5,GAPS,Num,Ny1wc
Fernando Sor - Estudio 1,"S/Sor, Fernando/Sor, Fernando - Estudio 1.gp3.tokens.txt",DadaGP,Num:{'1'},"S/Sor, Fernando/Sor, Fernando - Estudio 1.gp3.tokens.txt"
Fernando Sor - Estudio 1,"S/Sor, Fernando/Sor, Fernando - Estudio 2.gp3.tokens.txt",DadaGP,Words:1/2,"S/Sor, Fernando/Sor, Fernando - Estudio 2.gp3.tokens.txt"
Fernando Sor - Estudio 1,"S/Sor, Fernando/Sor, Fernando - Estudio 2.gp4.tokens.txt",DadaGP,Words:1/2,"S/Sor, Fernando/Sor, Fernando - Estudio 2.gp4.tokens.txt"
Fernando Sor - Estudio 1,"S/Sor, Fernando/Sor, Fernando - Estudio 3 (Op. 6, No. 2).gp4.tokens.txt",DadaGP,Words:1/2,"S/Sor, Fernando/Sor, Fernando - Estudio 3 (Op. 6, No. 2).gp4.tokens.txt"
Fernando Sor - Estudio 1,"S/Sor, Fernando/Sor, Fernando - Estudio No. 10.gp4.tokens.txt",DadaGP,Words:1/2,"S/Sor, Fernando/Sor, Fernando - Estudio No. 10.gp4.tokens.txt"
Fernando Sor - Estudio 1,"S/Sor, Fernando/Sor, Fernando - Estudio No. 18.gp4.tokens.txt",DadaGP,Words:1/2,"S/Sor, Fernando/Sor, Fernando - Estudio No. 18.gp4.tokens.txt"
Fernando Sor - Estudio 1,"S/Sor, Fernando/Sor, Fernando - Estudio No. 3.gp4.tokens.txt",DadaGP,Words:1/2,"S/Sor, Fernando/Sor, Fernando - Estudio No. 3.gp4.tokens.txt"
Fernando Sor - Estudio 1,"S/Sor, Fernando/Sor, Fernando - Estudio No. III.gp3.tokens.txt",DadaGP,Words:1/2,"S/Sor, Fernando/Sor, Fernando - Estudio No. III.gp3.tokens.txt"
Fernando Sor - Estudio 1,"S/Sor, Fernando/Sor, Fernando - Estudio No. IV.gp3.tokens.txt",DadaGP,Words:1/2,"S/Sor, Fernando/Sor, Fernando - Estudio No. IV.gp3.tokens.txt"
Fernando Sor - Estudio 1,"S/Sor, Fernando/Sor, Fernando - Estudio No. V.gp3.tokens.txt",DadaGP,Words:1/2,"S/Sor, Fernando/Sor, Fernando - Estudio No. V.gp3.tokens.txt"
Fernando Sor - Estudio 1,"S/Sor, Fernando/Sor, Fernando - Estudio em Si menor.gp3.tokens.txt",DadaGP,Words:1/2,"S/Sor, Fernando/Sor, Fernando - Estudio em Si menor.gp3.tokens.txt"
Fernando Sor - Estudio 1,"S/Sor, Fernando/Sor, Fernando - Estudio nss 12 en Sol M.gp3.tokens.txt",DadaGP,Words:1/2,"S/Sor, Fernando/Sor, Fernando - Estudio nss 12 en Sol M.gp3.tokens.txt"
Fernando Sor - Estudio 1,"S/Sor, Fernando/Sor, Fernando - Nr.1 (Six Valses).gp4.tokens.txt",DadaGP,Num:{'1'},"S/Sor, Fernando/Sor, Fernando - Nr.1 (Six Valses).gp4.tokens.txt"
Fernando Sor - Estudio 1,"S/Sor, Fernando/Sor, Fernando - Op. 31 - No 1 (Study In C Major).gp4.tokens.txt",DadaGP,Num:{'1'},"S/Sor, Fernando/Sor, Fernando - Op. 31 - No 1 (Study In C Major).gp4.tokens.txt"
Fernando Sor - Estudio 1,"S/Sor, Fernando/Sor, Fernando - Op. 60 - No 1 (study In C Major).gp4.tokens.txt",DadaGP,Num:{'1'},"S/Sor, Fernando/Sor, Fernando - Op. 60 - No 1 (study In C Major).gp4.tokens.txt"
Fernando Sor - Estudio 10,"S/Sor, Fernando/Sor, Fernando - Estudio 1.gp3.tokens.txt",DadaGP,Words:1/2,"S/Sor, Fernando/Sor, Fernando - Estudio 1.gp3.tokens.txt"
Fernando Sor - Estudio 10,"S/Sor, Fernando/Sor, Fernando - Estudio 2.gp3.tokens.txt",DadaGP,Words:1/2,"S/Sor, Fernando/Sor, Fernando - Estudio 2.gp3.tokens.txt"
Fernando Sor - Estudio 10,"S/Sor, Fernando/Sor, Fernando - Estudio 2.gp4.tokens.txt",DadaGP,Words:1/2,"S/Sor, Fernando/Sor, Fernando - Estudio 2.gp4.tokens.txt"
Fernando Sor - Estudio 10,"S/Sor, Fernando/Sor, Fernando - Estudio 3 (Op. 6, No. 2).gp4.tokens.txt",DadaGP,Words:1/2,"S/Sor, Fernando/Sor, Fernando - Estudio 3 (Op. 6, No. 2).gp4.tokens.txt"
Fernando Sor - Estudio 10,"S/Sor, Fernando/Sor, Fernando - Estudio No. 10.gp4.tokens.txt",DadaGP,Num:{'10'},"S/Sor, Fernando/Sor, Fernando - Estudio No. 10.gp4.tokens.txt"
Fernando Sor - Estudio 10,"S/Sor, Fernando/Sor, Fernando - Estudio No. 18.gp4.tokens.txt",DadaGP,Words:1/2,"S/Sor, Fernando/Sor, Fernando - Estudio No. 18.gp4.tokens.txt"
Fernando Sor - Estudio 10,"S/Sor, Fernando/Sor, Fernando - Estudio No. 3.gp4.tokens.txt",DadaGP,Words:1/2,"S/Sor, Fernando/Sor, Fernando - Estudio No. 3.gp4.tokens.txt"
Fernando Sor - Estudio 10,"S/Sor, Fernando/Sor, Fernando - Estudio No. III.gp3.tokens.txt",DadaGP,Words:1/2,"S/Sor, Fernando/Sor, Fernando - Estudio No. III.gp3.tokens.txt"
Fernando Sor - Estudio 10,"S/Sor, Fernando/Sor, Fernando - Estudio No. IV.gp3.tokens.txt",DadaGP,Words:1/2,"S/Sor, Fernando/Sor, Fernando - Estudio No. IV.gp3.tokens.txt"
Fernando Sor - Estudio 10,"S/Sor, Fernando/Sor, Fernando - Estudio No. V.gp3.tokens.txt",DadaGP,Words:1/2,"S/Sor, Fernando/Sor, Fernando - Estudio No. V.gp3.tokens.txt"
Fernando Sor - Estudio 10,"S/Sor, Fernando/Sor, Fernando - Estudio em Si menor.gp3.tokens.txt",DadaGP,Words:1/2,"S/Sor, Fernando/Sor, Fernando - Estudio em Si menor.gp3.tokens.txt"
Fernando Sor - Estudio 10,"S/Sor, Fernando/Sor, Fernando - Estudio nss 12 en Sol M.gp3.tokens.txt",DadaGP,Words:1/2,"S/Sor, Fernando/Sor, Fernando - Estudio nss 12 en Sol M.gp3.tokens.txt"
Fernando Sor - Estudio 11,"S/Sor, Fernando/Sor, Fernando - Estudio 1.gp3.tokens.txt",DadaGP,Words:1/2,"S/Sor, Fernando/Sor, Fernando - Estudio 1.gp3.tokens.txt"
Fernando Sor - Estudio 11,"S/Sor, Fernando/Sor, Fernando - Estudio 2.gp3.tokens.txt",DadaGP,Words:1/2,"S/Sor, Fernando/Sor, Fernando - Estudio 2.gp3.tokens.txt"
Fernando Sor - Estudio 11,"S/Sor, Fernando/Sor, Fernando - Estudio 2.gp4.tokens.txt",DadaGP,Words:1/2,"S/Sor, Fernando/Sor, Fernando - Estudio 2.gp4.tokens.txt"
Fernando Sor - Estudio 11,"S/Sor, Fernando/Sor, Fernando - Estudio 3 (Op. 6, No. 2).gp4.tokens.txt",DadaGP,Words:1/2,"S/Sor, Fernando/Sor, Fernando - Estudio 3 (Op. 6, No. 2).gp4.tokens.txt"
Fernando Sor - Estudio 11,"S/Sor, Fernando/Sor, Fernando - Estudio No. 10.gp4.tokens.txt",DadaGP,Words:1/2,"S/Sor, Fernando/Sor, Fernando - Estudio No. 10.gp4.tokens.txt"
Fernando Sor - Estudio 11,"S/Sor, Fernando/Sor, Fernando - Estudio No. 18.gp4.tokens.txt",DadaGP,Words:1/2,"S/Sor, Fernando/Sor, Fernando - Estudio No. 18.gp4.tokens.txt"
Fernando Sor - Estudio 11,"S/Sor, Fernando/Sor, Fernando - Estudio No. 3.gp4.tokens.txt",DadaGP,Words:1/2,"S/Sor, Fernando/Sor, Fernando - Estudio No. 3.gp4.tokens.txt"
Fernando Sor - Estudio 11,"S/Sor, Fernando/Sor, Fernando - Estudio No. III.gp3.tokens.txt",DadaGP,Words:1/2,"S/Sor, Fernando/Sor, Fernando - Estudio No. III.gp3.tokens.txt"
Fernando Sor - Estudio 11,"S/Sor, Fernando/Sor, Fernando - Estudio No. IV.gp3.tokens.txt",DadaGP,Words:1/2,"S/Sor, Fernando/Sor, Fernando - Estudio No. IV.gp3.tokens.txt"
Fernando Sor - Estudio 11,"S/Sor, Fernando/Sor, Fernando - Estudio No. V.gp3.tokens.txt",DadaGP,Words:1/2,"S/Sor, Fernando/Sor, Fernando - Estudio No. V.gp3.tokens.txt"
Fernando Sor - Estudio 11,"S/Sor, Fernando/Sor, Fernando - Estudio em Si menor.gp3.tokens.txt",DadaGP,Words:1/2,"S/Sor, Fernando/Sor, Fernando - Estudio em Si menor.gp3.tokens.txt"
Fernando Sor - Estudio 11,"S/Sor, Fernando/Sor, Fernando - Estudio nss 12 en Sol M.gp3.tokens.txt",DadaGP,Words:1/2,"S/Sor, Fernando/Sor, Fernando - Estudio nss 12 en Sol M.gp3.tokens.txt"
Fernando Sor - Estudio 12,"S/Sor, Fernando/Sor, Fernando - Estudio 1.gp3.tokens.txt",DadaGP,Words:1/2,"S/Sor, Fernando/Sor, Fernando - Estudio 1.gp3.tokens.txt"
Fernando Sor - Estudio 12,"S/Sor, Fernando/Sor, Fernando - Estudio 2.gp3.tokens.txt",DadaGP,Words:1/2,"S/Sor, Fernando/Sor, Fernando - Estudio 2.gp3.tokens.txt"
Fernando Sor - Estudio 12,"S/Sor, Fernando/Sor, Fernando - Estudio 2.gp4.tokens.txt",DadaGP,Words:1/2,"S/Sor, Fernando/Sor, Fernando - Estudio 2.gp4.tokens.txt"
Fernando Sor - Estudio 12,"S/Sor, Fernando/Sor, Fernando - Estudio 3 (Op. 6, No. 2).gp4.tokens.txt",DadaGP,Words:1/2,"S/Sor, Fernando/Sor, Fernando - Estudio 3 (Op. 6, No. 2).gp4.tokens.txt"
Fernando Sor - Estudio 12,"S/Sor, Fernando/Sor, Fernando - Estudio No. 10.gp4.tokens.txt",DadaGP,Words:1/2,"S/Sor, Fernando/Sor, Fernando - Estudio No. 10.gp4.tokens.txt"
Fernando Sor - Estudio 12,"S/Sor, Fernando/Sor, Fernando - Estudio No. 18.gp4.tokens.txt",DadaGP,Words:1/2,"S/Sor, Fernando/Sor, Fernando - Estudio No. 18.gp4.tokens.txt"
Fernando Sor - Estudio 12,"S/Sor, Fernando/Sor, Fernando - Estudio No. 3.gp4.tokens.txt",DadaGP,Words:1/2,"S/Sor, Fernando/Sor, Fernando - Estudio No. 3.gp4.tokens.txt"
Fernando Sor - Estudio 12,"S/Sor, Fernando/Sor, Fernando - Estudio No. III.gp3.tokens.txt",DadaGP,Words:1/2,"S/Sor, Fernando/Sor, Fernando - Estudio No. III.gp3.tokens.txt"
Fernando Sor - Estudio 12,"S/Sor, Fernando/Sor, Fernando - Estudio No. IV.gp3.tokens.txt",DadaGP,Words:1/2,"S/Sor, Fernando/Sor, Fernando - Estudio No. IV.gp3.tokens.txt"
Fernando Sor - Estudio 12,"S/Sor, Fernando/Sor, Fernando - Estudio No. V.gp3.tokens.txt",DadaGP,Words:1/2,"S/Sor, Fernando/Sor, Fernando - Estudio No. V.gp3.tokens.txt"
Fernando Sor - Estudio 12,"S/Sor, Fernando/Sor, Fernando - Estudio em Si menor.gp3.tokens.txt",DadaGP,Words:1/2,"S/Sor, Fernando/Sor, Fernando - Estudio em Si menor.gp3.tokens.txt"
Fernando Sor - Estudio 12,"S/Sor, Fernando/Sor, Fernando - Estudio nss 12 en Sol M.gp3.tokens.txt",DadaGP,Num:{'12'},"S/Sor, Fernando/Sor, Fernando - Estudio nss 12 en Sol M.gp3.tokens.txt"
Fernando Sor - Estudio 13,"S/Sor, Fernando/Sor, Fernando - Estudio 1.gp3.tokens.txt",DadaGP,Words:1/2,"S/Sor, Fernando/Sor, Fernando - Estudio 1.gp3.tokens.txt"
Fernando Sor - Estudio 13,"S/Sor, Fernando/Sor, Fernando - Estudio 2.gp3.tokens.txt",DadaGP,Words:1/2,"S/Sor, Fernando/Sor, Fernando - Estudio 2.gp3.tokens.txt"
Fernando Sor - Estudio 13,"S/Sor, Fernando/Sor, Fernando - Estudio 2.gp4.tokens.txt",DadaGP,Words:1/2,"S/Sor, Fernando/Sor, Fernando - Estudio 2.gp4.tokens.txt"
Fernando Sor - Estudio 13,"S/Sor, Fernando/Sor, Fernando - Estudio 3 (Op. 6, No. 2).gp4.tokens.txt",DadaGP,Words:1/2,"S/Sor, Fernando/Sor, Fernando - Estudio 3 (Op. 6, No. 2).gp4.tokens.txt"
Fernando Sor - Estudio 13,"S/Sor, Fernando/Sor, Fernando - Estudio No. 10.gp4.tokens.txt",DadaGP,Words:1/2,"S/Sor, Fernando/Sor, Fernando - Estudio No. 10.gp4.tokens.txt"
Fernando Sor - Estudio 13,"S/Sor, Fernando/Sor, Fernando - Estudio No. 18.gp4.tokens.txt",DadaGP,Words:1/2,"S/Sor, Fernando/Sor, Fernando - Estudio No. 18.gp4.tokens.txt"
Fernando Sor - Estudio 13,"S/Sor, Fernando/Sor, Fernando - Estudio No. 3.gp4.tokens.txt",DadaGP,Words:1/2,"S/Sor, Fernando/Sor, Fernando - Estudio No. 3.gp4.tokens.txt"
Fernando Sor - Estudio 13,"S/Sor, Fernando/Sor, Fernando - Estudio No. III.gp3.tokens.txt",DadaGP,Words:1/2,"S/Sor, Fernando/Sor, Fernando - Estudio No. III.gp3.tokens.txt"
Fernando Sor - Estudio 13,"S/Sor, Fernando/Sor, Fernando - Estudio No. IV.gp3.tokens.txt",DadaGP,Words:1/2,"S/Sor, Fernando/Sor, Fernando - Estudio No. IV.gp3.tokens.txt"
Fernando Sor - Estudio 13,"S/Sor, Fernando/Sor, Fernando - Estudio No. V.gp3.tokens.txt",DadaGP,Words:1/2,"S/Sor, Fernando/Sor, Fernando - Estudio No. V.gp3.tokens.txt"
Fernando Sor - Estudio 13,"S/Sor, Fernando/Sor, Fernando - Estudio em Si menor.gp3.tokens.txt",DadaGP,Words:1/2,"S/Sor, Fernando/Sor, Fernando - Estudio em Si menor.gp3.tokens.txt"
Fernando Sor - Estudio 13,"S/Sor, Fernando/Sor, Fernando - Estudio nss 12 en Sol M.gp3.tokens.txt",DadaGP,Words:1/2,"S/Sor, Fernando/Sor, Fernando - Estudio nss 12 en Sol M.gp3.tokens.txt"
Fernando Sor - Estudio 13,"S/Sor, Fernando/Sor, Fernando - Etude No. 13.gp4.tokens.txt",DadaGP,Num:{'13'},"S/Sor, Fernando/Sor, Fernando - Etude No. 13.gp4.tokens.txt"
Fernando Sor - Estudio 14,"S/Sor, Fernando/Sor, Fernando - Estudio 1.gp3.tokens.txt",DadaGP,Words:1/2,"S/Sor, Fernando/Sor, Fernando - Estudio 1.gp3.tokens.txt"
Fernando Sor - Estudio 14,"S/Sor, Fernando/Sor, Fernando - Estudio 2.gp3.tokens.txt",DadaGP,Words:1/2,"S/Sor, Fernando/Sor, Fernando - Estudio 2.gp3.tokens.txt"
Fernando Sor - Estudio 14,"S/Sor, Fernando/Sor, Fernando - Estudio 2.gp4.tokens.txt",DadaGP,Words:1/2,"S/Sor, Fernando/Sor, Fernando - Estudio 2.gp4.tokens.txt"
Fernando Sor - Estudio 14,"S/Sor, Fernando/Sor, Fernando - Estudio 3 (Op. 6, No. 2).gp4.tokens.txt",DadaGP,Words:1/2,"S/Sor, Fernando/Sor, Fernando - Estudio 3 (Op. 6, No. 2).gp4.tokens.txt"
Fernando Sor - Estudio 14,"S/Sor, Fernando/Sor, Fernando - Estudio No. 10.gp4.tokens.txt",DadaGP,Words:1/2,"S/Sor, Fernando/Sor, Fernando - Estudio No. 10.gp4.tokens.txt"
Fernando Sor - Estudio 14,"S/Sor, Fernando/Sor, Fernando - Estudio No. 18.gp4.tokens.txt",DadaGP,Words:1/2,"S/Sor, Fernando/Sor, Fernando - Estudio No. 18.gp4.tokens.txt"
Fernando Sor - Estudio 14,"S/Sor, Fernando/Sor, Fernando - Estudio No. 3.gp4.tokens.txt",DadaGP,Words:1/2,"S/Sor, Fernando/Sor, Fernando - Estudio No. 3.gp4.tokens.txt"
Fernando Sor - Estudio 14,"S/Sor, Fernando/Sor, Fernando - Estudio No. III.gp3.tokens.txt",DadaGP,Words:1/2,"S/Sor, Fernando/Sor, Fernando - Estudio No. III.gp3.tokens.txt"
Fernando Sor - Estudio 14,"S/Sor, Fernando/Sor, Fernando - Estudio No. IV.gp3.tokens.txt",DadaGP,Words:1/2,"S/Sor, Fernando/Sor, Fernando - Estudio No. IV.gp3.tokens.txt"
Fernando Sor - Estudio 14,"S/Sor, Fernando/Sor, Fernando - Estudio No. V.gp3.tokens.txt",DadaGP,Words:1/2,"S/Sor, Fernando/Sor, Fernando - Estudio No. V.gp3.tokens.txt"
Fernando Sor - Estudio 14,"S/Sor, Fernando/Sor, Fernando - Estudio em Si menor.gp3.tokens.txt",DadaGP,Words:1/2,"S/Sor, Fernando/Sor, Fernando - Estudio em Si menor.gp3.tokens.txt"
Fernando Sor - Estudio 14,"S/Sor, Fernando/Sor, Fernando - Estudio nss 12 en Sol M.gp3.tokens.txt",DadaGP,Words:1/2,"S/Sor, Fernando/Sor, Fernando - Estudio nss 12 en Sol M.gp3.tokens.txt"
Fernando Sor - Estudio 15,"S/Sor, Fernando/Sor, Fernando - Estudio 1.gp3.tokens.txt",DadaGP,Words:1/2,"S/Sor, Fernando/Sor, Fernando - Estudio 1.gp3.tokens.txt"
Fernando Sor - Estudio 15,"S/Sor, Fernando/Sor, Fernando - Estudio 2.gp3.tokens.txt",DadaGP,Words:1/2,"S/Sor, Fernando/Sor, Fernando - Estudio 2.gp3.tokens.txt"
Fernando Sor - Estudio 15,"S/Sor, Fernando/Sor, Fernando - Estudio 2.gp4.tokens.txt",DadaGP,Words:1/2,"S/Sor, Fernando/Sor, Fernando - Estudio 2.gp4.tokens.txt"
Fernando Sor - Estudio 15,"S/Sor, Fernando/Sor, Fernando - Estudio 3 (Op. 6, No. 2).gp4.tokens.txt",DadaGP,Words:1/2,"S/Sor, Fernando/Sor, Fernando - Estudio 3 (Op. 6, No. 2).gp4.tokens.txt"
Fernando Sor - Estudio 15,"S/Sor, Fernando/Sor, Fernando - Estudio No. 10.gp4.tokens.txt",DadaGP,Words:1/2,"S/Sor, Fernando/Sor, Fernando - Estudio No. 10.gp4.tokens.txt"
Fernando Sor - Estudio 15,"S/Sor, Fernando/Sor, Fernando - Estudio No. 18.gp4.tokens.txt",DadaGP,Words:1/2,"S/Sor, Fernando/Sor, Fernando - Estudio No. 18.gp4.tokens.txt"
Fernando Sor - Estudio 15,"S/Sor, Fernando/Sor, Fernando - Estudio No. 3.gp4.tokens.txt",DadaGP,Words:1/2,"S/Sor, Fernando/Sor, Fernando - Estudio No. 3.gp4.tokens.txt"
Fernando Sor - Estudio 15,"S/Sor, Fernando/Sor, Fernando - Estudio No. III.gp3.tokens.txt",DadaGP,Words:1/2,"S/Sor, Fernando/Sor, Fernando - Estudio No. III.gp3.tokens.txt"
Fernando Sor - Estudio 15,"S/Sor, Fernando/Sor, Fernando - Estudio No. IV.gp3.tokens.txt",DadaGP,Words:1/2,"S/Sor, Fernando/Sor, Fernando - Estudio No. IV.gp3.tokens.txt"
Fernando Sor - Estudio 15,"S/Sor, Fernando/Sor, Fernando - Estudio No. V.gp3.tokens.txt",DadaGP,Words:1/2,"S/Sor, Fernando/Sor, Fernando - Estudio No. V.gp3.tokens.txt"
Fernando Sor - Estudio 15,"S/Sor, Fernando/Sor, Fernando - Estudio em Si menor.gp3.tokens.txt",DadaGP,Words:1/2,"S/Sor, Fernando/Sor, Fernando - Estudio em Si menor.gp3.tokens.txt"
Fernando Sor - Estudio 15,"S/Sor, Fernando/Sor, Fernando - Estudio nss 12 en Sol M.gp3.tokens.txt",DadaGP,Words:1/2,"S/Sor, Fernando/Sor, Fernando - Estudio nss 12 en Sol M.gp3.tokens.txt"
Fernando Sor - Estudio 16,"S/Sor, Fernando/Sor, Fernando - Estudio 1.gp3.tokens.txt",DadaGP,Words:1/2,"S/Sor, Fernando/Sor, Fernando - Estudio 1.gp3.tokens.txt"
Fernando Sor - Estudio 16,"S/Sor, Fernando/Sor, Fernando - Estudio 2.gp3.tokens.txt",DadaGP,Words:1/2,"S/Sor, Fernando/Sor, Fernando - Estudio 2.gp3.tokens.txt"
Fernando Sor - Estudio 16,"S/Sor, Fernando/Sor, Fernando - Estudio 2.gp4.tokens.txt",DadaGP,Words:1/2,"S/Sor, Fernando/Sor, Fernando - Estudio 2.gp4.tokens.txt"
Fernando Sor - Estudio 16,"S/Sor, Fernando/Sor, Fernando - Estudio 3 (Op. 6, No. 2).gp4.tokens.txt",DadaGP,Words:1/2,"S/Sor, Fernando/Sor, Fernando - Estudio 3 (Op. 6, No. 2).gp4.tokens.txt"
Fernando Sor - Estudio 16,"S/Sor, Fernando/Sor, Fernando - Estudio No. 10.gp4.tokens.txt",DadaGP,Words:1/2,"S/Sor, Fernando/Sor, Fernando - Estudio No. 10.gp4.tokens.txt"
Fernando Sor - Estudio 16,"S/Sor, Fernando/Sor, Fernando - Estudio No. 18.gp4.tokens.txt",DadaGP,Words:1/2,"S/Sor, Fernando/Sor, Fernando - Estudio No. 18.gp4.tokens.txt"
Fernando Sor - Estudio 16,"S/Sor, Fernando/Sor, Fernando - Estudio No. 3.gp4.tokens.txt",DadaGP,Words:1/2,"S/Sor, Fernando/Sor, Fernando - Estudio No. 3.gp4.tokens.txt"
Fernando Sor - Estudio 16,"S/Sor, Fernando/Sor, Fernando - Estudio No. III.gp3.tokens.txt",DadaGP,Words:1/2,"S/Sor, Fernando/Sor, Fernando - Estudio No. III.gp3.tokens.txt"
Fernando Sor - Estudio 16,"S/Sor, Fernando/Sor, Fernando - Estudio No. IV.gp3.tokens.txt",DadaGP,Words:1/2,"S/Sor, Fernando/Sor, Fernando - Estudio No. IV.gp3.tokens.txt"
Fernando Sor - Estudio 16,"S/Sor, Fernando/Sor, Fernando - Estudio No. V.gp3.tokens.txt",DadaGP,Words:1/2,"S/Sor, Fernando/Sor, Fernando - Estudio No. V.gp3.tokens.txt"
Fernando Sor - Estudio 16,"S/Sor, Fernando/Sor, Fernando - Estudio em Si menor.gp3.tokens.txt",DadaGP,Words:1/2,"S/Sor, Fernando/Sor, Fernando - Estudio em Si menor.gp3.tokens.txt"
Fernando Sor - Estudio 16,"S/Sor, Fernando/Sor, Fernando - Estudio nss 12 en Sol M.gp3.tokens.txt",DadaGP,Words:1/2,"S/Sor, Fernando/Sor, Fernando - Estudio nss 12 en Sol M.gp3.tokens.txt"
Fernando Sor - Estudio 16,"S/Sor, Fernando/Sor, Fernando - Study No. 16.gp4.tokens.txt",DadaGP,Num:{'16'},"S/Sor, Fernando/Sor, Fernando - Study No. 16.gp4.tokens.txt"
Fernando Sor - Estudio 17,"S/Sor, Fernando/Sor, Fernando - Estudio 1.gp3.tokens.txt",DadaGP,Words:1/2,"S/Sor, Fernando/Sor, Fernando - Estudio 1.gp3.tokens.txt"
Fernando Sor - Estudio 17,"S/Sor, Fernando/Sor, Fernando - Estudio 2.gp3.tokens.txt",DadaGP,Words:1/2,"S/Sor, Fernando/Sor, Fernando - Estudio 2.gp3.tokens.txt"
Fernando Sor - Estudio 17,"S/Sor, Fernando/Sor, Fernando - Estudio 2.gp4.tokens.txt",DadaGP,Words:1/2,"S/Sor, Fernando/Sor, Fernando - Estudio 2.gp4.tokens.txt"
Fernando Sor - Estudio 17,"S/Sor, Fernando/Sor, Fernando - Estudio 3 (Op. 6, No. 2).gp4.tokens.txt",DadaGP,Words:1/2,"S/Sor, Fernando/Sor, Fernando - Estudio 3 (Op. 6, No. 2).gp4.tokens.txt"
Fernando Sor - Estudio 17,"S/Sor, Fernando/Sor, Fernando - Estudio No. 10.gp4.tokens.txt",DadaGP,Words:1/2,"S/Sor, Fernando/Sor, Fernando - Estudio No. 10.gp4.tokens.txt"
Fernando Sor - Estudio 17,"S/Sor, Fernando/Sor, Fernando - Estudio No. 18.gp4.tokens.txt",DadaGP,Words:1/2,"S/Sor, Fernando/Sor, Fernando - Estudio No. 18.gp4.tokens.txt"
Fernando Sor - Estudio 17,"S/Sor, Fernando/Sor, Fernando - Estudio No. 3.gp4.tokens.txt",DadaGP,Words:1/2,"S/Sor, Fernando/Sor, Fernando - Estudio No. 3.gp4.tokens.txt"
Fernando Sor - Estudio 17,"S/Sor, Fernando/Sor, Fernando - Estudio No. III.gp3.tokens.txt",DadaGP,Words:1/2,"S/Sor, Fernando/Sor, Fernando - Estudio No. III.gp3.tokens.txt"
Fernando Sor - Estudio 17,"S/Sor, Fernando/Sor, Fernando - Estudio No. IV.gp3.tokens.txt",DadaGP,Words:1/2,"S/Sor, Fernando/Sor, Fernando - Estudio No. IV.gp3.tokens.txt"
Fernando Sor - Estudio 17,"S/Sor, Fernando/Sor, Fernando - Estudio No. V.gp3.tokens.txt",DadaGP,Words:1/2,"S/Sor, Fernando/Sor, Fernando - Estudio No. V.gp3.tokens.txt"
Fernando Sor - Estudio 17,"S/Sor, Fernando/Sor, Fernando - Estudio em Si menor.gp3.tokens.txt",DadaGP,Words:1/2,"S/Sor, Fernando/Sor, Fernando - Estudio em Si menor.gp3.tokens.txt"
Fernando Sor - Estudio 17,"S/Sor, Fernando/Sor, Fernando - Estudio nss 12 en Sol M.gp3.tokens.txt",DadaGP,Words:1/2,"S/Sor, Fernando/Sor, Fernando - Estudio nss 12 en Sol M.gp3.tokens.txt"
Fernando Sor - Estudio 18,"S/Sor, Fernando/Sor, Fernando - Estudio 1.gp3.tokens.txt",DadaGP,Words:1/2,"S/Sor, Fernando/Sor, Fernando - Estudio 1.gp3.tokens.txt"
Fernando Sor - Estudio 18,"S/Sor, Fernando/Sor, Fernando - Estudio 2.gp3.tokens.txt",DadaGP,Words:1/2,"S/Sor, Fernando/Sor, Fernando - Estudio 2.gp3.tokens.txt"
Fernando Sor - Estudio 18,"S/Sor, Fernando/Sor, Fernando - Estudio 2.gp4.tokens.txt",DadaGP,Words:1/2,"S/Sor, Fernando/Sor, Fernando - Estudio 2.gp4.tokens.txt"
Fernando Sor - Estudio 18,"S/Sor, Fernando/Sor, Fernando - Estudio 3 (Op. 6, No. 2).gp4.tokens.txt",DadaGP,Words:1/2,"S/Sor, Fernando/Sor, Fernando - Estudio 3 (Op. 6, No. 2).gp4.tokens.txt"
Fernando Sor - Estudio 18,"S/Sor, Fernando/Sor, Fernando - Estudio No. 10.gp4.tokens.txt",DadaGP,Words:1/2,"S/Sor, Fernando/Sor, Fernando - Estudio No. 10.gp4.tokens.txt"
Fernando Sor - Estudio 18,"S/Sor, Fernando/Sor, Fernando - Estudio No. 18.gp4.tokens.txt",DadaGP,Num:{'18'},"S/Sor, Fernando/Sor, Fernando - Estudio No. 18.gp4.tokens.txt"
Fernando Sor - Estudio 18,"S/Sor, Fernando/Sor, Fernando - Estudio No. 3.gp4.tokens.txt",DadaGP,Words:1/2,"S/Sor, Fernando/Sor, Fernando - Estudio No. 3.gp4.tokens.txt"
Fernando Sor - Estudio 18,"S/Sor, Fernando/Sor, Fernando - Estudio No. III.gp3.tokens.txt",DadaGP,Words:1/2,"S/Sor, Fernando/Sor, Fernando - Estudio No. III.gp3.tokens.txt"
Fernando Sor - Estudio 18,"S/Sor, Fernando/Sor, Fernando - Estudio No. IV.gp3.tokens.txt",DadaGP,Words:1/2,"S/Sor, Fernando/Sor, Fernando - Estudio No. IV.gp3.tokens.txt"
Fernando Sor - Estudio 18,"S/Sor, Fernando/Sor, Fernando - Estudio No. V.gp3.tokens.txt",DadaGP,Words:1/2,"S/Sor, Fernando/Sor, Fernando - Estudio No. V.gp3.tokens.txt"
Fernando Sor - Estudio 18,"S/Sor, Fernando/Sor, Fernando - Estudio em Si menor.gp3.tokens.txt",DadaGP,Words:1/2,"S/Sor, Fernando/Sor, Fernando - Estudio em Si menor.gp3.tokens.txt"
Fernando Sor - Estudio 18,"S/Sor, Fernando/Sor, Fernando - Estudio nss 12 en Sol M.gp3.tokens.txt",DadaGP,Words:1/2,"S/Sor, Fernando/Sor, Fernando - Estudio nss 12 en Sol M.gp3.tokens.txt"
Fernando Sor - Estudio 19,"S/Sor, Fernando/Sor, Fernando - Estudio 1.gp3.tokens.txt",DadaGP,Words:1/2,"S/Sor, Fernando/Sor, Fernando - Estudio 1.gp3.tokens.txt"
Fernando Sor - Estudio 19,"S/Sor, Fernando/Sor, Fernando - Estudio 2.gp3.tokens.txt",DadaGP,Words:1/2,"S/Sor, Fernando/Sor, Fernando - Estudio 2.gp3.tokens.txt"
Fernando Sor - Estudio 19,"S/Sor, Fernando/Sor, Fernando - Estudio 2.gp4.tokens.txt",DadaGP,Words:1/2,"S/Sor, Fernando/Sor, Fernando - Estudio 2.gp4.tokens.txt"
Fernando Sor - Estudio 19,"S/Sor, Fernando/Sor, Fernando - Estudio 3 (Op. 6, No. 2).gp4.tokens.txt",DadaGP,Words:1/2,"S/Sor, Fernando/Sor, Fernando - Estudio 3 (Op. 6, No. 2).gp4.tokens.txt"
Fernando Sor - Estudio 19,"S/Sor, Fernando/Sor, Fernando - Estudio No. 10.gp4.tokens.txt",DadaGP,Words:1/2,"S/Sor, Fernando/Sor, Fernando - Estudio No. 10.gp4.tokens.txt"
Fernando Sor - Estudio 19,"S/Sor, Fernando/Sor, Fernando - Estudio No. 18.gp4.tokens.txt",DadaGP,Words:1/2,"S/Sor, Fernando/Sor, Fernando - Estudio No. 18.gp4.tokens.txt"
Fernando Sor - Estudio 19,"S/Sor, Fernando/Sor, Fernando - Estudio No. 3.gp4.tokens.txt",DadaGP,Words:1/2,"S/Sor, Fernando/Sor, Fernando - Estudio No. 3.gp4.tokens.txt"
Fernando Sor - Estudio 19,"S/Sor, Fernando/Sor, Fernando - Estudio No. III.gp3.tokens.txt",DadaGP,Words:1/2,"S/Sor, Fernando/Sor, Fernando - Estudio No. III.gp3.tokens.txt"
Fernando Sor - Estudio 19,"S/Sor, Fernando/Sor, Fernando - Estudio No. IV.gp3.tokens.txt",DadaGP,Words:1/2,"S/Sor, Fernando/Sor, Fernando - Estudio No. IV.gp3.tokens.txt"
Fernando Sor - Estudio 19,"S/Sor, Fernando/Sor, Fernando - Estudio No. V.gp3.tokens.txt",DadaGP,Words:1/2,"S/Sor, Fernando/Sor, Fernando - Estudio No. V.gp3.tokens.txt"
Fernando Sor - Estudio 19,"S/Sor, Fernando/Sor, Fernando - Estudio em Si menor.gp3.tokens.txt",DadaGP,Words:1/2,"S/Sor, Fernando/Sor, Fernando - Estudio em Si menor.gp3.tokens.txt"
Fernando Sor - Estudio 19,"S/Sor, Fernando/Sor, Fernando - Estudio nss 12 en Sol M.gp3.tokens.txt",DadaGP,Words:1/2,"S/Sor, Fernando/Sor, Fernando - Estudio nss 12 en Sol M.gp3.tokens.txt"
Fernando Sor - Estudio 19,"S/Sor, Fernando/Sor, Fernando - Study No. 19.gp4.tokens.txt",DadaGP,Num:{'19'},"S/Sor, Fernando/Sor, Fernando - Study No. 19.gp4.tokens.txt"
Fernando Sor - Estudio 2,"S/Sor, Fernando/Sor, Fernando - Estudio 1.gp3.tokens.txt",DadaGP,Words:1/2,"S/Sor, Fernando/Sor, Fernando - Estudio 1.gp3.tokens.txt"
Fernando Sor - Estudio 2,"S/Sor, Fernando/Sor, Fernando - Estudio 2.gp3.tokens.txt",DadaGP,Num:{'2'},"S/Sor, Fernando/Sor, Fernando - Estudio 2.gp3.tokens.txt"
Fernando Sor - Estudio 2,"S/Sor, Fernando/Sor, Fernando - Estudio 2.gp4.tokens.txt",DadaGP,Num:{'2'},"S/Sor, Fernando/Sor, Fernando - Estudio 2.gp4.tokens.txt"
Fernando Sor - Estudio 2,"S/Sor, Fernando/Sor, Fernando - Estudio 3 (Op. 6, No. 2).gp4.tokens.txt",DadaGP,Num:{'2'},"S/Sor, Fernando/Sor, Fernando - Estudio 3 (Op. 6, No. 2).gp4.tokens.txt"
Fernando Sor - Estudio 2,"S/Sor, Fernando/Sor, Fernando - Estudio No. 10.gp4.tokens.txt",DadaGP,Words:1/2,"S/Sor, Fernando/Sor, Fernando - Estudio No. 10.gp4.tokens.txt"
Fernando Sor - Estudio 2,"S/Sor, Fernando/Sor, Fernando - Estudio No. 18.gp4.tokens.txt",DadaGP,Words:1/2,"S/Sor, Fernando/Sor, Fernando - Estudio No. 18.gp4.tokens.txt"
Fernando Sor - Estudio 2,"S/Sor, Fernando/Sor, Fernando - Estudio No. 3.gp4.tokens.txt",DadaGP,Words:1/2,"S/Sor, Fernando/Sor, Fernando - Estudio No. 3.gp4.tokens.txt"
Fernando Sor - Estudio 2,"S/Sor, Fernando/Sor, Fernando - Estudio No. III.gp3.tokens.txt",DadaGP,Words:1/2,"S/Sor, Fernando/Sor, Fernando - Estudio No. III.gp3.tokens.txt"
Fernando Sor - Estudio 2,"S/Sor, Fernando/Sor, Fernando - Estudio No. IV.gp3.tokens.txt",DadaGP,Words:1/2,"S/Sor, Fernando/Sor, Fernando - Estudio No. IV.gp3.tokens.txt"
Fernando Sor - Estudio 2,"S/Sor, Fernando/Sor, Fernando - Estudio No. V.gp3.tokens.txt",DadaGP,Words:1/2,"S/Sor, Fernando/Sor, Fernando - Estudio No. V.gp3.tokens.txt"
Fernando Sor - Estudio 2,"S/Sor, Fernando/Sor, Fernando - Estudio em Si menor.gp3.tokens.txt",DadaGP,Words:1/2,"S/Sor, Fernando/Sor, Fernando - Estudio em Si menor.gp3.tokens.txt"
Fernando Sor - Estudio 2,"S/Sor, Fernando/Sor, Fernando - Estudio nss 12 en Sol M.gp3.tokens.txt",DadaGP,Words:1/2,"S/Sor, Fernando/Sor, Fernando - Estudio nss 12 en Sol M.gp3.tokens.txt"
Fernando Sor - Estudio 2,"S/Sor, Fernando/Sor, Fernando - Op. 60 - No 2 (study In C Major).gp4.tokens.txt",DadaGP,Num:{'2'},"S/Sor, Fernando/Sor, Fernando - Op. 60 - No 2 (study In C Major).gp4.tokens.txt"
Fernando Sor - Estudio 20,"S/Sor, Fernando/Sor, Fernando - Estudio 1.gp3.tokens.txt",DadaGP,Words:1/2,"S/Sor, Fernando/Sor, Fernando - Estudio 1.gp3.tokens.txt"
Fernando Sor - Estudio 20,"S/Sor, Fernando/Sor, Fernando - Estudio 2.gp3.tokens.txt",DadaGP,Words:1/2,"S/Sor, Fernando/Sor, Fernando - Estudio 2.gp3.tokens.txt"
Fernando Sor - Estudio 20,"S/Sor, Fernando/Sor, Fernando - Estudio 2.gp4.tokens.txt",DadaGP,Words:1/2,"S/Sor, Fernando/Sor, Fernando - Estudio 2.gp4.tokens.txt"
Fernando Sor - Estudio 20,"S/Sor, Fernando/Sor, Fernando - Estudio 3 (Op. 6, No. 2).gp4.tokens.txt",DadaGP,Words:1/2,"S/Sor, Fernando/Sor, Fernando - Estudio 3 (Op. 6, No. 2).gp4.tokens.txt"
Fernando Sor - Estudio 20,"S/Sor, Fernando/Sor, Fernando - Estudio No. 10.gp4.tokens.txt",DadaGP,Words:1/2,"S/Sor, Fernando/Sor, Fernando - Estudio No. 10.gp4.tokens.txt"
Fernando Sor - Estudio 20,"S/Sor, Fernando/Sor, Fernando - Estudio No. 18.gp4.tokens.txt",DadaGP,Words:1/2,"S/Sor, Fernando/Sor, Fernando - Estudio No. 18.gp4.tokens.txt"
Fernando Sor - Estudio 20,"S/Sor, Fernando/Sor, Fernando - Estudio No. 3.gp4.tokens.txt",DadaGP,Words:1/2,"S/Sor, Fernando/Sor, Fernando - Estudio No. 3.gp4.tokens.txt"
Fernando Sor - Estudio 20,"S/Sor, Fernando/Sor, Fernando - Estudio No. III.gp3.tokens.txt",DadaGP,Words:1/2,"S/Sor, Fernando/Sor, Fernando - Estudio No. III.gp3.tokens.txt"
Fernando Sor - Estudio 20,"S/Sor, Fernando/Sor, Fernando - Estudio No. IV.gp3.tokens.txt",DadaGP,Words:1/2,"S/Sor, Fernando/Sor, Fernando - Estudio No. IV.gp3.tokens.txt"
Fernando Sor - Estudio 20,"S/Sor, Fernando/Sor, Fernando - Estudio No. V.gp3.tokens.txt",DadaGP,Words:1/2,"S/Sor, Fernando/Sor, Fernando - Estudio No. V.gp3.tokens.txt"
Fernando Sor - Estudio 20,"S/Sor, Fernando/Sor, Fernando - Estudio em Si menor.gp3.tokens.txt",DadaGP,Words:1/2,"S/Sor, Fernando/Sor, Fernando - Estudio em Si menor.gp3.tokens.txt"
Fernando Sor - Estudio 20,"S/Sor, Fernando/Sor, Fernando - Estudio nss 12 en Sol M.gp3.tokens.txt",DadaGP,Words:1/2,"S/Sor, Fernando/Sor, Fernando - Estudio nss 12 en Sol M.gp3.tokens.txt"
Fernando Sor - Estudio 3,"S/Sor, Fernando/Sor, Fernando - Estudio 1.gp3.tokens.txt",DadaGP,Num:{'3'},"S/Sor, Fernando/Sor, Fernando - Estudio 1.gp3.tokens.txt"
Fernando Sor - Estudio 3,"S/Sor, Fernando/Sor, Fernando - Estudio 2.gp3.tokens.txt",DadaGP,Num:{'3'},"S/Sor, Fernando/Sor, Fernando - Estudio 2.gp3.tokens.txt"
Fernando Sor - Estudio 3,"S/Sor, Fernando/Sor, Fernando - Estudio 2.gp4.tokens.txt",DadaGP,Words:1/2,"S/Sor, Fernando/Sor, Fernando - Estudio 2.gp4.tokens.txt"
Fernando Sor - Estudio 3,"S/Sor, Fernando/Sor, Fernando - Estudio 3 (Op. 6, No. 2).gp4.tokens.txt",DadaGP,Num:{'3'},"S/Sor, Fernando/Sor, Fernando - Estudio 3 (Op. 6, No. 2).gp4.tokens.txt"
Fernando Sor - Estudio 3,"S/Sor, Fernando/Sor, Fernando - Estudio No. 10.gp4.tokens.txt",DadaGP,Words:1/2,"S/Sor, Fernando/Sor, Fernando - Estudio No. 10.gp4.tokens.txt"
Fernando Sor - Estudio 3,"S/Sor, Fernando/Sor, Fernando - Estudio No. 18.gp4.tokens.txt",DadaGP,Words:1/2,"S/Sor, Fernando/Sor, Fernando - Estudio No. 18.gp4.tokens.txt"
Fernando Sor - Estudio 3,"S/Sor, Fernando/Sor, Fernando - Estudio No. 3.gp4.tokens.txt",DadaGP,Num:{'3'},"S/Sor, Fernando/Sor, Fernando - Estudio No. 3.gp4.tokens.txt"
Fernando Sor - Estudio 3,"S/Sor, Fernando/Sor, Fernando - Estudio No. III.gp3.tokens.txt",DadaGP,Num:{'3'},"S/Sor, Fernando/Sor, Fernando - Estudio No. III.gp3.tokens.txt"
Fernando Sor - Estudio 3,"S/Sor, Fernando/Sor, Fernando - Estudio No. IV.gp3.tokens.txt",DadaGP,Num:{'3'},"S/Sor, Fernando/Sor, Fernando - Estudio No. IV.gp3.tokens.txt"
Fernando Sor - Estudio 3,"S/Sor, Fernando/Sor, Fernando - Estudio No. V.gp3.tokens.txt",DadaGP,Num:{'3'},"S/Sor, Fernando/Sor, Fernando - Estudio No. V.gp3.tokens.txt"
Fernando Sor - Estudio 3,"S/Sor, Fernando/Sor, Fernando - Estudio em Si menor.gp3.tokens.txt",DadaGP,Num:{'3'},"S/Sor, Fernando/Sor, Fernando - Estudio em Si menor.gp3.tokens.txt"
Fernando Sor - Estudio 3,"S/Sor, Fernando/Sor, Fernando - Estudio nss 12 en Sol M.gp3.tokens.txt",DadaGP,Num:{'3'},"S/Sor, Fernando/Sor, Fernando - Estudio nss 12 en Sol M.gp3.tokens.txt"
Fernando Sor - Estudio 4,"S/Sor, Fernando/Sor, Fernando - Estudio 1.gp3.tokens.txt",DadaGP,Words:1/2,"S/Sor, Fernando/Sor, Fernando - Estudio 1.gp3.tokens.txt"
Fernando Sor - Estudio 4,"S/Sor, Fernando/Sor, Fernando - Estudio 2.gp3.tokens.txt",DadaGP,Words:1/2,"S/Sor, Fernando/Sor, Fernando - Estudio 2.gp3.tokens.txt"
Fernando Sor - Estudio 4,"S/Sor, Fernando/Sor, Fernando - Estudio 2.gp4.tokens.txt",DadaGP,Num:{'4'},"S/Sor, Fernando/Sor, Fernando - Estudio 2.gp4.tokens.txt"
Fernando Sor - Estudio 4,"S/Sor, Fernando/Sor, Fernando - Estudio 3 (Op. 6, No. 2).gp4.tokens.txt",DadaGP,Num:{'4'},"S/Sor, Fernando/Sor, Fernando - Estudio 3 (Op. 6, No. 2).gp4.tokens.txt"
Fernando Sor - Estudio 4,"S/Sor, Fernando/Sor, Fernando - Estudio No. 10.gp4.tokens.txt",DadaGP,Num:{'4'},"S/Sor, Fernando/Sor, Fernando - Estudio No. 10.gp4.tokens.txt"
Fernando Sor - Estudio 4,"S/Sor, Fernando/Sor, Fernando - Estudio No. 18.gp4.tokens.txt",DadaGP,Num:{'4'},"S/Sor, Fernando/Sor, Fernando - Estudio No. 18.gp4.tokens.txt"
Fernando Sor - Estudio 4,"S/Sor, Fernando/Sor, Fernando - Estudio No. 3.gp4.tokens.txt",DadaGP,Num:{'4'},"S/Sor, Fernando/Sor, Fernando - Estudio No. 3.gp4.tokens.txt"
Fernando Sor - Estudio 4,"S/Sor, Fernando/Sor, Fernando - Estudio No. III.gp3.tokens.txt",DadaGP,Words:1/2,"S/Sor, Fernando/Sor, Fernando - Estudio No. III.gp3.tokens.txt"
Fernando Sor - Estudio 4,"S/Sor, Fernando/Sor, Fernando - Estudio No. IV.gp3.tokens.txt",DadaGP,Words:1/2,"S/Sor, Fernando/Sor, Fernando - Estudio No. IV.gp3.tokens.txt"
Fernando Sor - Estudio 4,"S/Sor, Fernando/Sor, Fernando - Estudio No. V.gp3.tokens.txt",DadaGP,Words:1/2,"S/Sor, Fernando/Sor, Fernando - Estudio No. V.gp3.tokens.txt"
Fernando Sor - Estudio 4,"S/Sor, Fernando/Sor, Fernando - Estudio em Si menor.gp3.tokens.txt",DadaGP,Words:1/2,"S/Sor, Fernando/Sor, Fernando - Estudio em Si menor.gp3.tokens.txt"
Fernando Sor - Estudio 4,"S/Sor, Fernando/Sor, Fernando - Estudio nss 12 en Sol M.gp3.tokens.txt",DadaGP,Words:1/2,"S/Sor, Fernando/Sor, Fernando - Estudio nss 12 en Sol M.gp3.tokens.txt"
Fernando Sor - Estudio 5,"S/Sor, Fernando/Sor, Fernando - Estudio 1.gp3.tokens.txt",DadaGP,Words:1/2,"S/Sor, Fernando/Sor, Fernando - Estudio 1.gp3.tokens.txt"
Fernando Sor - Estudio 5,"S/Sor, Fernando/Sor, Fernando - Estudio 2.gp3.tokens.txt",DadaGP,Words:1/2,"S/Sor, Fernando/Sor, Fernando - Estudio 2.gp3.tokens.txt"
Fernando Sor - Estudio 5,"S/Sor, Fernando/Sor, Fernando - Estudio 2.gp4.tokens.txt",DadaGP,Words:1/2,"S/Sor, Fernando/Sor, Fernando - Estudio 2.gp4.tokens.txt"
Fernando Sor - Estudio 5,"S/Sor, Fernando/Sor, Fernando - Estudio 3 (Op. 6, No. 2).gp4.tokens.txt",DadaGP,Words:1/2,"S/Sor, Fernando/Sor, Fernando - Estudio 3 (Op. 6, No. 2).gp4.tokens.txt"
Fernando Sor - Estudio 5,"S/Sor, Fernando/Sor, Fernando - Estudio No. 10.gp4.tokens.txt",DadaGP,Words:1/2,"S/Sor, Fernando/Sor, Fernando - Estudio No. 10.gp4.tokens.txt"
Fernando Sor - Estudio 5,"S/Sor, Fernando/Sor, Fernando - Estudio No. 18.gp4.tokens.txt",DadaGP,Words:1/2,"S/Sor, Fernando/Sor, Fernando - Estudio No. 18.gp4.tokens.txt"
Fernando Sor - Estudio 5,"S/Sor, Fernando/Sor, Fernando - Estudio No. 3.gp4.tokens.txt",DadaGP,Words:1/2,"S/Sor, Fernando/Sor, Fernando - Estudio No. 3.gp4.tokens.txt"
Fernando Sor - Estudio 5,"S/Sor, Fernando/Sor, Fernando - Estudio No. III.gp3.tokens.txt",DadaGP,Words:1/2,"S/Sor, Fernando/Sor, Fernando - Estudio No. III.gp3.tokens.txt"
Fernando Sor - Estudio 5,"S/Sor, Fernando/Sor, Fernando - Estudio No. IV.gp3.tokens.txt",DadaGP,Words:1/2,"S/Sor, Fernando/Sor, Fernando - Estudio No. IV.gp3.tokens.txt"
Fernando Sor - Estudio 5,"S/Sor, Fernando/Sor, Fernando - Estudio No. V.gp3.tokens.txt",DadaGP,Words:1/2,"S/Sor, Fernando/Sor, Fernando - Estudio No. V.gp3.tokens.txt"
Fernando Sor - Estudio 5,"S/Sor, Fernando/Sor, Fernando - Estudio em Si menor.gp3.tokens.txt",DadaGP,Words:1/2,"S/Sor, Fernando/Sor, Fernando - Estudio em Si menor.gp3.tokens.txt"
Fernando Sor - Estudio 5,"S/Sor, Fernando/Sor, Fernando - Estudio nss 12 en Sol M.gp3.tokens.txt",DadaGP,Words:1/2,"S/Sor, Fernando/Sor, Fernando - Estudio nss 12 en Sol M.gp3.tokens.txt"
Fernando Sor - Estudio 5,"S/Sor, Fernando/Sor, Fernando - Op. 60 - No 5 (study In A Minor).gp4.tokens.txt",DadaGP,Num:{'5'},"S/Sor, Fernando/Sor, Fernando - Op. 60 - No 5 (study In A Minor).gp4.tokens.txt"
Fernando Sor - Estudio 6,"S/Sor, Fernando/Sor, Fernando - Estudio 1.gp3.tokens.txt",DadaGP,Words:1/2,"S/Sor, Fernando/Sor, Fernando - Estudio 1.gp3.tokens.txt"
Fernando Sor - Estudio 6,"S/Sor, Fernando/Sor, Fernando - Estudio 2.gp3.tokens.txt",DadaGP,Words:1/2,"S/Sor, Fernando/Sor, Fernando - Estudio 2.gp3.tokens.txt"
Fernando Sor - Estudio 6,"S/Sor, Fernando/Sor, Fernando - Estudio 2.gp4.tokens.txt",DadaGP,Words:1/2,"S/Sor, Fernando/Sor, Fernando - Estudio 2.gp4.tokens.txt"
Fernando Sor - Estudio 6,"S/Sor, Fernando/Sor, Fernando - Estudio 3 (Op. 6, No. 2).gp4.tokens.txt",DadaGP,Num:{'6'},"S/Sor, Fernando/Sor, Fernando - Estudio 3 (Op. 6, No. 2).gp4.tokens.txt"
Fernando Sor - Estudio 6,"S/Sor, Fernando/Sor, Fernando - Estudio No. 10.gp4.tokens.txt",DadaGP,Words:1/2,"S/Sor, Fernando/Sor, Fernando - Estudio No. 10.gp4.tokens.txt"
Fernando Sor - Estudio 6,"S/Sor, Fernando/Sor, Fernando - Estudio No. 18.gp4.tokens.txt",DadaGP,Words:1/2,"S/Sor, Fernando/Sor, Fernando - Estudio No. 18.gp4.tokens.txt"
Fernando Sor - Estudio 6,"S/Sor, Fernando/Sor, Fernando - Estudio No. 3.gp4.tokens.txt",DadaGP,Words:1/2,"S/Sor, Fernando/Sor, Fernando - Estudio No. 3.gp4.tokens.txt"
Fernando Sor - Estudio 6,"S/Sor, Fernando/Sor, Fernando - Estudio No. III.gp3.tokens.txt",DadaGP,Words:1/2,"S/Sor, Fernando/Sor, Fernando - Estudio No. III.gp3.tokens.txt"
Fernando Sor - Estudio 6,"S/Sor, Fernando/Sor, Fernando - Estudio No. IV.gp3.tokens.txt",DadaGP,Words:1/2,"S/Sor, Fernando/Sor, Fernando - Estudio No. IV.gp3.tokens.txt"
Fernando Sor - Estudio 6,"S/Sor, Fernando/Sor, Fernando - Estudio No. V.gp3.tokens.txt",DadaGP,Words:1/2,"S/Sor, Fernando/Sor, Fernando - Estudio No. V.gp3.tokens.txt"
Fernando Sor - Estudio 6,"S/Sor, Fernando/Sor, Fernando - Estudio em Si menor.gp3.tokens.txt",DadaGP,Words:1/2,"S/Sor, Fernando/Sor, Fernando - Estudio em Si menor.gp3.tokens.txt"
Fernando Sor - Estudio 6,"S/Sor, Fernando/Sor, Fernando - Estudio nss 12 en Sol M.gp3.tokens.txt",DadaGP,Words:1/2,"S/Sor, Fernando/Sor, Fernando - Estudio nss 12 en Sol M.gp3.tokens.txt"
Fernando Sor - Estudio 6,"S/Sor, Fernando/Sor, Fernando - Etude N-6 En Re Majeur.gp4.tokens.txt",DadaGP,Num:{'6'},"S/Sor, Fernando/Sor, Fernando - Etude N-6 En Re Majeur.gp4.tokens.txt"
Fernando Sor - Estudio 6,"S/Sor, Fernando/Sor, Fernando - Op. 60 - No 6 (study In A Minor).gp4.tokens.txt",DadaGP,Num:{'6'},"S/Sor, Fernando/Sor, Fernando - Op. 60 - No 6 (study In A Minor).gp4.tokens.txt"
Fernando Sor - Estudio 7,"S/Sor, Fernando/Sor, Fernando - Estudio 1.gp3.tokens.txt",DadaGP,Words:1/2,"S/Sor, Fernando/Sor, Fernando - Estudio 1.gp3.tokens.txt"
Fernando Sor - Estudio 7,"S/Sor, Fernando/Sor, Fernando - Estudio 2.gp3.tokens.txt",DadaGP,Words:1/2,"S/Sor, Fernando/Sor, Fernando - Estudio 2.gp3.tokens.txt"
Fernando Sor - Estudio 7,"S/Sor, Fernando/Sor, Fernando - Estudio 2.gp4.tokens.txt",DadaGP,Words:1/2,"S/Sor, Fernando/Sor, Fernando - Estudio 2.gp4.tokens.txt"
Fernando Sor - Estudio 7,"S/Sor, Fernando/Sor, Fernando - Estudio 3 (Op. 6, No. 2).gp4.tokens.txt",DadaGP,Words:1/2,"S/Sor, Fernando/Sor, Fernando - Estudio 3 (Op. 6, No. 2).gp4.tokens.txt"
Fernando Sor - Estudio 7,"S/Sor, Fernando/Sor, Fernando - Estudio No. 10.gp4.tokens.txt",DadaGP,Words:1/2,"S/Sor, Fernando/Sor, Fernando - Estudio No. 10.gp4.tokens.txt"
Fernando Sor - Estudio 7,"S/Sor, Fernando/Sor, Fernando - Estudio No. 18.gp4.tokens.txt",DadaGP,Words:1/2,"S/Sor, Fernando/Sor, Fernando - Estudio No. 18.gp4.tokens.txt"
Fernando Sor - Estudio 7,"S/Sor, Fernando/Sor, Fernando - Estudio No. 3.gp4.tokens.txt",DadaGP,Words:1/2,"S/Sor, Fernando/Sor, Fernando - Estudio No. 3.gp4.tokens.txt"
Fernando Sor - Estudio 7,"S/Sor, Fernando/Sor, Fernando - Estudio No. III.gp3.tokens.txt",DadaGP,Words:1/2,"S/Sor, Fernando/Sor, Fernando - Estudio No. III.gp3.tokens.txt"
Fernando Sor - Estudio 7,"S/Sor, Fernando/Sor, Fernando - Estudio No. IV.gp3.tokens.txt",DadaGP,Words:1/2,"S/Sor, Fernando/Sor, Fernando - Estudio No. IV.gp3.tokens.txt"
Fernando Sor - Estudio 7,"S/Sor, Fernando/Sor, Fernando - Estudio No. V.gp3.tokens.txt",DadaGP,Words:1/2,"S/Sor, Fernando/Sor, Fernando - Estudio No. V.gp3.tokens.txt"
Fernando Sor - Estudio 7,"S/Sor, Fernando/Sor, Fernando - Estudio em Si menor.gp3.tokens.txt",DadaGP,Words:1/2,"S/Sor, Fernando/Sor, Fernando - Estudio em Si menor.gp3.tokens.txt"
Fernando Sor - Estudio 7,"S/Sor, Fernando/Sor, Fernando - Estudio nss 12 en Sol M.gp3.tokens.txt",DadaGP,Words:1/2,"S/Sor, Fernando/Sor, Fernando - Estudio nss 12 en Sol M.gp3.tokens.txt"
Fernando Sor - Estudio 8,"S/Sor, Fernando/Sor, Fernando - Estudio 1.gp3.tokens.txt",DadaGP,Words:1/2,"S/Sor, Fernando/Sor, Fernando - Estudio 1.gp3.tokens.txt"
Fernando Sor - Estudio 8,"S/Sor, Fernando/Sor, Fernando - Estudio 2.gp3.tokens.txt",DadaGP,Words:1/2,"S/Sor, Fernando/Sor, Fernando - Estudio 2.gp3.tokens.txt"
Fernando Sor - Estudio 8,"S/Sor, Fernando/Sor, Fernando - Estudio 2.gp4.tokens.txt",DadaGP,Words:1/2,"S/Sor, Fernando/Sor, Fernando - Estudio 2.gp4.tokens.txt"
Fernando Sor - Estudio 8,"S/Sor, Fernando/Sor, Fernando - Estudio 3 (Op. 6, No. 2).gp4.tokens.txt",DadaGP,Words:1/2,"S/Sor, Fernando/Sor, Fernando - Estudio 3 (Op. 6, No. 2).gp4.tokens.txt"
Fernando Sor - Estudio 8,"S/Sor, Fernando/Sor, Fernando - Estudio No. 10.gp4.tokens.txt",DadaGP,Words:1/2,"S/Sor, Fernando/Sor, Fernando - Estudio No. 10.gp4.tokens.txt"
Fernando Sor - Estudio 8,"S/Sor, Fernando/Sor, Fernando - Estudio No. 18.gp4.tokens.txt",DadaGP,Words:1/2,"S/Sor, Fernando/Sor, Fernando - Estudio No. 18.gp4.tokens.txt"
Fernando Sor - Estudio 8,"S/Sor, Fernando/Sor, Fernando - Estudio No. 3.gp4.tokens.txt",DadaGP,Words:1/2,"S/Sor, Fernando/Sor, Fernando - Estudio No. 3.gp4.tokens.txt"
Fernando Sor - Estudio 8,"S/Sor, Fernando/Sor, Fernando - Estudio No. III.gp3.tokens.txt",DadaGP,Words:1/2,"S/Sor, Fernando/Sor, Fernando - Estudio No. III.gp3.tokens.txt"
Fernando Sor - Estudio 8,"S/Sor, Fernando/Sor, Fernando - Estudio No. IV.gp3.tokens.txt",DadaGP,Words:1/2,"S/Sor, Fernando/Sor, Fernando - Estudio No. IV.gp3.tokens.txt"
Fernando Sor - Estudio 8,"S/Sor, Fernando/Sor, Fernando - Estudio No. V.gp3.tokens.txt",DadaGP,Words:1/2,"S/Sor, Fernando/Sor, Fernando - Estudio No. V.gp3.tokens.txt"
Fernando Sor - Estudio 8,"S/Sor, Fernando/Sor, Fernando - Estudio em Si menor.gp3.tokens.txt",DadaGP,Words:1/2,"S/Sor, Fernando/Sor, Fernando - Estudio em Si menor.gp3.tokens.txt"
Fernando Sor - Estudio 8,"S/Sor, Fernando/Sor, Fernando - Estudio nss 12 en Sol M.gp3.tokens.txt",DadaGP,Words:1/2,"S/Sor, Fernando/Sor, Fernando - Estudio nss 12 en Sol M.gp3.tokens.txt"
Fernando Sor - Estudio 9,"S/Sor, Fernando/Sor, Fernando - Estudio 1.gp3.tokens.txt",DadaGP,Words:1/2,"S/Sor, Fernando/Sor, Fernando - Estudio 1.gp3.tokens.txt"
Fernando Sor - Estudio 9,"S/Sor, Fernando/Sor, Fernando - Estudio 2.gp3.tokens.txt",DadaGP,Words:1/2,"S/Sor, Fernando/Sor, Fernando - Estudio 2.gp3.tokens.txt"
Fernando Sor - Estudio 9,"S/Sor, Fernando/Sor, Fernando - Estudio 2.gp4.tokens.txt",DadaGP,Words:1/2,"S/Sor, Fernando/Sor, Fernando - Estudio 2.gp4.tokens.txt"
Fernando Sor - Estudio 9,"S/Sor, Fernando/Sor, Fernando - Estudio 3 (Op. 6, No. 2).gp4.tokens.txt",DadaGP,Words:1/2,"S/Sor, Fernando/Sor, Fernando - Estudio 3 (Op. 6, No. 2).gp4.tokens.txt"
Fernando Sor - Estudio 9,"S/Sor, Fernando/Sor, Fernando - Estudio No. 10.gp4.tokens.txt",DadaGP,Words:1/2,"S/Sor, Fernando/Sor, Fernando - Estudio No. 10.gp4.tokens.txt"
Fernando Sor - Estudio 9,"S/Sor, Fernando/Sor, Fernando - Estudio No. 18.gp4.tokens.txt",DadaGP,Words:1/2,"S/Sor, Fernando/Sor, Fernando - Estudio No. 18.gp4.tokens.txt"
Fernando Sor - Estudio 9,"S/Sor, Fernando/Sor, Fernando - Estudio No. 3.gp4.tokens.txt",DadaGP,Words:1/2,"S/Sor, Fernando/Sor, Fernando - Estudio No. 3.gp4.tokens.txt"
Fernando Sor - Estudio 9,"S/Sor, Fernando/Sor, Fernando - Estudio No. III.gp3.tokens.txt",DadaGP,Words:1/2,"S/Sor, Fernando/Sor, Fernando - Estudio No. III.gp3.tokens.txt"
Fernando Sor - Estudio 9,"S/Sor, Fernando/Sor, Fernando - Estudio No. IV.gp3.tokens.txt",DadaGP,Words:1/2,"S/Sor, Fernando/Sor, Fernando - Estudio No. IV.gp3.tokens.txt"
Fernando Sor - Estudio 9,"S/Sor, Fernando/Sor, Fernando - Estudio No. V.gp3.tokens.txt",DadaGP,Words:1/2,"S/Sor, Fernando/Sor, Fernando - Estudio No. V.gp3.tokens.txt"
Fernando Sor - Estudio 9,"S/Sor, Fernando/Sor, Fernando - Estudio em Si menor.gp3.tokens.txt",DadaGP,Words:1/2,"S/Sor, Fernando/Sor, Fernando - Estudio em Si menor.gp3.tokens.txt"
Fernando Sor - Estudio 9,"S/Sor, Fernando/Sor, Fernando - Estudio nss 12 en Sol M.gp3.tokens.txt",DadaGP,Words:1/2,"S/Sor, Fernando/Sor, Fernando - Estudio nss 12 en Sol M.gp3.tokens.txt"
Fernando Sor - Estudio 9,"S/Sor, Fernando/Sor, Fernando - Etude No 9, Opus 31.gp4.tokens.txt",DadaGP,Num:{'9'},"S/Sor, Fernando/Sor, Fernando - Etude No 9, Opus 31.gp4.tokens.txt"
Fernando Sor - Estudio 9,"S/Sor, Fernando/Sor, Fernando - Etude No. 9 Opus 35.gp4.tokens.txt",DadaGP,Num:{'9'},"S/Sor, Fernando/Sor, Fernando - Etude No. 9 Opus 35.gp4.tokens.txt"
Agustin Barrios Mangore - Estudio Vals,"B/Barrios, Agustin/Barrios, Agustin - Contemplacion (Vals et Tremolo).gp3.tokens.txt",DadaGP,Words:1/2,"B/Barrios, Agustin/Barrios, Agustin - Contemplacion (Vals et Tremolo).gp3.tokens.txt"
Agustin Barrios Mandore - Estudio Vals,"B/Barrios, Agustin/Barrios, Agustin - Contemplacion (Vals et Tremolo).gp3.tokens.txt",DadaGP,Words:1/2,"B/Barrios, Agustin/Barrios, Agustin - Contemplacion (Vals et Tremolo).gp3.tokens.txt"
"Matteo Carcassi - Estudio, Op. 5 no. 23","C/Carcassi, Mateo/Carcassi, Mateo - Allegro (op. 60, No. 20).gp4.tokens.txt",DadaGP,Words:2/5,"C/Carcassi, Mateo/Carcassi, Mateo - Allegro (op. 60, No. 20).gp4.tokens.txt"
"Matteo Carcassi - Estudio, Op. 5 no. 23","C/Carcassi, Mateo/Carcassi, Mateo - Andante Grazioso Opus 5 No. 8.gp3.tokens.txt",DadaGP,Num:{'5'},"C/Carcassi, Mateo/Carcassi, Mateo - Andante Grazioso Opus 5 No. 8.gp3.tokens.txt"
"Matteo Carcassi - Estudio, Op. 5 no. 23","C/Carcassi, Mateo/Carcassi, Mateo - Etude op 60 no 7.gp3.tokens.txt",DadaGP,Words:2/5,"C/Carcassi, Mateo/Carcassi, Mateo - Etude op 60 no 7.gp3.tokens.txt"
"Matteo Carcassi - Estudio, Op. 5 no. 23","C/Carcassi, Mateo/Carcassi, Mateo - Opus 60 # 23.gp3.tokens.txt",DadaGP,Num:{'23'},"C/Carcassi, Mateo/Carcassi, Mateo - Opus 60 # 23.gp3.tokens.txt"
Matteo Carcassi - Etude No. 3,"C/Carcassi, Mateo/Carcassi, Mateo - Andante Grazioso Opus 5 No. 8.gp3.tokens.txt",DadaGP,Num:{'3'},"C/Carcassi, Mateo/Carcassi, Mateo - Andante Grazioso Opus 5 No. 8.gp3.tokens.txt"
Matteo Carcassi - Etude No. 3,"C/Carcassi, Mateo/Carcassi, Mateo - Etude op 60 no 7.gp3.tokens.txt",DadaGP,Num:{'3'},"C/Carcassi, Mateo/Carcassi, Mateo - Etude op 60 no 7.gp3.tokens.txt"
Matteo Carcassi - Etude No. 3,"C/Carcassi, Mateo/Carcassi, Mateo - Etude opus 60 n-7.gp3.tokens.txt",DadaGP,Num:{'3'},"C/Carcassi, Mateo/Carcassi, Mateo - Etude opus 60 n-7.gp3.tokens.txt"
Matteo Carcassi - Etude No. 7,"C/Carcassi, Mateo/Carcassi, Mateo - Etude op 60 no 7.gp3.tokens.txt",DadaGP,Num:{'7'},"C/Carcassi, Mateo/Carcassi, Mateo - Etude op 60 no 7.gp3.tokens.txt"
Matteo Carcassi - Etude No. 7,"C/Carcassi, Mateo/Carcassi, Mateo - Etude opus 60 n-7.gp3.tokens.txt",DadaGP,Num:{'7'},"C/Carcassi, Mateo/Carcassi, Mateo - Etude opus 60 n-7.gp3.tokens.txt"
"Mauro Giuliani - Etude, Op. 100 no. 12","G/Giuliani, Mauro/Giuliani, Mauro - Op. 50 No. 1.gp3.tokens.txt",DadaGP,Words:2/5,"G/Giuliani, Mauro/Giuliani, Mauro - Op. 50 No. 1.gp3.tokens.txt"
"Mauro Giuliani - Etude, Op. 100 no. 12","G/Giuliani, Mauro/Giuliani, Mauro - Op. 50 No.3.gp3.tokens.txt",DadaGP,Words:2/5,"G/Giuliani, Mauro/Giuliani, Mauro - Op. 50 No.3.gp3.tokens.txt"
"Mauro Giuliani - Etude, Op. 100 no. 12","G/Giuliani, Mauro/Giuliani, Mauro - Opera 100 N. 11.gp4.tokens.txt",DadaGP,Num:{'100'},"G/Giuliani, Mauro/Giuliani, Mauro - Opera 100 N. 11.gp4.tokens.txt"
"Fernando Sor - Etude, Op. 29 no. 1","S/Sor, Fernando/Sor, Fernando - Estudio 1.gp3.tokens.txt",DadaGP,Num:{'1'},"S/Sor, Fernando/Sor, Fernando - Estudio 1.gp3.tokens.txt"
"Fernando Sor - Etude, Op. 29 no. 1","S/Sor, Fernando/Sor, Fernando - Estudio 3 (Op. 6, No. 2).gp4.tokens.txt",DadaGP,Words:2/5,"S/Sor, Fernando/Sor, Fernando - Estudio 3 (Op. 6, No. 2).gp4.tokens.txt"
"Fernando Sor - Etude, Op. 29 no. 1","S/Sor, Fernando/Sor, Fernando - Etude No 9, Opus 31.gp4.tokens.txt",DadaGP,Words:2/5,"S/Sor, Fernando/Sor, Fernando - Etude No 9, Opus 31.gp4.tokens.txt"
"Fernando Sor - Etude, Op. 29 no. 1","S/Sor, Fernando/Sor, Fernando - Etude No. 13.gp4.tokens.txt",DadaGP,Words:2/5,"S/Sor, Fernando/Sor, Fernando - Etude No. 13.gp4.tokens.txt"
"Fernando Sor - Etude, Op. 29 no. 1","S/Sor, Fernando/Sor, Fernando - Etude No. 9 Opus 35.gp4.tokens.txt",DadaGP,Words:2/5,"S/Sor, Fernando/Sor, Fernando - Etude No. 9 Opus 35.gp4.tokens.txt"
"Fernando Sor - Etude, Op. 29 no. 1","S/Sor, Fernando/Sor, Fernando - Nr.1 (Six Valses).gp4.tokens.txt",DadaGP,Num:{'1'},"S/Sor, Fernando/Sor, Fernando - Nr.1 (Six Valses).gp4.tokens.txt"
"Fernando Sor - Etude, Op. 29 no. 1","S/Sor, Fernando/Sor, Fernando - Op. 31 - No 1 (Study In C Major).gp4.tokens.txt",DadaGP,Num:{'1'},"S/Sor, Fernando/Sor, Fernando - Op. 31 - No 1 (Study In C Major).gp4.tokens.txt"
"Fernando Sor - Etude, Op. 29 no. 1","S/Sor, Fernando/Sor, Fernando - Op. 44 - No 22 (study In A Minor).gp4.tokens.txt",DadaGP,Words:2/5,"S/Sor, Fernando/Sor, Fernando - Op. 44 - No 22 (study In A Minor).gp4.tokens.txt"
"Fernando Sor - Etude, Op. 29 no. 1","S/Sor, Fernando/Sor, Fernando - Op. 60 - No 1 (study In C Major).gp4.tokens.txt",DadaGP,Num:{'1'},"S/Sor, Fernando/Sor, Fernando - Op. 60 - No 1 (study In C Major).gp4.tokens.txt"
"Fernando Sor - Etude, Op. 29 no. 1","S/Sor, Fernando/Sor, Fernando - Op. 60 - No 2 (study In C Major).gp4.tokens.txt",DadaGP,Words:2/5,"S/Sor, Fernando/Sor, Fernando - Op. 60 - No 2 (study In C Major).gp4.tokens.txt"
"Fernando Sor - Etude, Op. 29 no. 1","S/Sor, Fernando/Sor, Fernando - Op. 60 - No 5 (study In A Minor).gp4.tokens.txt",DadaGP,Words:2/5,"S/Sor, Fernando/Sor, Fernando - Op. 60 - No 5 (study In A Minor).gp4.tokens.txt"
"Fernando Sor - Etude, Op. 29 no. 1","S/Sor, Fernando/Sor, Fernando - Op. 60 - No 6 (study In A Minor).gp4.tokens.txt",DadaGP,Words:2/5,"S/Sor, Fernando/Sor, Fernando - Op. 60 - No 6 (study In A Minor).gp4.tokens.txt"
"Fernando Sor - Etude, Op. 6 no. 11","S/Sor, Fernando/Sor, Fernando - Estudio 3 (Op. 6, No. 2).gp4.tokens.txt",DadaGP,Num:{'6'},"S/Sor, Fernando/Sor, Fernando - Estudio 3 (Op. 6, No. 2).gp4.tokens.txt"
"Fernando Sor - Etude, Op. 6 no. 11","S/Sor, Fernando/Sor, Fernando - Etude N-6 En Re Majeur.gp4.tokens.txt",DadaGP,Num:{'6'},"S/Sor, Fernando/Sor, Fernando - Etude N-6 En Re Majeur.gp4.tokens.txt"
"Fernando Sor - Etude, Op. 6 no. 11","S/Sor, Fernando/Sor, Fernando - Etude No 9, Opus 31.gp4.tokens.txt",DadaGP,Words:2/5,"S/Sor, Fernando/Sor, Fernando - Etude No 9, Opus 31.gp4.tokens.txt"
"Fernando Sor - Etude, Op. 6 no. 11","S/Sor, Fernando/Sor, Fernando - Etude No. 13.gp4.tokens.txt",DadaGP,Words:2/5,"S/Sor, Fernando/Sor, Fernando - Etude No. 13.gp4.tokens.txt"
"Fernando Sor - Etude, Op. 6 no. 11","S/Sor, Fernando/Sor, Fernando - Etude No. 9 Opus 35.gp4.tokens.txt",DadaGP,Words:2/5,"S/Sor, Fernando/Sor, Fernando - Etude No. 9 Opus 35.gp4.tokens.txt"
"Fernando Sor - Etude, Op. 6 no. 11","S/Sor, Fernando/Sor, Fernando - Op. 31 - No 1 (Study In C Major).gp4.tokens.txt",DadaGP,Words:2/5,"S/Sor, Fernando/Sor, Fernando - Op. 31 - No 1 (Study In C Major).gp4.tokens.txt"
"Fernando Sor - Etude, Op. 6 no. 11","S/Sor, Fernando/Sor, Fernando - Op. 44 - No 22 (study In A Minor).gp4.tokens.txt",DadaGP,Words:2/5,"S/Sor, Fernando/Sor, Fernando - Op. 44 - No 22 (study In A Minor).gp4.tokens.txt"
"Fernando Sor - Etude, Op. 6 no. 11","S/Sor, Fernando/Sor, Fernando - Op. 60 - No 1 (study In C Major).gp4.tokens.txt",DadaGP,Words:2/5,"S/Sor, Fernando/Sor, Fernando - Op. 60 - No 1 (study In C Major).gp4.tokens.txt"
"Fernando Sor - Etude, Op. 6 no. 11","S/Sor, Fernando/Sor, Fernando - Op. 60 - No 2 (study In C Major).gp4.tokens.txt",DadaGP,Words:2/5,"S/Sor, Fernando/Sor, Fernando - Op. 60 - No 2 (study In C Major).gp4.tokens.txt"
"Fernando Sor - Etude, Op. 6 no. 11","S/Sor, Fernando/Sor, Fernando - Op. 60 - No 5 (study In A Minor).gp4.tokens.txt",DadaGP,Words:2/5,"S/Sor, Fernando/Sor, Fernando - Op. 60 - No 5 (study In A Minor).gp4.tokens.txt"
"Fernando Sor - Etude, Op. 6 no. 11","S/Sor, Fernando/Sor, Fernando - Op. 60 - No 6 (study In A Minor).gp4.tokens.txt",DadaGP,Num:{'6'},"S/Sor, Fernando/Sor, Fernando - Op. 60 - No 6 (study In A Minor).gp4.tokens.txt"
"Matteo Carcassi - Etude, Op. 60 no. 10","C/Carcassi, Mateo/Carcassi, Mateo - Allegro (op. 60, No. 20).gp4.tokens.txt",DadaGP,Num:{'60'},"C/Carcassi, Mateo/Carcassi, Mateo - Allegro (op. 60, No. 20).gp4.tokens.txt"
"Matteo Carcassi - Etude, Op. 60 no. 10","C/Carcassi, Mateo/Carcassi, Mateo - Etude op 60 no 7.gp3.tokens.txt",DadaGP,Num:{'60'},"C/Carcassi, Mateo/Carcassi, Mateo - Etude op 60 no 7.gp3.tokens.txt"
"Matteo Carcassi - Etude, Op. 60 no. 10","C/Carcassi, Mateo/Carcassi, Mateo - Etude opus 60 n-7.gp3.tokens.txt",DadaGP,Num:{'60'},"C/Carcassi, Mateo/Carcassi, Mateo - Etude opus 60 n-7.gp3.tokens.txt"
"Matteo Carcassi - Etude, Op. 60 no. 10","C/Carcassi, Mateo/Carcassi, Mateo - Opus 60 # 23.gp3.tokens.txt",DadaGP,Num:{'60'},"C/Carcassi, Mateo/Carcassi, Mateo - Opus 60 # 23.gp3.tokens.txt"
"Matteo Carcassi - Etude, Op. 60 no. 19","C/Carcassi, Mateo/Carcassi, Mateo - Allegro (op. 60, No. 20).gp4.tokens.txt",DadaGP,Num:{'60'},"C/Carcassi, Mateo/Carcassi, Mateo - Allegro (op. 60, No. 20).gp4.tokens.txt"
"Matteo Carcassi - Etude, Op. 60 no. 19","C/Carcassi, Mateo/Carcassi, Mateo - Etude op 60 no 7.gp3.tokens.txt",DadaGP,Num:{'60'},"C/Carcassi, Mateo/Carcassi, Mateo - Etude op 60 no 7.gp3.tokens.txt"
"Matteo Carcassi - Etude, Op. 60 no. 19","C/Carcassi, Mateo/Carcassi, Mateo - Etude opus 60 n-7.gp3.tokens.txt",DadaGP,Num:{'60'},"C/Carcassi, Mateo/Carcassi, Mateo - Etude opus 60 n-7.gp3.tokens.txt"
"Matteo Carcassi - Etude, Op. 60 no. 19","C/Carcassi, Mateo/Carcassi, Mateo - Opus 60 # 23.gp3.tokens.txt",DadaGP,Num:{'60'},"C/Carcassi, Mateo/Carcassi, Mateo - Opus 60 # 23.gp3.tokens.txt"
"Matteo Carcassi - Etude, Op. 60 no. 25","C/Carcassi, Mateo/Carcassi, Mateo - Allegro (op. 60, No. 20).gp4.tokens.txt",DadaGP,Num:{'60'},"C/Carcassi, Mateo/Carcassi, Mateo - Allegro (op. 60, No. 20).gp4.tokens.txt"
"Matteo Carcassi - Etude, Op. 60 no. 25","C/Carcassi, Mateo/Carcassi, Mateo - Etude op 60 no 7.gp3.tokens.txt",DadaGP,Num:{'60'},"C/Carcassi, Mateo/Carcassi, Mateo - Etude op 60 no 7.gp3.tokens.txt"
"Matteo Carcassi - Etude, Op. 60 no. 25","C/Carcassi, Mateo/Carcassi, Mateo - Etude opus 60 n-7.gp3.tokens.txt",DadaGP,Num:{'60'},"C/Carcassi, Mateo/Carcassi, Mateo - Etude opus 60 n-7.gp3.tokens.txt"
"Matteo Carcassi - Etude, Op. 60 no. 25","C/Carcassi, Mateo/Carcassi, Mateo - Opus 60 # 23.gp3.tokens.txt",DadaGP,Num:{'60'},"C/Carcassi, Mateo/Carcassi, Mateo - Opus 60 # 23.gp3.tokens.txt"
"Matteo Carcassi - Etude, Op. 60 no. 5","C/Carcassi, Mateo/Carcassi, Mateo - Allegro (op. 60, No. 20).gp4.tokens.txt",DadaGP,Num:{'60'},"C/Carcassi, Mateo/Carcassi, Mateo - Allegro (op. 60, No. 20).gp4.tokens.txt"
"Matteo Carcassi - Etude, Op. 60 no. 5","C/Carcassi, Mateo/Carcassi, Mateo - Andante Grazioso Opus 5 No. 8.gp3.tokens.txt",DadaGP,Num:{'5'},"C/Carcassi, Mateo/Carcassi, Mateo - Andante Grazioso Opus 5 No. 8.gp3.tokens.txt"
"Matteo Carcassi - Etude, Op. 60 no. 5","C/Carcassi, Mateo/Carcassi, Mateo - Etude op 60 no 7.gp3.tokens.txt",DadaGP,Num:{'60'},"C/Carcassi, Mateo/Carcassi, Mateo - Etude op 60 no 7.gp3.tokens.txt"
"Matteo Carcassi - Etude, Op. 60 no. 5","C/Carcassi, Mateo/Carcassi, Mateo - Etude opus 60 n-7.gp3.tokens.txt",DadaGP,Num:{'60'},"C/Carcassi, Mateo/Carcassi, Mateo - Etude opus 60 n-7.gp3.tokens.txt"
"Matteo Carcassi - Etude, Op. 60 no. 5","C/Carcassi, Mateo/Carcassi, Mateo - Opus 60 # 23.gp3.tokens.txt",DadaGP,Num:{'60'},"C/Carcassi, Mateo/Carcassi, Mateo - Opus 60 # 23.gp3.tokens.txt"
"Matteo Carcassi - Etude, Op. 60 no. 8","C/Carcassi, Mateo/Carcassi, Mateo - Allegro (op. 60, No. 20).gp4.tokens.txt",DadaGP,Num:{'60'},"C/Carcassi, Mateo/Carcassi, Mateo - Allegro (op. 60, No. 20).gp4.tokens.txt"
"Matteo Carcassi - Etude, Op. 60 no. 8","C/Carcassi, Mateo/Carcassi, Mateo - Andante Grazioso Opus 5 No. 8.gp3.tokens.txt",DadaGP,Num:{'8'},"C/Carcassi, Mateo/Carcassi, Mateo - Andante Grazioso Opus 5 No. 8.gp3.tokens.txt"
"Matteo Carcassi - Etude, Op. 60 no. 8","C/Carcassi, Mateo/Carcassi, Mateo - Andante nss 8.gp3.tokens.txt",DadaGP,Num:{'8'},"C/Carcassi, Mateo/Carcassi, Mateo - Andante nss 8.gp3.tokens.txt"
"Matteo Carcassi - Etude, Op. 60 no. 8","C/Carcassi, Mateo/Carcassi, Mateo - Etude op 60 no 7.gp3.tokens.txt",DadaGP,Num:{'60'},"C/Carcassi, Mateo/Carcassi, Mateo - Etude op 60 no 7.gp3.tokens.txt"
"Matteo Carcassi - Etude, Op. 60 no. 8","C/Carcassi, Mateo/Carcassi, Mateo - Etude opus 60 n-7.gp3.tokens.txt",DadaGP,Num:{'60'},"C/Carcassi, Mateo/Carcassi, Mateo - Etude opus 60 n-7.gp3.tokens.txt"
"Matteo Carcassi - Etude, Op. 60 no. 8","C/Carcassi, Mateo/Carcassi, Mateo - Opus 60 # 23.gp3.tokens.txt",DadaGP,Num:{'60'},"C/Carcassi, Mateo/Carcassi, Mateo - Opus 60 # 23.gp3.tokens.txt"
"Matteo Carcassi - Etude, Op. 60 no. 9","C/Carcassi, Mateo/Carcassi, Mateo - Allegro (op. 60, No. 20).gp4.tokens.txt",DadaGP,Num:{'60'},"C/Carcassi, Mateo/Carcassi, Mateo - Allegro (op. 60, No. 20).gp4.tokens.txt"
"Matteo Carcassi - Etude, Op. 60 no. 9","C/Carcassi, Mateo/Carcassi, Mateo - Etude op 60 no 7.gp3.tokens.txt",DadaGP,Num:{'60'},"C/Carcassi, Mateo/Carcassi, Mateo - Etude op 60 no 7.gp3.tokens.txt"
"Matteo Carcassi - Etude, Op. 60 no. 9","C/Carcassi, Mateo/Carcassi, Mateo - Etude opus 60 n-7.gp3.tokens.txt",DadaGP,Num:{'60'},"C/Carcassi, Mateo/Carcassi, Mateo - Etude opus 60 n-7.gp3.tokens.txt"
"Matteo Carcassi - Etude, Op. 60 no. 9","C/Carcassi, Mateo/Carcassi, Mateo - Opus 60 # 23.gp3.tokens.txt",DadaGP,Num:{'60'},"C/Carcassi, Mateo/Carcassi, Mateo - Opus 60 # 23.gp3.tokens.txt"
"Fernando Sor - Fantasia no. 3, Op. 10","S/Sor, Fernando/Sor, Fernando - Andante (Op.44).gp3.tokens.txt",DadaGP,Num:{'3'},"S/Sor, Fernando/Sor, Fernando - Andante (Op.44).gp3.tokens.txt"
"Fernando Sor - Fantasia no. 3, Op. 10","S/Sor, Fernando/Sor, Fernando - Andantino (op.60).gp3.tokens.txt",DadaGP,Num:{'3'},"S/Sor, Fernando/Sor, Fernando - Andantino (op.60).gp3.tokens.txt"
"Fernando Sor - Fantasia no. 3, Op. 10","S/Sor, Fernando/Sor, Fernando - Estudio 3 (Op. 6, No. 2).gp4.tokens.txt",DadaGP,Num:{'3'},"S/Sor, Fernando/Sor, Fernando - Estudio 3 (Op. 6, No. 2).gp4.tokens.txt"
"Fernando Sor - Fantasia no. 3, Op. 10","S/Sor, Fernando/Sor, Fernando - Estudio No. 10.gp4.tokens.txt",DadaGP,Num:{'10'},"S/Sor, Fernando/Sor, Fernando - Estudio No. 10.gp4.tokens.txt"
"Fernando Sor - Fantasia no. 3, Op. 10","S/Sor, Fernando/Sor, Fernando - Estudio No. 3.gp4.tokens.txt",DadaGP,Num:{'3'},"S/Sor, Fernando/Sor, Fernando - Estudio No. 3.gp4.tokens.txt"
"Fernando Sor - Fantasia no. 3, Op. 10","S/Sor, Fernando/Sor, Fernando - Estudio No. III.gp3.tokens.txt",DadaGP,Num:{'3'},"S/Sor, Fernando/Sor, Fernando - Estudio No. III.gp3.tokens.txt"
"Fernando Sor - Fantasia no. 3, Op. 10","S/Sor, Fernando/Sor, Fernando - Estudio No. IV.gp3.tokens.txt",DadaGP,Num:{'3'},"S/Sor, Fernando/Sor, Fernando - Estudio No. IV.gp3.tokens.txt"
"Fernando Sor - Fantasia no. 3, Op. 10","S/Sor, Fernando/Sor, Fernando - Estudio No. V.gp3.tokens.txt",DadaGP,Num:{'3'},"S/Sor, Fernando/Sor, Fernando - Estudio No. V.gp3.tokens.txt"
"Fernando Sor - Fantasia no. 3, Op. 10","S/Sor, Fernando/Sor, Fernando - Op. 31 - No 1 (Study In C Major).gp4.tokens.txt",DadaGP,Words:2/5,"S/Sor, Fernando/Sor, Fernando - Op. 31 - No 1 (Study In C Major).gp4.tokens.txt"
"Fernando Sor - Fantasia no. 3, Op. 10","S/Sor, Fernando/Sor, Fernando - Op. 44 - No 22 (study In A Minor).gp4.tokens.txt",DadaGP,Words:2/5,"S/Sor, Fernando/Sor, Fernando - Op. 44 - No 22 (study In A Minor).gp4.tokens.txt"
"Fernando Sor - Fantasia no. 3, Op. 10","S/Sor, Fernando/Sor, Fernando - Op. 60 - No 1 (study In C Major).gp4.tokens.txt",DadaGP,Words:2/5,"S/Sor, Fernando/Sor, Fernando - Op. 60 - No 1 (study In C Major).gp4.tokens.txt"
"Fernando Sor - Fantasia no. 3, Op. 10","S/Sor, Fernando/Sor, Fernando - Op. 60 - No 2 (study In C Major).gp4.tokens.txt",DadaGP,Words:2/5,"S/Sor, Fernando/Sor, Fernando - Op. 60 - No 2 (study In C Major).gp4.tokens.txt"
"Fernando Sor - Fantasia no. 3, Op. 10","S/Sor, Fernando/Sor, Fernando - Op. 60 - No 5 (study In A Minor).gp4.tokens.txt",DadaGP,Words:2/5,"S/Sor, Fernando/Sor, Fernando - Op. 60 - No 5 (study In A Minor).gp4.tokens.txt"
"Fernando Sor - Fantasia no. 3, Op. 10","S/Sor, Fernando/Sor, Fernando - Op. 60 - No 6 (study In A Minor).gp4.tokens.txt",DadaGP,Words:2/5,"S/Sor, Fernando/Sor, Fernando - Op. 60 - No 6 (study In A Minor).gp4.tokens.txt"
Fernando Sor - First Exercise in 6ths,"S/Sor, Fernando/Sor, Fernando - Op. 60 - No 6 (study In A Minor).gp4.tokens.txt",DadaGP,Num:{'6'},"S/Sor, Fernando/Sor, Fernando - Op. 60 - No 6 (study In A Minor).gp4.tokens.txt"
Dionisio Aguado - Four Easy Studies: No. 2 in E,"A/Aguado, Dionso/Aguado, Dionso - Etude (2).gp3.tokens.txt",DadaGP,Num:{'2'},"A/Aguado, Dionso/Aguado, Dionso - Etude (2).gp3.tokens.txt"
Dionisio Aguado - Four Easy Studies: No. 3 in A,"A/Aguado, Dionso/Aguado, Dionso - Andante nss 14.gp3.tokens.txt",DadaGP,Num:{'3'},"A/Aguado, Dionso/Aguado, Dionso - Andante nss 14.gp3.tokens.txt"
Dionisio Aguado - Four Easy Studies: No. 3 in A,"A/Aguado, Dionso/Aguado, Dionso - Andante nss 18.gp3.tokens.txt",DadaGP,Num:{'3'},"A/Aguado, Dionso/Aguado, Dionso - Andante nss 18.gp3.tokens.txt"
Dionisio Aguado - Four Easy Studies: No. 3 in A,"A/Aguado, Dionso/Aguado, Dionso - Andante.gp3.tokens.txt",DadaGP,Num:{'3'},"A/Aguado, Dionso/Aguado, Dionso - Andante.gp3.tokens.txt"
Dionisio Aguado - Four Easy Studies: No. 3 in A,"A/Aguado, Dionso/Aguado, Dionso - Brilliante.gp3.tokens.txt",DadaGP,Num:{'3'},"A/Aguado, Dionso/Aguado, Dionso - Brilliante.gp3.tokens.txt"
Dionisio Aguado - Four Easy Studies: No. 3 in A,"A/Aguado, Dionso/Aguado, Dionso - Cantabile.gp3.tokens.txt",DadaGP,Num:{'3'},"A/Aguado, Dionso/Aguado, Dionso - Cantabile.gp3.tokens.txt"
Dionisio Aguado - Four Easy Studies: No. 3 in A,"A/Aguado, Dionso/Aguado, Dionso - Estudio.gp3.tokens.txt",DadaGP,Num:{'3'},"A/Aguado, Dionso/Aguado, Dionso - Estudio.gp3.tokens.txt"
Dionisio Aguado - Four Easy Studies: No. 3 in A,"A/Aguado, Dionso/Aguado, Dionso - EtAde in A-Moll.gp3.tokens.txt",DadaGP,Num:{'3'},"A/Aguado, Dionso/Aguado, Dionso - EtAde in A-Moll.gp3.tokens.txt"
Dionisio Aguado - Four Easy Studies: No. 3 in A,"A/Aguado, Dionso/Aguado, Dionso - Etude (2).gp3.tokens.txt",DadaGP,Num:{'3'},"A/Aguado, Dionso/Aguado, Dionso - Etude (2).gp3.tokens.txt"
Dionisio Aguado - Four Easy Studies: No. 3 in A,"A/Aguado, Dionso/Aguado, Dionso - Minuet.gp3.tokens.txt",DadaGP,Num:{'3'},"A/Aguado, Dionso/Aguado, Dionso - Minuet.gp3.tokens.txt"
Dionisio Aguado - Four Easy Studies: No. 3 in A,"A/Aguado, Dionso/Aguado, Dionso - Moderato.gp3.tokens.txt",DadaGP,Num:{'3'},"A/Aguado, Dionso/Aguado, Dionso - Moderato.gp3.tokens.txt"
Dionisio Aguado - Four Easy Studies: No. 3 in A,"A/Aguado, Dionso/Aguado, Dionso - Rondo.gp3.tokens.txt",DadaGP,Num:{'3'},"A/Aguado, Dionso/Aguado, Dionso - Rondo.gp3.tokens.txt"
Dionisio Aguado - Four Easy Studies: No. 3 in A,"A/Aguado, Dionso/Aguado, Dionso - Study in A minor.gp3.tokens.txt",DadaGP,Num:{'3'},"A/Aguado, Dionso/Aguado, Dionso - Study in A minor.gp3.tokens.txt"
Dionisio Aguado - Four Easy Studies: No. 3 in A,"A/Aguado, Dionso/Aguado, Dionso - Study in Andante.gp3.tokens.txt",DadaGP,Num:{'3'},"A/Aguado, Dionso/Aguado, Dionso - Study in Andante.gp3.tokens.txt"
Dionisio Aguado - Four Easy Studies: No. 3 in A,"A/Aguado, Dionso/Aguado, Dionso - Two Pieces in G.gp3.tokens.txt",DadaGP,Num:{'3'},"A/Aguado, Dionso/Aguado, Dionso - Two Pieces in G.gp3.tokens.txt"
Dionisio Aguado - Four Easy Studies: No. 3 in A,"A/Aguado, Dionso/Aguado, Dionso - Wals.gp3.tokens.txt",DadaGP,Num:{'3'},"A/Aguado, Dionso/Aguado, Dionso - Wals.gp3.tokens.txt"
"J.S. Bach - Fugue, BWV 1000","B/Bach, Johann Sebastian/Bach, Johann Sebastian - Fugue (G-Moll) BWV 1000.gp4.tokens.txt",DadaGP,Num:{'1000'},"B/Bach, Johann Sebastian/Bach, Johann Sebastian - Fugue (G-Moll) BWV 1000.gp4.tokens.txt"
"J.S. Bach - Fugue, BWV 1000","B/Bach, Johann Sebastian/Bach, Johann Sebastian - Toccata & Fugue In Dm Bwv 565 (Metal Version).gp4.tokens.txt",DadaGP,Words:2/3,"B/Bach, Johann Sebastian/Bach, Johann Sebastian - Toccata & Fugue In Dm Bwv 565 (Metal Version).gp4.tokens.txt"
"J.S. Bach - Fugue, BWV 1000","B/Bach, Johann Sebastian/Bach, Johann Sebastian - Toccata And Fugue (Bwv 565).gp4.tokens.txt",DadaGP,Words:2/3,"B/Bach, Johann Sebastian/Bach, Johann Sebastian - Toccata And Fugue (Bwv 565).gp4.tokens.txt"
"J.S. Bach - Fugue, BWV 1000","B/Bach, Johann Sebastian/Bach, Johann Sebastian - Violin Sonata No 1 In Gm  Fugue Bwv 1001.gp4.tokens.txt",DadaGP,Words:2/3,"B/Bach, Johann Sebastian/Bach, Johann Sebastian - Violin Sonata No 1 In Gm  Fugue Bwv 1001.gp4.tokens.txt"
J.S. Bach - Gavotte (from French Suite No. 5),"B/Bach, Johann Sebastian/Bach, Johann Sebastian - Bouree (From Lute suite no. 1 in E minor).gp4.tokens.txt",DadaGP,Words:3/6,"B/Bach, Johann Sebastian/Bach, Johann Sebastian - Bouree (From Lute suite no. 1 in E minor).gp4.tokens.txt"
J.S. Bach - Gavotte (from French Suite No. 5),"B/Bach, Johann Sebastian/Bach, Johann Sebastian - Gavotte en Rondeau (from lute suite 4) BWV 1006a.gp3.tokens.txt",DadaGP,Words:3/6,"B/Bach, Johann Sebastian/Bach, Johann Sebastian - Gavotte en Rondeau (from lute suite 4) BWV 1006a.gp3.tokens.txt"
J.S. Bach - Gavotte (from French Suite No. 5),"B/Bach, Johann Sebastian/Bach, Johann Sebastian - Gigue (From Lute Suite No. 2).gp4.tokens.txt",DadaGP,Words:3/6,"B/Bach, Johann Sebastian/Bach, Johann Sebastian - Gigue (From Lute Suite No. 2).gp4.tokens.txt"
J.S. Bach - Gavotte I and II (from 5th Cello Suite),"B/Bach, Johann Sebastian/Bach, Johann Sebastian - Sarabande (From Cello Suite I [BWV 1007]).gp4.tokens.txt",DadaGP,Words:4/8,"B/Bach, Johann Sebastian/Bach, Johann Sebastian - Sarabande (From Cello Suite I [BWV 1007]).gp4.tokens.txt"
"Fernando Sor - Grand Sonata, Op. 22: iii. Minuet and Trio","S/Sor, Fernando/Sor, Fernando - Op. 44 - No 22 (study In A Minor).gp4.tokens.txt",DadaGP,Num:{'22'},"S/Sor, Fernando/Sor, Fernando - Op. 44 - No 22 (study In A Minor).gp4.tokens.txt"
"Mauro Giuliani - Grazioso, Op. 50 no. 23","G/Giuliani, Mauro/Giuliani, Mauro - Op. 50 No. 1.gp3.tokens.txt",DadaGP,Num:{'50'},"G/Giuliani, Mauro/Giuliani, Mauro - Op. 50 No. 1.gp3.tokens.txt"
"Mauro Giuliani - Grazioso, Op. 50 no. 23","G/Giuliani, Mauro/Giuliani, Mauro - Op. 50 No.3.gp3.tokens.txt",DadaGP,Num:{'50'},"G/Giuliani, Mauro/Giuliani, Mauro - Op. 50 No.3.gp3.tokens.txt"
"J.S. Bach - In Dulci Jubilo, BWV 751","B/Bach, Johann Sebastian/Bach, Johann Sebastian - Second Violin Sonata in a-minor. BWV 1003 - allegro.gp4.tokens.txt",DadaGP,Words:2/5,"B/Bach, Johann Sebastian/Bach, Johann Sebastian - Second Violin Sonata in a-minor. BWV 1003 - allegro.gp4.tokens.txt"
"J.S. Bach - In Dulci Jubilo, BWV 751","B/Bach, Johann Sebastian/Bach, Johann Sebastian - Toccata & Fugue In Dm Bwv 565 (Metal Version).gp4.tokens.txt",DadaGP,Words:2/5,"B/Bach, Johann Sebastian/Bach, Johann Sebastian - Toccata & Fugue In Dm Bwv 565 (Metal Version).gp4.tokens.txt"
"J.S. Bach - In Dulci Jubilo, BWV 751","B/Bach, Johann Sebastian/Bach, Johann Sebastian - Violin Sonata No 1 In Gm  Fugue Bwv 1001.gp4.tokens.txt",DadaGP,Words:2/5,"B/Bach, Johann Sebastian/Bach, Johann Sebastian - Violin Sonata No 1 In Gm  Fugue Bwv 1001.gp4.tokens.txt"
Agustin Barrios Mandore - Julia Florida (Barcarola),"B/Barrios, Agustin/Barrios Mangore, Augustin - Julia Florida - Barcarola.gp4.tokens.txt",DadaGP,Words:3/3,"B/Barrios, Agustin/Barrios Mangore, Augustin - Julia Florida - Barcarola.gp4.tokens.txt"
Francisco Tarrega - La Alborada,"T/Tarrega, Francisco/Tarrega, Francisco - Gran Vals en La (Grand Waltz in A).gp3.tokens.txt",DadaGP,Words:1/2,"T/Tarrega, Francisco/Tarrega, Francisco - Gran Vals en La (Grand Waltz in A).gp3.tokens.txt"
Francisco Tarrega - La Alborada,"T/Tarrega, Francisco/Tarrega, Francisco - La Paloma.gp4.tokens.txt",DadaGP,Words:1/2,"T/Tarrega, Francisco/Tarrega, Francisco - La Paloma.gp4.tokens.txt"
Francisco Tarrega - La Alborada,"T/Tarrega, Francisco/Tarrega, Francisco - Recuerdos De La Alhambra (2).gp4.tokens.txt",DadaGP,Words:1/2,"T/Tarrega, Francisco/Tarrega, Francisco - Recuerdos De La Alhambra (2).gp4.tokens.txt"
Francisco Tarrega - La Alborada,"T/Tarrega, Francisco/Tarrega, Francisco - Recuerdos De La Alhambra (3).gp3.tokens.txt",DadaGP,Words:1/2,"T/Tarrega, Francisco/Tarrega, Francisco - Recuerdos De La Alhambra (3).gp3.tokens.txt"
Francisco Tarrega - La Alborada,"T/Tarrega, Francisco/Tarrega, Francisco - Recuerdos de la Alhambra (Arrange).gp3.tokens.txt",DadaGP,Words:1/2,"T/Tarrega, Francisco/Tarrega, Francisco - Recuerdos de la Alhambra (Arrange).gp3.tokens.txt"
Francisco Tarrega - La Alborada,"T/Tarrega, Francisco/Tarrega, Francisco - Recuerdos de la Alhambra (No Tremolo).gp3.tokens.txt",DadaGP,Words:1/2,"T/Tarrega, Francisco/Tarrega, Francisco - Recuerdos de la Alhambra (No Tremolo).gp3.tokens.txt"
Francisco Tarrega - La Alborada,"T/Tarrega, Francisco/Tarrega, Francisco - Recuerdos de la Alhambra.gp3.tokens.txt",DadaGP,Words:1/2,"T/Tarrega, Francisco/Tarrega, Francisco - Recuerdos de la Alhambra.gp3.tokens.txt"
Francisco Tarrega - La Alborada,"T/Tarrega, Francisco/Tarrega, Francisco - Scherzo en La Majeur.gp4.tokens.txt",DadaGP,Words:1/2,"T/Tarrega, Francisco/Tarrega, Francisco - Scherzo en La Majeur.gp4.tokens.txt"
Francisco Tarrega - La Alborada,La Paloma,GAPS,Words,bk1wc
"Agustin Barrios Mandore - La Catedral - i. Preludio ""Saudade""","B/Barrios, Agustin/Barrios, Agustin - La Catedral (2).gp3.tokens.txt",DadaGP,Words:2/5,"B/Barrios, Agustin/Barrios, Agustin - La Catedral (2).gp3.tokens.txt"
"Agustin Barrios Mandore - La Catedral - i. Preludio ""Saudade""","B/Barrios, Agustin/Barrios, Agustin - La Catedral (3).gp3.tokens.txt",DadaGP,Words:2/5,"B/Barrios, Agustin/Barrios, Agustin - La Catedral (3).gp3.tokens.txt"
"Agustin Barrios Mandore - La Catedral - i. Preludio ""Saudade""","B/Barrios, Agustin/Barrios, Agustin - La Catedral (Allegro).gp3.tokens.txt",DadaGP,Words:2/5,"B/Barrios, Agustin/Barrios, Agustin - La Catedral (Allegro).gp3.tokens.txt"
"Agustin Barrios Mandore - La Catedral - i. Preludio ""Saudade""","B/Barrios, Agustin/Barrios, Agustin - La Catedral - Allegro Solemne.gp3.tokens.txt",DadaGP,Words:2/5,"B/Barrios, Agustin/Barrios, Agustin - La Catedral - Allegro Solemne.gp3.tokens.txt"
"Agustin Barrios Mandore - La Catedral - i. Preludio ""Saudade""","B/Barrios, Agustin/Barrios, Agustin - La Catedral.gp3.tokens.txt",DadaGP,Words:2/5,"B/Barrios, Agustin/Barrios, Agustin - La Catedral.gp3.tokens.txt"
Agustin Barrios Mandore - La Catedral - ii. Andante Religioso,"B/Barrios, Agustin/Barrios, Agustin - La Catedral (2).gp3.tokens.txt",DadaGP,Words:2/5,"B/Barrios, Agustin/Barrios, Agustin - La Catedral (2).gp3.tokens.txt"
Agustin Barrios Mandore - La Catedral - ii. Andante Religioso,"B/Barrios, Agustin/Barrios, Agustin - La Catedral (3).gp3.tokens.txt",DadaGP,Words:2/5,"B/Barrios, Agustin/Barrios, Agustin - La Catedral (3).gp3.tokens.txt"
Agustin Barrios Mandore - La Catedral - ii. Andante Religioso,"B/Barrios, Agustin/Barrios, Agustin - La Catedral (Allegro).gp3.tokens.txt",DadaGP,Words:2/5,"B/Barrios, Agustin/Barrios, Agustin - La Catedral (Allegro).gp3.tokens.txt"
Agustin Barrios Mandore - La Catedral - ii. Andante Religioso,"B/Barrios, Agustin/Barrios, Agustin - La Catedral - Allegro Solemne.gp3.tokens.txt",DadaGP,Words:2/5,"B/Barrios, Agustin/Barrios, Agustin - La Catedral - Allegro Solemne.gp3.tokens.txt"
Agustin Barrios Mandore - La Catedral - ii. Andante Religioso,"B/Barrios, Agustin/Barrios, Agustin - La Catedral.gp3.tokens.txt",DadaGP,Words:2/5,"B/Barrios, Agustin/Barrios, Agustin - La Catedral.gp3.tokens.txt"
"Matteo Carcassi - La chasse, Op. 59, part 3 no. 3","C/Carcassi, Mateo/Carcassi, Mateo - Andante Grazioso Opus 5 No. 8.gp3.tokens.txt",DadaGP,Num:{'3'},"C/Carcassi, Mateo/Carcassi, Mateo - Andante Grazioso Opus 5 No. 8.gp3.tokens.txt"
"Matteo Carcassi - La chasse, Op. 59, part 3 no. 3","C/Carcassi, Mateo/Carcassi, Mateo - Etude op 60 no 7.gp3.tokens.txt",DadaGP,Num:{'3'},"C/Carcassi, Mateo/Carcassi, Mateo - Etude op 60 no 7.gp3.tokens.txt"
"Matteo Carcassi - La chasse, Op. 59, part 3 no. 3","C/Carcassi, Mateo/Carcassi, Mateo - Rondo Op 1.gp3.tokens.txt",DadaGP,Num:{'3'},"C/Carcassi, Mateo/Carcassi, Mateo - Rondo Op 1.gp3.tokens.txt"
"Matteo Carcassi - La chasse, Op. 59, part 3 no. 3","C/Carcassi, Mateo/Carcassi, Mateo - Sonatina I Op 1.gp3.tokens.txt",DadaGP,Num:{'3'},"C/Carcassi, Mateo/Carcassi, Mateo - Sonatina I Op 1.gp3.tokens.txt"
Agustin Barrios Mandore - La Samaritana,"B/Barrios, Agustin/Barrios, Agustin - Abri La Puerta Mi China.gp4.tokens.txt",DadaGP,Words:1/2,"B/Barrios, Agustin/Barrios, Agustin - Abri La Puerta Mi China.gp4.tokens.txt"
Agustin Barrios Mandore - La Samaritana,"B/Barrios, Agustin/Barrios, Agustin - La Catedral (2).gp3.tokens.txt",DadaGP,Words:1/2,"B/Barrios, Agustin/Barrios, Agustin - La Catedral (2).gp3.tokens.txt"
Agustin Barrios Mandore - La Samaritana,"B/Barrios, Agustin/Barrios, Agustin - La Catedral (3).gp3.tokens.txt",DadaGP,Words:1/2,"B/Barrios, Agustin/Barrios, Agustin - La Catedral (3).gp3.tokens.txt"
Agustin Barrios Mandore - La Samaritana,"B/Barrios, Agustin/Barrios, Agustin - La Catedral (Allegro).gp3.tokens.txt",DadaGP,Words:1/2,"B/Barrios, Agustin/Barrios, Agustin - La Catedral (Allegro).gp3.tokens.txt"
Agustin Barrios Mandore - La Samaritana,"B/Barrios, Agustin/Barrios, Agustin - La Catedral - Allegro Solemne.gp3.tokens.txt",DadaGP,Words:1/2,"B/Barrios, Agustin/Barrios, Agustin - La Catedral - Allegro Solemne.gp3.tokens.txt"
Agustin Barrios Mandore - La Samaritana,"B/Barrios, Agustin/Barrios, Agustin - La Catedral.gp3.tokens.txt",DadaGP,Words:1/2,"B/Barrios, Agustin/Barrios, Agustin - La Catedral.gp3.tokens.txt"
Agustin Barrios Mandore - La Samaritana,"B/Barrios, Agustin/Barrios, Agustin - La Cathedral.gp3.tokens.txt",DadaGP,Words:1/2,"B/Barrios, Agustin/Barrios, Agustin - La Cathedral.gp3.tokens.txt"
Agustin Barrios Mandore - La Samaritana,"B/Barrios, Agustin/Barrios, Agustin - Minueto En La.gp4.tokens.txt",DadaGP,Words:1/2,"B/Barrios, Agustin/Barrios, Agustin - Minueto En La.gp4.tokens.txt"
Francisco Tarrega - Lagrima (Prelude),"T/Tarrega, Francisco/Tarrega, Francisco - Lagrima (2).gp3.tokens.txt",DadaGP,Words:1/2,"T/Tarrega, Francisco/Tarrega, Francisco - Lagrima (2).gp3.tokens.txt"
Francisco Tarrega - Lagrima (Prelude),"T/Tarrega, Francisco/Tarrega, Francisco - Lagrima [Teardrops].gp3.tokens.txt",DadaGP,Words:1/2,"T/Tarrega, Francisco/Tarrega, Francisco - Lagrima [Teardrops].gp3.tokens.txt"
Francisco Tarrega - Lagrima (Prelude),"T/Tarrega, Francisco/Tarrega, Francisco - Lagrima.gp3.tokens.txt",DadaGP,Words:1/2,"T/Tarrega, Francisco/Tarrega, Francisco - Lagrima.gp3.tokens.txt"
"Mauro Giuliani - Larghetto, Op. 50 no. 17","G/Giuliani, Mauro/Giuliani, Mauro - Op. 50 No. 1.gp3.tokens.txt",DadaGP,Num:{'50'},"G/Giuliani, Mauro/Giuliani, Mauro - Op. 50 No. 1.gp3.tokens.txt"
"Mauro Giuliani - Larghetto, Op. 50 no. 17","G/Giuliani, Mauro/Giuliani, Mauro - Op. 50 No.3.gp3.tokens.txt",DadaGP,Num:{'50'},"G/Giuliani, Mauro/Giuliani, Mauro - Op. 50 No.3.gp3.tokens.txt"
"Fernando Sor - Les Foiles d'Espagne et un Menuet, Op. 15","S/Sor, Fernando/Sor, Fernando - Sonate In C (Op.15B).gp4.tokens.txt",DadaGP,Num:{'15'},"S/Sor, Fernando/Sor, Fernando - Sonate In C (Op.15B).gp4.tokens.txt"
"Fernando Sor - Lesson, Op. 31 no. 20","S/Sor, Fernando/Sor, Fernando - Estudio 3 (Op. 6, No. 2).gp4.tokens.txt",DadaGP,Words:2/5,"S/Sor, Fernando/Sor, Fernando - Estudio 3 (Op. 6, No. 2).gp4.tokens.txt"
"Fernando Sor - Lesson, Op. 31 no. 20","S/Sor, Fernando/Sor, Fernando - Etude No 9, Opus 31.gp4.tokens.txt",DadaGP,Num:{'31'},"S/Sor, Fernando/Sor, Fernando - Etude No 9, Opus 31.gp4.tokens.txt"
"Fernando Sor - Lesson, Op. 31 no. 20","S/Sor, Fernando/Sor, Fernando - Op. 31 - No 1 (Study In C Major).gp4.tokens.txt",DadaGP,Num:{'31'},"S/Sor, Fernando/Sor, Fernando - Op. 31 - No 1 (Study In C Major).gp4.tokens.txt"
"Fernando Sor - Lesson, Op. 31 no. 20","S/Sor, Fernando/Sor, Fernando - Op. 44 - No 22 (study In A Minor).gp4.tokens.txt",DadaGP,Words:2/5,"S/Sor, Fernando/Sor, Fernando - Op. 44 - No 22 (study In A Minor).gp4.tokens.txt"
"Fernando Sor - Lesson, Op. 31 no. 20","S/Sor, Fernando/Sor, Fernando - Op. 60 - No 1 (study In C Major).gp4.tokens.txt",DadaGP,Words:2/5,"S/Sor, Fernando/Sor, Fernando - Op. 60 - No 1 (study In C Major).gp4.tokens.txt"
"Fernando Sor - Lesson, Op. 31 no. 20","S/Sor, Fernando/Sor, Fernando - Op. 60 - No 2 (study In C Major).gp4.tokens.txt",DadaGP,Words:2/5,"S/Sor, Fernando/Sor, Fernando - Op. 60 - No 2 (study In C Major).gp4.tokens.txt"
"Fernando Sor - Lesson, Op. 31 no. 20","S/Sor, Fernando/Sor, Fernando - Op. 60 - No 5 (study In A Minor).gp4.tokens.txt",DadaGP,Words:2/5,"S/Sor, Fernando/Sor, Fernando - Op. 60 - No 5 (study In A Minor).gp4.tokens.txt"
"Fernando Sor - Lesson, Op. 31 no. 20","S/Sor, Fernando/Sor, Fernando - Op. 60 - No 6 (study In A Minor).gp4.tokens.txt",DadaGP,Words:2/5,"S/Sor, Fernando/Sor, Fernando - Op. 60 - No 6 (study In A Minor).gp4.tokens.txt"
"Fernando Sor - Lesson, Op. 31 no. 4","S/Sor, Fernando/Sor, Fernando - Encouragement Cantabile Op.34.gp4.tokens.txt",DadaGP,Num:{'4'},"S/Sor, Fernando/Sor, Fernando - Encouragement Cantabile Op.34.gp4.tokens.txt"
"Fernando Sor - Lesson, Op. 31 no. 4","S/Sor, Fernando/Sor, Fernando - Estudio 3 (Op. 6, No. 2).gp4.tokens.txt",DadaGP,Num:{'4'},"S/Sor, Fernando/Sor, Fernando - Estudio 3 (Op. 6, No. 2).gp4.tokens.txt"
"Fernando Sor - Lesson, Op. 31 no. 4","S/Sor, Fernando/Sor, Fernando - Estudio No. 10.gp4.tokens.txt",DadaGP,Num:{'4'},"S/Sor, Fernando/Sor, Fernando - Estudio No. 10.gp4.tokens.txt"
"Fernando Sor - Lesson, Op. 31 no. 4","S/Sor, Fernando/Sor, Fernando - Estudio No. 18.gp4.tokens.txt",DadaGP,Num:{'4'},"S/Sor, Fernando/Sor, Fernando - Estudio No. 18.gp4.tokens.txt"
"Fernando Sor - Lesson, Op. 31 no. 4","S/Sor, Fernando/Sor, Fernando - Estudio No. 3.gp4.tokens.txt",DadaGP,Num:{'4'},"S/Sor, Fernando/Sor, Fernando - Estudio No. 3.gp4.tokens.txt"
"Fernando Sor - Lesson, Op. 31 no. 4","S/Sor, Fernando/Sor, Fernando - Etude No 9, Opus 31.gp4.tokens.txt",DadaGP,"Num:{'4', '31'}","S/Sor, Fernando/Sor, Fernando - Etude No 9, Opus 31.gp4.tokens.txt"
"Fernando Sor - Lesson, Op. 31 no. 4","S/Sor, Fernando/Sor, Fernando - Etude No. 13.gp4.tokens.txt",DadaGP,Num:{'4'},"S/Sor, Fernando/Sor, Fernando - Etude No. 13.gp4.tokens.txt"
"Fernando Sor - Lesson, Op. 31 no. 4","S/Sor, Fernando/Sor, Fernando - Etude No. 9 Opus 35.gp4.tokens.txt",DadaGP,Num:{'4'},"S/Sor, Fernando/Sor, Fernando - Etude No. 9 Opus 35.gp4.tokens.txt"
"Fernando Sor - Lesson, Op. 31 no. 4","S/Sor, Fernando/Sor, Fernando - Op. 31 - No 1 (Study In C Major).gp4.tokens.txt",DadaGP,"Num:{'4', '31'}","S/Sor, Fernando/Sor, Fernando - Op. 31 - No 1 (Study In C Major).gp4.tokens.txt"
"Fernando Sor - Lesson, Op. 31 no. 4","S/Sor, Fernando/Sor, Fernando - Op. 44 - No 22 (study In A Minor).gp4.tokens.txt",DadaGP,Num:{'4'},"S/Sor, Fernando/Sor, Fernando - Op. 44 - No 22 (study In A Minor).gp4.tokens.txt"
"Fernando Sor - Lesson, Op. 31 no. 4","S/Sor, Fernando/Sor, Fernando - Op. 60 - No 1 (study In C Major).gp4.tokens.txt",DadaGP,Num:{'4'},"S/Sor, Fernando/Sor, Fernando - Op. 60 - No 1 (study In C Major).gp4.tokens.txt"
"Fernando Sor - Lesson, Op. 31 no. 4","S/Sor, Fernando/Sor, Fernando - Op. 60 - No 2 (study In C Major).gp4.tokens.txt",DadaGP,Num:{'4'},"S/Sor, Fernando/Sor, Fernando - Op. 60 - No 2 (study In C Major).gp4.tokens.txt"
"Fernando Sor - Lesson, Op. 31 no. 4","S/Sor, Fernando/Sor, Fernando - Op. 60 - No 5 (study In A Minor).gp4.tokens.txt",DadaGP,Num:{'4'},"S/Sor, Fernando/Sor, Fernando - Op. 60 - No 5 (study In A Minor).gp4.tokens.txt"
"Fernando Sor - Lesson, Op. 31 no. 4","S/Sor, Fernando/Sor, Fernando - Op. 60 - No 6 (study In A Minor).gp4.tokens.txt",DadaGP,Num:{'4'},"S/Sor, Fernando/Sor, Fernando - Op. 60 - No 6 (study In A Minor).gp4.tokens.txt"
"Fernando Sor - Lesson, Op. 31 no. 4","S/Sor, Fernando/Sor, Fernando - Sonate In C (Op.15B).gp4.tokens.txt",DadaGP,Num:{'4'},"S/Sor, Fernando/Sor, Fernando - Sonate In C (Op.15B).gp4.tokens.txt"
"Fernando Sor - Lesson, Op. 31 no. 4","S/Sor, Fernando/Sor, Fernando - Study No. 16.gp4.tokens.txt",DadaGP,Num:{'4'},"S/Sor, Fernando/Sor, Fernando - Study No. 16.gp4.tokens.txt"
"Fernando Sor - Lesson, Op. 31 no. 4","S/Sor, Fernando/Sor, Fernando - Study No. 19.gp4.tokens.txt",DadaGP,Num:{'4'},"S/Sor, Fernando/Sor, Fernando - Study No. 19.gp4.tokens.txt"
"Fernando Sor - Lesson, Op. 31 no. 4","S/Sor, Fernando/Sor, Fernando - Variations in Tremolo, From Op.21.gp4.tokens.txt",DadaGP,Num:{'4'},"S/Sor, Fernando/Sor, Fernando - Variations in Tremolo, From Op.21.gp4.tokens.txt"
"Fernando Sor - Lesson, Op. 60 no. 5","S/Sor, Fernando/Sor, Fernando - Andantino (op.60).gp3.tokens.txt",DadaGP,Num:{'60'},"S/Sor, Fernando/Sor, Fernando - Andantino (op.60).gp3.tokens.txt"
"Fernando Sor - Lesson, Op. 60 no. 5","S/Sor, Fernando/Sor, Fernando - Estudio 3 (Op. 6, No. 2).gp4.tokens.txt",DadaGP,Words:2/5,"S/Sor, Fernando/Sor, Fernando - Estudio 3 (Op. 6, No. 2).gp4.tokens.txt"
"Fernando Sor - Lesson, Op. 60 no. 5","S/Sor, Fernando/Sor, Fernando - Op. 31 - No 1 (Study In C Major).gp4.tokens.txt",DadaGP,Words:2/5,"S/Sor, Fernando/Sor, Fernando - Op. 31 - No 1 (Study In C Major).gp4.tokens.txt"
"Fernando Sor - Lesson, Op. 60 no. 5","S/Sor, Fernando/Sor, Fernando - Op. 44 - No 22 (study In A Minor).gp4.tokens.txt",DadaGP,Words:2/5,"S/Sor, Fernando/Sor, Fernando - Op. 44 - No 22 (study In A Minor).gp4.tokens.txt"
"Fernando Sor - Lesson, Op. 60 no. 5","S/Sor, Fernando/Sor, Fernando - Op. 60 - No 1 (study In C Major).gp4.tokens.txt",DadaGP,Num:{'60'},"S/Sor, Fernando/Sor, Fernando - Op. 60 - No 1 (study In C Major).gp4.tokens.txt"
"Fernando Sor - Lesson, Op. 60 no. 5","S/Sor, Fernando/Sor, Fernando - Op. 60 - No 2 (study In C Major).gp4.tokens.txt",DadaGP,Num:{'60'},"S/Sor, Fernando/Sor, Fernando - Op. 60 - No 2 (study In C Major).gp4.tokens.txt"
"Fernando Sor - Lesson, Op. 60 no. 5","S/Sor, Fernando/Sor, Fernando - Op. 60 - No 5 (study In A Minor).gp4.tokens.txt",DadaGP,"Num:{'5', '60'}","S/Sor, Fernando/Sor, Fernando - Op. 60 - No 5 (study In A Minor).gp4.tokens.txt"
"Fernando Sor - Lesson, Op. 60 no. 5","S/Sor, Fernando/Sor, Fernando - Op. 60 - No 6 (study In A Minor).gp4.tokens.txt",DadaGP,Num:{'60'},"S/Sor, Fernando/Sor, Fernando - Op. 60 - No 6 (study In A Minor).gp4.tokens.txt"
Agustin Barrios Mandore - Luisito (Minueto),"B/Barrios, Agustin/Barrios, Agustin - Minueto En La.gp4.tokens.txt",DadaGP,Words:1/2,"B/Barrios, Agustin/Barrios, Agustin - Minueto En La.gp4.tokens.txt"
"J.S. Bach - Lute Suite, BWV 996: v. Bouree","B/Bach, Johann Sebastian/Bach, Johann Sebastian - Bouree (From Lute suite no. 1 in E minor).gp4.tokens.txt",DadaGP,Words:3/6,"B/Bach, Johann Sebastian/Bach, Johann Sebastian - Bouree (From Lute suite no. 1 in E minor).gp4.tokens.txt"
"J.S. Bach - Lute Suite, BWV 996: v. Bouree","B/Bach, Johann Sebastian/Bach, Johann Sebastian - Bwv 996 N-1 Suite PrCdule Presto.gp4.tokens.txt",DadaGP,Num:{'996'},"B/Bach, Johann Sebastian/Bach, Johann Sebastian - Bwv 996 N-1 Suite PrCdule Presto.gp4.tokens.txt"
"J.S. Bach - Lute Suite, BWV 996: v. Bouree","B/Bach, Johann Sebastian/Bach, Johann Sebastian - Gavotte en Rondeau (from lute suite 4) BWV 1006a.gp3.tokens.txt",DadaGP,Words:3/6,"B/Bach, Johann Sebastian/Bach, Johann Sebastian - Gavotte en Rondeau (from lute suite 4) BWV 1006a.gp3.tokens.txt"
Francisco Tarrega - Maria (Gavotta),"T/Tarrega, Francisco/Tarrega, Francisco - Maria (Gavotte).gp4.tokens.txt",DadaGP,Words:1/2,"T/Tarrega, Francisco/Tarrega, Francisco - Maria (Gavotte).gp4.tokens.txt"
Francisco Tarrega - Maria (Gavotta),"T/Tarrega, Francisco/Tarrega, Francisco - Maria.gp3.tokens.txt",DadaGP,Words:1/2,"T/Tarrega, Francisco/Tarrega, Francisco - Maria.gp3.tokens.txt"
Francisco Tarrega - Maria (Gavotta),Ave Maria,GAPS,Words,Mc1wc
"J.S. Bach - Menuet, BWV 1006","B/Bach, Johann Sebastian/Bach, Johann Sebastian - Gavotte en Rondeau (from lute suite 4) BWV 1006a.gp3.tokens.txt",DadaGP,Num:{'1006'},"B/Bach, Johann Sebastian/Bach, Johann Sebastian - Gavotte en Rondeau (from lute suite 4) BWV 1006a.gp3.tokens.txt"
"Fernando Sor - Menuet, Op. 11 no. 1","S/Sor, Fernando/Sor, Fernando - Estudio 1.gp3.tokens.txt",DadaGP,Num:{'1'},"S/Sor, Fernando/Sor, Fernando - Estudio 1.gp3.tokens.txt"
"Fernando Sor - Menuet, Op. 11 no. 1","S/Sor, Fernando/Sor, Fernando - Estudio 3 (Op. 6, No. 2).gp4.tokens.txt",DadaGP,Words:2/5,"S/Sor, Fernando/Sor, Fernando - Estudio 3 (Op. 6, No. 2).gp4.tokens.txt"
"Fernando Sor - Menuet, Op. 11 no. 1","S/Sor, Fernando/Sor, Fernando - Nr.1 (Six Valses).gp4.tokens.txt",DadaGP,Num:{'1'},"S/Sor, Fernando/Sor, Fernando - Nr.1 (Six Valses).gp4.tokens.txt"
"Fernando Sor - Menuet, Op. 11 no. 1","S/Sor, Fernando/Sor, Fernando - Op. 31 - No 1 (Study In C Major).gp4.tokens.txt",DadaGP,Num:{'1'},"S/Sor, Fernando/Sor, Fernando - Op. 31 - No 1 (Study In C Major).gp4.tokens.txt"
"Fernando Sor - Menuet, Op. 11 no. 1","S/Sor, Fernando/Sor, Fernando - Op. 44 - No 22 (study In A Minor).gp4.tokens.txt",DadaGP,Words:2/5,"S/Sor, Fernando/Sor, Fernando - Op. 44 - No 22 (study In A Minor).gp4.tokens.txt"
"Fernando Sor - Menuet, Op. 11 no. 1","S/Sor, Fernando/Sor, Fernando - Op. 60 - No 1 (study In C Major).gp4.tokens.txt",DadaGP,Num:{'1'},"S/Sor, Fernando/Sor, Fernando - Op. 60 - No 1 (study In C Major).gp4.tokens.txt"
"Fernando Sor - Menuet, Op. 11 no. 1","S/Sor, Fernando/Sor, Fernando - Op. 60 - No 2 (study In C Major).gp4.tokens.txt",DadaGP,Words:2/5,"S/Sor, Fernando/Sor, Fernando - Op. 60 - No 2 (study In C Major).gp4.tokens.txt"
"Fernando Sor - Menuet, Op. 11 no. 1","S/Sor, Fernando/Sor, Fernando - Op. 60 - No 5 (study In A Minor).gp4.tokens.txt",DadaGP,Words:2/5,"S/Sor, Fernando/Sor, Fernando - Op. 60 - No 5 (study In A Minor).gp4.tokens.txt"
"Fernando Sor - Menuet, Op. 11 no. 1","S/Sor, Fernando/Sor, Fernando - Op. 60 - No 6 (study In A Minor).gp4.tokens.txt",DadaGP,Words:2/5,"S/Sor, Fernando/Sor, Fernando - Op. 60 - No 6 (study In A Minor).gp4.tokens.txt"
"Fernando Sor - Menuet, Op. 11 no. 5","S/Sor, Fernando/Sor, Fernando - Estudio 3 (Op. 6, No. 2).gp4.tokens.txt",DadaGP,Words:2/5,"S/Sor, Fernando/Sor, Fernando - Estudio 3 (Op. 6, No. 2).gp4.tokens.txt"
"Fernando Sor - Menuet, Op. 11 no. 5","S/Sor, Fernando/Sor, Fernando - Op. 31 - No 1 (Study In C Major).gp4.tokens.txt",DadaGP,Words:2/5,"S/Sor, Fernando/Sor, Fernando - Op. 31 - No 1 (Study In C Major).gp4.tokens.txt"
"Fernando Sor - Menuet, Op. 11 no. 5","S/Sor, Fernando/Sor, Fernando - Op. 44 - No 22 (study In A Minor).gp4.tokens.txt",DadaGP,Words:2/5,"S/Sor, Fernando/Sor, Fernando - Op. 44 - No 22 (study In A Minor).gp4.tokens.txt"
"Fernando Sor - Menuet, Op. 11 no. 5","S/Sor, Fernando/Sor, Fernando - Op. 60 - No 1 (study In C Major).gp4.tokens.txt",DadaGP,Words:2/5,"S/Sor, Fernando/Sor, Fernando - Op. 60 - No 1 (study In C Major).gp4.tokens.txt"
"Fernando Sor - Menuet, Op. 11 no. 5","S/Sor, Fernando/Sor, Fernando - Op. 60 - No 2 (study In C Major).gp4.tokens.txt",DadaGP,Words:2/5,"S/Sor, Fernando/Sor, Fernando - Op. 60 - No 2 (study In C Major).gp4.tokens.txt"
"Fernando Sor - Menuet, Op. 11 no. 5","S/Sor, Fernando/Sor, Fernando - Op. 60 - No 5 (study In A Minor).gp4.tokens.txt",DadaGP,Num:{'5'},"S/Sor, Fernando/Sor, Fernando - Op. 60 - No 5 (study In A Minor).gp4.tokens.txt"
"Fernando Sor - Menuet, Op. 11 no. 5","S/Sor, Fernando/Sor, Fernando - Op. 60 - No 6 (study In A Minor).gp4.tokens.txt",DadaGP,Words:2/5,"S/Sor, Fernando/Sor, Fernando - Op. 60 - No 6 (study In A Minor).gp4.tokens.txt"
"Fernando Sor - Menuet, Op. 22","S/Sor, Fernando/Sor, Fernando - Op. 44 - No 22 (study In A Minor).gp4.tokens.txt",DadaGP,Num:{'22'},"S/Sor, Fernando/Sor, Fernando - Op. 44 - No 22 (study In A Minor).gp4.tokens.txt"
"Fernando Sor - Minuet from The Grand Sonata, Op. 22","S/Sor, Fernando/Sor, Fernando - Op. 44 - No 22 (study In A Minor).gp4.tokens.txt",DadaGP,Num:{'22'},"S/Sor, Fernando/Sor, Fernando - Op. 44 - No 22 (study In A Minor).gp4.tokens.txt"
"Fernando Sor - Minuet, Op. 22","S/Sor, Fernando/Sor, Fernando - Op. 44 - No 22 (study In A Minor).gp4.tokens.txt",DadaGP,Num:{'22'},"S/Sor, Fernando/Sor, Fernando - Op. 44 - No 22 (study In A Minor).gp4.tokens.txt"
Agustin Barrios Mandore - Minueto en Do,"B/Barrios, Agustin/Barrios, Agustin - Minueto En La.gp4.tokens.txt",DadaGP,Words:2/3,"B/Barrios, Agustin/Barrios, Agustin - Minueto En La.gp4.tokens.txt"
Agustin Barrios Mandore - Minueto en La,"B/Barrios, Agustin/Barrios, Agustin - Minueto En La.gp4.tokens.txt",DadaGP,Words:3/3,"B/Barrios, Agustin/Barrios, Agustin - Minueto En La.gp4.tokens.txt"
Agustin Barrios Mandore - Minueto en La (no. 2),"B/Barrios, Agustin/Barrios, Agustin - La Catedral (2).gp3.tokens.txt",DadaGP,Num:{'2'},"B/Barrios, Agustin/Barrios, Agustin - La Catedral (2).gp3.tokens.txt"
Agustin Barrios Mandore - Minueto en La (no. 2),"B/Barrios, Agustin/Barrios, Agustin - Minueto En La.gp4.tokens.txt",DadaGP,Words:3/5,"B/Barrios, Agustin/Barrios, Agustin - Minueto En La.gp4.tokens.txt"
Agustin Barrios Mangore - Minueto en Mi,"B/Barrios, Agustin/Barrios, Agustin - Minueto En La.gp4.tokens.txt",DadaGP,Words:2/3,"B/Barrios, Agustin/Barrios, Agustin - Minueto En La.gp4.tokens.txt"
Agustin Barrios Mandore - Minueto en Mi,"B/Barrios, Agustin/Barrios, Agustin - Minueto En La.gp4.tokens.txt",DadaGP,Words:2/3,"B/Barrios, Agustin/Barrios, Agustin - Minueto En La.gp4.tokens.txt"
Agustin Barrios Mangore - Minueto en Si Mayor,"B/Barrios, Agustin/Barrios, Agustin - Minueto En La.gp4.tokens.txt",DadaGP,Words:2/4,"B/Barrios, Agustin/Barrios, Agustin - Minueto En La.gp4.tokens.txt"
Agustin Barrios Mandore - Minueto en Si Mayor,"B/Barrios, Agustin/Barrios, Agustin - Minueto En La.gp4.tokens.txt",DadaGP,Words:2/4,"B/Barrios, Agustin/Barrios, Agustin - Minueto En La.gp4.tokens.txt"
Agustin Barrios Mangore - Minueto en Sol,"B/Barrios, Agustin/Barrios, Agustin - Minueto En La.gp4.tokens.txt",DadaGP,Words:2/3,"B/Barrios, Agustin/Barrios, Agustin - Minueto En La.gp4.tokens.txt"
Fernando Sor - Minuetto; Op. 32 no. 1,"S/Sor, Fernando/Sor, Fernando - Estudio 1.gp3.tokens.txt",DadaGP,Num:{'1'},"S/Sor, Fernando/Sor, Fernando - Estudio 1.gp3.tokens.txt"
Fernando Sor - Minuetto; Op. 32 no. 1,"S/Sor, Fernando/Sor, Fernando - Estudio 3 (Op. 6, No. 2).gp4.tokens.txt",DadaGP,Words:2/5,"S/Sor, Fernando/Sor, Fernando - Estudio 3 (Op. 6, No. 2).gp4.tokens.txt"
Fernando Sor - Minuetto; Op. 32 no. 1,"S/Sor, Fernando/Sor, Fernando - Nr.1 (Six Valses).gp4.tokens.txt",DadaGP,Num:{'1'},"S/Sor, Fernando/Sor, Fernando - Nr.1 (Six Valses).gp4.tokens.txt"
Fernando Sor - Minuetto; Op. 32 no. 1,"S/Sor, Fernando/Sor, Fernando - Op. 31 - No 1 (Study In C Major).gp4.tokens.txt",DadaGP,Num:{'1'},"S/Sor, Fernando/Sor, Fernando - Op. 31 - No 1 (Study In C Major).gp4.tokens.txt"
Fernando Sor - Minuetto; Op. 32 no. 1,"S/Sor, Fernando/Sor, Fernando - Op. 44 - No 22 (study In A Minor).gp4.tokens.txt",DadaGP,Words:2/5,"S/Sor, Fernando/Sor, Fernando - Op. 44 - No 22 (study In A Minor).gp4.tokens.txt"
Fernando Sor - Minuetto; Op. 32 no. 1,"S/Sor, Fernando/Sor, Fernando - Op. 60 - No 1 (study In C Major).gp4.tokens.txt",DadaGP,Num:{'1'},"S/Sor, Fernando/Sor, Fernando - Op. 60 - No 1 (study In C Major).gp4.tokens.txt"
Fernando Sor - Minuetto; Op. 32 no. 1,"S/Sor, Fernando/Sor, Fernando - Op. 60 - No 2 (study In C Major).gp4.tokens.txt",DadaGP,Words:2/5,"S/Sor, Fernando/Sor, Fernando - Op. 60 - No 2 (study In C Major).gp4.tokens.txt"
Fernando Sor - Minuetto; Op. 32 no. 1,"S/Sor, Fernando/Sor, Fernando - Op. 60 - No 5 (study In A Minor).gp4.tokens.txt",DadaGP,Words:2/5,"S/Sor, Fernando/Sor, Fernando - Op. 60 - No 5 (study In A Minor).gp4.tokens.txt"
Fernando Sor - Minuetto; Op. 32 no. 1,"S/Sor, Fernando/Sor, Fernando - Op. 60 - No 6 (study In A Minor).gp4.tokens.txt",DadaGP,Words:2/5,"S/Sor, Fernando/Sor, Fernando - Op. 60 - No 6 (study In A Minor).gp4.tokens.txt"
"Ferdinando Sor - Moderato, Op. 31 no. 1","S/Sor, Fernando/Sor, Fernando - Estudio 1.gp3.tokens.txt",DadaGP,Num:{'1'},"S/Sor, Fernando/Sor, Fernando - Estudio 1.gp3.tokens.txt"
"Ferdinando Sor - Moderato, Op. 31 no. 1","S/Sor, Fernando/Sor, Fernando - Estudio 3 (Op. 6, No. 2).gp4.tokens.txt",DadaGP,Words:2/5,"S/Sor, Fernando/Sor, Fernando - Estudio 3 (Op. 6, No. 2).gp4.tokens.txt"
"Ferdinando Sor - Moderato, Op. 31 no. 1","S/Sor, Fernando/Sor, Fernando - Etude No 9, Opus 31.gp4.tokens.txt",DadaGP,Num:{'31'},"S/Sor, Fernando/Sor, Fernando - Etude No 9, Opus 31.gp4.tokens.txt"
"Ferdinando Sor - Moderato, Op. 31 no. 1","S/Sor, Fernando/Sor, Fernando - Nr.1 (Six Valses).gp4.tokens.txt",DadaGP,Num:{'1'},"S/Sor, Fernando/Sor, Fernando - Nr.1 (Six Valses).gp4.tokens.txt"
"Ferdinando Sor - Moderato, Op. 31 no. 1","S/Sor, Fernando/Sor, Fernando - Op. 31 - No 1 (Study In C Major).gp4.tokens.txt",DadaGP,"Num:{'31', '1'}","S/Sor, Fernando/Sor, Fernando - Op. 31 - No 1 (Study In C Major).gp4.tokens.txt"
"Ferdinando Sor - Moderato, Op. 31 no. 1","S/Sor, Fernando/Sor, Fernando - Op. 44 - No 22 (study In A Minor).gp4.tokens.txt",DadaGP,Words:2/5,"S/Sor, Fernando/Sor, Fernando - Op. 44 - No 22 (study In A Minor).gp4.tokens.txt"
"Ferdinando Sor - Moderato, Op. 31 no. 1","S/Sor, Fernando/Sor, Fernando - Op. 60 - No 1 (study In C Major).gp4.tokens.txt",DadaGP,Num:{'1'},"S/Sor, Fernando/Sor, Fernando - Op. 60 - No 1 (study In C Major).gp4.tokens.txt"
"Ferdinando Sor - Moderato, Op. 31 no. 1","S/Sor, Fernando/Sor, Fernando - Op. 60 - No 2 (study In C Major).gp4.tokens.txt",DadaGP,Words:2/5,"S/Sor, Fernando/Sor, Fernando - Op. 60 - No 2 (study In C Major).gp4.tokens.txt"
"Ferdinando Sor - Moderato, Op. 31 no. 1","S/Sor, Fernando/Sor, Fernando - Op. 60 - No 5 (study In A Minor).gp4.tokens.txt",DadaGP,Words:2/5,"S/Sor, Fernando/Sor, Fernando - Op. 60 - No 5 (study In A Minor).gp4.tokens.txt"
"Ferdinando Sor - Moderato, Op. 31 no. 1","S/Sor, Fernando/Sor, Fernando - Op. 60 - No 6 (study In A Minor).gp4.tokens.txt",DadaGP,Words:2/5,"S/Sor, Fernando/Sor, Fernando - Op. 60 - No 6 (study In A Minor).gp4.tokens.txt"
"Fernando Sor - Moderato, Op. 35 no. 16","S/Sor, Fernando/Sor, Fernando - Estudio 3 (Op. 6, No. 2).gp4.tokens.txt",DadaGP,Words:2/5,"S/Sor, Fernando/Sor, Fernando - Estudio 3 (Op. 6, No. 2).gp4.tokens.txt"
"Fernando Sor - Moderato, Op. 35 no. 16","S/Sor, Fernando/Sor, Fernando - Etude No. 9 Opus 35.gp4.tokens.txt",DadaGP,Num:{'35'},"S/Sor, Fernando/Sor, Fernando - Etude No. 9 Opus 35.gp4.tokens.txt"
"Fernando Sor - Moderato, Op. 35 no. 16","S/Sor, Fernando/Sor, Fernando - Op. 31 - No 1 (Study In C Major).gp4.tokens.txt",DadaGP,Words:2/5,"S/Sor, Fernando/Sor, Fernando - Op. 31 - No 1 (Study In C Major).gp4.tokens.txt"
"Fernando Sor - Moderato, Op. 35 no. 16","S/Sor, Fernando/Sor, Fernando - Op. 44 - No 22 (study In A Minor).gp4.tokens.txt",DadaGP,Words:2/5,"S/Sor, Fernando/Sor, Fernando - Op. 44 - No 22 (study In A Minor).gp4.tokens.txt"
"Fernando Sor - Moderato, Op. 35 no. 16","S/Sor, Fernando/Sor, Fernando - Op. 60 - No 1 (study In C Major).gp4.tokens.txt",DadaGP,Words:2/5,"S/Sor, Fernando/Sor, Fernando - Op. 60 - No 1 (study In C Major).gp4.tokens.txt"
"Fernando Sor - Moderato, Op. 35 no. 16","S/Sor, Fernando/Sor, Fernando - Op. 60 - No 2 (study In C Major).gp4.tokens.txt",DadaGP,Words:2/5,"S/Sor, Fernando/Sor, Fernando - Op. 60 - No 2 (study In C Major).gp4.tokens.txt"
"Fernando Sor - Moderato, Op. 35 no. 16","S/Sor, Fernando/Sor, Fernando - Op. 60 - No 5 (study In A Minor).gp4.tokens.txt",DadaGP,Words:2/5,"S/Sor, Fernando/Sor, Fernando - Op. 60 - No 5 (study In A Minor).gp4.tokens.txt"
"Fernando Sor - Moderato, Op. 35 no. 16","S/Sor, Fernando/Sor, Fernando - Op. 60 - No 6 (study In A Minor).gp4.tokens.txt",DadaGP,Words:2/5,"S/Sor, Fernando/Sor, Fernando - Op. 60 - No 6 (study In A Minor).gp4.tokens.txt"
"Fernando Sor - Moderato, Op. 35 no. 16","S/Sor, Fernando/Sor, Fernando - Study No. 16.gp4.tokens.txt",DadaGP,Num:{'16'},"S/Sor, Fernando/Sor, Fernando - Study No. 16.gp4.tokens.txt"
"Fernando Sor - Moderato, Op. 35 no. 17","S/Sor, Fernando/Sor, Fernando - Estudio 3 (Op. 6, No. 2).gp4.tokens.txt",DadaGP,Words:2/5,"S/Sor, Fernando/Sor, Fernando - Estudio 3 (Op. 6, No. 2).gp4.tokens.txt"
"Fernando Sor - Moderato, Op. 35 no. 17","S/Sor, Fernando/Sor, Fernando - Etude No. 9 Opus 35.gp4.tokens.txt",DadaGP,Num:{'35'},"S/Sor, Fernando/Sor, Fernando - Etude No. 9 Opus 35.gp4.tokens.txt"
"Fernando Sor - Moderato, Op. 35 no. 17","S/Sor, Fernando/Sor, Fernando - Op. 31 - No 1 (Study In C Major).gp4.tokens.txt",DadaGP,Words:2/5,"S/Sor, Fernando/Sor, Fernando - Op. 31 - No 1 (Study In C Major).gp4.tokens.txt"
"Fernando Sor - Moderato, Op. 35 no. 17","S/Sor, Fernando/Sor, Fernando - Op. 44 - No 22 (study In A Minor).gp4.tokens.txt",DadaGP,Words:2/5,"S/Sor, Fernando/Sor, Fernando - Op. 44 - No 22 (study In A Minor).gp4.tokens.txt"
"Fernando Sor - Moderato, Op. 35 no. 17","S/Sor, Fernando/Sor, Fernando - Op. 60 - No 1 (study In C Major).gp4.tokens.txt",DadaGP,Words:2/5,"S/Sor, Fernando/Sor, Fernando - Op. 60 - No 1 (study In C Major).gp4.tokens.txt"
"Fernando Sor - Moderato, Op. 35 no. 17","S/Sor, Fernando/Sor, Fernando - Op. 60 - No 2 (study In C Major).gp4.tokens.txt",DadaGP,Words:2/5,"S/Sor, Fernando/Sor, Fernando - Op. 60 - No 2 (study In C Major).gp4.tokens.txt"
"Fernando Sor - Moderato, Op. 35 no. 17","S/Sor, Fernando/Sor, Fernando - Op. 60 - No 5 (study In A Minor).gp4.tokens.txt",DadaGP,Words:2/5,"S/Sor, Fernando/Sor, Fernando - Op. 60 - No 5 (study In A Minor).gp4.tokens.txt"
"Fernando Sor - Moderato, Op. 35 no. 17","S/Sor, Fernando/Sor, Fernando - Op. 60 - No 6 (study In A Minor).gp4.tokens.txt",DadaGP,Words:2/5,"S/Sor, Fernando/Sor, Fernando - Op. 60 - No 6 (study In A Minor).gp4.tokens.txt"
"Fernando Sor - Moderato, Op. 35 no. 2","S/Sor, Fernando/Sor, Fernando - Estudio 2.gp3.tokens.txt",DadaGP,Num:{'2'},"S/Sor, Fernando/Sor, Fernando - Estudio 2.gp3.tokens.txt"
"Fernando Sor - Moderato, Op. 35 no. 2","S/Sor, Fernando/Sor, Fernando - Estudio 2.gp4.tokens.txt",DadaGP,Num:{'2'},"S/Sor, Fernando/Sor, Fernando - Estudio 2.gp4.tokens.txt"
"Fernando Sor - Moderato, Op. 35 no. 2","S/Sor, Fernando/Sor, Fernando - Estudio 3 (Op. 6, No. 2).gp4.tokens.txt",DadaGP,Num:{'2'},"S/Sor, Fernando/Sor, Fernando - Estudio 3 (Op. 6, No. 2).gp4.tokens.txt"
"Fernando Sor - Moderato, Op. 35 no. 2","S/Sor, Fernando/Sor, Fernando - Etude No. 9 Opus 35.gp4.tokens.txt",DadaGP,Num:{'35'},"S/Sor, Fernando/Sor, Fernando - Etude No. 9 Opus 35.gp4.tokens.txt"
"Fernando Sor - Moderato, Op. 35 no. 2","S/Sor, Fernando/Sor, Fernando - Op. 31 - No 1 (Study In C Major).gp4.tokens.txt",DadaGP,Words:2/5,"S/Sor, Fernando/Sor, Fernando - Op. 31 - No 1 (Study In C Major).gp4.tokens.txt"
"Fernando Sor - Moderato, Op. 35 no. 2","S/Sor, Fernando/Sor, Fernando - Op. 44 - No 22 (study In A Minor).gp4.tokens.txt",DadaGP,Words:2/5,"S/Sor, Fernando/Sor, Fernando - Op. 44 - No 22 (study In A Minor).gp4.tokens.txt"
"Fernando Sor - Moderato, Op. 35 no. 2","S/Sor, Fernando/Sor, Fernando - Op. 60 - No 1 (study In C Major).gp4.tokens.txt",DadaGP,Words:2/5,"S/Sor, Fernando/Sor, Fernando - Op. 60 - No 1 (study In C Major).gp4.tokens.txt"
"Fernando Sor - Moderato, Op. 35 no. 2","S/Sor, Fernando/Sor, Fernando - Op. 60 - No 2 (study In C Major).gp4.tokens.txt",DadaGP,Num:{'2'},"S/Sor, Fernando/Sor, Fernando - Op. 60 - No 2 (study In C Major).gp4.tokens.txt"
"Fernando Sor - Moderato, Op. 35 no. 2","S/Sor, Fernando/Sor, Fernando - Op. 60 - No 5 (study In A Minor).gp4.tokens.txt",DadaGP,Words:2/5,"S/Sor, Fernando/Sor, Fernando - Op. 60 - No 5 (study In A Minor).gp4.tokens.txt"
"Fernando Sor - Moderato, Op. 35 no. 2","S/Sor, Fernando/Sor, Fernando - Op. 60 - No 6 (study In A Minor).gp4.tokens.txt",DadaGP,Words:2/5,"S/Sor, Fernando/Sor, Fernando - Op. 60 - No 6 (study In A Minor).gp4.tokens.txt"
"Matteo Carcassi - Moderato, Op. 59 part 3 no. 11","C/Carcassi, Mateo/Carcassi, Mateo - Andante Grazioso Opus 5 No. 8.gp3.tokens.txt",DadaGP,Num:{'3'},"C/Carcassi, Mateo/Carcassi, Mateo - Andante Grazioso Opus 5 No. 8.gp3.tokens.txt"
"Matteo Carcassi - Moderato, Op. 59 part 3 no. 11","C/Carcassi, Mateo/Carcassi, Mateo - Etude op 60 no 7.gp3.tokens.txt",DadaGP,Num:{'3'},"C/Carcassi, Mateo/Carcassi, Mateo - Etude op 60 no 7.gp3.tokens.txt"
"Matteo Carcassi - Moderato, Op. 59 part 3 no. 11","C/Carcassi, Mateo/Carcassi, Mateo - Rondo Op 1.gp3.tokens.txt",DadaGP,Num:{'3'},"C/Carcassi, Mateo/Carcassi, Mateo - Rondo Op 1.gp3.tokens.txt"
"Matteo Carcassi - Moderato, Op. 59 part 3 no. 11","C/Carcassi, Mateo/Carcassi, Mateo - Sonatina I Op 1.gp3.tokens.txt",DadaGP,Num:{'3'},"C/Carcassi, Mateo/Carcassi, Mateo - Sonatina I Op 1.gp3.tokens.txt"
"Mauro Giuliani - Monferrina, Op.12 no. 1","G/Giuliani, Mauro/Giuliani, Mauro - Op. 50 No. 1.gp3.tokens.txt",DadaGP,Num:{'1'},"G/Giuliani, Mauro/Giuliani, Mauro - Op. 50 No. 1.gp3.tokens.txt"
"Mauro Giuliani - Monferrina, Op.12 no. 1","G/Giuliani, Mauro/Giuliani, Mauro - Op. 50 No.3.gp3.tokens.txt",DadaGP,Words:2/5,"G/Giuliani, Mauro/Giuliani, Mauro - Op. 50 No.3.gp3.tokens.txt"
Francisco Tarrega - Oremus,"T/Tarrega, Francisco/Tarrega, Francisco - Endecha - Oremus (Preludios).gp3.tokens.txt",DadaGP,Words:1/1,"T/Tarrega, Francisco/Tarrega, Francisco - Endecha - Oremus (Preludios).gp3.tokens.txt"
J.S. Bach - Partita I: BWV 1002: i. Allemanda,"B/Bach, Johann Sebastian/Bach, Johann Sebastian - Sarabande (From Cello Suite I [BWV 1007]).gp4.tokens.txt",DadaGP,Words:2/5,"B/Bach, Johann Sebastian/Bach, Johann Sebastian - Sarabande (From Cello Suite I [BWV 1007]).gp4.tokens.txt"
J.S. Bach - Partita I: BWV 1002: i. Allemanda,"B/Bach, Johann Sebastian/Bach, Johann Sebastian - Sarabande - Bwv 1002.gp4.tokens.txt",DadaGP,Num:{'1002'},"B/Bach, Johann Sebastian/Bach, Johann Sebastian - Sarabande - Bwv 1002.gp4.tokens.txt"
J.S. Bach - Partita I: BWV 1002: ii. Double (Allemande),"B/Bach, Johann Sebastian/Bach, Johann Sebastian - Sarabande - Bwv 1002.gp4.tokens.txt",DadaGP,Num:{'1002'},"B/Bach, Johann Sebastian/Bach, Johann Sebastian - Sarabande - Bwv 1002.gp4.tokens.txt"
J.S. Bach - Partita I: BWV 1002: iii. Courrente,"B/Bach, Johann Sebastian/Bach, Johann Sebastian - Sarabande - Bwv 1002.gp4.tokens.txt",DadaGP,Num:{'1002'},"B/Bach, Johann Sebastian/Bach, Johann Sebastian - Sarabande - Bwv 1002.gp4.tokens.txt"
J.S. Bach - Partita I: BWV 1002: iv. Double (Corrente),"B/Bach, Johann Sebastian/Bach, Johann Sebastian - Sarabande - Bwv 1002.gp4.tokens.txt",DadaGP,Num:{'1002'},"B/Bach, Johann Sebastian/Bach, Johann Sebastian - Sarabande - Bwv 1002.gp4.tokens.txt"
J.S. Bach - Partita I: BWV 1002: v.  Sarabanda,"B/Bach, Johann Sebastian/Bach, Johann Sebastian - Sarabande - Bwv 1002.gp4.tokens.txt",DadaGP,Num:{'1002'},"B/Bach, Johann Sebastian/Bach, Johann Sebastian - Sarabande - Bwv 1002.gp4.tokens.txt"
J.S. Bach - Partita I: BWV 1002: vi. Double (Sarabande),"B/Bach, Johann Sebastian/Bach, Johann Sebastian - Sarabande (From Cello Suite I [BWV 1007]).gp4.tokens.txt",DadaGP,Words:3/7,"B/Bach, Johann Sebastian/Bach, Johann Sebastian - Sarabande (From Cello Suite I [BWV 1007]).gp4.tokens.txt"
J.S. Bach - Partita I: BWV 1002: vi. Double (Sarabande),"B/Bach, Johann Sebastian/Bach, Johann Sebastian - Sarabande - Bwv 1002.gp4.tokens.txt",DadaGP,Num:{'1002'},"B/Bach, Johann Sebastian/Bach, Johann Sebastian - Sarabande - Bwv 1002.gp4.tokens.txt"
J.S. Bach - Partita I: BWV 1002: vii. Tempo di Borea,"B/Bach, Johann Sebastian/Bach, Johann Sebastian - Sarabande - Bwv 1002.gp4.tokens.txt",DadaGP,Num:{'1002'},"B/Bach, Johann Sebastian/Bach, Johann Sebastian - Sarabande - Bwv 1002.gp4.tokens.txt"
J.S. Bach - Partita I: BWV 1002: viii. Double (Tempo di Borea),"B/Bach, Johann Sebastian/Bach, Johann Sebastian - Sarabande - Bwv 1002.gp4.tokens.txt",DadaGP,Num:{'1002'},"B/Bach, Johann Sebastian/Bach, Johann Sebastian - Sarabande - Bwv 1002.gp4.tokens.txt"
J.S. Bach - Partita III: BWV 1006: i. Preludio,"B/Bach, Johann Sebastian/Bach, Johann Sebastian - Gavotte en Rondeau (from lute suite 4) BWV 1006a.gp3.tokens.txt",DadaGP,Num:{'1006'},"B/Bach, Johann Sebastian/Bach, Johann Sebastian - Gavotte en Rondeau (from lute suite 4) BWV 1006a.gp3.tokens.txt"
J.S. Bach - Partita III: BWV 1006: ii. Loure,"B/Bach, Johann Sebastian/Bach, Johann Sebastian - Gavotte en Rondeau (from lute suite 4) BWV 1006a.gp3.tokens.txt",DadaGP,Num:{'1006'},"B/Bach, Johann Sebastian/Bach, Johann Sebastian - Gavotte en Rondeau (from lute suite 4) BWV 1006a.gp3.tokens.txt"
J.S. Bach - Partita III: BWV 1006: iii. Gavotte en Rondeau,"B/Bach, Johann Sebastian/Bach, Johann Sebastian - Gavotte En Rondeau (From BWV 995).gp4.tokens.txt",DadaGP,Words:4/7,"B/Bach, Johann Sebastian/Bach, Johann Sebastian - Gavotte En Rondeau (From BWV 995).gp4.tokens.txt"
J.S. Bach - Partita III: BWV 1006: iii. Gavotte en Rondeau,"B/Bach, Johann Sebastian/Bach, Johann Sebastian - Gavotte en Rondeau (from lute suite 4) BWV 1006a.gp3.tokens.txt",DadaGP,Num:{'1006'},"B/Bach, Johann Sebastian/Bach, Johann Sebastian - Gavotte en Rondeau (from lute suite 4) BWV 1006a.gp3.tokens.txt"
J.S. Bach - Partita III: BWV 1006: iv. Menuet I and II,"B/Bach, Johann Sebastian/Bach, Johann Sebastian - Gavotte en Rondeau (from lute suite 4) BWV 1006a.gp3.tokens.txt",DadaGP,Num:{'1006'},"B/Bach, Johann Sebastian/Bach, Johann Sebastian - Gavotte en Rondeau (from lute suite 4) BWV 1006a.gp3.tokens.txt"
J.S. Bach - Partita III: BWV 1006: v. Bourree,"B/Bach, Johann Sebastian/Bach, Johann Sebastian - Gavotte en Rondeau (from lute suite 4) BWV 1006a.gp3.tokens.txt",DadaGP,Num:{'1006'},"B/Bach, Johann Sebastian/Bach, Johann Sebastian - Gavotte en Rondeau (from lute suite 4) BWV 1006a.gp3.tokens.txt"
J.S. Bach - Partita III: BWV 1006: vi. Gigue,"B/Bach, Johann Sebastian/Bach, Johann Sebastian - Gavotte en Rondeau (from lute suite 4) BWV 1006a.gp3.tokens.txt",DadaGP,Num:{'1006'},"B/Bach, Johann Sebastian/Bach, Johann Sebastian - Gavotte en Rondeau (from lute suite 4) BWV 1006a.gp3.tokens.txt"
"J.S. Bach - Partita in A Minor, BWV 1013: i. Allemande","B/Bach, Johann Sebastian/Bach, Johann Sebastian - Allemande From Partita No. 2 In D Minor.gp4.tokens.txt",DadaGP,Words:4/8,"B/Bach, Johann Sebastian/Bach, Johann Sebastian - Allemande From Partita No. 2 In D Minor.gp4.tokens.txt"
"J.S. Bach - Partita in A Minor, BWV 1013: i. Allemande","B/Bach, Johann Sebastian/Bach, Johann Sebastian - Allemande In A Minor.gp3.tokens.txt",DadaGP,Words:4/8,"B/Bach, Johann Sebastian/Bach, Johann Sebastian - Allemande In A Minor.gp3.tokens.txt"
"J.S. Bach - Partita in A Minor, BWV 1013: i. Allemande","B/Bach, Johann Sebastian/Bach, Johann Sebastian - Second Violin Sonata in a-minor. BWV 1003 - allegro.gp4.tokens.txt",DadaGP,Words:4/8,"B/Bach, Johann Sebastian/Bach, Johann Sebastian - Second Violin Sonata in a-minor. BWV 1003 - allegro.gp4.tokens.txt"
"J.S. Bach - Partita in A Minor, BWV 1013: ii.  Corrente","B/Bach, Johann Sebastian/Bach, Johann Sebastian - Second Violin Sonata in a-minor. BWV 1003 - allegro.gp4.tokens.txt",DadaGP,Words:4/8,"B/Bach, Johann Sebastian/Bach, Johann Sebastian - Second Violin Sonata in a-minor. BWV 1003 - allegro.gp4.tokens.txt"
"J.S. Bach - Partita in A Minor, BWV 1013: iii. Sarabande","B/Bach, Johann Sebastian/Bach, Johann Sebastian - Second Violin Sonata in a-minor. BWV 1003 - allegro.gp4.tokens.txt",DadaGP,Words:4/8,"B/Bach, Johann Sebastian/Bach, Johann Sebastian - Second Violin Sonata in a-minor. BWV 1003 - allegro.gp4.tokens.txt"
"J.S. Bach - Partita in A Minor, BWV 1013: iv. Bourree Anglaise","B/Bach, Johann Sebastian/Bach, Johann Sebastian - Second Violin Sonata in a-minor. BWV 1003 - allegro.gp4.tokens.txt",DadaGP,Words:4/9,"B/Bach, Johann Sebastian/Bach, Johann Sebastian - Second Violin Sonata in a-minor. BWV 1003 - allegro.gp4.tokens.txt"
"J.S. Bach - Partita, BWV 1002: v. Sarabande","B/Bach, Johann Sebastian/Bach, Johann Sebastian - Sarabande (From Cello Suite I [BWV 1007]).gp4.tokens.txt",DadaGP,Words:2/5,"B/Bach, Johann Sebastian/Bach, Johann Sebastian - Sarabande (From Cello Suite I [BWV 1007]).gp4.tokens.txt"
"J.S. Bach - Partita, BWV 1002: v. Sarabande","B/Bach, Johann Sebastian/Bach, Johann Sebastian - Sarabande - Bwv 1002.gp4.tokens.txt",DadaGP,Num:{'1002'},"B/Bach, Johann Sebastian/Bach, Johann Sebastian - Sarabande - Bwv 1002.gp4.tokens.txt"
"J.S. Bach - Partita, BWV 1002: v. Sarabande","B/Bach, Johann Sebastian/Bach, Johann Sebastian - Sarabande - Bwv 997.gp4.tokens.txt",DadaGP,Words:2/5,"B/Bach, Johann Sebastian/Bach, Johann Sebastian - Sarabande - Bwv 997.gp4.tokens.txt"
"J.S. Bach - Partita, BWV 1002: v. Sarabande","B/Bach, Johann Sebastian/Bach, Johann Sebastian - Sarabande from Partita in Bm for Violin.gp3.tokens.txt",DadaGP,Words:2/5,"B/Bach, Johann Sebastian/Bach, Johann Sebastian - Sarabande from Partita in Bm for Violin.gp3.tokens.txt"
Agustin Barrios Mandore - Pepita (Vals),"B/Barrios, Agustin/Barrios, Agustin - Contemplacion (Vals et Tremolo).gp3.tokens.txt",DadaGP,Words:1/2,"B/Barrios, Agustin/Barrios, Agustin - Contemplacion (Vals et Tremolo).gp3.tokens.txt"
Francisco Tarrega - Prelude No. 1,"T/Tarrega, Francisco/Tarrega, Francisco - Preludio 1.gp3.tokens.txt",DadaGP,Num:{'1'},"T/Tarrega, Francisco/Tarrega, Francisco - Preludio 1.gp3.tokens.txt"
J.S. Bach - Prelude No. 9 (Well-Tempered Clavier book 1),"B/Bach, Johann Sebastian/Bach, Johann Sebastian - Bach Suite N0 1 BWV 1007Doig.gp4.tokens.txt",DadaGP,Num:{'1'},"B/Bach, Johann Sebastian/Bach, Johann Sebastian - Bach Suite N0 1 BWV 1007Doig.gp4.tokens.txt"
J.S. Bach - Prelude No. 9 (Well-Tempered Clavier book 1),"B/Bach, Johann Sebastian/Bach, Johann Sebastian - Bouree (From Lute suite no. 1 in E minor).gp4.tokens.txt",DadaGP,Num:{'1'},"B/Bach, Johann Sebastian/Bach, Johann Sebastian - Bouree (From Lute suite no. 1 in E minor).gp4.tokens.txt"
J.S. Bach - Prelude No. 9 (Well-Tempered Clavier book 1),"B/Bach, Johann Sebastian/Bach, Johann Sebastian - Bwv 996 N-1 Suite PrCdule Presto.gp4.tokens.txt",DadaGP,Num:{'1'},"B/Bach, Johann Sebastian/Bach, Johann Sebastian - Bwv 996 N-1 Suite PrCdule Presto.gp4.tokens.txt"
J.S. Bach - Prelude No. 9 (Well-Tempered Clavier book 1),"B/Bach, Johann Sebastian/Bach, Johann Sebastian - C Prelude From The Well-Tempered Clavier.gp3.tokens.txt",DadaGP,Words:4/8,"B/Bach, Johann Sebastian/Bach, Johann Sebastian - C Prelude From The Well-Tempered Clavier.gp3.tokens.txt"
J.S. Bach - Prelude No. 9 (Well-Tempered Clavier book 1),"B/Bach, Johann Sebastian/Bach, Johann Sebastian - Cello Suite 1 (2).gp4.tokens.txt",DadaGP,Num:{'1'},"B/Bach, Johann Sebastian/Bach, Johann Sebastian - Cello Suite 1 (2).gp4.tokens.txt"
J.S. Bach - Prelude No. 9 (Well-Tempered Clavier book 1),"B/Bach, Johann Sebastian/Bach, Johann Sebastian - Cello Suite 1.gp3.tokens.txt",DadaGP,Num:{'1'},"B/Bach, Johann Sebastian/Bach, Johann Sebastian - Cello Suite 1.gp3.tokens.txt"
J.S. Bach - Prelude No. 9 (Well-Tempered Clavier book 1),"B/Bach, Johann Sebastian/Bach, Johann Sebastian - Chello 1.gp3.tokens.txt",DadaGP,Num:{'1'},"B/Bach, Johann Sebastian/Bach, Johann Sebastian - Chello 1.gp3.tokens.txt"
J.S. Bach - Prelude No. 9 (Well-Tempered Clavier book 1),"B/Bach, Johann Sebastian/Bach, Johann Sebastian - Gavotte 1 & 2.gp3.tokens.txt",DadaGP,Num:{'1'},"B/Bach, Johann Sebastian/Bach, Johann Sebastian - Gavotte 1 & 2.gp3.tokens.txt"
J.S. Bach - Prelude No. 9 (Well-Tempered Clavier book 1),"B/Bach, Johann Sebastian/Bach, Johann Sebastian - Goldberg Variations 1.gp3.tokens.txt",DadaGP,Num:{'1'},"B/Bach, Johann Sebastian/Bach, Johann Sebastian - Goldberg Variations 1.gp3.tokens.txt"
J.S. Bach - Prelude No. 9 (Well-Tempered Clavier book 1),"B/Bach, Johann Sebastian/Bach, Johann Sebastian - Invention N-4 part 1.gp3.tokens.txt",DadaGP,Num:{'1'},"B/Bach, Johann Sebastian/Bach, Johann Sebastian - Invention N-4 part 1.gp3.tokens.txt"
J.S. Bach - Prelude No. 9 (Well-Tempered Clavier book 1),"B/Bach, Johann Sebastian/Bach, Johann Sebastian - Invention No. 1.gp4.tokens.txt",DadaGP,Num:{'1'},"B/Bach, Johann Sebastian/Bach, Johann Sebastian - Invention No. 1.gp4.tokens.txt"
J.S. Bach - Prelude No. 9 (Well-Tempered Clavier book 1),"B/Bach, Johann Sebastian/Bach, Johann Sebastian - Minuet #2, Cellosuite #1.gp4.tokens.txt",DadaGP,Num:{'1'},"B/Bach, Johann Sebastian/Bach, Johann Sebastian - Minuet #2, Cellosuite #1.gp4.tokens.txt"
J.S. Bach - Prelude No. 9 (Well-Tempered Clavier book 1),"B/Bach, Johann Sebastian/Bach, Johann Sebastian - Minuetto (part 1).gp3.tokens.txt",DadaGP,Num:{'1'},"B/Bach, Johann Sebastian/Bach, Johann Sebastian - Minuetto (part 1).gp3.tokens.txt"
J.S. Bach - Prelude No. 9 (Well-Tempered Clavier book 1),"B/Bach, Johann Sebastian/Bach, Johann Sebastian - PrCluddega from Suit N-1.gp3.tokens.txt",DadaGP,Num:{'1'},"B/Bach, Johann Sebastian/Bach, Johann Sebastian - PrCluddega from Suit N-1.gp3.tokens.txt"
J.S. Bach - Prelude No. 9 (Well-Tempered Clavier book 1),"B/Bach, Johann Sebastian/Bach, Johann Sebastian - PrClude n-1.gp3.tokens.txt",DadaGP,Num:{'1'},"B/Bach, Johann Sebastian/Bach, Johann Sebastian - PrClude n-1.gp3.tokens.txt"
J.S. Bach - Prelude No. 9 (Well-Tempered Clavier book 1),"B/Bach, Johann Sebastian/Bach, Johann Sebastian - Prelude N 1.gp4.tokens.txt",DadaGP,Num:{'1'},"B/Bach, Johann Sebastian/Bach, Johann Sebastian - Prelude N 1.gp4.tokens.txt"
J.S. Bach - Prelude No. 9 (Well-Tempered Clavier book 1),"B/Bach, Johann Sebastian/Bach, Johann Sebastian - Prelude N-1 En Do Majeur Du Clavier Bien Tempere.gp4.tokens.txt",DadaGP,Num:{'1'},"B/Bach, Johann Sebastian/Bach, Johann Sebastian - Prelude N-1 En Do Majeur Du Clavier Bien Tempere.gp4.tokens.txt"
J.S. Bach - Prelude No. 9 (Well-Tempered Clavier book 1),"B/Bach, Johann Sebastian/Bach, Johann Sebastian - Prelude No.1 In C Major.gp4.tokens.txt",DadaGP,Num:{'1'},"B/Bach, Johann Sebastian/Bach, Johann Sebastian - Prelude No.1 In C Major.gp4.tokens.txt"
J.S. Bach - Prelude No. 9 (Well-Tempered Clavier book 1),"B/Bach, Johann Sebastian/Bach, Johann Sebastian - Prelude from Suite #1 in D Major.gp3.tokens.txt",DadaGP,Num:{'1'},"B/Bach, Johann Sebastian/Bach, Johann Sebastian - Prelude from Suite #1 in D Major.gp3.tokens.txt"
J.S. Bach - Prelude No. 9 (Well-Tempered Clavier book 1),"B/Bach, Johann Sebastian/Bach, Johann Sebastian - Suite #1 in G Major (Bass Solo).gp3.tokens.txt",DadaGP,Num:{'1'},"B/Bach, Johann Sebastian/Bach, Johann Sebastian - Suite #1 in G Major (Bass Solo).gp3.tokens.txt"
J.S. Bach - Prelude No. 9 (Well-Tempered Clavier book 1),"B/Bach, Johann Sebastian/Bach, Johann Sebastian - Suite 1 in G Major (Bass Solo).gp3.tokens.txt",DadaGP,Num:{'1'},"B/Bach, Johann Sebastian/Bach, Johann Sebastian - Suite 1 in G Major (Bass Solo).gp3.tokens.txt"
J.S. Bach - Prelude No. 9 (Well-Tempered Clavier book 1),"B/Bach, Johann Sebastian/Bach, Johann Sebastian - Suite No 1 BWV 1007.gp3.tokens.txt",DadaGP,Num:{'1'},"B/Bach, Johann Sebastian/Bach, Johann Sebastian - Suite No 1 BWV 1007.gp3.tokens.txt"
J.S. Bach - Prelude No. 9 (Well-Tempered Clavier book 1),"B/Bach, Johann Sebastian/Bach, Johann Sebastian - Violin Sonata No 1 In Gm  Fugue Bwv 1001.gp4.tokens.txt",DadaGP,Num:{'1'},"B/Bach, Johann Sebastian/Bach, Johann Sebastian - Violin Sonata No 1 In Gm  Fugue Bwv 1001.gp4.tokens.txt"
"J.S. Bach - Prelude No. I (Well-Tempered Clavier, book 1)","B/Bach, Johann Sebastian/Bach, Johann Sebastian - Bach Suite N0 1 BWV 1007Doig.gp4.tokens.txt",DadaGP,Num:{'1'},"B/Bach, Johann Sebastian/Bach, Johann Sebastian - Bach Suite N0 1 BWV 1007Doig.gp4.tokens.txt"
"J.S. Bach - Prelude No. I (Well-Tempered Clavier, book 1)","B/Bach, Johann Sebastian/Bach, Johann Sebastian - Bouree (From Lute suite no. 1 in E minor).gp4.tokens.txt",DadaGP,Num:{'1'},"B/Bach, Johann Sebastian/Bach, Johann Sebastian - Bouree (From Lute suite no. 1 in E minor).gp4.tokens.txt"
"J.S. Bach - Prelude No. I (Well-Tempered Clavier, book 1)","B/Bach, Johann Sebastian/Bach, Johann Sebastian - Bwv 996 N-1 Suite PrCdule Presto.gp4.tokens.txt",DadaGP,Num:{'1'},"B/Bach, Johann Sebastian/Bach, Johann Sebastian - Bwv 996 N-1 Suite PrCdule Presto.gp4.tokens.txt"
"J.S. Bach - Prelude No. I (Well-Tempered Clavier, book 1)","B/Bach, Johann Sebastian/Bach, Johann Sebastian - C Prelude From The Well-Tempered Clavier.gp3.tokens.txt",DadaGP,Words:4/8,"B/Bach, Johann Sebastian/Bach, Johann Sebastian - C Prelude From The Well-Tempered Clavier.gp3.tokens.txt"
"J.S. Bach - Prelude No. I (Well-Tempered Clavier, book 1)","B/Bach, Johann Sebastian/Bach, Johann Sebastian - Cello Suite 1 (2).gp4.tokens.txt",DadaGP,Num:{'1'},"B/Bach, Johann Sebastian/Bach, Johann Sebastian - Cello Suite 1 (2).gp4.tokens.txt"
"J.S. Bach - Prelude No. I (Well-Tempered Clavier, book 1)","B/Bach, Johann Sebastian/Bach, Johann Sebastian - Cello Suite 1.gp3.tokens.txt",DadaGP,Num:{'1'},"B/Bach, Johann Sebastian/Bach, Johann Sebastian - Cello Suite 1.gp3.tokens.txt"
"J.S. Bach - Prelude No. I (Well-Tempered Clavier, book 1)","B/Bach, Johann Sebastian/Bach, Johann Sebastian - Chello 1.gp3.tokens.txt",DadaGP,Num:{'1'},"B/Bach, Johann Sebastian/Bach, Johann Sebastian - Chello 1.gp3.tokens.txt"
"J.S. Bach - Prelude No. I (Well-Tempered Clavier, book 1)","B/Bach, Johann Sebastian/Bach, Johann Sebastian - Gavotte 1 & 2.gp3.tokens.txt",DadaGP,Num:{'1'},"B/Bach, Johann Sebastian/Bach, Johann Sebastian - Gavotte 1 & 2.gp3.tokens.txt"
"J.S. Bach - Prelude No. I (Well-Tempered Clavier, book 1)","B/Bach, Johann Sebastian/Bach, Johann Sebastian - Goldberg Variations 1.gp3.tokens.txt",DadaGP,Num:{'1'},"B/Bach, Johann Sebastian/Bach, Johann Sebastian - Goldberg Variations 1.gp3.tokens.txt"
"J.S. Bach - Prelude No. I (Well-Tempered Clavier, book 1)","B/Bach, Johann Sebastian/Bach, Johann Sebastian - Invention N-4 part 1.gp3.tokens.txt",DadaGP,Num:{'1'},"B/Bach, Johann Sebastian/Bach, Johann Sebastian - Invention N-4 part 1.gp3.tokens.txt"
"J.S. Bach - Prelude No. I (Well-Tempered Clavier, book 1)","B/Bach, Johann Sebastian/Bach, Johann Sebastian - Invention No. 1.gp4.tokens.txt",DadaGP,Num:{'1'},"B/Bach, Johann Sebastian/Bach, Johann Sebastian - Invention No. 1.gp4.tokens.txt"
"J.S. Bach - Prelude No. I (Well-Tempered Clavier, book 1)","B/Bach, Johann Sebastian/Bach, Johann Sebastian - Minuet #2, Cellosuite #1.gp4.tokens.txt",DadaGP,Num:{'1'},"B/Bach, Johann Sebastian/Bach, Johann Sebastian - Minuet #2, Cellosuite #1.gp4.tokens.txt"
"J.S. Bach - Prelude No. I (Well-Tempered Clavier, book 1)","B/Bach, Johann Sebastian/Bach, Johann Sebastian - Minuetto (part 1).gp3.tokens.txt",DadaGP,Num:{'1'},"B/Bach, Johann Sebastian/Bach, Johann Sebastian - Minuetto (part 1).gp3.tokens.txt"
"J.S. Bach - Prelude No. I (Well-Tempered Clavier, book 1)","B/Bach, Johann Sebastian/Bach, Johann Sebastian - PrCluddega from Suit N-1.gp3.tokens.txt",DadaGP,Num:{'1'},"B/Bach, Johann Sebastian/Bach, Johann Sebastian - PrCluddega from Suit N-1.gp3.tokens.txt"
"J.S. Bach - Prelude No. I (Well-Tempered Clavier, book 1)","B/Bach, Johann Sebastian/Bach, Johann Sebastian - PrClude n-1.gp3.tokens.txt",DadaGP,Num:{'1'},"B/Bach, Johann Sebastian/Bach, Johann Sebastian - PrClude n-1.gp3.tokens.txt"
"J.S. Bach - Prelude No. I (Well-Tempered Clavier, book 1)","B/Bach, Johann Sebastian/Bach, Johann Sebastian - Prelude N 1.gp4.tokens.txt",DadaGP,Num:{'1'},"B/Bach, Johann Sebastian/Bach, Johann Sebastian - Prelude N 1.gp4.tokens.txt"
"J.S. Bach - Prelude No. I (Well-Tempered Clavier, book 1)","B/Bach, Johann Sebastian/Bach, Johann Sebastian - Prelude N-1 En Do Majeur Du Clavier Bien Tempere.gp4.tokens.txt",DadaGP,Num:{'1'},"B/Bach, Johann Sebastian/Bach, Johann Sebastian - Prelude N-1 En Do Majeur Du Clavier Bien Tempere.gp4.tokens.txt"
"J.S. Bach - Prelude No. I (Well-Tempered Clavier, book 1)","B/Bach, Johann Sebastian/Bach, Johann Sebastian - Prelude No.1 In C Major.gp4.tokens.txt",DadaGP,Num:{'1'},"B/Bach, Johann Sebastian/Bach, Johann Sebastian - Prelude No.1 In C Major.gp4.tokens.txt"
"J.S. Bach - Prelude No. I (Well-Tempered Clavier, book 1)","B/Bach, Johann Sebastian/Bach, Johann Sebastian - Prelude from Suite #1 in D Major.gp3.tokens.txt",DadaGP,Num:{'1'},"B/Bach, Johann Sebastian/Bach, Johann Sebastian - Prelude from Suite #1 in D Major.gp3.tokens.txt"
"J.S. Bach - Prelude No. I (Well-Tempered Clavier, book 1)","B/Bach, Johann Sebastian/Bach, Johann Sebastian - Suite #1 in G Major (Bass Solo).gp3.tokens.txt",DadaGP,Num:{'1'},"B/Bach, Johann Sebastian/Bach, Johann Sebastian - Suite #1 in G Major (Bass Solo).gp3.tokens.txt"
"J.S. Bach - Prelude No. I (Well-Tempered Clavier, book 1)","B/Bach, Johann Sebastian/Bach, Johann Sebastian - Suite 1 in G Major (Bass Solo).gp3.tokens.txt",DadaGP,Num:{'1'},"B/Bach, Johann Sebastian/Bach, Johann Sebastian - Suite 1 in G Major (Bass Solo).gp3.tokens.txt"
"J.S. Bach - Prelude No. I (Well-Tempered Clavier, book 1)","B/Bach, Johann Sebastian/Bach, Johann Sebastian - Suite No 1 BWV 1007.gp3.tokens.txt",DadaGP,Num:{'1'},"B/Bach, Johann Sebastian/Bach, Johann Sebastian - Suite No 1 BWV 1007.gp3.tokens.txt"
"J.S. Bach - Prelude No. I (Well-Tempered Clavier, book 1)","B/Bach, Johann Sebastian/Bach, Johann Sebastian - Violin Sonata No 1 In Gm  Fugue Bwv 1001.gp4.tokens.txt",DadaGP,Num:{'1'},"B/Bach, Johann Sebastian/Bach, Johann Sebastian - Violin Sonata No 1 In Gm  Fugue Bwv 1001.gp4.tokens.txt"
"J.S. Bach - Prelude, BWV 999","B/Bach, Johann Sebastian/Bach, Johann Sebastian - Prelude - Bwv 999.gp4.tokens.txt",DadaGP,Num:{'999'},"B/Bach, Johann Sebastian/Bach, Johann Sebastian - Prelude - Bwv 999.gp4.tokens.txt"
"J.S. Bach - Prelude, Fugue and Allegro, BWV 998: Allegro","B/Bach, Johann Sebastian/Bach, Johann Sebastian - Toccata And Fugue (Bwv 565).gp4.tokens.txt",DadaGP,Words:3/6,"B/Bach, Johann Sebastian/Bach, Johann Sebastian - Toccata And Fugue (Bwv 565).gp4.tokens.txt"
"J.S. Bach - Prelude, Fugue and Allegro, BWV 998: Fugue","B/Bach, Johann Sebastian/Bach, Johann Sebastian - Toccata And Fugue (Bwv 565).gp4.tokens.txt",DadaGP,Words:3/6,"B/Bach, Johann Sebastian/Bach, Johann Sebastian - Toccata And Fugue (Bwv 565).gp4.tokens.txt"
"J.S. Bach - Prelude, Fugue and Allegro, BWV 998: Prelude","B/Bach, Johann Sebastian/Bach, Johann Sebastian - Toccata And Fugue (Bwv 565).gp4.tokens.txt",DadaGP,Words:3/6,"B/Bach, Johann Sebastian/Bach, Johann Sebastian - Toccata And Fugue (Bwv 565).gp4.tokens.txt"
J.S. Bach - Prelude; BWV 999,"B/Bach, Johann Sebastian/Bach, Johann Sebastian - Prelude - Bwv 999.gp4.tokens.txt",DadaGP,Num:{'999'},"B/Bach, Johann Sebastian/Bach, Johann Sebastian - Prelude - Bwv 999.gp4.tokens.txt"
Agustin Barrios Mandore - Preludio en La Menor,"B/Barrios, Agustin/Barrios, Agustin - Minueto En La.gp4.tokens.txt",DadaGP,Words:2/4,"B/Barrios, Agustin/Barrios, Agustin - Minueto En La.gp4.tokens.txt"
Francisco Tarrega - Preludio No. 1,"T/Tarrega, Francisco/Tarrega, Francisco - Preludio 1.gp3.tokens.txt",DadaGP,Num:{'1'},"T/Tarrega, Francisco/Tarrega, Francisco - Preludio 1.gp3.tokens.txt"
Francisco Tarrega - Preludio No. 1,"T/Tarrega, Francisco/Tarrega, Francisco - Preludio No. 10 (G Major).gp3.tokens.txt",DadaGP,Words:2/3,"T/Tarrega, Francisco/Tarrega, Francisco - Preludio No. 10 (G Major).gp3.tokens.txt"
Francisco Tarrega - Preludio No. 3,"T/Tarrega, Francisco/Tarrega, Francisco - Preludio 1.gp3.tokens.txt",DadaGP,Num:{'3'},"T/Tarrega, Francisco/Tarrega, Francisco - Preludio 1.gp3.tokens.txt"
Francisco Tarrega - Preludio No. 3,"T/Tarrega, Francisco/Tarrega, Francisco - Preludio No. 10 (G Major).gp3.tokens.txt",DadaGP,Num:{'3'},"T/Tarrega, Francisco/Tarrega, Francisco - Preludio No. 10 (G Major).gp3.tokens.txt"
Francisco Tarrega - Preludio No. 3,"T/Tarrega, Francisco/Tarrega, Francisco - Recuerdos De La Alhambra (3).gp3.tokens.txt",DadaGP,Num:{'3'},"T/Tarrega, Francisco/Tarrega, Francisco - Recuerdos De La Alhambra (3).gp3.tokens.txt"
Francisco Tarrega - Preludio No. 3,"T/Tarrega, Francisco/Tarrega, Francisco - Recuerdos de la Alhambra (No Tremolo).gp3.tokens.txt",DadaGP,Num:{'3'},"T/Tarrega, Francisco/Tarrega, Francisco - Recuerdos de la Alhambra (No Tremolo).gp3.tokens.txt"
Francisco Tarrega - Preludio No. 4,"T/Tarrega, Francisco/Tarrega, Francisco - Preludio No. 10 (G Major).gp3.tokens.txt",DadaGP,Words:2/3,"T/Tarrega, Francisco/Tarrega, Francisco - Preludio No. 10 (G Major).gp3.tokens.txt"
"Mauro Giuliani - Rondeau, Op. 14, No. 5","G/Giuliani, Mauro/Giuliani, Mauro - Op. 50 No. 1.gp3.tokens.txt",DadaGP,Words:2/5,"G/Giuliani, Mauro/Giuliani, Mauro - Op. 50 No. 1.gp3.tokens.txt"
"Mauro Giuliani - Rondeau, Op. 14, No. 5","G/Giuliani, Mauro/Giuliani, Mauro - Op. 50 No.3.gp3.tokens.txt",DadaGP,Words:2/5,"G/Giuliani, Mauro/Giuliani, Mauro - Op. 50 No.3.gp3.tokens.txt"
"Fernando Sor - Rondo from The Grand Sonata, Op. 22","S/Sor, Fernando/Sor, Fernando - Op. 44 - No 22 (study In A Minor).gp4.tokens.txt",DadaGP,Num:{'22'},"S/Sor, Fernando/Sor, Fernando - Op. 44 - No 22 (study In A Minor).gp4.tokens.txt"
Francisco Tarrega - Rosita (Polka),"T/Tarrega, Francisco/Tarrega, Francisco - Rosita.gp3.tokens.txt",DadaGP,Words:1/2,"T/Tarrega, Francisco/Tarrega, Francisco - Rosita.gp3.tokens.txt"
"Francisco Tarrega - Rosita, Polka","T/Tarrega, Francisco/Tarrega, Francisco - Rosita.gp3.tokens.txt",DadaGP,Words:1/2,"T/Tarrega, Francisco/Tarrega, Francisco - Rosita.gp3.tokens.txt"
J.S. Bach - Sarabande (from BWV 995),"B/Bach, Johann Sebastian/Bach, Johann Sebastian - Gavotte En Rondeau (From BWV 995).gp4.tokens.txt",DadaGP,Num:{'995'},"B/Bach, Johann Sebastian/Bach, Johann Sebastian - Gavotte En Rondeau (From BWV 995).gp4.tokens.txt"
J.S. Bach - Sarabande (from BWV 995),"B/Bach, Johann Sebastian/Bach, Johann Sebastian - Gavotte en Rondeau (from lute suite 4) BWV 1006a.gp3.tokens.txt",DadaGP,Words:2/4,"B/Bach, Johann Sebastian/Bach, Johann Sebastian - Gavotte en Rondeau (from lute suite 4) BWV 1006a.gp3.tokens.txt"
J.S. Bach - Sarabande (from BWV 995),"B/Bach, Johann Sebastian/Bach, Johann Sebastian - Sarabande (From Cello Suite I [BWV 1007]).gp4.tokens.txt",DadaGP,Words:3/4,"B/Bach, Johann Sebastian/Bach, Johann Sebastian - Sarabande (From Cello Suite I [BWV 1007]).gp4.tokens.txt"
J.S. Bach - Sarabande (from BWV 995),"B/Bach, Johann Sebastian/Bach, Johann Sebastian - Sarabande - Bwv 1002.gp4.tokens.txt",DadaGP,Words:2/4,"B/Bach, Johann Sebastian/Bach, Johann Sebastian - Sarabande - Bwv 1002.gp4.tokens.txt"
J.S. Bach - Sarabande (from BWV 995),"B/Bach, Johann Sebastian/Bach, Johann Sebastian - Sarabande - Bwv 997.gp4.tokens.txt",DadaGP,Words:2/4,"B/Bach, Johann Sebastian/Bach, Johann Sebastian - Sarabande - Bwv 997.gp4.tokens.txt"
J.S. Bach - Sarabande (from BWV 995),"B/Bach, Johann Sebastian/Bach, Johann Sebastian - Sarabande from Partita in Bm for Violin.gp3.tokens.txt",DadaGP,Words:2/4,"B/Bach, Johann Sebastian/Bach, Johann Sebastian - Sarabande from Partita in Bm for Violin.gp3.tokens.txt"
J.S. Bach - Sarabande & Double (from Partita #1 for Violin BWV 1002),"B/Bach, Johann Sebastian/Bach, Johann Sebastian - Bach Suite N0 1 BWV 1007Doig.gp4.tokens.txt",DadaGP,Num:{'1'},"B/Bach, Johann Sebastian/Bach, Johann Sebastian - Bach Suite N0 1 BWV 1007Doig.gp4.tokens.txt"
J.S. Bach - Sarabande & Double (from Partita #1 for Violin BWV 1002),"B/Bach, Johann Sebastian/Bach, Johann Sebastian - Bouree (From Lute suite no. 1 in E minor).gp4.tokens.txt",DadaGP,Num:{'1'},"B/Bach, Johann Sebastian/Bach, Johann Sebastian - Bouree (From Lute suite no. 1 in E minor).gp4.tokens.txt"
J.S. Bach - Sarabande & Double (from Partita #1 for Violin BWV 1002),"B/Bach, Johann Sebastian/Bach, Johann Sebastian - Bwv 996 N-1 Suite PrCdule Presto.gp4.tokens.txt",DadaGP,Num:{'1'},"B/Bach, Johann Sebastian/Bach, Johann Sebastian - Bwv 996 N-1 Suite PrCdule Presto.gp4.tokens.txt"
J.S. Bach - Sarabande & Double (from Partita #1 for Violin BWV 1002),"B/Bach, Johann Sebastian/Bach, Johann Sebastian - Cello Suite 1 (2).gp4.tokens.txt",DadaGP,Num:{'1'},"B/Bach, Johann Sebastian/Bach, Johann Sebastian - Cello Suite 1 (2).gp4.tokens.txt"
J.S. Bach - Sarabande & Double (from Partita #1 for Violin BWV 1002),"B/Bach, Johann Sebastian/Bach, Johann Sebastian - Cello Suite 1.gp3.tokens.txt",DadaGP,Num:{'1'},"B/Bach, Johann Sebastian/Bach, Johann Sebastian - Cello Suite 1.gp3.tokens.txt"
J.S. Bach - Sarabande & Double (from Partita #1 for Violin BWV 1002),"B/Bach, Johann Sebastian/Bach, Johann Sebastian - Chello 1.gp3.tokens.txt",DadaGP,Num:{'1'},"B/Bach, Johann Sebastian/Bach, Johann Sebastian - Chello 1.gp3.tokens.txt"
J.S. Bach - Sarabande & Double (from Partita #1 for Violin BWV 1002),"B/Bach, Johann Sebastian/Bach, Johann Sebastian - Gavotte 1 & 2.gp3.tokens.txt",DadaGP,Num:{'1'},"B/Bach, Johann Sebastian/Bach, Johann Sebastian - Gavotte 1 & 2.gp3.tokens.txt"
J.S. Bach - Sarabande & Double (from Partita #1 for Violin BWV 1002),"B/Bach, Johann Sebastian/Bach, Johann Sebastian - Goldberg Variations 1.gp3.tokens.txt",DadaGP,Num:{'1'},"B/Bach, Johann Sebastian/Bach, Johann Sebastian - Goldberg Variations 1.gp3.tokens.txt"
J.S. Bach - Sarabande & Double (from Partita #1 for Violin BWV 1002),"B/Bach, Johann Sebastian/Bach, Johann Sebastian - Invention N-4 part 1.gp3.tokens.txt",DadaGP,Num:{'1'},"B/Bach, Johann Sebastian/Bach, Johann Sebastian - Invention N-4 part 1.gp3.tokens.txt"
J.S. Bach - Sarabande & Double (from Partita #1 for Violin BWV 1002),"B/Bach, Johann Sebastian/Bach, Johann Sebastian - Invention No. 1.gp4.tokens.txt",DadaGP,Num:{'1'},"B/Bach, Johann Sebastian/Bach, Johann Sebastian - Invention No. 1.gp4.tokens.txt"
J.S. Bach - Sarabande & Double (from Partita #1 for Violin BWV 1002),"B/Bach, Johann Sebastian/Bach, Johann Sebastian - Invenzione a Due Voci - For 1st through 7th position..gp3.tokens.txt",DadaGP,Num:{'1'},"B/Bach, Johann Sebastian/Bach, Johann Sebastian - Invenzione a Due Voci - For 1st through 7th position..gp3.tokens.txt"
J.S. Bach - Sarabande & Double (from Partita #1 for Violin BWV 1002),"B/Bach, Johann Sebastian/Bach, Johann Sebastian - Minuet #2, Cellosuite #1.gp4.tokens.txt",DadaGP,Num:{'1'},"B/Bach, Johann Sebastian/Bach, Johann Sebastian - Minuet #2, Cellosuite #1.gp4.tokens.txt"
J.S. Bach - Sarabande & Double (from Partita #1 for Violin BWV 1002),"B/Bach, Johann Sebastian/Bach, Johann Sebastian - Minuetto (part 1).gp3.tokens.txt",DadaGP,Num:{'1'},"B/Bach, Johann Sebastian/Bach, Johann Sebastian - Minuetto (part 1).gp3.tokens.txt"
J.S. Bach - Sarabande & Double (from Partita #1 for Violin BWV 1002),"B/Bach, Johann Sebastian/Bach, Johann Sebastian - PrCluddega from Suit N-1.gp3.tokens.txt",DadaGP,Num:{'1'},"B/Bach, Johann Sebastian/Bach, Johann Sebastian - PrCluddega from Suit N-1.gp3.tokens.txt"
J.S. Bach - Sarabande & Double (from Partita #1 for Violin BWV 1002),"B/Bach, Johann Sebastian/Bach, Johann Sebastian - PrClude n-1.gp3.tokens.txt",DadaGP,Num:{'1'},"B/Bach, Johann Sebastian/Bach, Johann Sebastian - PrClude n-1.gp3.tokens.txt"
J.S. Bach - Sarabande & Double (from Partita #1 for Violin BWV 1002),"B/Bach, Johann Sebastian/Bach, Johann Sebastian - Prelude N 1.gp4.tokens.txt",DadaGP,Num:{'1'},"B/Bach, Johann Sebastian/Bach, Johann Sebastian - Prelude N 1.gp4.tokens.txt"
J.S. Bach - Sarabande & Double (from Partita #1 for Violin BWV 1002),"B/Bach, Johann Sebastian/Bach, Johann Sebastian - Prelude N-1 En Do Majeur Du Clavier Bien Tempere.gp4.tokens.txt",DadaGP,Num:{'1'},"B/Bach, Johann Sebastian/Bach, Johann Sebastian - Prelude N-1 En Do Majeur Du Clavier Bien Tempere.gp4.tokens.txt"
J.S. Bach - Sarabande & Double (from Partita #1 for Violin BWV 1002),"B/Bach, Johann Sebastian/Bach, Johann Sebastian - Prelude No.1 In C Major.gp4.tokens.txt",DadaGP,Num:{'1'},"B/Bach, Johann Sebastian/Bach, Johann Sebastian - Prelude No.1 In C Major.gp4.tokens.txt"
J.S. Bach - Sarabande & Double (from Partita #1 for Violin BWV 1002),"B/Bach, Johann Sebastian/Bach, Johann Sebastian - Prelude from Suite #1 in D Major.gp3.tokens.txt",DadaGP,Num:{'1'},"B/Bach, Johann Sebastian/Bach, Johann Sebastian - Prelude from Suite #1 in D Major.gp3.tokens.txt"
J.S. Bach - Sarabande & Double (from Partita #1 for Violin BWV 1002),"B/Bach, Johann Sebastian/Bach, Johann Sebastian - Sarabande - Bwv 1002.gp4.tokens.txt",DadaGP,Num:{'1002'},"B/Bach, Johann Sebastian/Bach, Johann Sebastian - Sarabande - Bwv 1002.gp4.tokens.txt"
J.S. Bach - Sarabande & Double (from Partita #1 for Violin BWV 1002),"B/Bach, Johann Sebastian/Bach, Johann Sebastian - Sarabande from Partita in Bm for Violin.gp3.tokens.txt",DadaGP,Words:5/9,"B/Bach, Johann Sebastian/Bach, Johann Sebastian - Sarabande from Partita in Bm for Violin.gp3.tokens.txt"
J.S. Bach - Sarabande & Double (from Partita #1 for Violin BWV 1002),"B/Bach, Johann Sebastian/Bach, Johann Sebastian - Suite #1 in G Major (Bass Solo).gp3.tokens.txt",DadaGP,Num:{'1'},"B/Bach, Johann Sebastian/Bach, Johann Sebastian - Suite #1 in G Major (Bass Solo).gp3.tokens.txt"
J.S. Bach - Sarabande & Double (from Partita #1 for Violin BWV 1002),"B/Bach, Johann Sebastian/Bach, Johann Sebastian - Suite 1 in G Major (Bass Solo).gp3.tokens.txt",DadaGP,Num:{'1'},"B/Bach, Johann Sebastian/Bach, Johann Sebastian - Suite 1 in G Major (Bass Solo).gp3.tokens.txt"
J.S. Bach - Sarabande & Double (from Partita #1 for Violin BWV 1002),"B/Bach, Johann Sebastian/Bach, Johann Sebastian - Suite No 1 BWV 1007.gp3.tokens.txt",DadaGP,Num:{'1'},"B/Bach, Johann Sebastian/Bach, Johann Sebastian - Suite No 1 BWV 1007.gp3.tokens.txt"
J.S. Bach - Sarabande & Double (from Partita #1 for Violin BWV 1002),"B/Bach, Johann Sebastian/Bach, Johann Sebastian - Violin Sonata No 1 In Gm  Fugue Bwv 1001.gp4.tokens.txt",DadaGP,Num:{'1'},"B/Bach, Johann Sebastian/Bach, Johann Sebastian - Violin Sonata No 1 In Gm  Fugue Bwv 1001.gp4.tokens.txt"
"J.S. Bach - Sarabande, BWV 1002","B/Bach, Johann Sebastian/Bach, Johann Sebastian - Sarabande (From Cello Suite I [BWV 1007]).gp4.tokens.txt",DadaGP,Words:2/3,"B/Bach, Johann Sebastian/Bach, Johann Sebastian - Sarabande (From Cello Suite I [BWV 1007]).gp4.tokens.txt"
"J.S. Bach - Sarabande, BWV 1002","B/Bach, Johann Sebastian/Bach, Johann Sebastian - Sarabande - Bwv 1002.gp4.tokens.txt",DadaGP,Num:{'1002'},"B/Bach, Johann Sebastian/Bach, Johann Sebastian - Sarabande - Bwv 1002.gp4.tokens.txt"
"J.S. Bach - Sarabande, BWV 1002","B/Bach, Johann Sebastian/Bach, Johann Sebastian - Sarabande - Bwv 997.gp4.tokens.txt",DadaGP,Words:2/3,"B/Bach, Johann Sebastian/Bach, Johann Sebastian - Sarabande - Bwv 997.gp4.tokens.txt"
"J.S. Bach - Sarabande, BWV 996","B/Bach, Johann Sebastian/Bach, Johann Sebastian - Bwv 996 N-1 Suite PrCdule Presto.gp4.tokens.txt",DadaGP,Num:{'996'},"B/Bach, Johann Sebastian/Bach, Johann Sebastian - Bwv 996 N-1 Suite PrCdule Presto.gp4.tokens.txt"
"J.S. Bach - Sarabande, BWV 996","B/Bach, Johann Sebastian/Bach, Johann Sebastian - Sarabande (From Cello Suite I [BWV 1007]).gp4.tokens.txt",DadaGP,Words:2/3,"B/Bach, Johann Sebastian/Bach, Johann Sebastian - Sarabande (From Cello Suite I [BWV 1007]).gp4.tokens.txt"
"J.S. Bach - Sarabande, BWV 996","B/Bach, Johann Sebastian/Bach, Johann Sebastian - Sarabande - Bwv 1002.gp4.tokens.txt",DadaGP,Words:2/3,"B/Bach, Johann Sebastian/Bach, Johann Sebastian - Sarabande - Bwv 1002.gp4.tokens.txt"
"J.S. Bach - Sarabande, BWV 996","B/Bach, Johann Sebastian/Bach, Johann Sebastian - Sarabande - Bwv 997.gp4.tokens.txt",DadaGP,Words:2/3,"B/Bach, Johann Sebastian/Bach, Johann Sebastian - Sarabande - Bwv 997.gp4.tokens.txt"
"J.S. Bach - Sonata I, BWV 1001: i. Adagio","B/Bach, Johann Sebastian/Bach, Johann Sebastian - Sarabande (From Cello Suite I [BWV 1007]).gp4.tokens.txt",DadaGP,Words:2/5,"B/Bach, Johann Sebastian/Bach, Johann Sebastian - Sarabande (From Cello Suite I [BWV 1007]).gp4.tokens.txt"
"J.S. Bach - Sonata I, BWV 1001: i. Adagio","B/Bach, Johann Sebastian/Bach, Johann Sebastian - Second Violin Sonata in a-minor. BWV 1003 - allegro.gp4.tokens.txt",DadaGP,Words:2/5,"B/Bach, Johann Sebastian/Bach, Johann Sebastian - Second Violin Sonata in a-minor. BWV 1003 - allegro.gp4.tokens.txt"
"J.S. Bach - Sonata I, BWV 1001: i. Adagio","B/Bach, Johann Sebastian/Bach, Johann Sebastian - Violin Sonata No 1 In Gm  Fugue Bwv 1001.gp4.tokens.txt",DadaGP,Num:{'1001'},"B/Bach, Johann Sebastian/Bach, Johann Sebastian - Violin Sonata No 1 In Gm  Fugue Bwv 1001.gp4.tokens.txt"
"J.S. Bach - Sonata I, BWV 1001: ii.  Fuga","B/Bach, Johann Sebastian/Bach, Johann Sebastian - Violin Sonata No 1 In Gm  Fugue Bwv 1001.gp4.tokens.txt",DadaGP,Num:{'1001'},"B/Bach, Johann Sebastian/Bach, Johann Sebastian - Violin Sonata No 1 In Gm  Fugue Bwv 1001.gp4.tokens.txt"
"J.S. Bach - Sonata I, BWV 1001: iii. Siciliana","B/Bach, Johann Sebastian/Bach, Johann Sebastian - Violin Sonata No 1 In Gm  Fugue Bwv 1001.gp4.tokens.txt",DadaGP,Num:{'1001'},"B/Bach, Johann Sebastian/Bach, Johann Sebastian - Violin Sonata No 1 In Gm  Fugue Bwv 1001.gp4.tokens.txt"
"J.S. Bach - Sonata I, BWV 1001: iv. Presto","B/Bach, Johann Sebastian/Bach, Johann Sebastian - Violin Sonata No 1 In Gm  Fugue Bwv 1001.gp4.tokens.txt",DadaGP,Num:{'1001'},"B/Bach, Johann Sebastian/Bach, Johann Sebastian - Violin Sonata No 1 In Gm  Fugue Bwv 1001.gp4.tokens.txt"
J.S. Bach - Sonata II: BWV 1003: ii. Fuga,"B/Bach, Johann Sebastian/Bach, Johann Sebastian - Second Violin Sonata in a-minor. BWV 1003 - allegro.gp4.tokens.txt",DadaGP,Num:{'1003'},"B/Bach, Johann Sebastian/Bach, Johann Sebastian - Second Violin Sonata in a-minor. BWV 1003 - allegro.gp4.tokens.txt"
J.S. Bach - Sonata II: BWV 1003: ii. Fuga,"B/Bach, Johann Sebastian/Bach, Johann Sebastian - Violin Sonata No 1 In Gm  Fugue Bwv 1001.gp4.tokens.txt",DadaGP,Words:2/5,"B/Bach, Johann Sebastian/Bach, Johann Sebastian - Violin Sonata No 1 In Gm  Fugue Bwv 1001.gp4.tokens.txt"
J.S. Bach - Sonata II: BWV 1003: iii. Andante,"B/Bach, Johann Sebastian/Bach, Johann Sebastian - Second Violin Sonata in a-minor. BWV 1003 - allegro.gp4.tokens.txt",DadaGP,Num:{'1003'},"B/Bach, Johann Sebastian/Bach, Johann Sebastian - Second Violin Sonata in a-minor. BWV 1003 - allegro.gp4.tokens.txt"
J.S. Bach - Sonata II: BWV 1003: iv. Allegro,"B/Bach, Johann Sebastian/Bach, Johann Sebastian - Second Violin Sonata in a-minor. BWV 1003 - allegro.gp4.tokens.txt",DadaGP,Num:{'1003'},"B/Bach, Johann Sebastian/Bach, Johann Sebastian - Second Violin Sonata in a-minor. BWV 1003 - allegro.gp4.tokens.txt"
"J.S. Bach - Sonata III, BWV 1005: iii. Largo","B/Bach, Johann Sebastian/Bach, Johann Sebastian - Second Violin Sonata in a-minor. BWV 1003 - allegro.gp4.tokens.txt",DadaGP,Words:2/5,"B/Bach, Johann Sebastian/Bach, Johann Sebastian - Second Violin Sonata in a-minor. BWV 1003 - allegro.gp4.tokens.txt"
"J.S. Bach - Sonata III, BWV 1005: iii. Largo","B/Bach, Johann Sebastian/Bach, Johann Sebastian - Violin Sonata No 1 In Gm  Fugue Bwv 1001.gp4.tokens.txt",DadaGP,Words:2/5,"B/Bach, Johann Sebastian/Bach, Johann Sebastian - Violin Sonata No 1 In Gm  Fugue Bwv 1001.gp4.tokens.txt"
"J.S. Bach - Sonata III, BWV 1005: iv. Allegro assai","B/Bach, Johann Sebastian/Bach, Johann Sebastian - Second Violin Sonata in a-minor. BWV 1003 - allegro.gp4.tokens.txt",DadaGP,Words:3/7,"B/Bach, Johann Sebastian/Bach, Johann Sebastian - Second Violin Sonata in a-minor. BWV 1003 - allegro.gp4.tokens.txt"
Fernando Sor - Sonata in C Major,"S/Sor, Fernando/Sor, Fernando - Op. 31 - No 1 (Study In C Major).gp4.tokens.txt",DadaGP,Words:3/4,"S/Sor, Fernando/Sor, Fernando - Op. 31 - No 1 (Study In C Major).gp4.tokens.txt"
Fernando Sor - Sonata in C Major,"S/Sor, Fernando/Sor, Fernando - Op. 60 - No 1 (study In C Major).gp4.tokens.txt",DadaGP,Words:3/4,"S/Sor, Fernando/Sor, Fernando - Op. 60 - No 1 (study In C Major).gp4.tokens.txt"
Fernando Sor - Sonata in C Major,"S/Sor, Fernando/Sor, Fernando - Op. 60 - No 2 (study In C Major).gp4.tokens.txt",DadaGP,Words:3/4,"S/Sor, Fernando/Sor, Fernando - Op. 60 - No 2 (study In C Major).gp4.tokens.txt"
Fernando Sor - Sonata in C Major,"S/Sor, Fernando/Sor, Fernando - Sonate In C (Op.15B).gp4.tokens.txt",DadaGP,Words:2/4,"S/Sor, Fernando/Sor, Fernando - Sonate In C (Op.15B).gp4.tokens.txt"
Fernando Sor - Sonata in C Major,"S/Sor, Fernando/Sor, Fernando - Study in C.gp3.tokens.txt",DadaGP,Words:2/4,"S/Sor, Fernando/Sor, Fernando - Study in C.gp3.tokens.txt"
"J.S. Bach - Sonata in E minor, BWV 1023 - i.","B/Bach, Johann Sebastian/Bach, Johann Sebastian - Bouree (From Lute suite no. 1 in E minor).gp4.tokens.txt",DadaGP,Words:3/7,"B/Bach, Johann Sebastian/Bach, Johann Sebastian - Bouree (From Lute suite no. 1 in E minor).gp4.tokens.txt"
"J.S. Bach - Sonata in E minor, BWV 1023 - i.","B/Bach, Johann Sebastian/Bach, Johann Sebastian - Second Violin Sonata in a-minor. BWV 1003 - allegro.gp4.tokens.txt",DadaGP,Words:4/7,"B/Bach, Johann Sebastian/Bach, Johann Sebastian - Second Violin Sonata in a-minor. BWV 1003 - allegro.gp4.tokens.txt"
"J.S. Bach - Sonata in E minor, BWV 1023 - i.","B/Bach, Johann Sebastian/Bach, Johann Sebastian - Violin Sonata No 1 In Gm  Fugue Bwv 1001.gp4.tokens.txt",DadaGP,Words:3/7,"B/Bach, Johann Sebastian/Bach, Johann Sebastian - Violin Sonata No 1 In Gm  Fugue Bwv 1001.gp4.tokens.txt"
"J.S. Bach - Sonata in E minor, BWV 1023 - ii. Allemande","B/Bach, Johann Sebastian/Bach, Johann Sebastian - Second Violin Sonata in a-minor. BWV 1003 - allegro.gp4.tokens.txt",DadaGP,Words:4/8,"B/Bach, Johann Sebastian/Bach, Johann Sebastian - Second Violin Sonata in a-minor. BWV 1003 - allegro.gp4.tokens.txt"
"J.S. Bach - Sonata in E minor, BWV 1023 - iii.  Gigue","B/Bach, Johann Sebastian/Bach, Johann Sebastian - Second Violin Sonata in a-minor. BWV 1003 - allegro.gp4.tokens.txt",DadaGP,Words:4/8,"B/Bach, Johann Sebastian/Bach, Johann Sebastian - Second Violin Sonata in a-minor. BWV 1003 - allegro.gp4.tokens.txt"
"Fernando Sor - Sonata No. 1 in D; ""Grand Solo,"" Op. 14 (After Castro, ca. 1801)","S/Sor, Fernando/Sor, Fernando - Estudio 1.gp3.tokens.txt",DadaGP,Num:{'1'},"S/Sor, Fernando/Sor, Fernando - Estudio 1.gp3.tokens.txt"
"Fernando Sor - Sonata No. 1 in D; ""Grand Solo,"" Op. 14 (After Castro, ca. 1801)","S/Sor, Fernando/Sor, Fernando - Nr.1 (Six Valses).gp4.tokens.txt",DadaGP,Num:{'1'},"S/Sor, Fernando/Sor, Fernando - Nr.1 (Six Valses).gp4.tokens.txt"
"Fernando Sor - Sonata No. 1 in D; ""Grand Solo,"" Op. 14 (After Castro, ca. 1801)","S/Sor, Fernando/Sor, Fernando - Op. 31 - No 1 (Study In C Major).gp4.tokens.txt",DadaGP,Num:{'1'},"S/Sor, Fernando/Sor, Fernando - Op. 31 - No 1 (Study In C Major).gp4.tokens.txt"
"Fernando Sor - Sonata No. 1 in D; ""Grand Solo,"" Op. 14 (After Castro, ca. 1801)","S/Sor, Fernando/Sor, Fernando - Op. 60 - No 1 (study In C Major).gp4.tokens.txt",DadaGP,Num:{'1'},"S/Sor, Fernando/Sor, Fernando - Op. 60 - No 1 (study In C Major).gp4.tokens.txt"
"Fernando Sor - Sonata No. 1 in D; Grand Solo, Op. 14 (After Meissonnier, First Version, ca. 1822)","S/Sor, Fernando/Sor, Fernando - Estudio 1.gp3.tokens.txt",DadaGP,Num:{'1'},"S/Sor, Fernando/Sor, Fernando - Estudio 1.gp3.tokens.txt"
"Fernando Sor - Sonata No. 1 in D; Grand Solo, Op. 14 (After Meissonnier, First Version, ca. 1822)","S/Sor, Fernando/Sor, Fernando - Nr.1 (Six Valses).gp4.tokens.txt",DadaGP,Num:{'1'},"S/Sor, Fernando/Sor, Fernando - Nr.1 (Six Valses).gp4.tokens.txt"
"Fernando Sor - Sonata No. 1 in D; Grand Solo, Op. 14 (After Meissonnier, First Version, ca. 1822)","S/Sor, Fernando/Sor, Fernando - Op. 31 - No 1 (Study In C Major).gp4.tokens.txt",DadaGP,Num:{'1'},"S/Sor, Fernando/Sor, Fernando - Op. 31 - No 1 (Study In C Major).gp4.tokens.txt"
"Fernando Sor - Sonata No. 1 in D; Grand Solo, Op. 14 (After Meissonnier, First Version, ca. 1822)","S/Sor, Fernando/Sor, Fernando - Op. 60 - No 1 (study In C Major).gp4.tokens.txt",DadaGP,Num:{'1'},"S/Sor, Fernando/Sor, Fernando - Op. 60 - No 1 (study In C Major).gp4.tokens.txt"
"Fernando Sor - Sonata No. 1 in D; Grand Solo, Op. 14 (After Meissonnier, Second Version, ca. 1825-39)","S/Sor, Fernando/Sor, Fernando - Estudio 1.gp3.tokens.txt",DadaGP,Num:{'1'},"S/Sor, Fernando/Sor, Fernando - Estudio 1.gp3.tokens.txt"
"Fernando Sor - Sonata No. 1 in D; Grand Solo, Op. 14 (After Meissonnier, Second Version, ca. 1825-39)","S/Sor, Fernando/Sor, Fernando - Nr.1 (Six Valses).gp4.tokens.txt",DadaGP,Num:{'1'},"S/Sor, Fernando/Sor, Fernando - Nr.1 (Six Valses).gp4.tokens.txt"
"Fernando Sor - Sonata No. 1 in D; Grand Solo, Op. 14 (After Meissonnier, Second Version, ca. 1825-39)","S/Sor, Fernando/Sor, Fernando - Op. 31 - No 1 (Study In C Major).gp4.tokens.txt",DadaGP,Num:{'1'},"S/Sor, Fernando/Sor, Fernando - Op. 31 - No 1 (Study In C Major).gp4.tokens.txt"
"Fernando Sor - Sonata No. 1 in D; Grand Solo, Op. 14 (After Meissonnier, Second Version, ca. 1825-39)","S/Sor, Fernando/Sor, Fernando - Op. 60 - No 1 (study In C Major).gp4.tokens.txt",DadaGP,Num:{'1'},"S/Sor, Fernando/Sor, Fernando - Op. 60 - No 1 (study In C Major).gp4.tokens.txt"
"Fernando Sor - Sonata No. 2 in C, Op. 15, B (After Castro, ca. 1810)","S/Sor, Fernando/Sor, Fernando - Estudio 2.gp3.tokens.txt",DadaGP,Num:{'2'},"S/Sor, Fernando/Sor, Fernando - Estudio 2.gp3.tokens.txt"
"Fernando Sor - Sonata No. 2 in C, Op. 15, B (After Castro, ca. 1810)","S/Sor, Fernando/Sor, Fernando - Estudio 2.gp4.tokens.txt",DadaGP,Num:{'2'},"S/Sor, Fernando/Sor, Fernando - Estudio 2.gp4.tokens.txt"
"Fernando Sor - Sonata No. 2 in C, Op. 15, B (After Castro, ca. 1810)","S/Sor, Fernando/Sor, Fernando - Estudio 3 (Op. 6, No. 2).gp4.tokens.txt",DadaGP,Num:{'2'},"S/Sor, Fernando/Sor, Fernando - Estudio 3 (Op. 6, No. 2).gp4.tokens.txt"
"Fernando Sor - Sonata No. 2 in C, Op. 15, B (After Castro, ca. 1810)","S/Sor, Fernando/Sor, Fernando - Op. 60 - No 2 (study In C Major).gp4.tokens.txt",DadaGP,Num:{'2'},"S/Sor, Fernando/Sor, Fernando - Op. 60 - No 2 (study In C Major).gp4.tokens.txt"
"Fernando Sor - Sonata No. 2 in C, Op. 15, B (After Castro, ca. 1810)","S/Sor, Fernando/Sor, Fernando - Sonate In C (Op.15B).gp4.tokens.txt",DadaGP,Num:{'15'},"S/Sor, Fernando/Sor, Fernando - Sonate In C (Op.15B).gp4.tokens.txt"
"Fernando Sor - Sonata No. 2 in C, Op. 15, B (After Messonnier, ca. 1817-1822)","S/Sor, Fernando/Sor, Fernando - Estudio 2.gp3.tokens.txt",DadaGP,Num:{'2'},"S/Sor, Fernando/Sor, Fernando - Estudio 2.gp3.tokens.txt"
"Fernando Sor - Sonata No. 2 in C, Op. 15, B (After Messonnier, ca. 1817-1822)","S/Sor, Fernando/Sor, Fernando - Estudio 2.gp4.tokens.txt",DadaGP,Num:{'2'},"S/Sor, Fernando/Sor, Fernando - Estudio 2.gp4.tokens.txt"
"Fernando Sor - Sonata No. 2 in C, Op. 15, B (After Messonnier, ca. 1817-1822)","S/Sor, Fernando/Sor, Fernando - Estudio 3 (Op. 6, No. 2).gp4.tokens.txt",DadaGP,Num:{'2'},"S/Sor, Fernando/Sor, Fernando - Estudio 3 (Op. 6, No. 2).gp4.tokens.txt"
"Fernando Sor - Sonata No. 2 in C, Op. 15, B (After Messonnier, ca. 1817-1822)","S/Sor, Fernando/Sor, Fernando - Op. 60 - No 2 (study In C Major).gp4.tokens.txt",DadaGP,Num:{'2'},"S/Sor, Fernando/Sor, Fernando - Op. 60 - No 2 (study In C Major).gp4.tokens.txt"
"Fernando Sor - Sonata No. 2 in C, Op. 15, B (After Messonnier, ca. 1817-1822)","S/Sor, Fernando/Sor, Fernando - Sonate In C (Op.15B).gp4.tokens.txt",DadaGP,Num:{'15'},"S/Sor, Fernando/Sor, Fernando - Sonate In C (Op.15B).gp4.tokens.txt"
"Fernando Sor - Sonata No. 3 in C, Op. 22: i. Allegro","S/Sor, Fernando/Sor, Fernando - Andante (Op.44).gp3.tokens.txt",DadaGP,Num:{'3'},"S/Sor, Fernando/Sor, Fernando - Andante (Op.44).gp3.tokens.txt"
"Fernando Sor - Sonata No. 3 in C, Op. 22: i. Allegro","S/Sor, Fernando/Sor, Fernando - Andantino (op.60).gp3.tokens.txt",DadaGP,Num:{'3'},"S/Sor, Fernando/Sor, Fernando - Andantino (op.60).gp3.tokens.txt"
"Fernando Sor - Sonata No. 3 in C, Op. 22: i. Allegro","S/Sor, Fernando/Sor, Fernando - Estudio 3 (Op. 6, No. 2).gp4.tokens.txt",DadaGP,Num:{'3'},"S/Sor, Fernando/Sor, Fernando - Estudio 3 (Op. 6, No. 2).gp4.tokens.txt"
"Fernando Sor - Sonata No. 3 in C, Op. 22: i. Allegro","S/Sor, Fernando/Sor, Fernando - Estudio No. 3.gp4.tokens.txt",DadaGP,Num:{'3'},"S/Sor, Fernando/Sor, Fernando - Estudio No. 3.gp4.tokens.txt"
"Fernando Sor - Sonata No. 3 in C, Op. 22: i. Allegro","S/Sor, Fernando/Sor, Fernando - Estudio No. III.gp3.tokens.txt",DadaGP,Num:{'3'},"S/Sor, Fernando/Sor, Fernando - Estudio No. III.gp3.tokens.txt"
"Fernando Sor - Sonata No. 3 in C, Op. 22: i. Allegro","S/Sor, Fernando/Sor, Fernando - Estudio No. IV.gp3.tokens.txt",DadaGP,Num:{'3'},"S/Sor, Fernando/Sor, Fernando - Estudio No. IV.gp3.tokens.txt"
"Fernando Sor - Sonata No. 3 in C, Op. 22: i. Allegro","S/Sor, Fernando/Sor, Fernando - Estudio No. V.gp3.tokens.txt",DadaGP,Num:{'3'},"S/Sor, Fernando/Sor, Fernando - Estudio No. V.gp3.tokens.txt"
"Fernando Sor - Sonata No. 3 in C, Op. 22: i. Allegro","S/Sor, Fernando/Sor, Fernando - Etude in D.gp3.tokens.txt",DadaGP,Num:{'3'},"S/Sor, Fernando/Sor, Fernando - Etude in D.gp3.tokens.txt"
"Fernando Sor - Sonata No. 3 in C, Op. 22: i. Allegro","S/Sor, Fernando/Sor, Fernando - Moderato dalla I alla VI Posizione.gp3.tokens.txt",DadaGP,Num:{'3'},"S/Sor, Fernando/Sor, Fernando - Moderato dalla I alla VI Posizione.gp3.tokens.txt"
"Fernando Sor - Sonata No. 3 in C, Op. 22: i. Allegro","S/Sor, Fernando/Sor, Fernando - Op. 31 - No 1 (Study In C Major).gp4.tokens.txt",DadaGP,Words:4/9,"S/Sor, Fernando/Sor, Fernando - Op. 31 - No 1 (Study In C Major).gp4.tokens.txt"
"Fernando Sor - Sonata No. 3 in C, Op. 22: i. Allegro","S/Sor, Fernando/Sor, Fernando - Op. 44 - No 22 (study In A Minor).gp4.tokens.txt",DadaGP,Num:{'22'},"S/Sor, Fernando/Sor, Fernando - Op. 44 - No 22 (study In A Minor).gp4.tokens.txt"
"Fernando Sor - Sonata No. 3 in C, Op. 22: i. Allegro","S/Sor, Fernando/Sor, Fernando - Op. 60 - No 1 (study In C Major).gp4.tokens.txt",DadaGP,Words:4/9,"S/Sor, Fernando/Sor, Fernando - Op. 60 - No 1 (study In C Major).gp4.tokens.txt"
"Fernando Sor - Sonata No. 3 in C, Op. 22: i. Allegro","S/Sor, Fernando/Sor, Fernando - Op. 60 - No 2 (study In C Major).gp4.tokens.txt",DadaGP,Words:4/9,"S/Sor, Fernando/Sor, Fernando - Op. 60 - No 2 (study In C Major).gp4.tokens.txt"
"Fernando Sor - Sonata No. 3 in C, Op. 22: i. Allegro","S/Sor, Fernando/Sor, Fernando - Study in Bm.gp3.tokens.txt",DadaGP,Num:{'3'},"S/Sor, Fernando/Sor, Fernando - Study in Bm.gp3.tokens.txt"
"Fernando Sor - Sonata No. 3 in C, Op. 22: i. Allegro","S/Sor, Fernando/Sor, Fernando - Study in C.gp3.tokens.txt",DadaGP,Num:{'3'},"S/Sor, Fernando/Sor, Fernando - Study in C.gp3.tokens.txt"
"Fernando Sor - Sonata No. 3 in C, Op. 22: ii. Adagio","S/Sor, Fernando/Sor, Fernando - Adagio.gp3.tokens.txt",DadaGP,Num:{'3'},"S/Sor, Fernando/Sor, Fernando - Adagio.gp3.tokens.txt"
"Fernando Sor - Sonata No. 3 in C, Op. 22: ii. Adagio","S/Sor, Fernando/Sor, Fernando - Andante (Op.44).gp3.tokens.txt",DadaGP,Num:{'3'},"S/Sor, Fernando/Sor, Fernando - Andante (Op.44).gp3.tokens.txt"
"Fernando Sor - Sonata No. 3 in C, Op. 22: ii. Adagio","S/Sor, Fernando/Sor, Fernando - Andantino (op.60).gp3.tokens.txt",DadaGP,Num:{'3'},"S/Sor, Fernando/Sor, Fernando - Andantino (op.60).gp3.tokens.txt"
"Fernando Sor - Sonata No. 3 in C, Op. 22: ii. Adagio","S/Sor, Fernando/Sor, Fernando - Estudio 3 (Op. 6, No. 2).gp4.tokens.txt",DadaGP,Num:{'3'},"S/Sor, Fernando/Sor, Fernando - Estudio 3 (Op. 6, No. 2).gp4.tokens.txt"
"Fernando Sor - Sonata No. 3 in C, Op. 22: ii. Adagio","S/Sor, Fernando/Sor, Fernando - Estudio No. 3.gp4.tokens.txt",DadaGP,Num:{'3'},"S/Sor, Fernando/Sor, Fernando - Estudio No. 3.gp4.tokens.txt"
"Fernando Sor - Sonata No. 3 in C, Op. 22: ii. Adagio","S/Sor, Fernando/Sor, Fernando - Estudio No. III.gp3.tokens.txt",DadaGP,Num:{'3'},"S/Sor, Fernando/Sor, Fernando - Estudio No. III.gp3.tokens.txt"
"Fernando Sor - Sonata No. 3 in C, Op. 22: ii. Adagio","S/Sor, Fernando/Sor, Fernando - Estudio No. IV.gp3.tokens.txt",DadaGP,Num:{'3'},"S/Sor, Fernando/Sor, Fernando - Estudio No. IV.gp3.tokens.txt"
"Fernando Sor - Sonata No. 3 in C, Op. 22: ii. Adagio","S/Sor, Fernando/Sor, Fernando - Estudio No. V.gp3.tokens.txt",DadaGP,Num:{'3'},"S/Sor, Fernando/Sor, Fernando - Estudio No. V.gp3.tokens.txt"
"Fernando Sor - Sonata No. 3 in C, Op. 22: ii. Adagio","S/Sor, Fernando/Sor, Fernando - Etude in D.gp3.tokens.txt",DadaGP,Num:{'3'},"S/Sor, Fernando/Sor, Fernando - Etude in D.gp3.tokens.txt"
"Fernando Sor - Sonata No. 3 in C, Op. 22: ii. Adagio","S/Sor, Fernando/Sor, Fernando - Op. 31 - No 1 (Study In C Major).gp4.tokens.txt",DadaGP,Words:4/9,"S/Sor, Fernando/Sor, Fernando - Op. 31 - No 1 (Study In C Major).gp4.tokens.txt"
"Fernando Sor - Sonata No. 3 in C, Op. 22: ii. Adagio","S/Sor, Fernando/Sor, Fernando - Op. 44 - No 22 (study In A Minor).gp4.tokens.txt",DadaGP,Num:{'22'},"S/Sor, Fernando/Sor, Fernando - Op. 44 - No 22 (study In A Minor).gp4.tokens.txt"
"Fernando Sor - Sonata No. 3 in C, Op. 22: ii. Adagio","S/Sor, Fernando/Sor, Fernando - Op. 60 - No 1 (study In C Major).gp4.tokens.txt",DadaGP,Words:4/9,"S/Sor, Fernando/Sor, Fernando - Op. 60 - No 1 (study In C Major).gp4.tokens.txt"
"Fernando Sor - Sonata No. 3 in C, Op. 22: ii. Adagio","S/Sor, Fernando/Sor, Fernando - Op. 60 - No 2 (study In C Major).gp4.tokens.txt",DadaGP,Words:4/9,"S/Sor, Fernando/Sor, Fernando - Op. 60 - No 2 (study In C Major).gp4.tokens.txt"
"Fernando Sor - Sonata No. 3 in C, Op. 22: ii. Adagio","S/Sor, Fernando/Sor, Fernando - Study in Bm.gp3.tokens.txt",DadaGP,Num:{'3'},"S/Sor, Fernando/Sor, Fernando - Study in Bm.gp3.tokens.txt"
"Fernando Sor - Sonata No. 3 in C, Op. 22: ii. Adagio","S/Sor, Fernando/Sor, Fernando - Study in C.gp3.tokens.txt",DadaGP,Num:{'3'},"S/Sor, Fernando/Sor, Fernando - Study in C.gp3.tokens.txt"
"Fernando Sor - Sonata No. 3 in C, Op. 22: iii. Minuet and Trio","S/Sor, Fernando/Sor, Fernando - Andante (Op.44).gp3.tokens.txt",DadaGP,Num:{'3'},"S/Sor, Fernando/Sor, Fernando - Andante (Op.44).gp3.tokens.txt"
"Fernando Sor - Sonata No. 3 in C, Op. 22: iii. Minuet and Trio","S/Sor, Fernando/Sor, Fernando - Andantino (op.60).gp3.tokens.txt",DadaGP,Num:{'3'},"S/Sor, Fernando/Sor, Fernando - Andantino (op.60).gp3.tokens.txt"
"Fernando Sor - Sonata No. 3 in C, Op. 22: iii. Minuet and Trio","S/Sor, Fernando/Sor, Fernando - Estudio 3 (Op. 6, No. 2).gp4.tokens.txt",DadaGP,Num:{'3'},"S/Sor, Fernando/Sor, Fernando - Estudio 3 (Op. 6, No. 2).gp4.tokens.txt"
"Fernando Sor - Sonata No. 3 in C, Op. 22: iii. Minuet and Trio","S/Sor, Fernando/Sor, Fernando - Estudio No. 3.gp4.tokens.txt",DadaGP,Num:{'3'},"S/Sor, Fernando/Sor, Fernando - Estudio No. 3.gp4.tokens.txt"
"Fernando Sor - Sonata No. 3 in C, Op. 22: iii. Minuet and Trio","S/Sor, Fernando/Sor, Fernando - Estudio No. III.gp3.tokens.txt",DadaGP,Num:{'3'},"S/Sor, Fernando/Sor, Fernando - Estudio No. III.gp3.tokens.txt"
"Fernando Sor - Sonata No. 3 in C, Op. 22: iii. Minuet and Trio","S/Sor, Fernando/Sor, Fernando - Estudio No. IV.gp3.tokens.txt",DadaGP,Num:{'3'},"S/Sor, Fernando/Sor, Fernando - Estudio No. IV.gp3.tokens.txt"
"Fernando Sor - Sonata No. 3 in C, Op. 22: iii. Minuet and Trio","S/Sor, Fernando/Sor, Fernando - Estudio No. V.gp3.tokens.txt",DadaGP,Num:{'3'},"S/Sor, Fernando/Sor, Fernando - Estudio No. V.gp3.tokens.txt"
"Fernando Sor - Sonata No. 3 in C, Op. 22: iii. Minuet and Trio","S/Sor, Fernando/Sor, Fernando - Etude in D.gp3.tokens.txt",DadaGP,Num:{'3'},"S/Sor, Fernando/Sor, Fernando - Etude in D.gp3.tokens.txt"
"Fernando Sor - Sonata No. 3 in C, Op. 22: iii. Minuet and Trio","S/Sor, Fernando/Sor, Fernando - Op. 44 - No 22 (study In A Minor).gp4.tokens.txt",DadaGP,Num:{'22'},"S/Sor, Fernando/Sor, Fernando - Op. 44 - No 22 (study In A Minor).gp4.tokens.txt"
"Fernando Sor - Sonata No. 3 in C, Op. 22: iii. Minuet and Trio","S/Sor, Fernando/Sor, Fernando - Study in Bm.gp3.tokens.txt",DadaGP,Num:{'3'},"S/Sor, Fernando/Sor, Fernando - Study in Bm.gp3.tokens.txt"
"Fernando Sor - Sonata No. 3 in C, Op. 22: iii. Minuet and Trio","S/Sor, Fernando/Sor, Fernando - Study in C.gp3.tokens.txt",DadaGP,Num:{'3'},"S/Sor, Fernando/Sor, Fernando - Study in C.gp3.tokens.txt"
"Fernando Sor - Sonata No. 3 in C, Op. 22: iv. Rondo","S/Sor, Fernando/Sor, Fernando - Andante (Op.44).gp3.tokens.txt",DadaGP,Num:{'3'},"S/Sor, Fernando/Sor, Fernando - Andante (Op.44).gp3.tokens.txt"
"Fernando Sor - Sonata No. 3 in C, Op. 22: iv. Rondo","S/Sor, Fernando/Sor, Fernando - Andantino (op.60).gp3.tokens.txt",DadaGP,Num:{'3'},"S/Sor, Fernando/Sor, Fernando - Andantino (op.60).gp3.tokens.txt"
"Fernando Sor - Sonata No. 3 in C, Op. 22: iv. Rondo","S/Sor, Fernando/Sor, Fernando - Estudio 3 (Op. 6, No. 2).gp4.tokens.txt",DadaGP,Num:{'3'},"S/Sor, Fernando/Sor, Fernando - Estudio 3 (Op. 6, No. 2).gp4.tokens.txt"
"Fernando Sor - Sonata No. 3 in C, Op. 22: iv. Rondo","S/Sor, Fernando/Sor, Fernando - Estudio No. 3.gp4.tokens.txt",DadaGP,Num:{'3'},"S/Sor, Fernando/Sor, Fernando - Estudio No. 3.gp4.tokens.txt"
"Fernando Sor - Sonata No. 3 in C, Op. 22: iv. Rondo","S/Sor, Fernando/Sor, Fernando - Estudio No. III.gp3.tokens.txt",DadaGP,Num:{'3'},"S/Sor, Fernando/Sor, Fernando - Estudio No. III.gp3.tokens.txt"
"Fernando Sor - Sonata No. 3 in C, Op. 22: iv. Rondo","S/Sor, Fernando/Sor, Fernando - Estudio No. IV.gp3.tokens.txt",DadaGP,Num:{'3'},"S/Sor, Fernando/Sor, Fernando - Estudio No. IV.gp3.tokens.txt"
"Fernando Sor - Sonata No. 3 in C, Op. 22: iv. Rondo","S/Sor, Fernando/Sor, Fernando - Estudio No. V.gp3.tokens.txt",DadaGP,Num:{'3'},"S/Sor, Fernando/Sor, Fernando - Estudio No. V.gp3.tokens.txt"
"Fernando Sor - Sonata No. 3 in C, Op. 22: iv. Rondo","S/Sor, Fernando/Sor, Fernando - Etude in D.gp3.tokens.txt",DadaGP,Num:{'3'},"S/Sor, Fernando/Sor, Fernando - Etude in D.gp3.tokens.txt"
"Fernando Sor - Sonata No. 3 in C, Op. 22: iv. Rondo","S/Sor, Fernando/Sor, Fernando - Op. 31 - No 1 (Study In C Major).gp4.tokens.txt",DadaGP,Words:4/9,"S/Sor, Fernando/Sor, Fernando - Op. 31 - No 1 (Study In C Major).gp4.tokens.txt"
"Fernando Sor - Sonata No. 3 in C, Op. 22: iv. Rondo","S/Sor, Fernando/Sor, Fernando - Op. 44 - No 22 (study In A Minor).gp4.tokens.txt",DadaGP,Num:{'22'},"S/Sor, Fernando/Sor, Fernando - Op. 44 - No 22 (study In A Minor).gp4.tokens.txt"
"Fernando Sor - Sonata No. 3 in C, Op. 22: iv. Rondo","S/Sor, Fernando/Sor, Fernando - Op. 60 - No 1 (study In C Major).gp4.tokens.txt",DadaGP,Words:4/9,"S/Sor, Fernando/Sor, Fernando - Op. 60 - No 1 (study In C Major).gp4.tokens.txt"
"Fernando Sor - Sonata No. 3 in C, Op. 22: iv. Rondo","S/Sor, Fernando/Sor, Fernando - Op. 60 - No 2 (study In C Major).gp4.tokens.txt",DadaGP,Words:4/9,"S/Sor, Fernando/Sor, Fernando - Op. 60 - No 2 (study In C Major).gp4.tokens.txt"
"Fernando Sor - Sonata No. 3 in C, Op. 22: iv. Rondo","S/Sor, Fernando/Sor, Fernando - Study in Bm.gp3.tokens.txt",DadaGP,Num:{'3'},"S/Sor, Fernando/Sor, Fernando - Study in Bm.gp3.tokens.txt"
"Fernando Sor - Sonata No. 3 in C, Op. 22: iv. Rondo","S/Sor, Fernando/Sor, Fernando - Study in C.gp3.tokens.txt",DadaGP,Num:{'3'},"S/Sor, Fernando/Sor, Fernando - Study in C.gp3.tokens.txt"
"Fernando Sor - Sonata No. 4 in C, Second Grand Sonata, Op. 25: i. Andante largo","S/Sor, Fernando/Sor, Fernando - Andante.gp4.tokens.txt",DadaGP,Num:{'4'},"S/Sor, Fernando/Sor, Fernando - Andante.gp4.tokens.txt"
"Fernando Sor - Sonata No. 4 in C, Second Grand Sonata, Op. 25: i. Andante largo","S/Sor, Fernando/Sor, Fernando - Encouragement Cantabile Op.34.gp4.tokens.txt",DadaGP,Num:{'4'},"S/Sor, Fernando/Sor, Fernando - Encouragement Cantabile Op.34.gp4.tokens.txt"
"Fernando Sor - Sonata No. 4 in C, Second Grand Sonata, Op. 25: i. Andante largo","S/Sor, Fernando/Sor, Fernando - Estudio 3 (Op. 6, No. 2).gp4.tokens.txt",DadaGP,Num:{'4'},"S/Sor, Fernando/Sor, Fernando - Estudio 3 (Op. 6, No. 2).gp4.tokens.txt"
"Fernando Sor - Sonata No. 4 in C, Second Grand Sonata, Op. 25: i. Andante largo","S/Sor, Fernando/Sor, Fernando - Estudio No. 10.gp4.tokens.txt",DadaGP,Num:{'4'},"S/Sor, Fernando/Sor, Fernando - Estudio No. 10.gp4.tokens.txt"
"Fernando Sor - Sonata No. 4 in C, Second Grand Sonata, Op. 25: i. Andante largo","S/Sor, Fernando/Sor, Fernando - Estudio No. 18.gp4.tokens.txt",DadaGP,Num:{'4'},"S/Sor, Fernando/Sor, Fernando - Estudio No. 18.gp4.tokens.txt"
"Fernando Sor - Sonata No. 4 in C, Second Grand Sonata, Op. 25: i. Andante largo","S/Sor, Fernando/Sor, Fernando - Estudio No. 3.gp4.tokens.txt",DadaGP,Num:{'4'},"S/Sor, Fernando/Sor, Fernando - Estudio No. 3.gp4.tokens.txt"
"Fernando Sor - Sonata No. 4 in C, Second Grand Sonata, Op. 25: i. Andante largo","S/Sor, Fernando/Sor, Fernando - Etude No 9, Opus 31.gp4.tokens.txt",DadaGP,Num:{'4'},"S/Sor, Fernando/Sor, Fernando - Etude No 9, Opus 31.gp4.tokens.txt"
"Fernando Sor - Sonata No. 4 in C, Second Grand Sonata, Op. 25: i. Andante largo","S/Sor, Fernando/Sor, Fernando - Etude No. 13.gp4.tokens.txt",DadaGP,Num:{'4'},"S/Sor, Fernando/Sor, Fernando - Etude No. 13.gp4.tokens.txt"
"Fernando Sor - Sonata No. 4 in C, Second Grand Sonata, Op. 25: i. Andante largo","S/Sor, Fernando/Sor, Fernando - Etude No. 9 Opus 35.gp4.tokens.txt",DadaGP,Num:{'4'},"S/Sor, Fernando/Sor, Fernando - Etude No. 9 Opus 35.gp4.tokens.txt"
"Fernando Sor - Sonata No. 4 in C, Second Grand Sonata, Op. 25: i. Andante largo","S/Sor, Fernando/Sor, Fernando - Grand Sonata.gp4.tokens.txt",DadaGP,Num:{'4'},"S/Sor, Fernando/Sor, Fernando - Grand Sonata.gp4.tokens.txt"
"Fernando Sor - Sonata No. 4 in C, Second Grand Sonata, Op. 25: i. Andante largo","S/Sor, Fernando/Sor, Fernando - Op. 31 - No 1 (Study In C Major).gp4.tokens.txt",DadaGP,Num:{'4'},"S/Sor, Fernando/Sor, Fernando - Op. 31 - No 1 (Study In C Major).gp4.tokens.txt"
"Fernando Sor - Sonata No. 4 in C, Second Grand Sonata, Op. 25: i. Andante largo","S/Sor, Fernando/Sor, Fernando - Op. 44 - No 22 (study In A Minor).gp4.tokens.txt",DadaGP,Num:{'4'},"S/Sor, Fernando/Sor, Fernando - Op. 44 - No 22 (study In A Minor).gp4.tokens.txt"
"Fernando Sor - Sonata No. 4 in C, Second Grand Sonata, Op. 25: i. Andante largo","S/Sor, Fernando/Sor, Fernando - Op. 60 - No 1 (study In C Major).gp4.tokens.txt",DadaGP,Num:{'4'},"S/Sor, Fernando/Sor, Fernando - Op. 60 - No 1 (study In C Major).gp4.tokens.txt"
"Fernando Sor - Sonata No. 4 in C, Second Grand Sonata, Op. 25: i. Andante largo","S/Sor, Fernando/Sor, Fernando - Op. 60 - No 2 (study In C Major).gp4.tokens.txt",DadaGP,Num:{'4'},"S/Sor, Fernando/Sor, Fernando - Op. 60 - No 2 (study In C Major).gp4.tokens.txt"
"Fernando Sor - Sonata No. 4 in C, Second Grand Sonata, Op. 25: i. Andante largo","S/Sor, Fernando/Sor, Fernando - Op. 60 - No 5 (study In A Minor).gp4.tokens.txt",DadaGP,Num:{'4'},"S/Sor, Fernando/Sor, Fernando - Op. 60 - No 5 (study In A Minor).gp4.tokens.txt"
"Fernando Sor - Sonata No. 4 in C, Second Grand Sonata, Op. 25: i. Andante largo","S/Sor, Fernando/Sor, Fernando - Op. 60 - No 6 (study In A Minor).gp4.tokens.txt",DadaGP,Num:{'4'},"S/Sor, Fernando/Sor, Fernando - Op. 60 - No 6 (study In A Minor).gp4.tokens.txt"
"Fernando Sor - Sonata No. 4 in C, Second Grand Sonata, Op. 25: i. Andante largo","S/Sor, Fernando/Sor, Fernando - Sonate In C (Op.15B).gp4.tokens.txt",DadaGP,Num:{'4'},"S/Sor, Fernando/Sor, Fernando - Sonate In C (Op.15B).gp4.tokens.txt"
"Fernando Sor - Sonata No. 4 in C, Second Grand Sonata, Op. 25: i. Andante largo","S/Sor, Fernando/Sor, Fernando - Study In D Minor (poco Allegretto).gp4.tokens.txt",DadaGP,Num:{'4'},"S/Sor, Fernando/Sor, Fernando - Study In D Minor (poco Allegretto).gp4.tokens.txt"
"Fernando Sor - Sonata No. 4 in C, Second Grand Sonata, Op. 25: i. Andante largo","S/Sor, Fernando/Sor, Fernando - Study No. 16.gp4.tokens.txt",DadaGP,Num:{'4'},"S/Sor, Fernando/Sor, Fernando - Study No. 16.gp4.tokens.txt"
"Fernando Sor - Sonata No. 4 in C, Second Grand Sonata, Op. 25: i. Andante largo","S/Sor, Fernando/Sor, Fernando - Study No. 19.gp4.tokens.txt",DadaGP,Num:{'4'},"S/Sor, Fernando/Sor, Fernando - Study No. 19.gp4.tokens.txt"
"Fernando Sor - Sonata No. 4 in C, Second Grand Sonata, Op. 25: i. Andante largo","S/Sor, Fernando/Sor, Fernando - Variations in Tremolo, From Op.21.gp4.tokens.txt",DadaGP,Num:{'4'},"S/Sor, Fernando/Sor, Fernando - Variations in Tremolo, From Op.21.gp4.tokens.txt"
"Fernando Sor - Sonata No. 4 in C, Second Grand Sonata, Op. 25: ii. Allegro non troppo","S/Sor, Fernando/Sor, Fernando - Encouragement Cantabile Op.34.gp4.tokens.txt",DadaGP,Num:{'4'},"S/Sor, Fernando/Sor, Fernando - Encouragement Cantabile Op.34.gp4.tokens.txt"
"Fernando Sor - Sonata No. 4 in C, Second Grand Sonata, Op. 25: ii. Allegro non troppo","S/Sor, Fernando/Sor, Fernando - Estudio 3 (Op. 6, No. 2).gp4.tokens.txt",DadaGP,Num:{'4'},"S/Sor, Fernando/Sor, Fernando - Estudio 3 (Op. 6, No. 2).gp4.tokens.txt"
"Fernando Sor - Sonata No. 4 in C, Second Grand Sonata, Op. 25: ii. Allegro non troppo","S/Sor, Fernando/Sor, Fernando - Estudio No. 10.gp4.tokens.txt",DadaGP,Num:{'4'},"S/Sor, Fernando/Sor, Fernando - Estudio No. 10.gp4.tokens.txt"
"Fernando Sor - Sonata No. 4 in C, Second Grand Sonata, Op. 25: ii. Allegro non troppo","S/Sor, Fernando/Sor, Fernando - Estudio No. 18.gp4.tokens.txt",DadaGP,Num:{'4'},"S/Sor, Fernando/Sor, Fernando - Estudio No. 18.gp4.tokens.txt"
"Fernando Sor - Sonata No. 4 in C, Second Grand Sonata, Op. 25: ii. Allegro non troppo","S/Sor, Fernando/Sor, Fernando - Estudio No. 3.gp4.tokens.txt",DadaGP,Num:{'4'},"S/Sor, Fernando/Sor, Fernando - Estudio No. 3.gp4.tokens.txt"
"Fernando Sor - Sonata No. 4 in C, Second Grand Sonata, Op. 25: ii. Allegro non troppo","S/Sor, Fernando/Sor, Fernando - Etude No 9, Opus 31.gp4.tokens.txt",DadaGP,Num:{'4'},"S/Sor, Fernando/Sor, Fernando - Etude No 9, Opus 31.gp4.tokens.txt"
"Fernando Sor - Sonata No. 4 in C, Second Grand Sonata, Op. 25: ii. Allegro non troppo","S/Sor, Fernando/Sor, Fernando - Etude No. 13.gp4.tokens.txt",DadaGP,Num:{'4'},"S/Sor, Fernando/Sor, Fernando - Etude No. 13.gp4.tokens.txt"
"Fernando Sor - Sonata No. 4 in C, Second Grand Sonata, Op. 25: ii. Allegro non troppo","S/Sor, Fernando/Sor, Fernando - Etude No. 9 Opus 35.gp4.tokens.txt",DadaGP,Num:{'4'},"S/Sor, Fernando/Sor, Fernando - Etude No. 9 Opus 35.gp4.tokens.txt"
"Fernando Sor - Sonata No. 4 in C, Second Grand Sonata, Op. 25: ii. Allegro non troppo","S/Sor, Fernando/Sor, Fernando - Grand Sonata.gp4.tokens.txt",DadaGP,Num:{'4'},"S/Sor, Fernando/Sor, Fernando - Grand Sonata.gp4.tokens.txt"
"Fernando Sor - Sonata No. 4 in C, Second Grand Sonata, Op. 25: ii. Allegro non troppo","S/Sor, Fernando/Sor, Fernando - Op. 31 - No 1 (Study In C Major).gp4.tokens.txt",DadaGP,Num:{'4'},"S/Sor, Fernando/Sor, Fernando - Op. 31 - No 1 (Study In C Major).gp4.tokens.txt"
"Fernando Sor - Sonata No. 4 in C, Second Grand Sonata, Op. 25: ii. Allegro non troppo","S/Sor, Fernando/Sor, Fernando - Op. 44 - No 22 (study In A Minor).gp4.tokens.txt",DadaGP,Num:{'4'},"S/Sor, Fernando/Sor, Fernando - Op. 44 - No 22 (study In A Minor).gp4.tokens.txt"
"Fernando Sor - Sonata No. 4 in C, Second Grand Sonata, Op. 25: ii. Allegro non troppo","S/Sor, Fernando/Sor, Fernando - Op. 60 - No 1 (study In C Major).gp4.tokens.txt",DadaGP,Num:{'4'},"S/Sor, Fernando/Sor, Fernando - Op. 60 - No 1 (study In C Major).gp4.tokens.txt"
"Fernando Sor - Sonata No. 4 in C, Second Grand Sonata, Op. 25: ii. Allegro non troppo","S/Sor, Fernando/Sor, Fernando - Op. 60 - No 2 (study In C Major).gp4.tokens.txt",DadaGP,Num:{'4'},"S/Sor, Fernando/Sor, Fernando - Op. 60 - No 2 (study In C Major).gp4.tokens.txt"
"Fernando Sor - Sonata No. 4 in C, Second Grand Sonata, Op. 25: ii. Allegro non troppo","S/Sor, Fernando/Sor, Fernando - Op. 60 - No 5 (study In A Minor).gp4.tokens.txt",DadaGP,Num:{'4'},"S/Sor, Fernando/Sor, Fernando - Op. 60 - No 5 (study In A Minor).gp4.tokens.txt"
"Fernando Sor - Sonata No. 4 in C, Second Grand Sonata, Op. 25: ii. Allegro non troppo","S/Sor, Fernando/Sor, Fernando - Op. 60 - No 6 (study In A Minor).gp4.tokens.txt",DadaGP,Num:{'4'},"S/Sor, Fernando/Sor, Fernando - Op. 60 - No 6 (study In A Minor).gp4.tokens.txt"
"Fernando Sor - Sonata No. 4 in C, Second Grand Sonata, Op. 25: ii. Allegro non troppo","S/Sor, Fernando/Sor, Fernando - Sonate In C (Op.15B).gp4.tokens.txt",DadaGP,Num:{'4'},"S/Sor, Fernando/Sor, Fernando - Sonate In C (Op.15B).gp4.tokens.txt"
"Fernando Sor - Sonata No. 4 in C, Second Grand Sonata, Op. 25: ii. Allegro non troppo","S/Sor, Fernando/Sor, Fernando - Study In D Minor (poco Allegretto).gp4.tokens.txt",DadaGP,Num:{'4'},"S/Sor, Fernando/Sor, Fernando - Study In D Minor (poco Allegretto).gp4.tokens.txt"
"Fernando Sor - Sonata No. 4 in C, Second Grand Sonata, Op. 25: ii. Allegro non troppo","S/Sor, Fernando/Sor, Fernando - Study No. 16.gp4.tokens.txt",DadaGP,Num:{'4'},"S/Sor, Fernando/Sor, Fernando - Study No. 16.gp4.tokens.txt"
"Fernando Sor - Sonata No. 4 in C, Second Grand Sonata, Op. 25: ii. Allegro non troppo","S/Sor, Fernando/Sor, Fernando - Study No. 19.gp4.tokens.txt",DadaGP,Num:{'4'},"S/Sor, Fernando/Sor, Fernando - Study No. 19.gp4.tokens.txt"
"Fernando Sor - Sonata No. 4 in C, Second Grand Sonata, Op. 25: ii. Allegro non troppo","S/Sor, Fernando/Sor, Fernando - Variations in Tremolo, From Op.21.gp4.tokens.txt",DadaGP,Num:{'4'},"S/Sor, Fernando/Sor, Fernando - Variations in Tremolo, From Op.21.gp4.tokens.txt"
"Fernando Sor - Sonata No. 4 in C, Second Grand Sonata, Op. 25: iii. Theme with Variations","S/Sor, Fernando/Sor, Fernando - Encouragement Cantabile Op.34.gp4.tokens.txt",DadaGP,Num:{'4'},"S/Sor, Fernando/Sor, Fernando - Encouragement Cantabile Op.34.gp4.tokens.txt"
"Fernando Sor - Sonata No. 4 in C, Second Grand Sonata, Op. 25: iii. Theme with Variations","S/Sor, Fernando/Sor, Fernando - Estudio 3 (Op. 6, No. 2).gp4.tokens.txt",DadaGP,Num:{'4'},"S/Sor, Fernando/Sor, Fernando - Estudio 3 (Op. 6, No. 2).gp4.tokens.txt"
"Fernando Sor - Sonata No. 4 in C, Second Grand Sonata, Op. 25: iii. Theme with Variations","S/Sor, Fernando/Sor, Fernando - Estudio No. 10.gp4.tokens.txt",DadaGP,Num:{'4'},"S/Sor, Fernando/Sor, Fernando - Estudio No. 10.gp4.tokens.txt"
"Fernando Sor - Sonata No. 4 in C, Second Grand Sonata, Op. 25: iii. Theme with Variations","S/Sor, Fernando/Sor, Fernando - Estudio No. 18.gp4.tokens.txt",DadaGP,Num:{'4'},"S/Sor, Fernando/Sor, Fernando - Estudio No. 18.gp4.tokens.txt"
"Fernando Sor - Sonata No. 4 in C, Second Grand Sonata, Op. 25: iii. Theme with Variations","S/Sor, Fernando/Sor, Fernando - Estudio No. 3.gp4.tokens.txt",DadaGP,Num:{'4'},"S/Sor, Fernando/Sor, Fernando - Estudio No. 3.gp4.tokens.txt"
"Fernando Sor - Sonata No. 4 in C, Second Grand Sonata, Op. 25: iii. Theme with Variations","S/Sor, Fernando/Sor, Fernando - Etude No 9, Opus 31.gp4.tokens.txt",DadaGP,Num:{'4'},"S/Sor, Fernando/Sor, Fernando - Etude No 9, Opus 31.gp4.tokens.txt"
"Fernando Sor - Sonata No. 4 in C, Second Grand Sonata, Op. 25: iii. Theme with Variations","S/Sor, Fernando/Sor, Fernando - Etude No. 13.gp4.tokens.txt",DadaGP,Num:{'4'},"S/Sor, Fernando/Sor, Fernando - Etude No. 13.gp4.tokens.txt"
"Fernando Sor - Sonata No. 4 in C, Second Grand Sonata, Op. 25: iii. Theme with Variations","S/Sor, Fernando/Sor, Fernando - Etude No. 9 Opus 35.gp4.tokens.txt",DadaGP,Num:{'4'},"S/Sor, Fernando/Sor, Fernando - Etude No. 9 Opus 35.gp4.tokens.txt"
"Fernando Sor - Sonata No. 4 in C, Second Grand Sonata, Op. 25: iii. Theme with Variations","S/Sor, Fernando/Sor, Fernando - Grand Sonata.gp4.tokens.txt",DadaGP,Num:{'4'},"S/Sor, Fernando/Sor, Fernando - Grand Sonata.gp4.tokens.txt"
"Fernando Sor - Sonata No. 4 in C, Second Grand Sonata, Op. 25: iii. Theme with Variations","S/Sor, Fernando/Sor, Fernando - Op. 31 - No 1 (Study In C Major).gp4.tokens.txt",DadaGP,Num:{'4'},"S/Sor, Fernando/Sor, Fernando - Op. 31 - No 1 (Study In C Major).gp4.tokens.txt"
"Fernando Sor - Sonata No. 4 in C, Second Grand Sonata, Op. 25: iii. Theme with Variations","S/Sor, Fernando/Sor, Fernando - Op. 44 - No 22 (study In A Minor).gp4.tokens.txt",DadaGP,Num:{'4'},"S/Sor, Fernando/Sor, Fernando - Op. 44 - No 22 (study In A Minor).gp4.tokens.txt"
"Fernando Sor - Sonata No. 4 in C, Second Grand Sonata, Op. 25: iii. Theme with Variations","S/Sor, Fernando/Sor, Fernando - Op. 60 - No 1 (study In C Major).gp4.tokens.txt",DadaGP,Num:{'4'},"S/Sor, Fernando/Sor, Fernando - Op. 60 - No 1 (study In C Major).gp4.tokens.txt"
"Fernando Sor - Sonata No. 4 in C, Second Grand Sonata, Op. 25: iii. Theme with Variations","S/Sor, Fernando/Sor, Fernando - Op. 60 - No 2 (study In C Major).gp4.tokens.txt",DadaGP,Num:{'4'},"S/Sor, Fernando/Sor, Fernando - Op. 60 - No 2 (study In C Major).gp4.tokens.txt"
"Fernando Sor - Sonata No. 4 in C, Second Grand Sonata, Op. 25: iii. Theme with Variations","S/Sor, Fernando/Sor, Fernando - Op. 60 - No 5 (study In A Minor).gp4.tokens.txt",DadaGP,Num:{'4'},"S/Sor, Fernando/Sor, Fernando - Op. 60 - No 5 (study In A Minor).gp4.tokens.txt"
"Fernando Sor - Sonata No. 4 in C, Second Grand Sonata, Op. 25: iii. Theme with Variations","S/Sor, Fernando/Sor, Fernando - Op. 60 - No 6 (study In A Minor).gp4.tokens.txt",DadaGP,Num:{'4'},"S/Sor, Fernando/Sor, Fernando - Op. 60 - No 6 (study In A Minor).gp4.tokens.txt"
"Fernando Sor - Sonata No. 4 in C, Second Grand Sonata, Op. 25: iii. Theme with Variations","S/Sor, Fernando/Sor, Fernando - Sonate In C (Op.15B).gp4.tokens.txt",DadaGP,Num:{'4'},"S/Sor, Fernando/Sor, Fernando - Sonate In C (Op.15B).gp4.tokens.txt"
"Fernando Sor - Sonata No. 4 in C, Second Grand Sonata, Op. 25: iii. Theme with Variations","S/Sor, Fernando/Sor, Fernando - Study In D Minor (poco Allegretto).gp4.tokens.txt",DadaGP,Num:{'4'},"S/Sor, Fernando/Sor, Fernando - Study In D Minor (poco Allegretto).gp4.tokens.txt"
"Fernando Sor - Sonata No. 4 in C, Second Grand Sonata, Op. 25: iii. Theme with Variations","S/Sor, Fernando/Sor, Fernando - Study No. 16.gp4.tokens.txt",DadaGP,Num:{'4'},"S/Sor, Fernando/Sor, Fernando - Study No. 16.gp4.tokens.txt"
"Fernando Sor - Sonata No. 4 in C, Second Grand Sonata, Op. 25: iii. Theme with Variations","S/Sor, Fernando/Sor, Fernando - Study No. 19.gp4.tokens.txt",DadaGP,Num:{'4'},"S/Sor, Fernando/Sor, Fernando - Study No. 19.gp4.tokens.txt"
"Fernando Sor - Sonata No. 4 in C, Second Grand Sonata, Op. 25: iii. Theme with Variations","S/Sor, Fernando/Sor, Fernando - Variations in Tremolo, From Op.21.gp4.tokens.txt",DadaGP,Num:{'4'},"S/Sor, Fernando/Sor, Fernando - Variations in Tremolo, From Op.21.gp4.tokens.txt"
"Fernando Sor - Sonata No. 4 in C, Second Grand Sonata, Op. 25: iv. Minuet and Trio","S/Sor, Fernando/Sor, Fernando - Encouragement Cantabile Op.34.gp4.tokens.txt",DadaGP,Num:{'4'},"S/Sor, Fernando/Sor, Fernando - Encouragement Cantabile Op.34.gp4.tokens.txt"
"Fernando Sor - Sonata No. 4 in C, Second Grand Sonata, Op. 25: iv. Minuet and Trio","S/Sor, Fernando/Sor, Fernando - Estudio 3 (Op. 6, No. 2).gp4.tokens.txt",DadaGP,Num:{'4'},"S/Sor, Fernando/Sor, Fernando - Estudio 3 (Op. 6, No. 2).gp4.tokens.txt"
"Fernando Sor - Sonata No. 4 in C, Second Grand Sonata, Op. 25: iv. Minuet and Trio","S/Sor, Fernando/Sor, Fernando - Estudio No. 10.gp4.tokens.txt",DadaGP,Num:{'4'},"S/Sor, Fernando/Sor, Fernando - Estudio No. 10.gp4.tokens.txt"
"Fernando Sor - Sonata No. 4 in C, Second Grand Sonata, Op. 25: iv. Minuet and Trio","S/Sor, Fernando/Sor, Fernando - Estudio No. 18.gp4.tokens.txt",DadaGP,Num:{'4'},"S/Sor, Fernando/Sor, Fernando - Estudio No. 18.gp4.tokens.txt"
"Fernando Sor - Sonata No. 4 in C, Second Grand Sonata, Op. 25: iv. Minuet and Trio","S/Sor, Fernando/Sor, Fernando - Estudio No. 3.gp4.tokens.txt",DadaGP,Num:{'4'},"S/Sor, Fernando/Sor, Fernando - Estudio No. 3.gp4.tokens.txt"
"Fernando Sor - Sonata No. 4 in C, Second Grand Sonata, Op. 25: iv. Minuet and Trio","S/Sor, Fernando/Sor, Fernando - Etude No 9, Opus 31.gp4.tokens.txt",DadaGP,Num:{'4'},"S/Sor, Fernando/Sor, Fernando - Etude No 9, Opus 31.gp4.tokens.txt"
"Fernando Sor - Sonata No. 4 in C, Second Grand Sonata, Op. 25: iv. Minuet and Trio","S/Sor, Fernando/Sor, Fernando - Etude No. 13.gp4.tokens.txt",DadaGP,Num:{'4'},"S/Sor, Fernando/Sor, Fernando - Etude No. 13.gp4.tokens.txt"
"Fernando Sor - Sonata No. 4 in C, Second Grand Sonata, Op. 25: iv. Minuet and Trio","S/Sor, Fernando/Sor, Fernando - Etude No. 9 Opus 35.gp4.tokens.txt",DadaGP,Num:{'4'},"S/Sor, Fernando/Sor, Fernando - Etude No. 9 Opus 35.gp4.tokens.txt"
"Fernando Sor - Sonata No. 4 in C, Second Grand Sonata, Op. 25: iv. Minuet and Trio","S/Sor, Fernando/Sor, Fernando - Grand Sonata.gp4.tokens.txt",DadaGP,Num:{'4'},"S/Sor, Fernando/Sor, Fernando - Grand Sonata.gp4.tokens.txt"
"Fernando Sor - Sonata No. 4 in C, Second Grand Sonata, Op. 25: iv. Minuet and Trio","S/Sor, Fernando/Sor, Fernando - Op. 31 - No 1 (Study In C Major).gp4.tokens.txt",DadaGP,Num:{'4'},"S/Sor, Fernando/Sor, Fernando - Op. 31 - No 1 (Study In C Major).gp4.tokens.txt"
"Fernando Sor - Sonata No. 4 in C, Second Grand Sonata, Op. 25: iv. Minuet and Trio","S/Sor, Fernando/Sor, Fernando - Op. 44 - No 22 (study In A Minor).gp4.tokens.txt",DadaGP,Num:{'4'},"S/Sor, Fernando/Sor, Fernando - Op. 44 - No 22 (study In A Minor).gp4.tokens.txt"
"Fernando Sor - Sonata No. 4 in C, Second Grand Sonata, Op. 25: iv. Minuet and Trio","S/Sor, Fernando/Sor, Fernando - Op. 60 - No 1 (study In C Major).gp4.tokens.txt",DadaGP,Num:{'4'},"S/Sor, Fernando/Sor, Fernando - Op. 60 - No 1 (study In C Major).gp4.tokens.txt"
"Fernando Sor - Sonata No. 4 in C, Second Grand Sonata, Op. 25: iv. Minuet and Trio","S/Sor, Fernando/Sor, Fernando - Op. 60 - No 2 (study In C Major).gp4.tokens.txt",DadaGP,Num:{'4'},"S/Sor, Fernando/Sor, Fernando - Op. 60 - No 2 (study In C Major).gp4.tokens.txt"
"Fernando Sor - Sonata No. 4 in C, Second Grand Sonata, Op. 25: iv. Minuet and Trio","S/Sor, Fernando/Sor, Fernando - Op. 60 - No 5 (study In A Minor).gp4.tokens.txt",DadaGP,Num:{'4'},"S/Sor, Fernando/Sor, Fernando - Op. 60 - No 5 (study In A Minor).gp4.tokens.txt"
"Fernando Sor - Sonata No. 4 in C, Second Grand Sonata, Op. 25: iv. Minuet and Trio","S/Sor, Fernando/Sor, Fernando - Op. 60 - No 6 (study In A Minor).gp4.tokens.txt",DadaGP,Num:{'4'},"S/Sor, Fernando/Sor, Fernando - Op. 60 - No 6 (study In A Minor).gp4.tokens.txt"
"Fernando Sor - Sonata No. 4 in C, Second Grand Sonata, Op. 25: iv. Minuet and Trio","S/Sor, Fernando/Sor, Fernando - Sonate In C (Op.15B).gp4.tokens.txt",DadaGP,Num:{'4'},"S/Sor, Fernando/Sor, Fernando - Sonate In C (Op.15B).gp4.tokens.txt"
"Fernando Sor - Sonata No. 4 in C, Second Grand Sonata, Op. 25: iv. Minuet and Trio","S/Sor, Fernando/Sor, Fernando - Study In D Minor (poco Allegretto).gp4.tokens.txt",DadaGP,Num:{'4'},"S/Sor, Fernando/Sor, Fernando - Study In D Minor (poco Allegretto).gp4.tokens.txt"
"Fernando Sor - Sonata No. 4 in C, Second Grand Sonata, Op. 25: iv. Minuet and Trio","S/Sor, Fernando/Sor, Fernando - Study No. 16.gp4.tokens.txt",DadaGP,Num:{'4'},"S/Sor, Fernando/Sor, Fernando - Study No. 16.gp4.tokens.txt"
"Fernando Sor - Sonata No. 4 in C, Second Grand Sonata, Op. 25: iv. Minuet and Trio","S/Sor, Fernando/Sor, Fernando - Study No. 19.gp4.tokens.txt",DadaGP,Num:{'4'},"S/Sor, Fernando/Sor, Fernando - Study No. 19.gp4.tokens.txt"
"Fernando Sor - Sonata No. 4 in C, Second Grand Sonata, Op. 25: iv. Minuet and Trio","S/Sor, Fernando/Sor, Fernando - Variations in Tremolo, From Op.21.gp4.tokens.txt",DadaGP,Num:{'4'},"S/Sor, Fernando/Sor, Fernando - Variations in Tremolo, From Op.21.gp4.tokens.txt"
"Mauro Giuliani - Sonatine, Op. 71 no. 1: i. Maestoso","G/Giuliani, Mauro/Giuliani, Mauro - Op. 50 No. 1.gp3.tokens.txt",DadaGP,Num:{'1'},"G/Giuliani, Mauro/Giuliani, Mauro - Op. 50 No. 1.gp3.tokens.txt"
"Mauro Giuliani - Sonatine, Op. 71 no. 1: ii. Menuetto and Trio","G/Giuliani, Mauro/Giuliani, Mauro - Op. 50 No. 1.gp3.tokens.txt",DadaGP,Num:{'1'},"G/Giuliani, Mauro/Giuliani, Mauro - Op. 50 No. 1.gp3.tokens.txt"
"Mauro Giuliani - Sonatine, Op. 71 no. 1: iii. Rondo","G/Giuliani, Mauro/Giuliani, Mauro - Op. 50 No. 1.gp3.tokens.txt",DadaGP,Num:{'1'},"G/Giuliani, Mauro/Giuliani, Mauro - Op. 50 No. 1.gp3.tokens.txt"
"Fernando Sor - Studio in Si Minore, Op. 35 no. 22","S/Sor, Fernando/Sor, Fernando - Etude No. 9 Opus 35.gp4.tokens.txt",DadaGP,Num:{'35'},"S/Sor, Fernando/Sor, Fernando - Etude No. 9 Opus 35.gp4.tokens.txt"
"Fernando Sor - Studio in Si Minore, Op. 35 no. 22","S/Sor, Fernando/Sor, Fernando - Op. 44 - No 22 (study In A Minor).gp4.tokens.txt",DadaGP,Num:{'22'},"S/Sor, Fernando/Sor, Fernando - Op. 44 - No 22 (study In A Minor).gp4.tokens.txt"
Dionisio Aguado - Study,"A/Aguado, Dionso/Aguado, Dionso - Study in A minor.gp3.tokens.txt",DadaGP,Words:1/1,"A/Aguado, Dionso/Aguado, Dionso - Study in A minor.gp3.tokens.txt"
Dionisio Aguado - Study,"A/Aguado, Dionso/Aguado, Dionso - Study in Andante.gp3.tokens.txt",DadaGP,Words:1/1,"A/Aguado, Dionso/Aguado, Dionso - Study in Andante.gp3.tokens.txt"
Dionisio Aguado - Study in A Minor,"A/Aguado, Dionso/Aguado, Dionso - EtAde in A-Moll.gp3.tokens.txt",DadaGP,Words:2/4,"A/Aguado, Dionso/Aguado, Dionso - EtAde in A-Moll.gp3.tokens.txt"
Dionisio Aguado - Study in A Minor,"A/Aguado, Dionso/Aguado, Dionso - Study in A minor.gp3.tokens.txt",DadaGP,Words:4/4,"A/Aguado, Dionso/Aguado, Dionso - Study in A minor.gp3.tokens.txt"
Dionisio Aguado - Study in A Minor,"A/Aguado, Dionso/Aguado, Dionso - Study in Andante.gp3.tokens.txt",DadaGP,Words:3/4,"A/Aguado, Dionso/Aguado, Dionso - Study in Andante.gp3.tokens.txt"
Dionisio Aguado - Study in A Minor,"A/Aguado, Dionso/Aguado, Dionso - Two Pieces in G.gp3.tokens.txt",DadaGP,Words:2/4,"A/Aguado, Dionso/Aguado, Dionso - Two Pieces in G.gp3.tokens.txt"
"Fernando Sor - Study in A, Op. 44 no. 20","S/Sor, Fernando/Sor, Fernando - Andante (Op.44).gp3.tokens.txt",DadaGP,Num:{'44'},"S/Sor, Fernando/Sor, Fernando - Andante (Op.44).gp3.tokens.txt"
"Fernando Sor - Study in A, Op. 44 no. 20","S/Sor, Fernando/Sor, Fernando - Op. 31 - No 1 (Study In C Major).gp4.tokens.txt",DadaGP,Words:4/7,"S/Sor, Fernando/Sor, Fernando - Op. 31 - No 1 (Study In C Major).gp4.tokens.txt"
"Fernando Sor - Study in A, Op. 44 no. 20","S/Sor, Fernando/Sor, Fernando - Op. 44 - No 22 (study In A Minor).gp4.tokens.txt",DadaGP,Num:{'44'},"S/Sor, Fernando/Sor, Fernando - Op. 44 - No 22 (study In A Minor).gp4.tokens.txt"
"Fernando Sor - Study in A, Op. 44 no. 20","S/Sor, Fernando/Sor, Fernando - Op. 60 - No 1 (study In C Major).gp4.tokens.txt",DadaGP,Words:4/7,"S/Sor, Fernando/Sor, Fernando - Op. 60 - No 1 (study In C Major).gp4.tokens.txt"
"Fernando Sor - Study in A, Op. 44 no. 20","S/Sor, Fernando/Sor, Fernando - Op. 60 - No 2 (study In C Major).gp4.tokens.txt",DadaGP,Words:4/7,"S/Sor, Fernando/Sor, Fernando - Op. 60 - No 2 (study In C Major).gp4.tokens.txt"
"Fernando Sor - Study in A, Op. 44 no. 20","S/Sor, Fernando/Sor, Fernando - Op. 60 - No 5 (study In A Minor).gp4.tokens.txt",DadaGP,Words:5/7,"S/Sor, Fernando/Sor, Fernando - Op. 60 - No 5 (study In A Minor).gp4.tokens.txt"
"Fernando Sor - Study in A, Op. 44 no. 20","S/Sor, Fernando/Sor, Fernando - Op. 60 - No 6 (study In A Minor).gp4.tokens.txt",DadaGP,Words:5/7,"S/Sor, Fernando/Sor, Fernando - Op. 60 - No 6 (study In A Minor).gp4.tokens.txt"
"Fernando Sor - Study in B Minor, Op. 31 No. 18","S/Sor, Fernando/Sor, Fernando - Estudio No. 18.gp4.tokens.txt",DadaGP,Num:{'18'},"S/Sor, Fernando/Sor, Fernando - Estudio No. 18.gp4.tokens.txt"
"Fernando Sor - Study in B Minor, Op. 31 No. 18","S/Sor, Fernando/Sor, Fernando - Etude No 9, Opus 31.gp4.tokens.txt",DadaGP,Num:{'31'},"S/Sor, Fernando/Sor, Fernando - Etude No 9, Opus 31.gp4.tokens.txt"
"Fernando Sor - Study in B Minor, Op. 31 No. 18","S/Sor, Fernando/Sor, Fernando - Op. 31 - No 1 (Study In C Major).gp4.tokens.txt",DadaGP,Num:{'31'},"S/Sor, Fernando/Sor, Fernando - Op. 31 - No 1 (Study In C Major).gp4.tokens.txt"
"Fernando Sor - Study in B Minor, Op. 31 No. 18","S/Sor, Fernando/Sor, Fernando - Op. 44 - No 22 (study In A Minor).gp4.tokens.txt",DadaGP,Words:5/8,"S/Sor, Fernando/Sor, Fernando - Op. 44 - No 22 (study In A Minor).gp4.tokens.txt"
"Fernando Sor - Study in B Minor, Op. 31 No. 18","S/Sor, Fernando/Sor, Fernando - Op. 60 - No 1 (study In C Major).gp4.tokens.txt",DadaGP,Words:4/8,"S/Sor, Fernando/Sor, Fernando - Op. 60 - No 1 (study In C Major).gp4.tokens.txt"
"Fernando Sor - Study in B Minor, Op. 31 No. 18","S/Sor, Fernando/Sor, Fernando - Op. 60 - No 2 (study In C Major).gp4.tokens.txt",DadaGP,Words:4/8,"S/Sor, Fernando/Sor, Fernando - Op. 60 - No 2 (study In C Major).gp4.tokens.txt"
"Fernando Sor - Study in B Minor, Op. 31 No. 18","S/Sor, Fernando/Sor, Fernando - Op. 60 - No 5 (study In A Minor).gp4.tokens.txt",DadaGP,Words:5/8,"S/Sor, Fernando/Sor, Fernando - Op. 60 - No 5 (study In A Minor).gp4.tokens.txt"
"Fernando Sor - Study in B Minor, Op. 31 No. 18","S/Sor, Fernando/Sor, Fernando - Op. 60 - No 6 (study In A Minor).gp4.tokens.txt",DadaGP,Words:5/8,"S/Sor, Fernando/Sor, Fernando - Op. 60 - No 6 (study In A Minor).gp4.tokens.txt"
Dionisio Aguado - Study in D,"A/Aguado, Dionso/Aguado, Dionso - Study in A minor.gp3.tokens.txt",DadaGP,Words:2/3,"A/Aguado, Dionso/Aguado, Dionso - Study in A minor.gp3.tokens.txt"
Dionisio Aguado - Study in D,"A/Aguado, Dionso/Aguado, Dionso - Study in Andante.gp3.tokens.txt",DadaGP,Words:2/3,"A/Aguado, Dionso/Aguado, Dionso - Study in Andante.gp3.tokens.txt"
Dionisio Aguado - Study in E Major,"A/Aguado, Dionso/Aguado, Dionso - Study in A minor.gp3.tokens.txt",DadaGP,Words:2/4,"A/Aguado, Dionso/Aguado, Dionso - Study in A minor.gp3.tokens.txt"
Dionisio Aguado - Study in E Major,"A/Aguado, Dionso/Aguado, Dionso - Study in Andante.gp3.tokens.txt",DadaGP,Words:2/4,"A/Aguado, Dionso/Aguado, Dionso - Study in Andante.gp3.tokens.txt"
Francisco Tarrega - Study in E minor,"T/Tarrega, Francisco/Tarrega, Francisco - Etude In E Minor (2).gp3.tokens.txt",DadaGP,Words:3/4,"T/Tarrega, Francisco/Tarrega, Francisco - Etude In E Minor (2).gp3.tokens.txt"
Francisco Tarrega - Study in E minor,"T/Tarrega, Francisco/Tarrega, Francisco - Etude In E Minor.gp3.tokens.txt",DadaGP,Words:3/4,"T/Tarrega, Francisco/Tarrega, Francisco - Etude In E Minor.gp3.tokens.txt"
Francisco Tarrega - Study in E minor,"T/Tarrega, Francisco/Tarrega, Francisco - Study in A.gp3.tokens.txt",DadaGP,Words:2/4,"T/Tarrega, Francisco/Tarrega, Francisco - Study in A.gp3.tokens.txt"
Francisco Tarrega - Study in E minor,"T/Tarrega, Francisco/Tarrega, Francisco - Study in D.gp3.tokens.txt",DadaGP,Words:2/4,"T/Tarrega, Francisco/Tarrega, Francisco - Study in D.gp3.tokens.txt"
Francisco Tarrega - Study in E minor,"T/Tarrega, Francisco/Tarrega, Francisco - Study in G.gp3.tokens.txt",DadaGP,Words:2/4,"T/Tarrega, Francisco/Tarrega, Francisco - Study in G.gp3.tokens.txt"
Dionisio Aguado - Study in E Minor,"A/Aguado, Dionso/Aguado, Dionso - Study in A minor.gp3.tokens.txt",DadaGP,Words:3/4,"A/Aguado, Dionso/Aguado, Dionso - Study in A minor.gp3.tokens.txt"
Dionisio Aguado - Study in E Minor,"A/Aguado, Dionso/Aguado, Dionso - Study in Andante.gp3.tokens.txt",DadaGP,Words:2/4,"A/Aguado, Dionso/Aguado, Dionso - Study in Andante.gp3.tokens.txt"
Dionisio Aguado - Study in E minor,"A/Aguado, Dionso/Aguado, Dionso - Study in A minor.gp3.tokens.txt",DadaGP,Words:3/4,"A/Aguado, Dionso/Aguado, Dionso - Study in A minor.gp3.tokens.txt"
Dionisio Aguado - Study in E minor,"A/Aguado, Dionso/Aguado, Dionso - Study in Andante.gp3.tokens.txt",DadaGP,Words:2/4,"A/Aguado, Dionso/Aguado, Dionso - Study in Andante.gp3.tokens.txt"
"Fernando Sor - Study in E Minor, Op. 35 no. 18","S/Sor, Fernando/Sor, Fernando - Estudio No. 18.gp4.tokens.txt",DadaGP,Num:{'18'},"S/Sor, Fernando/Sor, Fernando - Estudio No. 18.gp4.tokens.txt"
"Fernando Sor - Study in E Minor, Op. 35 no. 18","S/Sor, Fernando/Sor, Fernando - Etude No. 9 Opus 35.gp4.tokens.txt",DadaGP,Num:{'35'},"S/Sor, Fernando/Sor, Fernando - Etude No. 9 Opus 35.gp4.tokens.txt"
"Fernando Sor - Study in E Minor, Op. 35 no. 18","S/Sor, Fernando/Sor, Fernando - Op. 31 - No 1 (Study In C Major).gp4.tokens.txt",DadaGP,Words:4/8,"S/Sor, Fernando/Sor, Fernando - Op. 31 - No 1 (Study In C Major).gp4.tokens.txt"
"Fernando Sor - Study in E Minor, Op. 35 no. 18","S/Sor, Fernando/Sor, Fernando - Op. 44 - No 22 (study In A Minor).gp4.tokens.txt",DadaGP,Words:5/8,"S/Sor, Fernando/Sor, Fernando - Op. 44 - No 22 (study In A Minor).gp4.tokens.txt"
"Fernando Sor - Study in E Minor, Op. 35 no. 18","S/Sor, Fernando/Sor, Fernando - Op. 60 - No 1 (study In C Major).gp4.tokens.txt",DadaGP,Words:4/8,"S/Sor, Fernando/Sor, Fernando - Op. 60 - No 1 (study In C Major).gp4.tokens.txt"
"Fernando Sor - Study in E Minor, Op. 35 no. 18","S/Sor, Fernando/Sor, Fernando - Op. 60 - No 2 (study In C Major).gp4.tokens.txt",DadaGP,Words:4/8,"S/Sor, Fernando/Sor, Fernando - Op. 60 - No 2 (study In C Major).gp4.tokens.txt"
"Fernando Sor - Study in E Minor, Op. 35 no. 18","S/Sor, Fernando/Sor, Fernando - Op. 60 - No 5 (study In A Minor).gp4.tokens.txt",DadaGP,Words:5/8,"S/Sor, Fernando/Sor, Fernando - Op. 60 - No 5 (study In A Minor).gp4.tokens.txt"
"Fernando Sor - Study in E Minor, Op. 35 no. 18","S/Sor, Fernando/Sor, Fernando - Op. 60 - No 6 (study In A Minor).gp4.tokens.txt",DadaGP,Words:5/8,"S/Sor, Fernando/Sor, Fernando - Op. 60 - No 6 (study In A Minor).gp4.tokens.txt"
"Fernando Sor - Study in E Minor, Op. 35 no. 24","S/Sor, Fernando/Sor, Fernando - Etude No. 9 Opus 35.gp4.tokens.txt",DadaGP,Num:{'35'},"S/Sor, Fernando/Sor, Fernando - Etude No. 9 Opus 35.gp4.tokens.txt"
"Fernando Sor - Study in E Minor, Op. 35 no. 24","S/Sor, Fernando/Sor, Fernando - Op. 31 - No 1 (Study In C Major).gp4.tokens.txt",DadaGP,Words:4/8,"S/Sor, Fernando/Sor, Fernando - Op. 31 - No 1 (Study In C Major).gp4.tokens.txt"
"Fernando Sor - Study in E Minor, Op. 35 no. 24","S/Sor, Fernando/Sor, Fernando - Op. 44 - No 22 (study In A Minor).gp4.tokens.txt",DadaGP,Words:5/8,"S/Sor, Fernando/Sor, Fernando - Op. 44 - No 22 (study In A Minor).gp4.tokens.txt"
"Fernando Sor - Study in E Minor, Op. 35 no. 24","S/Sor, Fernando/Sor, Fernando - Op. 60 - No 1 (study In C Major).gp4.tokens.txt",DadaGP,Words:4/8,"S/Sor, Fernando/Sor, Fernando - Op. 60 - No 1 (study In C Major).gp4.tokens.txt"
"Fernando Sor - Study in E Minor, Op. 35 no. 24","S/Sor, Fernando/Sor, Fernando - Op. 60 - No 2 (study In C Major).gp4.tokens.txt",DadaGP,Words:4/8,"S/Sor, Fernando/Sor, Fernando - Op. 60 - No 2 (study In C Major).gp4.tokens.txt"
"Fernando Sor - Study in E Minor, Op. 35 no. 24","S/Sor, Fernando/Sor, Fernando - Op. 60 - No 5 (study In A Minor).gp4.tokens.txt",DadaGP,Words:5/8,"S/Sor, Fernando/Sor, Fernando - Op. 60 - No 5 (study In A Minor).gp4.tokens.txt"
"Fernando Sor - Study in E Minor, Op. 35 no. 24","S/Sor, Fernando/Sor, Fernando - Op. 60 - No 6 (study In A Minor).gp4.tokens.txt",DadaGP,Words:5/8,"S/Sor, Fernando/Sor, Fernando - Op. 60 - No 6 (study In A Minor).gp4.tokens.txt"
"Fernando Sor - Study in E, Op. 35 no. 8","S/Sor, Fernando/Sor, Fernando - Etude No. 9 Opus 35.gp4.tokens.txt",DadaGP,Num:{'35'},"S/Sor, Fernando/Sor, Fernando - Etude No. 9 Opus 35.gp4.tokens.txt"
"Fernando Sor - Study in E, Op. 35 no. 8","S/Sor, Fernando/Sor, Fernando - Op. 31 - No 1 (Study In C Major).gp4.tokens.txt",DadaGP,Words:4/7,"S/Sor, Fernando/Sor, Fernando - Op. 31 - No 1 (Study In C Major).gp4.tokens.txt"
"Fernando Sor - Study in E, Op. 35 no. 8","S/Sor, Fernando/Sor, Fernando - Op. 44 - No 22 (study In A Minor).gp4.tokens.txt",DadaGP,Words:4/7,"S/Sor, Fernando/Sor, Fernando - Op. 44 - No 22 (study In A Minor).gp4.tokens.txt"
"Fernando Sor - Study in E, Op. 35 no. 8","S/Sor, Fernando/Sor, Fernando - Op. 60 - No 1 (study In C Major).gp4.tokens.txt",DadaGP,Words:4/7,"S/Sor, Fernando/Sor, Fernando - Op. 60 - No 1 (study In C Major).gp4.tokens.txt"
"Fernando Sor - Study in E, Op. 35 no. 8","S/Sor, Fernando/Sor, Fernando - Op. 60 - No 2 (study In C Major).gp4.tokens.txt",DadaGP,Words:4/7,"S/Sor, Fernando/Sor, Fernando - Op. 60 - No 2 (study In C Major).gp4.tokens.txt"
"Fernando Sor - Study in E, Op. 35 no. 8","S/Sor, Fernando/Sor, Fernando - Op. 60 - No 5 (study In A Minor).gp4.tokens.txt",DadaGP,Words:4/7,"S/Sor, Fernando/Sor, Fernando - Op. 60 - No 5 (study In A Minor).gp4.tokens.txt"
"Fernando Sor - Study in E, Op. 35 no. 8","S/Sor, Fernando/Sor, Fernando - Op. 60 - No 6 (study In A Minor).gp4.tokens.txt",DadaGP,Words:4/7,"S/Sor, Fernando/Sor, Fernando - Op. 60 - No 6 (study In A Minor).gp4.tokens.txt"
"Fernando Sor - Study in E, Op. 44 no. 3","S/Sor, Fernando/Sor, Fernando - Andante (Op.44).gp3.tokens.txt",DadaGP,"Num:{'44', '3'}","S/Sor, Fernando/Sor, Fernando - Andante (Op.44).gp3.tokens.txt"
"Fernando Sor - Study in E, Op. 44 no. 3","S/Sor, Fernando/Sor, Fernando - Andantino (op.60).gp3.tokens.txt",DadaGP,Num:{'3'},"S/Sor, Fernando/Sor, Fernando - Andantino (op.60).gp3.tokens.txt"
"Fernando Sor - Study in E, Op. 44 no. 3","S/Sor, Fernando/Sor, Fernando - Estudio 3 (Op. 6, No. 2).gp4.tokens.txt",DadaGP,Num:{'3'},"S/Sor, Fernando/Sor, Fernando - Estudio 3 (Op. 6, No. 2).gp4.tokens.txt"
"Fernando Sor - Study in E, Op. 44 no. 3","S/Sor, Fernando/Sor, Fernando - Estudio No. 3.gp4.tokens.txt",DadaGP,Num:{'3'},"S/Sor, Fernando/Sor, Fernando - Estudio No. 3.gp4.tokens.txt"
"Fernando Sor - Study in E, Op. 44 no. 3","S/Sor, Fernando/Sor, Fernando - Estudio No. III.gp3.tokens.txt",DadaGP,Num:{'3'},"S/Sor, Fernando/Sor, Fernando - Estudio No. III.gp3.tokens.txt"
"Fernando Sor - Study in E, Op. 44 no. 3","S/Sor, Fernando/Sor, Fernando - Estudio No. IV.gp3.tokens.txt",DadaGP,Num:{'3'},"S/Sor, Fernando/Sor, Fernando - Estudio No. IV.gp3.tokens.txt"
"Fernando Sor - Study in E, Op. 44 no. 3","S/Sor, Fernando/Sor, Fernando - Estudio No. V.gp3.tokens.txt",DadaGP,Num:{'3'},"S/Sor, Fernando/Sor, Fernando - Estudio No. V.gp3.tokens.txt"
"Fernando Sor - Study in E, Op. 44 no. 3","S/Sor, Fernando/Sor, Fernando - Etude in D.gp3.tokens.txt",DadaGP,Num:{'3'},"S/Sor, Fernando/Sor, Fernando - Etude in D.gp3.tokens.txt"
"Fernando Sor - Study in E, Op. 44 no. 3","S/Sor, Fernando/Sor, Fernando - Op. 31 - No 1 (Study In C Major).gp4.tokens.txt",DadaGP,Words:4/7,"S/Sor, Fernando/Sor, Fernando - Op. 31 - No 1 (Study In C Major).gp4.tokens.txt"
"Fernando Sor - Study in E, Op. 44 no. 3","S/Sor, Fernando/Sor, Fernando - Op. 44 - No 22 (study In A Minor).gp4.tokens.txt",DadaGP,Num:{'44'},"S/Sor, Fernando/Sor, Fernando - Op. 44 - No 22 (study In A Minor).gp4.tokens.txt"
"Fernando Sor - Study in E, Op. 44 no. 3","S/Sor, Fernando/Sor, Fernando - Op. 60 - No 1 (study In C Major).gp4.tokens.txt",DadaGP,Words:4/7,"S/Sor, Fernando/Sor, Fernando - Op. 60 - No 1 (study In C Major).gp4.tokens.txt"
"Fernando Sor - Study in E, Op. 44 no. 3","S/Sor, Fernando/Sor, Fernando - Op. 60 - No 2 (study In C Major).gp4.tokens.txt",DadaGP,Words:4/7,"S/Sor, Fernando/Sor, Fernando - Op. 60 - No 2 (study In C Major).gp4.tokens.txt"
"Fernando Sor - Study in E, Op. 44 no. 3","S/Sor, Fernando/Sor, Fernando - Op. 60 - No 5 (study In A Minor).gp4.tokens.txt",DadaGP,Words:4/7,"S/Sor, Fernando/Sor, Fernando - Op. 60 - No 5 (study In A Minor).gp4.tokens.txt"
"Fernando Sor - Study in E, Op. 44 no. 3","S/Sor, Fernando/Sor, Fernando - Op. 60 - No 6 (study In A Minor).gp4.tokens.txt",DadaGP,Words:4/7,"S/Sor, Fernando/Sor, Fernando - Op. 60 - No 6 (study In A Minor).gp4.tokens.txt"
"Fernando Sor - Study in E, Op. 44 no. 3","S/Sor, Fernando/Sor, Fernando - Study in Bm.gp3.tokens.txt",DadaGP,Num:{'3'},"S/Sor, Fernando/Sor, Fernando - Study in Bm.gp3.tokens.txt"
"Fernando Sor - Study in E, Op. 44 no. 3","S/Sor, Fernando/Sor, Fernando - Study in C.gp3.tokens.txt",DadaGP,Num:{'3'},"S/Sor, Fernando/Sor, Fernando - Study in C.gp3.tokens.txt"
Dionisio Aguado - Study in G,"A/Aguado, Dionso/Aguado, Dionso - Study in A minor.gp3.tokens.txt",DadaGP,Words:2/3,"A/Aguado, Dionso/Aguado, Dionso - Study in A minor.gp3.tokens.txt"
Dionisio Aguado - Study in G,"A/Aguado, Dionso/Aguado, Dionso - Study in Andante.gp3.tokens.txt",DadaGP,Words:2/3,"A/Aguado, Dionso/Aguado, Dionso - Study in Andante.gp3.tokens.txt"
Dionisio Aguado - Study in G,"A/Aguado, Dionso/Aguado, Dionso - Two Pieces in G.gp3.tokens.txt",DadaGP,Words:2/3,"A/Aguado, Dionso/Aguado, Dionso - Two Pieces in G.gp3.tokens.txt"
Fernando Sor - Study No. 1,"S/Sor, Fernando/Sor, Fernando - Estudio 1.gp3.tokens.txt",DadaGP,Num:{'1'},"S/Sor, Fernando/Sor, Fernando - Estudio 1.gp3.tokens.txt"
Fernando Sor - Study No. 1,"S/Sor, Fernando/Sor, Fernando - Nr.1 (Six Valses).gp4.tokens.txt",DadaGP,Num:{'1'},"S/Sor, Fernando/Sor, Fernando - Nr.1 (Six Valses).gp4.tokens.txt"
Fernando Sor - Study No. 1,"S/Sor, Fernando/Sor, Fernando - Op. 31 - No 1 (Study In C Major).gp4.tokens.txt",DadaGP,Num:{'1'},"S/Sor, Fernando/Sor, Fernando - Op. 31 - No 1 (Study In C Major).gp4.tokens.txt"
Fernando Sor - Study No. 1,"S/Sor, Fernando/Sor, Fernando - Op. 44 - No 22 (study In A Minor).gp4.tokens.txt",DadaGP,Words:2/3,"S/Sor, Fernando/Sor, Fernando - Op. 44 - No 22 (study In A Minor).gp4.tokens.txt"
Fernando Sor - Study No. 1,"S/Sor, Fernando/Sor, Fernando - Op. 60 - No 1 (study In C Major).gp4.tokens.txt",DadaGP,Num:{'1'},"S/Sor, Fernando/Sor, Fernando - Op. 60 - No 1 (study In C Major).gp4.tokens.txt"
Fernando Sor - Study No. 1,"S/Sor, Fernando/Sor, Fernando - Op. 60 - No 2 (study In C Major).gp4.tokens.txt",DadaGP,Words:2/3,"S/Sor, Fernando/Sor, Fernando - Op. 60 - No 2 (study In C Major).gp4.tokens.txt"
Fernando Sor - Study No. 1,"S/Sor, Fernando/Sor, Fernando - Op. 60 - No 5 (study In A Minor).gp4.tokens.txt",DadaGP,Words:2/3,"S/Sor, Fernando/Sor, Fernando - Op. 60 - No 5 (study In A Minor).gp4.tokens.txt"
Fernando Sor - Study No. 1,"S/Sor, Fernando/Sor, Fernando - Op. 60 - No 6 (study In A Minor).gp4.tokens.txt",DadaGP,Words:2/3,"S/Sor, Fernando/Sor, Fernando - Op. 60 - No 6 (study In A Minor).gp4.tokens.txt"
Fernando Sor - Study No. 1,"S/Sor, Fernando/Sor, Fernando - Study No. 16.gp4.tokens.txt",DadaGP,Words:2/3,"S/Sor, Fernando/Sor, Fernando - Study No. 16.gp4.tokens.txt"
Fernando Sor - Study No. 1,"S/Sor, Fernando/Sor, Fernando - Study No. 19.gp4.tokens.txt",DadaGP,Words:2/3,"S/Sor, Fernando/Sor, Fernando - Study No. 19.gp4.tokens.txt"
Fernando Sor - Study No. 2,"S/Sor, Fernando/Sor, Fernando - Estudio 2.gp3.tokens.txt",DadaGP,Num:{'2'},"S/Sor, Fernando/Sor, Fernando - Estudio 2.gp3.tokens.txt"
Fernando Sor - Study No. 2,"S/Sor, Fernando/Sor, Fernando - Estudio 2.gp4.tokens.txt",DadaGP,Num:{'2'},"S/Sor, Fernando/Sor, Fernando - Estudio 2.gp4.tokens.txt"
Fernando Sor - Study No. 2,"S/Sor, Fernando/Sor, Fernando - Estudio 3 (Op. 6, No. 2).gp4.tokens.txt",DadaGP,Num:{'2'},"S/Sor, Fernando/Sor, Fernando - Estudio 3 (Op. 6, No. 2).gp4.tokens.txt"
Fernando Sor - Study No. 2,"S/Sor, Fernando/Sor, Fernando - Op. 31 - No 1 (Study In C Major).gp4.tokens.txt",DadaGP,Words:2/3,"S/Sor, Fernando/Sor, Fernando - Op. 31 - No 1 (Study In C Major).gp4.tokens.txt"
Fernando Sor - Study No. 2,"S/Sor, Fernando/Sor, Fernando - Op. 44 - No 22 (study In A Minor).gp4.tokens.txt",DadaGP,Words:2/3,"S/Sor, Fernando/Sor, Fernando - Op. 44 - No 22 (study In A Minor).gp4.tokens.txt"
Fernando Sor - Study No. 2,"S/Sor, Fernando/Sor, Fernando - Op. 60 - No 1 (study In C Major).gp4.tokens.txt",DadaGP,Words:2/3,"S/Sor, Fernando/Sor, Fernando - Op. 60 - No 1 (study In C Major).gp4.tokens.txt"
Fernando Sor - Study No. 2,"S/Sor, Fernando/Sor, Fernando - Op. 60 - No 2 (study In C Major).gp4.tokens.txt",DadaGP,Num:{'2'},"S/Sor, Fernando/Sor, Fernando - Op. 60 - No 2 (study In C Major).gp4.tokens.txt"
Fernando Sor - Study No. 2,"S/Sor, Fernando/Sor, Fernando - Op. 60 - No 5 (study In A Minor).gp4.tokens.txt",DadaGP,Words:2/3,"S/Sor, Fernando/Sor, Fernando - Op. 60 - No 5 (study In A Minor).gp4.tokens.txt"
Fernando Sor - Study No. 2,"S/Sor, Fernando/Sor, Fernando - Op. 60 - No 6 (study In A Minor).gp4.tokens.txt",DadaGP,Words:2/3,"S/Sor, Fernando/Sor, Fernando - Op. 60 - No 6 (study In A Minor).gp4.tokens.txt"
Fernando Sor - Study No. 2,"S/Sor, Fernando/Sor, Fernando - Study No. 16.gp4.tokens.txt",DadaGP,Words:2/3,"S/Sor, Fernando/Sor, Fernando - Study No. 16.gp4.tokens.txt"
Fernando Sor - Study No. 2,"S/Sor, Fernando/Sor, Fernando - Study No. 19.gp4.tokens.txt",DadaGP,Words:2/3,"S/Sor, Fernando/Sor, Fernando - Study No. 19.gp4.tokens.txt"
Mateo Carcassi - Study No. 23,"C/Carcassi, Mateo/Carcassi, Mateo - Opus 60 # 23.gp3.tokens.txt",DadaGP,Num:{'23'},"C/Carcassi, Mateo/Carcassi, Mateo - Opus 60 # 23.gp3.tokens.txt"
Fernando Sor - Study No. 3,"S/Sor, Fernando/Sor, Fernando - Estudio 3 (Op. 6, No. 2).gp4.tokens.txt",DadaGP,Num:{'3'},"S/Sor, Fernando/Sor, Fernando - Estudio 3 (Op. 6, No. 2).gp4.tokens.txt"
Fernando Sor - Study No. 3,"S/Sor, Fernando/Sor, Fernando - Estudio No. 3.gp4.tokens.txt",DadaGP,Num:{'3'},"S/Sor, Fernando/Sor, Fernando - Estudio No. 3.gp4.tokens.txt"
Fernando Sor - Study No. 3,"S/Sor, Fernando/Sor, Fernando - Estudio No. III.gp3.tokens.txt",DadaGP,Num:{'3'},"S/Sor, Fernando/Sor, Fernando - Estudio No. III.gp3.tokens.txt"
Fernando Sor - Study No. 3,"S/Sor, Fernando/Sor, Fernando - Estudio No. IV.gp3.tokens.txt",DadaGP,Num:{'3'},"S/Sor, Fernando/Sor, Fernando - Estudio No. IV.gp3.tokens.txt"
Fernando Sor - Study No. 3,"S/Sor, Fernando/Sor, Fernando - Estudio No. V.gp3.tokens.txt",DadaGP,Num:{'3'},"S/Sor, Fernando/Sor, Fernando - Estudio No. V.gp3.tokens.txt"
Fernando Sor - Study No. 3,"S/Sor, Fernando/Sor, Fernando - Op. 31 - No 1 (Study In C Major).gp4.tokens.txt",DadaGP,Words:2/3,"S/Sor, Fernando/Sor, Fernando - Op. 31 - No 1 (Study In C Major).gp4.tokens.txt"
Fernando Sor - Study No. 3,"S/Sor, Fernando/Sor, Fernando - Op. 44 - No 22 (study In A Minor).gp4.tokens.txt",DadaGP,Words:2/3,"S/Sor, Fernando/Sor, Fernando - Op. 44 - No 22 (study In A Minor).gp4.tokens.txt"
Fernando Sor - Study No. 3,"S/Sor, Fernando/Sor, Fernando - Op. 60 - No 1 (study In C Major).gp4.tokens.txt",DadaGP,Words:2/3,"S/Sor, Fernando/Sor, Fernando - Op. 60 - No 1 (study In C Major).gp4.tokens.txt"
Fernando Sor - Study No. 3,"S/Sor, Fernando/Sor, Fernando - Op. 60 - No 2 (study In C Major).gp4.tokens.txt",DadaGP,Words:2/3,"S/Sor, Fernando/Sor, Fernando - Op. 60 - No 2 (study In C Major).gp4.tokens.txt"
Fernando Sor - Study No. 3,"S/Sor, Fernando/Sor, Fernando - Op. 60 - No 5 (study In A Minor).gp4.tokens.txt",DadaGP,Words:2/3,"S/Sor, Fernando/Sor, Fernando - Op. 60 - No 5 (study In A Minor).gp4.tokens.txt"
Fernando Sor - Study No. 3,"S/Sor, Fernando/Sor, Fernando - Op. 60 - No 6 (study In A Minor).gp4.tokens.txt",DadaGP,Words:2/3,"S/Sor, Fernando/Sor, Fernando - Op. 60 - No 6 (study In A Minor).gp4.tokens.txt"
Fernando Sor - Study No. 3,"S/Sor, Fernando/Sor, Fernando - Study No. 16.gp4.tokens.txt",DadaGP,Words:2/3,"S/Sor, Fernando/Sor, Fernando - Study No. 16.gp4.tokens.txt"
Fernando Sor - Study No. 3,"S/Sor, Fernando/Sor, Fernando - Study No. 19.gp4.tokens.txt",DadaGP,Words:2/3,"S/Sor, Fernando/Sor, Fernando - Study No. 19.gp4.tokens.txt"
Fernando Sor - Study No. 3,"S/Sor, Fernando/Sor, Fernando - Study in Bm.gp3.tokens.txt",DadaGP,Num:{'3'},"S/Sor, Fernando/Sor, Fernando - Study in Bm.gp3.tokens.txt"
Fernando Sor - Study No. 3,"S/Sor, Fernando/Sor, Fernando - Study in C.gp3.tokens.txt",DadaGP,Num:{'3'},"S/Sor, Fernando/Sor, Fernando - Study in C.gp3.tokens.txt"
Fernando Sor - Study No. 5,"S/Sor, Fernando/Sor, Fernando - Op. 31 - No 1 (Study In C Major).gp4.tokens.txt",DadaGP,Words:2/3,"S/Sor, Fernando/Sor, Fernando - Op. 31 - No 1 (Study In C Major).gp4.tokens.txt"
Fernando Sor - Study No. 5,"S/Sor, Fernando/Sor, Fernando - Op. 44 - No 22 (study In A Minor).gp4.tokens.txt",DadaGP,Words:2/3,"S/Sor, Fernando/Sor, Fernando - Op. 44 - No 22 (study In A Minor).gp4.tokens.txt"
Fernando Sor - Study No. 5,"S/Sor, Fernando/Sor, Fernando - Op. 60 - No 1 (study In C Major).gp4.tokens.txt",DadaGP,Words:2/3,"S/Sor, Fernando/Sor, Fernando - Op. 60 - No 1 (study In C Major).gp4.tokens.txt"
Fernando Sor - Study No. 5,"S/Sor, Fernando/Sor, Fernando - Op. 60 - No 2 (study In C Major).gp4.tokens.txt",DadaGP,Words:2/3,"S/Sor, Fernando/Sor, Fernando - Op. 60 - No 2 (study In C Major).gp4.tokens.txt"
Fernando Sor - Study No. 5,"S/Sor, Fernando/Sor, Fernando - Op. 60 - No 5 (study In A Minor).gp4.tokens.txt",DadaGP,Num:{'5'},"S/Sor, Fernando/Sor, Fernando - Op. 60 - No 5 (study In A Minor).gp4.tokens.txt"
Fernando Sor - Study No. 5,"S/Sor, Fernando/Sor, Fernando - Op. 60 - No 6 (study In A Minor).gp4.tokens.txt",DadaGP,Words:2/3,"S/Sor, Fernando/Sor, Fernando - Op. 60 - No 6 (study In A Minor).gp4.tokens.txt"
Fernando Sor - Study No. 5,"S/Sor, Fernando/Sor, Fernando - Study No. 16.gp4.tokens.txt",DadaGP,Words:2/3,"S/Sor, Fernando/Sor, Fernando - Study No. 16.gp4.tokens.txt"
Fernando Sor - Study No. 5,"S/Sor, Fernando/Sor, Fernando - Study No. 19.gp4.tokens.txt",DadaGP,Words:2/3,"S/Sor, Fernando/Sor, Fernando - Study No. 19.gp4.tokens.txt"
Fernando Sor - Study No. 6,"S/Sor, Fernando/Sor, Fernando - Estudio 3 (Op. 6, No. 2).gp4.tokens.txt",DadaGP,Num:{'6'},"S/Sor, Fernando/Sor, Fernando - Estudio 3 (Op. 6, No. 2).gp4.tokens.txt"
Fernando Sor - Study No. 6,"S/Sor, Fernando/Sor, Fernando - Etude N-6 En Re Majeur.gp4.tokens.txt",DadaGP,Num:{'6'},"S/Sor, Fernando/Sor, Fernando - Etude N-6 En Re Majeur.gp4.tokens.txt"
Fernando Sor - Study No. 6,"S/Sor, Fernando/Sor, Fernando - Op. 31 - No 1 (Study In C Major).gp4.tokens.txt",DadaGP,Words:2/3,"S/Sor, Fernando/Sor, Fernando - Op. 31 - No 1 (Study In C Major).gp4.tokens.txt"
Fernando Sor - Study No. 6,"S/Sor, Fernando/Sor, Fernando - Op. 44 - No 22 (study In A Minor).gp4.tokens.txt",DadaGP,Words:2/3,"S/Sor, Fernando/Sor, Fernando - Op. 44 - No 22 (study In A Minor).gp4.tokens.txt"
Fernando Sor - Study No. 6,"S/Sor, Fernando/Sor, Fernando - Op. 60 - No 1 (study In C Major).gp4.tokens.txt",DadaGP,Words:2/3,"S/Sor, Fernando/Sor, Fernando - Op. 60 - No 1 (study In C Major).gp4.tokens.txt"
Fernando Sor - Study No. 6,"S/Sor, Fernando/Sor, Fernando - Op. 60 - No 2 (study In C Major).gp4.tokens.txt",DadaGP,Words:2/3,"S/Sor, Fernando/Sor, Fernando - Op. 60 - No 2 (study In C Major).gp4.tokens.txt"
Fernando Sor - Study No. 6,"S/Sor, Fernando/Sor, Fernando - Op. 60 - No 5 (study In A Minor).gp4.tokens.txt",DadaGP,Words:2/3,"S/Sor, Fernando/Sor, Fernando - Op. 60 - No 5 (study In A Minor).gp4.tokens.txt"
Fernando Sor - Study No. 6,"S/Sor, Fernando/Sor, Fernando - Op. 60 - No 6 (study In A Minor).gp4.tokens.txt",DadaGP,Num:{'6'},"S/Sor, Fernando/Sor, Fernando - Op. 60 - No 6 (study In A Minor).gp4.tokens.txt"
Fernando Sor - Study No. 6,"S/Sor, Fernando/Sor, Fernando - Study No. 16.gp4.tokens.txt",DadaGP,Words:2/3,"S/Sor, Fernando/Sor, Fernando - Study No. 16.gp4.tokens.txt"
Fernando Sor - Study No. 6,"S/Sor, Fernando/Sor, Fernando - Study No. 19.gp4.tokens.txt",DadaGP,Words:2/3,"S/Sor, Fernando/Sor, Fernando - Study No. 19.gp4.tokens.txt"
Matteo Carcassi - Study No. 7,"C/Carcassi, Mateo/Carcassi, Mateo - Etude op 60 no 7.gp3.tokens.txt",DadaGP,Num:{'7'},"C/Carcassi, Mateo/Carcassi, Mateo - Etude op 60 no 7.gp3.tokens.txt"
Matteo Carcassi - Study No. 7,"C/Carcassi, Mateo/Carcassi, Mateo - Etude opus 60 n-7.gp3.tokens.txt",DadaGP,Num:{'7'},"C/Carcassi, Mateo/Carcassi, Mateo - Etude opus 60 n-7.gp3.tokens.txt"
Fernando Sor - Study No. 8,"S/Sor, Fernando/Sor, Fernando - Op. 31 - No 1 (Study In C Major).gp4.tokens.txt",DadaGP,Words:2/3,"S/Sor, Fernando/Sor, Fernando - Op. 31 - No 1 (Study In C Major).gp4.tokens.txt"
Fernando Sor - Study No. 8,"S/Sor, Fernando/Sor, Fernando - Op. 44 - No 22 (study In A Minor).gp4.tokens.txt",DadaGP,Words:2/3,"S/Sor, Fernando/Sor, Fernando - Op. 44 - No 22 (study In A Minor).gp4.tokens.txt"
Fernando Sor - Study No. 8,"S/Sor, Fernando/Sor, Fernando - Op. 60 - No 1 (study In C Major).gp4.tokens.txt",DadaGP,Words:2/3,"S/Sor, Fernando/Sor, Fernando - Op. 60 - No 1 (study In C Major).gp4.tokens.txt"
Fernando Sor - Study No. 8,"S/Sor, Fernando/Sor, Fernando - Op. 60 - No 2 (study In C Major).gp4.tokens.txt",DadaGP,Words:2/3,"S/Sor, Fernando/Sor, Fernando - Op. 60 - No 2 (study In C Major).gp4.tokens.txt"
Fernando Sor - Study No. 8,"S/Sor, Fernando/Sor, Fernando - Op. 60 - No 5 (study In A Minor).gp4.tokens.txt",DadaGP,Words:2/3,"S/Sor, Fernando/Sor, Fernando - Op. 60 - No 5 (study In A Minor).gp4.tokens.txt"
Fernando Sor - Study No. 8,"S/Sor, Fernando/Sor, Fernando - Op. 60 - No 6 (study In A Minor).gp4.tokens.txt",DadaGP,Words:2/3,"S/Sor, Fernando/Sor, Fernando - Op. 60 - No 6 (study In A Minor).gp4.tokens.txt"
Fernando Sor - Study No. 8,"S/Sor, Fernando/Sor, Fernando - Study No. 16.gp4.tokens.txt",DadaGP,Words:2/3,"S/Sor, Fernando/Sor, Fernando - Study No. 16.gp4.tokens.txt"
Fernando Sor - Study No. 8,"S/Sor, Fernando/Sor, Fernando - Study No. 19.gp4.tokens.txt",DadaGP,Words:2/3,"S/Sor, Fernando/Sor, Fernando - Study No. 19.gp4.tokens.txt"
Fernando Sor - Study No. 9,"S/Sor, Fernando/Sor, Fernando - Etude No 9, Opus 31.gp4.tokens.txt",DadaGP,Num:{'9'},"S/Sor, Fernando/Sor, Fernando - Etude No 9, Opus 31.gp4.tokens.txt"
Fernando Sor - Study No. 9,"S/Sor, Fernando/Sor, Fernando - Etude No. 9 Opus 35.gp4.tokens.txt",DadaGP,Num:{'9'},"S/Sor, Fernando/Sor, Fernando - Etude No. 9 Opus 35.gp4.tokens.txt"
Fernando Sor - Study No. 9,"S/Sor, Fernando/Sor, Fernando - Op. 31 - No 1 (Study In C Major).gp4.tokens.txt",DadaGP,Words:2/3,"S/Sor, Fernando/Sor, Fernando - Op. 31 - No 1 (Study In C Major).gp4.tokens.txt"
Fernando Sor - Study No. 9,"S/Sor, Fernando/Sor, Fernando - Op. 44 - No 22 (study In A Minor).gp4.tokens.txt",DadaGP,Words:2/3,"S/Sor, Fernando/Sor, Fernando - Op. 44 - No 22 (study In A Minor).gp4.tokens.txt"
Fernando Sor - Study No. 9,"S/Sor, Fernando/Sor, Fernando - Op. 60 - No 1 (study In C Major).gp4.tokens.txt",DadaGP,Words:2/3,"S/Sor, Fernando/Sor, Fernando - Op. 60 - No 1 (study In C Major).gp4.tokens.txt"
Fernando Sor - Study No. 9,"S/Sor, Fernando/Sor, Fernando - Op. 60 - No 2 (study In C Major).gp4.tokens.txt",DadaGP,Words:2/3,"S/Sor, Fernando/Sor, Fernando - Op. 60 - No 2 (study In C Major).gp4.tokens.txt"
Fernando Sor - Study No. 9,"S/Sor, Fernando/Sor, Fernando - Op. 60 - No 5 (study In A Minor).gp4.tokens.txt",DadaGP,Words:2/3,"S/Sor, Fernando/Sor, Fernando - Op. 60 - No 5 (study In A Minor).gp4.tokens.txt"
Fernando Sor - Study No. 9,"S/Sor, Fernando/Sor, Fernando - Op. 60 - No 6 (study In A Minor).gp4.tokens.txt",DadaGP,Words:2/3,"S/Sor, Fernando/Sor, Fernando - Op. 60 - No 6 (study In A Minor).gp4.tokens.txt"
Fernando Sor - Study No. 9,"S/Sor, Fernando/Sor, Fernando - Study No. 16.gp4.tokens.txt",DadaGP,Words:2/3,"S/Sor, Fernando/Sor, Fernando - Study No. 16.gp4.tokens.txt"
Fernando Sor - Study No. 9,"S/Sor, Fernando/Sor, Fernando - Study No. 19.gp4.tokens.txt",DadaGP,Words:2/3,"S/Sor, Fernando/Sor, Fernando - Study No. 19.gp4.tokens.txt"
"Fernando Sor - Study, 31 no. 17","S/Sor, Fernando/Sor, Fernando - Etude No 9, Opus 31.gp4.tokens.txt",DadaGP,Num:{'31'},"S/Sor, Fernando/Sor, Fernando - Etude No 9, Opus 31.gp4.tokens.txt"
"Fernando Sor - Study, 31 no. 17","S/Sor, Fernando/Sor, Fernando - Op. 31 - No 1 (Study In C Major).gp4.tokens.txt",DadaGP,Num:{'31'},"S/Sor, Fernando/Sor, Fernando - Op. 31 - No 1 (Study In C Major).gp4.tokens.txt"
"Fernando Sor - Study, 31 no. 17","S/Sor, Fernando/Sor, Fernando - Op. 44 - No 22 (study In A Minor).gp4.tokens.txt",DadaGP,Words:2/4,"S/Sor, Fernando/Sor, Fernando - Op. 44 - No 22 (study In A Minor).gp4.tokens.txt"
"Fernando Sor - Study, 31 no. 17","S/Sor, Fernando/Sor, Fernando - Op. 60 - No 1 (study In C Major).gp4.tokens.txt",DadaGP,Words:2/4,"S/Sor, Fernando/Sor, Fernando - Op. 60 - No 1 (study In C Major).gp4.tokens.txt"
"Fernando Sor - Study, 31 no. 17","S/Sor, Fernando/Sor, Fernando - Op. 60 - No 2 (study In C Major).gp4.tokens.txt",DadaGP,Words:2/4,"S/Sor, Fernando/Sor, Fernando - Op. 60 - No 2 (study In C Major).gp4.tokens.txt"
"Fernando Sor - Study, 31 no. 17","S/Sor, Fernando/Sor, Fernando - Op. 60 - No 5 (study In A Minor).gp4.tokens.txt",DadaGP,Words:2/4,"S/Sor, Fernando/Sor, Fernando - Op. 60 - No 5 (study In A Minor).gp4.tokens.txt"
"Fernando Sor - Study, 31 no. 17","S/Sor, Fernando/Sor, Fernando - Op. 60 - No 6 (study In A Minor).gp4.tokens.txt",DadaGP,Words:2/4,"S/Sor, Fernando/Sor, Fernando - Op. 60 - No 6 (study In A Minor).gp4.tokens.txt"
"Fernando Sor - Study, 31 no. 17","S/Sor, Fernando/Sor, Fernando - Study No. 16.gp4.tokens.txt",DadaGP,Words:2/4,"S/Sor, Fernando/Sor, Fernando - Study No. 16.gp4.tokens.txt"
"Fernando Sor - Study, 31 no. 17","S/Sor, Fernando/Sor, Fernando - Study No. 19.gp4.tokens.txt",DadaGP,Words:2/4,"S/Sor, Fernando/Sor, Fernando - Study No. 19.gp4.tokens.txt"
"Mauro Giuliani - Study, Op. 1 no. 10","G/Giuliani, Mauro/Giuliani, Mauro - Op. 50 No. 1.gp3.tokens.txt",DadaGP,Num:{'1'},"G/Giuliani, Mauro/Giuliani, Mauro - Op. 50 No. 1.gp3.tokens.txt"
"Mauro Giuliani - Study, Op. 1 no. 10","G/Giuliani, Mauro/Giuliani, Mauro - Op. 50 No.3.gp3.tokens.txt",DadaGP,Words:2/5,"G/Giuliani, Mauro/Giuliani, Mauro - Op. 50 No.3.gp3.tokens.txt"
"Mauro Giuliani - Study, Op. 1 no. 10","G/Giuliani, Mauro/Giuliani, Mauro - Study No. 3.gp4.tokens.txt",DadaGP,Words:2/5,"G/Giuliani, Mauro/Giuliani, Mauro - Study No. 3.gp4.tokens.txt"
"Mauro Giuliani - Study, Op. 1 no. 11","G/Giuliani, Mauro/Giuliani, Mauro - Op. 50 No. 1.gp3.tokens.txt",DadaGP,Num:{'1'},"G/Giuliani, Mauro/Giuliani, Mauro - Op. 50 No. 1.gp3.tokens.txt"
"Mauro Giuliani - Study, Op. 1 no. 11","G/Giuliani, Mauro/Giuliani, Mauro - Op. 50 No.3.gp3.tokens.txt",DadaGP,Words:2/5,"G/Giuliani, Mauro/Giuliani, Mauro - Op. 50 No.3.gp3.tokens.txt"
"Mauro Giuliani - Study, Op. 1 no. 11","G/Giuliani, Mauro/Giuliani, Mauro - Opera 100 N. 11.gp4.tokens.txt",DadaGP,Num:{'11'},"G/Giuliani, Mauro/Giuliani, Mauro - Opera 100 N. 11.gp4.tokens.txt"
"Mauro Giuliani - Study, Op. 1 no. 11","G/Giuliani, Mauro/Giuliani, Mauro - Study No. 3.gp4.tokens.txt",DadaGP,Words:2/5,"G/Giuliani, Mauro/Giuliani, Mauro - Study No. 3.gp4.tokens.txt"
"Mauro Giuliani - Study, Op. 1 no. 3","G/Giuliani, Mauro/Giuliani, Mauro - Op. 50 No. 1.gp3.tokens.txt",DadaGP,"Num:{'3', '1'}","G/Giuliani, Mauro/Giuliani, Mauro - Op. 50 No. 1.gp3.tokens.txt"
"Mauro Giuliani - Study, Op. 1 no. 3","G/Giuliani, Mauro/Giuliani, Mauro - Op. 50 No.3.gp3.tokens.txt",DadaGP,Num:{'3'},"G/Giuliani, Mauro/Giuliani, Mauro - Op. 50 No.3.gp3.tokens.txt"
"Mauro Giuliani - Study, Op. 1 no. 3","G/Giuliani, Mauro/Giuliani, Mauro - Study No. 3.gp4.tokens.txt",DadaGP,Num:{'3'},"G/Giuliani, Mauro/Giuliani, Mauro - Study No. 3.gp4.tokens.txt"
"Mauro Giuliani - Study, Op. 1 no. 6","G/Giuliani, Mauro/Giuliani, Mauro - Op. 50 No. 1.gp3.tokens.txt",DadaGP,Num:{'1'},"G/Giuliani, Mauro/Giuliani, Mauro - Op. 50 No. 1.gp3.tokens.txt"
"Mauro Giuliani - Study, Op. 1 no. 6","G/Giuliani, Mauro/Giuliani, Mauro - Op. 50 No.3.gp3.tokens.txt",DadaGP,Words:2/5,"G/Giuliani, Mauro/Giuliani, Mauro - Op. 50 No.3.gp3.tokens.txt"
"Mauro Giuliani - Study, Op. 1 no. 6","G/Giuliani, Mauro/Giuliani, Mauro - Study No. 3.gp4.tokens.txt",DadaGP,Words:2/5,"G/Giuliani, Mauro/Giuliani, Mauro - Study No. 3.gp4.tokens.txt"
"Mauro Giuliani - Study, Op. 1 no. 7","G/Giuliani, Mauro/Giuliani, Mauro - Op. 50 No. 1.gp3.tokens.txt",DadaGP,Num:{'1'},"G/Giuliani, Mauro/Giuliani, Mauro - Op. 50 No. 1.gp3.tokens.txt"
"Mauro Giuliani - Study, Op. 1 no. 7","G/Giuliani, Mauro/Giuliani, Mauro - Op. 50 No.3.gp3.tokens.txt",DadaGP,Words:2/5,"G/Giuliani, Mauro/Giuliani, Mauro - Op. 50 No.3.gp3.tokens.txt"
"Mauro Giuliani - Study, Op. 1 no. 7","G/Giuliani, Mauro/Giuliani, Mauro - Study No. 3.gp4.tokens.txt",DadaGP,Words:2/5,"G/Giuliani, Mauro/Giuliani, Mauro - Study No. 3.gp4.tokens.txt"
"Mauro Giuliani - Study, Op. 1 part III no. 1","G/Giuliani, Mauro/Giuliani, Mauro - Op. 50 No. 1.gp3.tokens.txt",DadaGP,Num:{'1'},"G/Giuliani, Mauro/Giuliani, Mauro - Op. 50 No. 1.gp3.tokens.txt"
"Mauro Giuliani - Study, Op. 1 part III no. 3","G/Giuliani, Mauro/Giuliani, Mauro - Op. 50 No. 1.gp3.tokens.txt",DadaGP,"Num:{'3', '1'}","G/Giuliani, Mauro/Giuliani, Mauro - Op. 50 No. 1.gp3.tokens.txt"
"Mauro Giuliani - Study, Op. 1 part III no. 3","G/Giuliani, Mauro/Giuliani, Mauro - Op. 50 No.3.gp3.tokens.txt",DadaGP,Num:{'3'},"G/Giuliani, Mauro/Giuliani, Mauro - Op. 50 No.3.gp3.tokens.txt"
"Mauro Giuliani - Study, Op. 1 part III no. 3","G/Giuliani, Mauro/Giuliani, Mauro - Study No. 3.gp4.tokens.txt",DadaGP,Num:{'3'},"G/Giuliani, Mauro/Giuliani, Mauro - Study No. 3.gp4.tokens.txt"
"Mauro Giuliani - Study, Op. 1 part III no. 7","G/Giuliani, Mauro/Giuliani, Mauro - Op. 50 No. 1.gp3.tokens.txt",DadaGP,Num:{'1'},"G/Giuliani, Mauro/Giuliani, Mauro - Op. 50 No. 1.gp3.tokens.txt"
"Mauro Giuliani - Study, Op. 111 no. 11","G/Giuliani, Mauro/Giuliani, Mauro - Op. 50 No. 1.gp3.tokens.txt",DadaGP,Words:2/5,"G/Giuliani, Mauro/Giuliani, Mauro - Op. 50 No. 1.gp3.tokens.txt"
"Mauro Giuliani - Study, Op. 111 no. 11","G/Giuliani, Mauro/Giuliani, Mauro - Op. 50 No.3.gp3.tokens.txt",DadaGP,Words:2/5,"G/Giuliani, Mauro/Giuliani, Mauro - Op. 50 No.3.gp3.tokens.txt"
"Mauro Giuliani - Study, Op. 111 no. 11","G/Giuliani, Mauro/Giuliani, Mauro - Opera 100 N. 11.gp4.tokens.txt",DadaGP,Num:{'11'},"G/Giuliani, Mauro/Giuliani, Mauro - Opera 100 N. 11.gp4.tokens.txt"
"Mauro Giuliani - Study, Op. 111 no. 11","G/Giuliani, Mauro/Giuliani, Mauro - Study No. 3.gp4.tokens.txt",DadaGP,Words:2/5,"G/Giuliani, Mauro/Giuliani, Mauro - Study No. 3.gp4.tokens.txt"
"Mauro Giuliani - Study, Op. 111 no. 9","G/Giuliani, Mauro/Giuliani, Mauro - Op. 50 No. 1.gp3.tokens.txt",DadaGP,Words:2/5,"G/Giuliani, Mauro/Giuliani, Mauro - Op. 50 No. 1.gp3.tokens.txt"
"Mauro Giuliani - Study, Op. 111 no. 9","G/Giuliani, Mauro/Giuliani, Mauro - Op. 50 No.3.gp3.tokens.txt",DadaGP,Words:2/5,"G/Giuliani, Mauro/Giuliani, Mauro - Op. 50 No.3.gp3.tokens.txt"
"Mauro Giuliani - Study, Op. 111 no. 9","G/Giuliani, Mauro/Giuliani, Mauro - Study No. 3.gp4.tokens.txt",DadaGP,Words:2/5,"G/Giuliani, Mauro/Giuliani, Mauro - Study No. 3.gp4.tokens.txt"
"Mauro Giuliani - Study, Op. 139 no. 1","G/Giuliani, Mauro/Giuliani, Mauro - Op. 50 No. 1.gp3.tokens.txt",DadaGP,Num:{'1'},"G/Giuliani, Mauro/Giuliani, Mauro - Op. 50 No. 1.gp3.tokens.txt"
"Mauro Giuliani - Study, Op. 139 no. 1","G/Giuliani, Mauro/Giuliani, Mauro - Op. 50 No.3.gp3.tokens.txt",DadaGP,Words:2/5,"G/Giuliani, Mauro/Giuliani, Mauro - Op. 50 No.3.gp3.tokens.txt"
"Mauro Giuliani - Study, Op. 139 no. 1","G/Giuliani, Mauro/Giuliani, Mauro - Study No. 3.gp4.tokens.txt",DadaGP,Words:2/5,"G/Giuliani, Mauro/Giuliani, Mauro - Study No. 3.gp4.tokens.txt"
"Mauro Giuliani - Study, Op. 139 no. 5","G/Giuliani, Mauro/Giuliani, Mauro - Op. 50 No. 1.gp3.tokens.txt",DadaGP,Words:2/5,"G/Giuliani, Mauro/Giuliani, Mauro - Op. 50 No. 1.gp3.tokens.txt"
"Mauro Giuliani - Study, Op. 139 no. 5","G/Giuliani, Mauro/Giuliani, Mauro - Op. 50 No.3.gp3.tokens.txt",DadaGP,Words:2/5,"G/Giuliani, Mauro/Giuliani, Mauro - Op. 50 No.3.gp3.tokens.txt"
"Mauro Giuliani - Study, Op. 139 no. 5","G/Giuliani, Mauro/Giuliani, Mauro - Study No. 3.gp4.tokens.txt",DadaGP,Words:2/5,"G/Giuliani, Mauro/Giuliani, Mauro - Study No. 3.gp4.tokens.txt"
"Mauro Giuliani - Study, Op. 139 no. 6","G/Giuliani, Mauro/Giuliani, Mauro - Op. 50 No. 1.gp3.tokens.txt",DadaGP,Words:2/5,"G/Giuliani, Mauro/Giuliani, Mauro - Op. 50 No. 1.gp3.tokens.txt"
"Mauro Giuliani - Study, Op. 139 no. 6","G/Giuliani, Mauro/Giuliani, Mauro - Op. 50 No.3.gp3.tokens.txt",DadaGP,Words:2/5,"G/Giuliani, Mauro/Giuliani, Mauro - Op. 50 No.3.gp3.tokens.txt"
"Mauro Giuliani - Study, Op. 139 no. 6","G/Giuliani, Mauro/Giuliani, Mauro - Study No. 3.gp4.tokens.txt",DadaGP,Words:2/5,"G/Giuliani, Mauro/Giuliani, Mauro - Study No. 3.gp4.tokens.txt"
"Fernando Sor - Study, Op. 29 no. 13","S/Sor, Fernando/Sor, Fernando - Estudio 3 (Op. 6, No. 2).gp4.tokens.txt",DadaGP,Words:2/5,"S/Sor, Fernando/Sor, Fernando - Estudio 3 (Op. 6, No. 2).gp4.tokens.txt"
"Fernando Sor - Study, Op. 29 no. 13","S/Sor, Fernando/Sor, Fernando - Etude No. 13.gp4.tokens.txt",DadaGP,Num:{'13'},"S/Sor, Fernando/Sor, Fernando - Etude No. 13.gp4.tokens.txt"
"Fernando Sor - Study, Op. 29 no. 13","S/Sor, Fernando/Sor, Fernando - Op. 31 - No 1 (Study In C Major).gp4.tokens.txt",DadaGP,Words:3/5,"S/Sor, Fernando/Sor, Fernando - Op. 31 - No 1 (Study In C Major).gp4.tokens.txt"
"Fernando Sor - Study, Op. 29 no. 13","S/Sor, Fernando/Sor, Fernando - Op. 44 - No 22 (study In A Minor).gp4.tokens.txt",DadaGP,Words:3/5,"S/Sor, Fernando/Sor, Fernando - Op. 44 - No 22 (study In A Minor).gp4.tokens.txt"
"Fernando Sor - Study, Op. 29 no. 13","S/Sor, Fernando/Sor, Fernando - Op. 60 - No 1 (study In C Major).gp4.tokens.txt",DadaGP,Words:3/5,"S/Sor, Fernando/Sor, Fernando - Op. 60 - No 1 (study In C Major).gp4.tokens.txt"
"Fernando Sor - Study, Op. 29 no. 13","S/Sor, Fernando/Sor, Fernando - Op. 60 - No 2 (study In C Major).gp4.tokens.txt",DadaGP,Words:3/5,"S/Sor, Fernando/Sor, Fernando - Op. 60 - No 2 (study In C Major).gp4.tokens.txt"
"Fernando Sor - Study, Op. 29 no. 13","S/Sor, Fernando/Sor, Fernando - Op. 60 - No 5 (study In A Minor).gp4.tokens.txt",DadaGP,Words:3/5,"S/Sor, Fernando/Sor, Fernando - Op. 60 - No 5 (study In A Minor).gp4.tokens.txt"
"Fernando Sor - Study, Op. 29 no. 13","S/Sor, Fernando/Sor, Fernando - Op. 60 - No 6 (study In A Minor).gp4.tokens.txt",DadaGP,Words:3/5,"S/Sor, Fernando/Sor, Fernando - Op. 60 - No 6 (study In A Minor).gp4.tokens.txt"
"Fernando Sor - Study, Op. 29 no. 13","S/Sor, Fernando/Sor, Fernando - Study No. 16.gp4.tokens.txt",DadaGP,Words:2/5,"S/Sor, Fernando/Sor, Fernando - Study No. 16.gp4.tokens.txt"
"Fernando Sor - Study, Op. 29 no. 13","S/Sor, Fernando/Sor, Fernando - Study No. 19.gp4.tokens.txt",DadaGP,Words:2/5,"S/Sor, Fernando/Sor, Fernando - Study No. 19.gp4.tokens.txt"
"Fernando Sor - Study, Op. 29 no. 17","S/Sor, Fernando/Sor, Fernando - Estudio 3 (Op. 6, No. 2).gp4.tokens.txt",DadaGP,Words:2/5,"S/Sor, Fernando/Sor, Fernando - Estudio 3 (Op. 6, No. 2).gp4.tokens.txt"
"Fernando Sor - Study, Op. 29 no. 17","S/Sor, Fernando/Sor, Fernando - Op. 31 - No 1 (Study In C Major).gp4.tokens.txt",DadaGP,Words:3/5,"S/Sor, Fernando/Sor, Fernando - Op. 31 - No 1 (Study In C Major).gp4.tokens.txt"
"Fernando Sor - Study, Op. 29 no. 17","S/Sor, Fernando/Sor, Fernando - Op. 44 - No 22 (study In A Minor).gp4.tokens.txt",DadaGP,Words:3/5,"S/Sor, Fernando/Sor, Fernando - Op. 44 - No 22 (study In A Minor).gp4.tokens.txt"
"Fernando Sor - Study, Op. 29 no. 17","S/Sor, Fernando/Sor, Fernando - Op. 60 - No 1 (study In C Major).gp4.tokens.txt",DadaGP,Words:3/5,"S/Sor, Fernando/Sor, Fernando - Op. 60 - No 1 (study In C Major).gp4.tokens.txt"
"Fernando Sor - Study, Op. 29 no. 17","S/Sor, Fernando/Sor, Fernando - Op. 60 - No 2 (study In C Major).gp4.tokens.txt",DadaGP,Words:3/5,"S/Sor, Fernando/Sor, Fernando - Op. 60 - No 2 (study In C Major).gp4.tokens.txt"
"Fernando Sor - Study, Op. 29 no. 17","S/Sor, Fernando/Sor, Fernando - Op. 60 - No 5 (study In A Minor).gp4.tokens.txt",DadaGP,Words:3/5,"S/Sor, Fernando/Sor, Fernando - Op. 60 - No 5 (study In A Minor).gp4.tokens.txt"
"Fernando Sor - Study, Op. 29 no. 17","S/Sor, Fernando/Sor, Fernando - Op. 60 - No 6 (study In A Minor).gp4.tokens.txt",DadaGP,Words:3/5,"S/Sor, Fernando/Sor, Fernando - Op. 60 - No 6 (study In A Minor).gp4.tokens.txt"
"Fernando Sor - Study, Op. 29 no. 17","S/Sor, Fernando/Sor, Fernando - Study No. 16.gp4.tokens.txt",DadaGP,Words:2/5,"S/Sor, Fernando/Sor, Fernando - Study No. 16.gp4.tokens.txt"
"Fernando Sor - Study, Op. 29 no. 17","S/Sor, Fernando/Sor, Fernando - Study No. 19.gp4.tokens.txt",DadaGP,Words:2/5,"S/Sor, Fernando/Sor, Fernando - Study No. 19.gp4.tokens.txt"
"Fernando Sor - Study, Op. 29 no. 19","S/Sor, Fernando/Sor, Fernando - Estudio 3 (Op. 6, No. 2).gp4.tokens.txt",DadaGP,Words:2/5,"S/Sor, Fernando/Sor, Fernando - Estudio 3 (Op. 6, No. 2).gp4.tokens.txt"
"Fernando Sor - Study, Op. 29 no. 19","S/Sor, Fernando/Sor, Fernando - Op. 31 - No 1 (Study In C Major).gp4.tokens.txt",DadaGP,Words:3/5,"S/Sor, Fernando/Sor, Fernando - Op. 31 - No 1 (Study In C Major).gp4.tokens.txt"
"Fernando Sor - Study, Op. 29 no. 19","S/Sor, Fernando/Sor, Fernando - Op. 44 - No 22 (study In A Minor).gp4.tokens.txt",DadaGP,Words:3/5,"S/Sor, Fernando/Sor, Fernando - Op. 44 - No 22 (study In A Minor).gp4.tokens.txt"
"Fernando Sor - Study, Op. 29 no. 19","S/Sor, Fernando/Sor, Fernando - Op. 60 - No 1 (study In C Major).gp4.tokens.txt",DadaGP,Words:3/5,"S/Sor, Fernando/Sor, Fernando - Op. 60 - No 1 (study In C Major).gp4.tokens.txt"
"Fernando Sor - Study, Op. 29 no. 19","S/Sor, Fernando/Sor, Fernando - Op. 60 - No 2 (study In C Major).gp4.tokens.txt",DadaGP,Words:3/5,"S/Sor, Fernando/Sor, Fernando - Op. 60 - No 2 (study In C Major).gp4.tokens.txt"
"Fernando Sor - Study, Op. 29 no. 19","S/Sor, Fernando/Sor, Fernando - Op. 60 - No 5 (study In A Minor).gp4.tokens.txt",DadaGP,Words:3/5,"S/Sor, Fernando/Sor, Fernando - Op. 60 - No 5 (study In A Minor).gp4.tokens.txt"
"Fernando Sor - Study, Op. 29 no. 19","S/Sor, Fernando/Sor, Fernando - Op. 60 - No 6 (study In A Minor).gp4.tokens.txt",DadaGP,Words:3/5,"S/Sor, Fernando/Sor, Fernando - Op. 60 - No 6 (study In A Minor).gp4.tokens.txt"
"Fernando Sor - Study, Op. 29 no. 19","S/Sor, Fernando/Sor, Fernando - Study No. 16.gp4.tokens.txt",DadaGP,Words:2/5,"S/Sor, Fernando/Sor, Fernando - Study No. 16.gp4.tokens.txt"
"Fernando Sor - Study, Op. 29 no. 19","S/Sor, Fernando/Sor, Fernando - Study No. 19.gp4.tokens.txt",DadaGP,Num:{'19'},"S/Sor, Fernando/Sor, Fernando - Study No. 19.gp4.tokens.txt"
"Fernando Sor - Study, Op. 29 no. 23","S/Sor, Fernando/Sor, Fernando - Estudio 3 (Op. 6, No. 2).gp4.tokens.txt",DadaGP,Words:2/5,"S/Sor, Fernando/Sor, Fernando - Estudio 3 (Op. 6, No. 2).gp4.tokens.txt"
"Fernando Sor - Study, Op. 29 no. 23","S/Sor, Fernando/Sor, Fernando - Op. 31 - No 1 (Study In C Major).gp4.tokens.txt",DadaGP,Words:3/5,"S/Sor, Fernando/Sor, Fernando - Op. 31 - No 1 (Study In C Major).gp4.tokens.txt"
"Fernando Sor - Study, Op. 29 no. 23","S/Sor, Fernando/Sor, Fernando - Op. 44 - No 22 (study In A Minor).gp4.tokens.txt",DadaGP,Words:3/5,"S/Sor, Fernando/Sor, Fernando - Op. 44 - No 22 (study In A Minor).gp4.tokens.txt"
"Fernando Sor - Study, Op. 29 no. 23","S/Sor, Fernando/Sor, Fernando - Op. 60 - No 1 (study In C Major).gp4.tokens.txt",DadaGP,Words:3/5,"S/Sor, Fernando/Sor, Fernando - Op. 60 - No 1 (study In C Major).gp4.tokens.txt"
"Fernando Sor - Study, Op. 29 no. 23","S/Sor, Fernando/Sor, Fernando - Op. 60 - No 2 (study In C Major).gp4.tokens.txt",DadaGP,Words:3/5,"S/Sor, Fernando/Sor, Fernando - Op. 60 - No 2 (study In C Major).gp4.tokens.txt"
"Fernando Sor - Study, Op. 29 no. 23","S/Sor, Fernando/Sor, Fernando - Op. 60 - No 5 (study In A Minor).gp4.tokens.txt",DadaGP,Words:3/5,"S/Sor, Fernando/Sor, Fernando - Op. 60 - No 5 (study In A Minor).gp4.tokens.txt"
"Fernando Sor - Study, Op. 29 no. 23","S/Sor, Fernando/Sor, Fernando - Op. 60 - No 6 (study In A Minor).gp4.tokens.txt",DadaGP,Words:3/5,"S/Sor, Fernando/Sor, Fernando - Op. 60 - No 6 (study In A Minor).gp4.tokens.txt"
"Fernando Sor - Study, Op. 29 no. 23","S/Sor, Fernando/Sor, Fernando - Study No. 16.gp4.tokens.txt",DadaGP,Words:2/5,"S/Sor, Fernando/Sor, Fernando - Study No. 16.gp4.tokens.txt"
"Fernando Sor - Study, Op. 29 no. 23","S/Sor, Fernando/Sor, Fernando - Study No. 19.gp4.tokens.txt",DadaGP,Words:2/5,"S/Sor, Fernando/Sor, Fernando - Study No. 19.gp4.tokens.txt"
"Fernando Sor - Study, Op. 31 no. 10","S/Sor, Fernando/Sor, Fernando - Estudio 3 (Op. 6, No. 2).gp4.tokens.txt",DadaGP,Words:2/5,"S/Sor, Fernando/Sor, Fernando - Estudio 3 (Op. 6, No. 2).gp4.tokens.txt"
"Fernando Sor - Study, Op. 31 no. 10","S/Sor, Fernando/Sor, Fernando - Estudio No. 10.gp4.tokens.txt",DadaGP,Num:{'10'},"S/Sor, Fernando/Sor, Fernando - Estudio No. 10.gp4.tokens.txt"
"Fernando Sor - Study, Op. 31 no. 10","S/Sor, Fernando/Sor, Fernando - Etude No 9, Opus 31.gp4.tokens.txt",DadaGP,Num:{'31'},"S/Sor, Fernando/Sor, Fernando - Etude No 9, Opus 31.gp4.tokens.txt"
"Fernando Sor - Study, Op. 31 no. 10","S/Sor, Fernando/Sor, Fernando - Op. 31 - No 1 (Study In C Major).gp4.tokens.txt",DadaGP,Num:{'31'},"S/Sor, Fernando/Sor, Fernando - Op. 31 - No 1 (Study In C Major).gp4.tokens.txt"
"Fernando Sor - Study, Op. 31 no. 10","S/Sor, Fernando/Sor, Fernando - Op. 44 - No 22 (study In A Minor).gp4.tokens.txt",DadaGP,Words:3/5,"S/Sor, Fernando/Sor, Fernando - Op. 44 - No 22 (study In A Minor).gp4.tokens.txt"
"Fernando Sor - Study, Op. 31 no. 10","S/Sor, Fernando/Sor, Fernando - Op. 60 - No 1 (study In C Major).gp4.tokens.txt",DadaGP,Words:3/5,"S/Sor, Fernando/Sor, Fernando - Op. 60 - No 1 (study In C Major).gp4.tokens.txt"
"Fernando Sor - Study, Op. 31 no. 10","S/Sor, Fernando/Sor, Fernando - Op. 60 - No 2 (study In C Major).gp4.tokens.txt",DadaGP,Words:3/5,"S/Sor, Fernando/Sor, Fernando - Op. 60 - No 2 (study In C Major).gp4.tokens.txt"
"Fernando Sor - Study, Op. 31 no. 10","S/Sor, Fernando/Sor, Fernando - Op. 60 - No 5 (study In A Minor).gp4.tokens.txt",DadaGP,Words:3/5,"S/Sor, Fernando/Sor, Fernando - Op. 60 - No 5 (study In A Minor).gp4.tokens.txt"
"Fernando Sor - Study, Op. 31 no. 10","S/Sor, Fernando/Sor, Fernando - Op. 60 - No 6 (study In A Minor).gp4.tokens.txt",DadaGP,Words:3/5,"S/Sor, Fernando/Sor, Fernando - Op. 60 - No 6 (study In A Minor).gp4.tokens.txt"
"Fernando Sor - Study, Op. 31 no. 10","S/Sor, Fernando/Sor, Fernando - Study No. 16.gp4.tokens.txt",DadaGP,Words:2/5,"S/Sor, Fernando/Sor, Fernando - Study No. 16.gp4.tokens.txt"
"Fernando Sor - Study, Op. 31 no. 10","S/Sor, Fernando/Sor, Fernando - Study No. 19.gp4.tokens.txt",DadaGP,Words:2/5,"S/Sor, Fernando/Sor, Fernando - Study No. 19.gp4.tokens.txt"
"Fernando Sor - Study, Op. 31 no. 11","S/Sor, Fernando/Sor, Fernando - Estudio 3 (Op. 6, No. 2).gp4.tokens.txt",DadaGP,Words:2/5,"S/Sor, Fernando/Sor, Fernando - Estudio 3 (Op. 6, No. 2).gp4.tokens.txt"
"Fernando Sor - Study, Op. 31 no. 11","S/Sor, Fernando/Sor, Fernando - Etude No 9, Opus 31.gp4.tokens.txt",DadaGP,Num:{'31'},"S/Sor, Fernando/Sor, Fernando - Etude No 9, Opus 31.gp4.tokens.txt"
"Fernando Sor - Study, Op. 31 no. 11","S/Sor, Fernando/Sor, Fernando - Op. 31 - No 1 (Study In C Major).gp4.tokens.txt",DadaGP,Num:{'31'},"S/Sor, Fernando/Sor, Fernando - Op. 31 - No 1 (Study In C Major).gp4.tokens.txt"
"Fernando Sor - Study, Op. 31 no. 11","S/Sor, Fernando/Sor, Fernando - Op. 44 - No 22 (study In A Minor).gp4.tokens.txt",DadaGP,Words:3/5,"S/Sor, Fernando/Sor, Fernando - Op. 44 - No 22 (study In A Minor).gp4.tokens.txt"
"Fernando Sor - Study, Op. 31 no. 11","S/Sor, Fernando/Sor, Fernando - Op. 60 - No 1 (study In C Major).gp4.tokens.txt",DadaGP,Words:3/5,"S/Sor, Fernando/Sor, Fernando - Op. 60 - No 1 (study In C Major).gp4.tokens.txt"
"Fernando Sor - Study, Op. 31 no. 11","S/Sor, Fernando/Sor, Fernando - Op. 60 - No 2 (study In C Major).gp4.tokens.txt",DadaGP,Words:3/5,"S/Sor, Fernando/Sor, Fernando - Op. 60 - No 2 (study In C Major).gp4.tokens.txt"
"Fernando Sor - Study, Op. 31 no. 11","S/Sor, Fernando/Sor, Fernando - Op. 60 - No 5 (study In A Minor).gp4.tokens.txt",DadaGP,Words:3/5,"S/Sor, Fernando/Sor, Fernando - Op. 60 - No 5 (study In A Minor).gp4.tokens.txt"
"Fernando Sor - Study, Op. 31 no. 11","S/Sor, Fernando/Sor, Fernando - Op. 60 - No 6 (study In A Minor).gp4.tokens.txt",DadaGP,Words:3/5,"S/Sor, Fernando/Sor, Fernando - Op. 60 - No 6 (study In A Minor).gp4.tokens.txt"
"Fernando Sor - Study, Op. 31 no. 11","S/Sor, Fernando/Sor, Fernando - Study No. 16.gp4.tokens.txt",DadaGP,Words:2/5,"S/Sor, Fernando/Sor, Fernando - Study No. 16.gp4.tokens.txt"
"Fernando Sor - Study, Op. 31 no. 11","S/Sor, Fernando/Sor, Fernando - Study No. 19.gp4.tokens.txt",DadaGP,Words:2/5,"S/Sor, Fernando/Sor, Fernando - Study No. 19.gp4.tokens.txt"
"Fernando Sor - Study, Op. 31 no. 12","S/Sor, Fernando/Sor, Fernando - Estudio 3 (Op. 6, No. 2).gp4.tokens.txt",DadaGP,Words:2/5,"S/Sor, Fernando/Sor, Fernando - Estudio 3 (Op. 6, No. 2).gp4.tokens.txt"
"Fernando Sor - Study, Op. 31 no. 12","S/Sor, Fernando/Sor, Fernando - Estudio nss 12 en Sol M.gp3.tokens.txt",DadaGP,Num:{'12'},"S/Sor, Fernando/Sor, Fernando - Estudio nss 12 en Sol M.gp3.tokens.txt"
"Fernando Sor - Study, Op. 31 no. 12","S/Sor, Fernando/Sor, Fernando - Etude No 9, Opus 31.gp4.tokens.txt",DadaGP,Num:{'31'},"S/Sor, Fernando/Sor, Fernando - Etude No 9, Opus 31.gp4.tokens.txt"
"Fernando Sor - Study, Op. 31 no. 12","S/Sor, Fernando/Sor, Fernando - Op. 31 - No 1 (Study In C Major).gp4.tokens.txt",DadaGP,Num:{'31'},"S/Sor, Fernando/Sor, Fernando - Op. 31 - No 1 (Study In C Major).gp4.tokens.txt"
"Fernando Sor - Study, Op. 31 no. 12","S/Sor, Fernando/Sor, Fernando - Op. 44 - No 22 (study In A Minor).gp4.tokens.txt",DadaGP,Words:3/5,"S/Sor, Fernando/Sor, Fernando - Op. 44 - No 22 (study In A Minor).gp4.tokens.txt"
"Fernando Sor - Study, Op. 31 no. 12","S/Sor, Fernando/Sor, Fernando - Op. 60 - No 1 (study In C Major).gp4.tokens.txt",DadaGP,Words:3/5,"S/Sor, Fernando/Sor, Fernando - Op. 60 - No 1 (study In C Major).gp4.tokens.txt"
"Fernando Sor - Study, Op. 31 no. 12","S/Sor, Fernando/Sor, Fernando - Op. 60 - No 2 (study In C Major).gp4.tokens.txt",DadaGP,Words:3/5,"S/Sor, Fernando/Sor, Fernando - Op. 60 - No 2 (study In C Major).gp4.tokens.txt"
"Fernando Sor - Study, Op. 31 no. 12","S/Sor, Fernando/Sor, Fernando - Op. 60 - No 5 (study In A Minor).gp4.tokens.txt",DadaGP,Words:3/5,"S/Sor, Fernando/Sor, Fernando - Op. 60 - No 5 (study In A Minor).gp4.tokens.txt"
"Fernando Sor - Study, Op. 31 no. 12","S/Sor, Fernando/Sor, Fernando - Op. 60 - No 6 (study In A Minor).gp4.tokens.txt",DadaGP,Words:3/5,"S/Sor, Fernando/Sor, Fernando - Op. 60 - No 6 (study In A Minor).gp4.tokens.txt"
"Fernando Sor - Study, Op. 31 no. 12","S/Sor, Fernando/Sor, Fernando - Study No. 16.gp4.tokens.txt",DadaGP,Words:2/5,"S/Sor, Fernando/Sor, Fernando - Study No. 16.gp4.tokens.txt"
"Fernando Sor - Study, Op. 31 no. 12","S/Sor, Fernando/Sor, Fernando - Study No. 19.gp4.tokens.txt",DadaGP,Words:2/5,"S/Sor, Fernando/Sor, Fernando - Study No. 19.gp4.tokens.txt"
"Fernando Sor - Study, Op. 31 no. 14","S/Sor, Fernando/Sor, Fernando - Estudio 3 (Op. 6, No. 2).gp4.tokens.txt",DadaGP,Words:2/5,"S/Sor, Fernando/Sor, Fernando - Estudio 3 (Op. 6, No. 2).gp4.tokens.txt"
"Fernando Sor - Study, Op. 31 no. 14","S/Sor, Fernando/Sor, Fernando - Etude No 9, Opus 31.gp4.tokens.txt",DadaGP,Num:{'31'},"S/Sor, Fernando/Sor, Fernando - Etude No 9, Opus 31.gp4.tokens.txt"
"Fernando Sor - Study, Op. 31 no. 14","S/Sor, Fernando/Sor, Fernando - Op. 31 - No 1 (Study In C Major).gp4.tokens.txt",DadaGP,Num:{'31'},"S/Sor, Fernando/Sor, Fernando - Op. 31 - No 1 (Study In C Major).gp4.tokens.txt"
"Fernando Sor - Study, Op. 31 no. 14","S/Sor, Fernando/Sor, Fernando - Op. 44 - No 22 (study In A Minor).gp4.tokens.txt",DadaGP,Words:3/5,"S/Sor, Fernando/Sor, Fernando - Op. 44 - No 22 (study In A Minor).gp4.tokens.txt"
"Fernando Sor - Study, Op. 31 no. 14","S/Sor, Fernando/Sor, Fernando - Op. 60 - No 1 (study In C Major).gp4.tokens.txt",DadaGP,Words:3/5,"S/Sor, Fernando/Sor, Fernando - Op. 60 - No 1 (study In C Major).gp4.tokens.txt"
"Fernando Sor - Study, Op. 31 no. 14","S/Sor, Fernando/Sor, Fernando - Op. 60 - No 2 (study In C Major).gp4.tokens.txt",DadaGP,Words:3/5,"S/Sor, Fernando/Sor, Fernando - Op. 60 - No 2 (study In C Major).gp4.tokens.txt"
"Fernando Sor - Study, Op. 31 no. 14","S/Sor, Fernando/Sor, Fernando - Op. 60 - No 5 (study In A Minor).gp4.tokens.txt",DadaGP,Words:3/5,"S/Sor, Fernando/Sor, Fernando - Op. 60 - No 5 (study In A Minor).gp4.tokens.txt"
"Fernando Sor - Study, Op. 31 no. 14","S/Sor, Fernando/Sor, Fernando - Op. 60 - No 6 (study In A Minor).gp4.tokens.txt",DadaGP,Words:3/5,"S/Sor, Fernando/Sor, Fernando - Op. 60 - No 6 (study In A Minor).gp4.tokens.txt"
"Fernando Sor - Study, Op. 31 no. 14","S/Sor, Fernando/Sor, Fernando - Study No. 16.gp4.tokens.txt",DadaGP,Words:2/5,"S/Sor, Fernando/Sor, Fernando - Study No. 16.gp4.tokens.txt"
"Fernando Sor - Study, Op. 31 no. 14","S/Sor, Fernando/Sor, Fernando - Study No. 19.gp4.tokens.txt",DadaGP,Words:2/5,"S/Sor, Fernando/Sor, Fernando - Study No. 19.gp4.tokens.txt"
"Fernando Sor - Study, Op. 31 no. 16","S/Sor, Fernando/Sor, Fernando - Estudio 3 (Op. 6, No. 2).gp4.tokens.txt",DadaGP,Words:2/5,"S/Sor, Fernando/Sor, Fernando - Estudio 3 (Op. 6, No. 2).gp4.tokens.txt"
"Fernando Sor - Study, Op. 31 no. 16","S/Sor, Fernando/Sor, Fernando - Etude No 9, Opus 31.gp4.tokens.txt",DadaGP,Num:{'31'},"S/Sor, Fernando/Sor, Fernando - Etude No 9, Opus 31.gp4.tokens.txt"
"Fernando Sor - Study, Op. 31 no. 16","S/Sor, Fernando/Sor, Fernando - Op. 31 - No 1 (Study In C Major).gp4.tokens.txt",DadaGP,Num:{'31'},"S/Sor, Fernando/Sor, Fernando - Op. 31 - No 1 (Study In C Major).gp4.tokens.txt"
"Fernando Sor - Study, Op. 31 no. 16","S/Sor, Fernando/Sor, Fernando - Op. 44 - No 22 (study In A Minor).gp4.tokens.txt",DadaGP,Words:3/5,"S/Sor, Fernando/Sor, Fernando - Op. 44 - No 22 (study In A Minor).gp4.tokens.txt"
"Fernando Sor - Study, Op. 31 no. 16","S/Sor, Fernando/Sor, Fernando - Op. 60 - No 1 (study In C Major).gp4.tokens.txt",DadaGP,Words:3/5,"S/Sor, Fernando/Sor, Fernando - Op. 60 - No 1 (study In C Major).gp4.tokens.txt"
"Fernando Sor - Study, Op. 31 no. 16","S/Sor, Fernando/Sor, Fernando - Op. 60 - No 2 (study In C Major).gp4.tokens.txt",DadaGP,Words:3/5,"S/Sor, Fernando/Sor, Fernando - Op. 60 - No 2 (study In C Major).gp4.tokens.txt"
"Fernando Sor - Study, Op. 31 no. 16","S/Sor, Fernando/Sor, Fernando - Op. 60 - No 5 (study In A Minor).gp4.tokens.txt",DadaGP,Words:3/5,"S/Sor, Fernando/Sor, Fernando - Op. 60 - No 5 (study In A Minor).gp4.tokens.txt"
"Fernando Sor - Study, Op. 31 no. 16","S/Sor, Fernando/Sor, Fernando - Op. 60 - No 6 (study In A Minor).gp4.tokens.txt",DadaGP,Words:3/5,"S/Sor, Fernando/Sor, Fernando - Op. 60 - No 6 (study In A Minor).gp4.tokens.txt"
"Fernando Sor - Study, Op. 31 no. 16","S/Sor, Fernando/Sor, Fernando - Study No. 16.gp4.tokens.txt",DadaGP,Num:{'16'},"S/Sor, Fernando/Sor, Fernando - Study No. 16.gp4.tokens.txt"
"Fernando Sor - Study, Op. 31 no. 16","S/Sor, Fernando/Sor, Fernando - Study No. 19.gp4.tokens.txt",DadaGP,Words:2/5,"S/Sor, Fernando/Sor, Fernando - Study No. 19.gp4.tokens.txt"
"Fernando Sor - Study, Op. 31 no. 16 (from 24 progressive studies)","S/Sor, Fernando/Sor, Fernando - Etude No 9, Opus 31.gp4.tokens.txt",DadaGP,Num:{'31'},"S/Sor, Fernando/Sor, Fernando - Etude No 9, Opus 31.gp4.tokens.txt"
"Fernando Sor - Study, Op. 31 no. 16 (from 24 progressive studies)","S/Sor, Fernando/Sor, Fernando - Op. 31 - No 1 (Study In C Major).gp4.tokens.txt",DadaGP,Num:{'31'},"S/Sor, Fernando/Sor, Fernando - Op. 31 - No 1 (Study In C Major).gp4.tokens.txt"
"Fernando Sor - Study, Op. 31 no. 16 (from 24 progressive studies)","S/Sor, Fernando/Sor, Fernando - Study No. 16.gp4.tokens.txt",DadaGP,Num:{'16'},"S/Sor, Fernando/Sor, Fernando - Study No. 16.gp4.tokens.txt"
"Fernando Sor - Study, Op. 31 no. 19","S/Sor, Fernando/Sor, Fernando - Estudio 3 (Op. 6, No. 2).gp4.tokens.txt",DadaGP,Words:2/5,"S/Sor, Fernando/Sor, Fernando - Estudio 3 (Op. 6, No. 2).gp4.tokens.txt"
"Fernando Sor - Study, Op. 31 no. 19","S/Sor, Fernando/Sor, Fernando - Etude No 9, Opus 31.gp4.tokens.txt",DadaGP,Num:{'31'},"S/Sor, Fernando/Sor, Fernando - Etude No 9, Opus 31.gp4.tokens.txt"
"Fernando Sor - Study, Op. 31 no. 19","S/Sor, Fernando/Sor, Fernando - Op. 31 - No 1 (Study In C Major).gp4.tokens.txt",DadaGP,Num:{'31'},"S/Sor, Fernando/Sor, Fernando - Op. 31 - No 1 (Study In C Major).gp4.tokens.txt"
"Fernando Sor - Study, Op. 31 no. 19","S/Sor, Fernando/Sor, Fernando - Op. 44 - No 22 (study In A Minor).gp4.tokens.txt",DadaGP,Words:3/5,"S/Sor, Fernando/Sor, Fernando - Op. 44 - No 22 (study In A Minor).gp4.tokens.txt"
"Fernando Sor - Study, Op. 31 no. 19","S/Sor, Fernando/Sor, Fernando - Op. 60 - No 1 (study In C Major).gp4.tokens.txt",DadaGP,Words:3/5,"S/Sor, Fernando/Sor, Fernando - Op. 60 - No 1 (study In C Major).gp4.tokens.txt"
"Fernando Sor - Study, Op. 31 no. 19","S/Sor, Fernando/Sor, Fernando - Op. 60 - No 2 (study In C Major).gp4.tokens.txt",DadaGP,Words:3/5,"S/Sor, Fernando/Sor, Fernando - Op. 60 - No 2 (study In C Major).gp4.tokens.txt"
"Fernando Sor - Study, Op. 31 no. 19","S/Sor, Fernando/Sor, Fernando - Op. 60 - No 5 (study In A Minor).gp4.tokens.txt",DadaGP,Words:3/5,"S/Sor, Fernando/Sor, Fernando - Op. 60 - No 5 (study In A Minor).gp4.tokens.txt"
"Fernando Sor - Study, Op. 31 no. 19","S/Sor, Fernando/Sor, Fernando - Op. 60 - No 6 (study In A Minor).gp4.tokens.txt",DadaGP,Words:3/5,"S/Sor, Fernando/Sor, Fernando - Op. 60 - No 6 (study In A Minor).gp4.tokens.txt"
"Fernando Sor - Study, Op. 31 no. 19","S/Sor, Fernando/Sor, Fernando - Study No. 16.gp4.tokens.txt",DadaGP,Words:2/5,"S/Sor, Fernando/Sor, Fernando - Study No. 16.gp4.tokens.txt"
"Fernando Sor - Study, Op. 31 no. 19","S/Sor, Fernando/Sor, Fernando - Study No. 19.gp4.tokens.txt",DadaGP,Num:{'19'},"S/Sor, Fernando/Sor, Fernando - Study No. 19.gp4.tokens.txt"
"Fernando Sor - Study, Op. 31 no. 2","S/Sor, Fernando/Sor, Fernando - Estudio 2.gp3.tokens.txt",DadaGP,Num:{'2'},"S/Sor, Fernando/Sor, Fernando - Estudio 2.gp3.tokens.txt"
"Fernando Sor - Study, Op. 31 no. 2","S/Sor, Fernando/Sor, Fernando - Estudio 2.gp4.tokens.txt",DadaGP,Num:{'2'},"S/Sor, Fernando/Sor, Fernando - Estudio 2.gp4.tokens.txt"
"Fernando Sor - Study, Op. 31 no. 2","S/Sor, Fernando/Sor, Fernando - Estudio 3 (Op. 6, No. 2).gp4.tokens.txt",DadaGP,Num:{'2'},"S/Sor, Fernando/Sor, Fernando - Estudio 3 (Op. 6, No. 2).gp4.tokens.txt"
"Fernando Sor - Study, Op. 31 no. 2","S/Sor, Fernando/Sor, Fernando - Etude No 9, Opus 31.gp4.tokens.txt",DadaGP,Num:{'31'},"S/Sor, Fernando/Sor, Fernando - Etude No 9, Opus 31.gp4.tokens.txt"
"Fernando Sor - Study, Op. 31 no. 2","S/Sor, Fernando/Sor, Fernando - Op. 31 - No 1 (Study In C Major).gp4.tokens.txt",DadaGP,Num:{'31'},"S/Sor, Fernando/Sor, Fernando - Op. 31 - No 1 (Study In C Major).gp4.tokens.txt"
"Fernando Sor - Study, Op. 31 no. 2","S/Sor, Fernando/Sor, Fernando - Op. 44 - No 22 (study In A Minor).gp4.tokens.txt",DadaGP,Words:3/5,"S/Sor, Fernando/Sor, Fernando - Op. 44 - No 22 (study In A Minor).gp4.tokens.txt"
"Fernando Sor - Study, Op. 31 no. 2","S/Sor, Fernando/Sor, Fernando - Op. 60 - No 1 (study In C Major).gp4.tokens.txt",DadaGP,Words:3/5,"S/Sor, Fernando/Sor, Fernando - Op. 60 - No 1 (study In C Major).gp4.tokens.txt"
"Fernando Sor - Study, Op. 31 no. 2","S/Sor, Fernando/Sor, Fernando - Op. 60 - No 2 (study In C Major).gp4.tokens.txt",DadaGP,Num:{'2'},"S/Sor, Fernando/Sor, Fernando - Op. 60 - No 2 (study In C Major).gp4.tokens.txt"
"Fernando Sor - Study, Op. 31 no. 2","S/Sor, Fernando/Sor, Fernando - Op. 60 - No 5 (study In A Minor).gp4.tokens.txt",DadaGP,Words:3/5,"S/Sor, Fernando/Sor, Fernando - Op. 60 - No 5 (study In A Minor).gp4.tokens.txt"
"Fernando Sor - Study, Op. 31 no. 2","S/Sor, Fernando/Sor, Fernando - Op. 60 - No 6 (study In A Minor).gp4.tokens.txt",DadaGP,Words:3/5,"S/Sor, Fernando/Sor, Fernando - Op. 60 - No 6 (study In A Minor).gp4.tokens.txt"
"Fernando Sor - Study, Op. 31 no. 2","S/Sor, Fernando/Sor, Fernando - Study No. 16.gp4.tokens.txt",DadaGP,Words:2/5,"S/Sor, Fernando/Sor, Fernando - Study No. 16.gp4.tokens.txt"
"Fernando Sor - Study, Op. 31 no. 2","S/Sor, Fernando/Sor, Fernando - Study No. 19.gp4.tokens.txt",DadaGP,Words:2/5,"S/Sor, Fernando/Sor, Fernando - Study No. 19.gp4.tokens.txt"
"Fernando Sor - Study, Op. 31 no. 20","S/Sor, Fernando/Sor, Fernando - Estudio 3 (Op. 6, No. 2).gp4.tokens.txt",DadaGP,Words:2/5,"S/Sor, Fernando/Sor, Fernando - Estudio 3 (Op. 6, No. 2).gp4.tokens.txt"
"Fernando Sor - Study, Op. 31 no. 20","S/Sor, Fernando/Sor, Fernando - Etude No 9, Opus 31.gp4.tokens.txt",DadaGP,Num:{'31'},"S/Sor, Fernando/Sor, Fernando - Etude No 9, Opus 31.gp4.tokens.txt"
"Fernando Sor - Study, Op. 31 no. 20","S/Sor, Fernando/Sor, Fernando - Op. 31 - No 1 (Study In C Major).gp4.tokens.txt",DadaGP,Num:{'31'},"S/Sor, Fernando/Sor, Fernando - Op. 31 - No 1 (Study In C Major).gp4.tokens.txt"
"Fernando Sor - Study, Op. 31 no. 20","S/Sor, Fernando/Sor, Fernando - Op. 44 - No 22 (study In A Minor).gp4.tokens.txt",DadaGP,Words:3/5,"S/Sor, Fernando/Sor, Fernando - Op. 44 - No 22 (study In A Minor).gp4.tokens.txt"
"Fernando Sor - Study, Op. 31 no. 20","S/Sor, Fernando/Sor, Fernando - Op. 60 - No 1 (study In C Major).gp4.tokens.txt",DadaGP,Words:3/5,"S/Sor, Fernando/Sor, Fernando - Op. 60 - No 1 (study In C Major).gp4.tokens.txt"
"Fernando Sor - Study, Op. 31 no. 20","S/Sor, Fernando/Sor, Fernando - Op. 60 - No 2 (study In C Major).gp4.tokens.txt",DadaGP,Words:3/5,"S/Sor, Fernando/Sor, Fernando - Op. 60 - No 2 (study In C Major).gp4.tokens.txt"
"Fernando Sor - Study, Op. 31 no. 20","S/Sor, Fernando/Sor, Fernando - Op. 60 - No 5 (study In A Minor).gp4.tokens.txt",DadaGP,Words:3/5,"S/Sor, Fernando/Sor, Fernando - Op. 60 - No 5 (study In A Minor).gp4.tokens.txt"
"Fernando Sor - Study, Op. 31 no. 20","S/Sor, Fernando/Sor, Fernando - Op. 60 - No 6 (study In A Minor).gp4.tokens.txt",DadaGP,Words:3/5,"S/Sor, Fernando/Sor, Fernando - Op. 60 - No 6 (study In A Minor).gp4.tokens.txt"
"Fernando Sor - Study, Op. 31 no. 20","S/Sor, Fernando/Sor, Fernando - Study No. 16.gp4.tokens.txt",DadaGP,Words:2/5,"S/Sor, Fernando/Sor, Fernando - Study No. 16.gp4.tokens.txt"
"Fernando Sor - Study, Op. 31 no. 20","S/Sor, Fernando/Sor, Fernando - Study No. 19.gp4.tokens.txt",DadaGP,Words:2/5,"S/Sor, Fernando/Sor, Fernando - Study No. 19.gp4.tokens.txt"
"Fernando Sor - Study, Op. 31 no. 21","S/Sor, Fernando/Sor, Fernando - Estudio 3 (Op. 6, No. 2).gp4.tokens.txt",DadaGP,Words:2/5,"S/Sor, Fernando/Sor, Fernando - Estudio 3 (Op. 6, No. 2).gp4.tokens.txt"
"Fernando Sor - Study, Op. 31 no. 21","S/Sor, Fernando/Sor, Fernando - Etude No 9, Opus 31.gp4.tokens.txt",DadaGP,Num:{'31'},"S/Sor, Fernando/Sor, Fernando - Etude No 9, Opus 31.gp4.tokens.txt"
"Fernando Sor - Study, Op. 31 no. 21","S/Sor, Fernando/Sor, Fernando - Op. 31 - No 1 (Study In C Major).gp4.tokens.txt",DadaGP,Num:{'31'},"S/Sor, Fernando/Sor, Fernando - Op. 31 - No 1 (Study In C Major).gp4.tokens.txt"
"Fernando Sor - Study, Op. 31 no. 21","S/Sor, Fernando/Sor, Fernando - Op. 44 - No 22 (study In A Minor).gp4.tokens.txt",DadaGP,Words:3/5,"S/Sor, Fernando/Sor, Fernando - Op. 44 - No 22 (study In A Minor).gp4.tokens.txt"
"Fernando Sor - Study, Op. 31 no. 21","S/Sor, Fernando/Sor, Fernando - Op. 60 - No 1 (study In C Major).gp4.tokens.txt",DadaGP,Words:3/5,"S/Sor, Fernando/Sor, Fernando - Op. 60 - No 1 (study In C Major).gp4.tokens.txt"
"Fernando Sor - Study, Op. 31 no. 21","S/Sor, Fernando/Sor, Fernando - Op. 60 - No 2 (study In C Major).gp4.tokens.txt",DadaGP,Words:3/5,"S/Sor, Fernando/Sor, Fernando - Op. 60 - No 2 (study In C Major).gp4.tokens.txt"
"Fernando Sor - Study, Op. 31 no. 21","S/Sor, Fernando/Sor, Fernando - Op. 60 - No 5 (study In A Minor).gp4.tokens.txt",DadaGP,Words:3/5,"S/Sor, Fernando/Sor, Fernando - Op. 60 - No 5 (study In A Minor).gp4.tokens.txt"
"Fernando Sor - Study, Op. 31 no. 21","S/Sor, Fernando/Sor, Fernando - Op. 60 - No 6 (study In A Minor).gp4.tokens.txt",DadaGP,Words:3/5,"S/Sor, Fernando/Sor, Fernando - Op. 60 - No 6 (study In A Minor).gp4.tokens.txt"
"Fernando Sor - Study, Op. 31 no. 21","S/Sor, Fernando/Sor, Fernando - Study No. 16.gp4.tokens.txt",DadaGP,Words:2/5,"S/Sor, Fernando/Sor, Fernando - Study No. 16.gp4.tokens.txt"
"Fernando Sor - Study, Op. 31 no. 21","S/Sor, Fernando/Sor, Fernando - Study No. 19.gp4.tokens.txt",DadaGP,Words:2/5,"S/Sor, Fernando/Sor, Fernando - Study No. 19.gp4.tokens.txt"
"Fernando Sor - Study, Op. 31 no. 21","S/Sor, Fernando/Sor, Fernando - Variations in Tremolo, From Op.21.gp4.tokens.txt",DadaGP,Num:{'21'},"S/Sor, Fernando/Sor, Fernando - Variations in Tremolo, From Op.21.gp4.tokens.txt"
"Fernando Sor - Study, Op. 31 no. 23","S/Sor, Fernando/Sor, Fernando - Estudio 3 (Op. 6, No. 2).gp4.tokens.txt",DadaGP,Words:2/5,"S/Sor, Fernando/Sor, Fernando - Estudio 3 (Op. 6, No. 2).gp4.tokens.txt"
"Fernando Sor - Study, Op. 31 no. 23","S/Sor, Fernando/Sor, Fernando - Etude No 9, Opus 31.gp4.tokens.txt",DadaGP,Num:{'31'},"S/Sor, Fernando/Sor, Fernando - Etude No 9, Opus 31.gp4.tokens.txt"
"Fernando Sor - Study, Op. 31 no. 23","S/Sor, Fernando/Sor, Fernando - Op. 31 - No 1 (Study In C Major).gp4.tokens.txt",DadaGP,Num:{'31'},"S/Sor, Fernando/Sor, Fernando - Op. 31 - No 1 (Study In C Major).gp4.tokens.txt"
"Fernando Sor - Study, Op. 31 no. 23","S/Sor, Fernando/Sor, Fernando - Op. 44 - No 22 (study In A Minor).gp4.tokens.txt",DadaGP,Words:3/5,"S/Sor, Fernando/Sor, Fernando - Op. 44 - No 22 (study In A Minor).gp4.tokens.txt"
"Fernando Sor - Study, Op. 31 no. 23","S/Sor, Fernando/Sor, Fernando - Op. 60 - No 1 (study In C Major).gp4.tokens.txt",DadaGP,Words:3/5,"S/Sor, Fernando/Sor, Fernando - Op. 60 - No 1 (study In C Major).gp4.tokens.txt"
"Fernando Sor - Study, Op. 31 no. 23","S/Sor, Fernando/Sor, Fernando - Op. 60 - No 2 (study In C Major).gp4.tokens.txt",DadaGP,Words:3/5,"S/Sor, Fernando/Sor, Fernando - Op. 60 - No 2 (study In C Major).gp4.tokens.txt"
"Fernando Sor - Study, Op. 31 no. 23","S/Sor, Fernando/Sor, Fernando - Op. 60 - No 5 (study In A Minor).gp4.tokens.txt",DadaGP,Words:3/5,"S/Sor, Fernando/Sor, Fernando - Op. 60 - No 5 (study In A Minor).gp4.tokens.txt"
"Fernando Sor - Study, Op. 31 no. 23","S/Sor, Fernando/Sor, Fernando - Op. 60 - No 6 (study In A Minor).gp4.tokens.txt",DadaGP,Words:3/5,"S/Sor, Fernando/Sor, Fernando - Op. 60 - No 6 (study In A Minor).gp4.tokens.txt"
"Fernando Sor - Study, Op. 31 no. 23","S/Sor, Fernando/Sor, Fernando - Study No. 16.gp4.tokens.txt",DadaGP,Words:2/5,"S/Sor, Fernando/Sor, Fernando - Study No. 16.gp4.tokens.txt"
"Fernando Sor - Study, Op. 31 no. 23","S/Sor, Fernando/Sor, Fernando - Study No. 19.gp4.tokens.txt",DadaGP,Words:2/5,"S/Sor, Fernando/Sor, Fernando - Study No. 19.gp4.tokens.txt"
"Fernando Sor - Study, Op. 31 no. 24","S/Sor, Fernando/Sor, Fernando - Estudio 3 (Op. 6, No. 2).gp4.tokens.txt",DadaGP,Words:2/5,"S/Sor, Fernando/Sor, Fernando - Estudio 3 (Op. 6, No. 2).gp4.tokens.txt"
"Fernando Sor - Study, Op. 31 no. 24","S/Sor, Fernando/Sor, Fernando - Etude No 9, Opus 31.gp4.tokens.txt",DadaGP,Num:{'31'},"S/Sor, Fernando/Sor, Fernando - Etude No 9, Opus 31.gp4.tokens.txt"
"Fernando Sor - Study, Op. 31 no. 24","S/Sor, Fernando/Sor, Fernando - Op. 31 - No 1 (Study In C Major).gp4.tokens.txt",DadaGP,Num:{'31'},"S/Sor, Fernando/Sor, Fernando - Op. 31 - No 1 (Study In C Major).gp4.tokens.txt"
"Fernando Sor - Study, Op. 31 no. 24","S/Sor, Fernando/Sor, Fernando - Op. 44 - No 22 (study In A Minor).gp4.tokens.txt",DadaGP,Words:3/5,"S/Sor, Fernando/Sor, Fernando - Op. 44 - No 22 (study In A Minor).gp4.tokens.txt"
"Fernando Sor - Study, Op. 31 no. 24","S/Sor, Fernando/Sor, Fernando - Op. 60 - No 1 (study In C Major).gp4.tokens.txt",DadaGP,Words:3/5,"S/Sor, Fernando/Sor, Fernando - Op. 60 - No 1 (study In C Major).gp4.tokens.txt"
"Fernando Sor - Study, Op. 31 no. 24","S/Sor, Fernando/Sor, Fernando - Op. 60 - No 2 (study In C Major).gp4.tokens.txt",DadaGP,Words:3/5,"S/Sor, Fernando/Sor, Fernando - Op. 60 - No 2 (study In C Major).gp4.tokens.txt"
"Fernando Sor - Study, Op. 31 no. 24","S/Sor, Fernando/Sor, Fernando - Op. 60 - No 5 (study In A Minor).gp4.tokens.txt",DadaGP,Words:3/5,"S/Sor, Fernando/Sor, Fernando - Op. 60 - No 5 (study In A Minor).gp4.tokens.txt"
"Fernando Sor - Study, Op. 31 no. 24","S/Sor, Fernando/Sor, Fernando - Op. 60 - No 6 (study In A Minor).gp4.tokens.txt",DadaGP,Words:3/5,"S/Sor, Fernando/Sor, Fernando - Op. 60 - No 6 (study In A Minor).gp4.tokens.txt"
"Fernando Sor - Study, Op. 31 no. 24","S/Sor, Fernando/Sor, Fernando - Study No. 16.gp4.tokens.txt",DadaGP,Words:2/5,"S/Sor, Fernando/Sor, Fernando - Study No. 16.gp4.tokens.txt"
"Fernando Sor - Study, Op. 31 no. 24","S/Sor, Fernando/Sor, Fernando - Study No. 19.gp4.tokens.txt",DadaGP,Words:2/5,"S/Sor, Fernando/Sor, Fernando - Study No. 19.gp4.tokens.txt"
"Fernando Sor - Study, Op. 31 no. 4","S/Sor, Fernando/Sor, Fernando - Encouragement Cantabile Op.34.gp4.tokens.txt",DadaGP,Num:{'4'},"S/Sor, Fernando/Sor, Fernando - Encouragement Cantabile Op.34.gp4.tokens.txt"
"Fernando Sor - Study, Op. 31 no. 4","S/Sor, Fernando/Sor, Fernando - Estudio 3 (Op. 6, No. 2).gp4.tokens.txt",DadaGP,Num:{'4'},"S/Sor, Fernando/Sor, Fernando - Estudio 3 (Op. 6, No. 2).gp4.tokens.txt"
"Fernando Sor - Study, Op. 31 no. 4","S/Sor, Fernando/Sor, Fernando - Estudio No. 10.gp4.tokens.txt",DadaGP,Num:{'4'},"S/Sor, Fernando/Sor, Fernando - Estudio No. 10.gp4.tokens.txt"
"Fernando Sor - Study, Op. 31 no. 4","S/Sor, Fernando/Sor, Fernando - Estudio No. 18.gp4.tokens.txt",DadaGP,Num:{'4'},"S/Sor, Fernando/Sor, Fernando - Estudio No. 18.gp4.tokens.txt"
"Fernando Sor - Study, Op. 31 no. 4","S/Sor, Fernando/Sor, Fernando - Estudio No. 3.gp4.tokens.txt",DadaGP,Num:{'4'},"S/Sor, Fernando/Sor, Fernando - Estudio No. 3.gp4.tokens.txt"
"Fernando Sor - Study, Op. 31 no. 4","S/Sor, Fernando/Sor, Fernando - Etude No 9, Opus 31.gp4.tokens.txt",DadaGP,"Num:{'4', '31'}","S/Sor, Fernando/Sor, Fernando - Etude No 9, Opus 31.gp4.tokens.txt"
"Fernando Sor - Study, Op. 31 no. 4","S/Sor, Fernando/Sor, Fernando - Etude No. 13.gp4.tokens.txt",DadaGP,Num:{'4'},"S/Sor, Fernando/Sor, Fernando - Etude No. 13.gp4.tokens.txt"
"Fernando Sor - Study, Op. 31 no. 4","S/Sor, Fernando/Sor, Fernando - Etude No. 9 Opus 35.gp4.tokens.txt",DadaGP,Num:{'4'},"S/Sor, Fernando/Sor, Fernando - Etude No. 9 Opus 35.gp4.tokens.txt"
"Fernando Sor - Study, Op. 31 no. 4","S/Sor, Fernando/Sor, Fernando - Op. 31 - No 1 (Study In C Major).gp4.tokens.txt",DadaGP,"Num:{'4', '31'}","S/Sor, Fernando/Sor, Fernando - Op. 31 - No 1 (Study In C Major).gp4.tokens.txt"
"Fernando Sor - Study, Op. 31 no. 4","S/Sor, Fernando/Sor, Fernando - Op. 44 - No 22 (study In A Minor).gp4.tokens.txt",DadaGP,Num:{'4'},"S/Sor, Fernando/Sor, Fernando - Op. 44 - No 22 (study In A Minor).gp4.tokens.txt"
"Fernando Sor - Study, Op. 31 no. 4","S/Sor, Fernando/Sor, Fernando - Op. 60 - No 1 (study In C Major).gp4.tokens.txt",DadaGP,Num:{'4'},"S/Sor, Fernando/Sor, Fernando - Op. 60 - No 1 (study In C Major).gp4.tokens.txt"
"Fernando Sor - Study, Op. 31 no. 4","S/Sor, Fernando/Sor, Fernando - Op. 60 - No 2 (study In C Major).gp4.tokens.txt",DadaGP,Num:{'4'},"S/Sor, Fernando/Sor, Fernando - Op. 60 - No 2 (study In C Major).gp4.tokens.txt"
"Fernando Sor - Study, Op. 31 no. 4","S/Sor, Fernando/Sor, Fernando - Op. 60 - No 5 (study In A Minor).gp4.tokens.txt",DadaGP,Num:{'4'},"S/Sor, Fernando/Sor, Fernando - Op. 60 - No 5 (study In A Minor).gp4.tokens.txt"
"Fernando Sor - Study, Op. 31 no. 4","S/Sor, Fernando/Sor, Fernando - Op. 60 - No 6 (study In A Minor).gp4.tokens.txt",DadaGP,Num:{'4'},"S/Sor, Fernando/Sor, Fernando - Op. 60 - No 6 (study In A Minor).gp4.tokens.txt"
"Fernando Sor - Study, Op. 31 no. 4","S/Sor, Fernando/Sor, Fernando - Sonate In C (Op.15B).gp4.tokens.txt",DadaGP,Num:{'4'},"S/Sor, Fernando/Sor, Fernando - Sonate In C (Op.15B).gp4.tokens.txt"
"Fernando Sor - Study, Op. 31 no. 4","S/Sor, Fernando/Sor, Fernando - Study In D Minor (poco Allegretto).gp4.tokens.txt",DadaGP,Num:{'4'},"S/Sor, Fernando/Sor, Fernando - Study In D Minor (poco Allegretto).gp4.tokens.txt"
"Fernando Sor - Study, Op. 31 no. 4","S/Sor, Fernando/Sor, Fernando - Study No. 16.gp4.tokens.txt",DadaGP,Num:{'4'},"S/Sor, Fernando/Sor, Fernando - Study No. 16.gp4.tokens.txt"
"Fernando Sor - Study, Op. 31 no. 4","S/Sor, Fernando/Sor, Fernando - Study No. 19.gp4.tokens.txt",DadaGP,Num:{'4'},"S/Sor, Fernando/Sor, Fernando - Study No. 19.gp4.tokens.txt"
"Fernando Sor - Study, Op. 31 no. 4","S/Sor, Fernando/Sor, Fernando - Variations in Tremolo, From Op.21.gp4.tokens.txt",DadaGP,Num:{'4'},"S/Sor, Fernando/Sor, Fernando - Variations in Tremolo, From Op.21.gp4.tokens.txt"
"Fernando Sor - Study, Op. 31 no. 5","S/Sor, Fernando/Sor, Fernando - Estudio 3 (Op. 6, No. 2).gp4.tokens.txt",DadaGP,Words:2/5,"S/Sor, Fernando/Sor, Fernando - Estudio 3 (Op. 6, No. 2).gp4.tokens.txt"
"Fernando Sor - Study, Op. 31 no. 5","S/Sor, Fernando/Sor, Fernando - Etude No 9, Opus 31.gp4.tokens.txt",DadaGP,Num:{'31'},"S/Sor, Fernando/Sor, Fernando - Etude No 9, Opus 31.gp4.tokens.txt"
"Fernando Sor - Study, Op. 31 no. 5","S/Sor, Fernando/Sor, Fernando - Op. 31 - No 1 (Study In C Major).gp4.tokens.txt",DadaGP,Num:{'31'},"S/Sor, Fernando/Sor, Fernando - Op. 31 - No 1 (Study In C Major).gp4.tokens.txt"
"Fernando Sor - Study, Op. 31 no. 5","S/Sor, Fernando/Sor, Fernando - Op. 44 - No 22 (study In A Minor).gp4.tokens.txt",DadaGP,Words:3/5,"S/Sor, Fernando/Sor, Fernando - Op. 44 - No 22 (study In A Minor).gp4.tokens.txt"
"Fernando Sor - Study, Op. 31 no. 5","S/Sor, Fernando/Sor, Fernando - Op. 60 - No 1 (study In C Major).gp4.tokens.txt",DadaGP,Words:3/5,"S/Sor, Fernando/Sor, Fernando - Op. 60 - No 1 (study In C Major).gp4.tokens.txt"
"Fernando Sor - Study, Op. 31 no. 5","S/Sor, Fernando/Sor, Fernando - Op. 60 - No 2 (study In C Major).gp4.tokens.txt",DadaGP,Words:3/5,"S/Sor, Fernando/Sor, Fernando - Op. 60 - No 2 (study In C Major).gp4.tokens.txt"
"Fernando Sor - Study, Op. 31 no. 5","S/Sor, Fernando/Sor, Fernando - Op. 60 - No 5 (study In A Minor).gp4.tokens.txt",DadaGP,Num:{'5'},"S/Sor, Fernando/Sor, Fernando - Op. 60 - No 5 (study In A Minor).gp4.tokens.txt"
"Fernando Sor - Study, Op. 31 no. 5","S/Sor, Fernando/Sor, Fernando - Op. 60 - No 6 (study In A Minor).gp4.tokens.txt",DadaGP,Words:3/5,"S/Sor, Fernando/Sor, Fernando - Op. 60 - No 6 (study In A Minor).gp4.tokens.txt"
"Fernando Sor - Study, Op. 31 no. 5","S/Sor, Fernando/Sor, Fernando - Study No. 16.gp4.tokens.txt",DadaGP,Words:2/5,"S/Sor, Fernando/Sor, Fernando - Study No. 16.gp4.tokens.txt"
"Fernando Sor - Study, Op. 31 no. 5","S/Sor, Fernando/Sor, Fernando - Study No. 19.gp4.tokens.txt",DadaGP,Words:2/5,"S/Sor, Fernando/Sor, Fernando - Study No. 19.gp4.tokens.txt"
"Fernando Sor - Study, Op. 31 no. 7","S/Sor, Fernando/Sor, Fernando - Estudio 3 (Op. 6, No. 2).gp4.tokens.txt",DadaGP,Words:2/5,"S/Sor, Fernando/Sor, Fernando - Estudio 3 (Op. 6, No. 2).gp4.tokens.txt"
"Fernando Sor - Study, Op. 31 no. 7","S/Sor, Fernando/Sor, Fernando - Etude No 9, Opus 31.gp4.tokens.txt",DadaGP,Num:{'31'},"S/Sor, Fernando/Sor, Fernando - Etude No 9, Opus 31.gp4.tokens.txt"
"Fernando Sor - Study, Op. 31 no. 7","S/Sor, Fernando/Sor, Fernando - Op. 31 - No 1 (Study In C Major).gp4.tokens.txt",DadaGP,Num:{'31'},"S/Sor, Fernando/Sor, Fernando - Op. 31 - No 1 (Study In C Major).gp4.tokens.txt"
"Fernando Sor - Study, Op. 31 no. 7","S/Sor, Fernando/Sor, Fernando - Op. 44 - No 22 (study In A Minor).gp4.tokens.txt",DadaGP,Words:3/5,"S/Sor, Fernando/Sor, Fernando - Op. 44 - No 22 (study In A Minor).gp4.tokens.txt"
"Fernando Sor - Study, Op. 31 no. 7","S/Sor, Fernando/Sor, Fernando - Op. 60 - No 1 (study In C Major).gp4.tokens.txt",DadaGP,Words:3/5,"S/Sor, Fernando/Sor, Fernando - Op. 60 - No 1 (study In C Major).gp4.tokens.txt"
"Fernando Sor - Study, Op. 31 no. 7","S/Sor, Fernando/Sor, Fernando - Op. 60 - No 2 (study In C Major).gp4.tokens.txt",DadaGP,Words:3/5,"S/Sor, Fernando/Sor, Fernando - Op. 60 - No 2 (study In C Major).gp4.tokens.txt"
"Fernando Sor - Study, Op. 31 no. 7","S/Sor, Fernando/Sor, Fernando - Op. 60 - No 5 (study In A Minor).gp4.tokens.txt",DadaGP,Words:3/5,"S/Sor, Fernando/Sor, Fernando - Op. 60 - No 5 (study In A Minor).gp4.tokens.txt"
"Fernando Sor - Study, Op. 31 no. 7","S/Sor, Fernando/Sor, Fernando - Op. 60 - No 6 (study In A Minor).gp4.tokens.txt",DadaGP,Words:3/5,"S/Sor, Fernando/Sor, Fernando - Op. 60 - No 6 (study In A Minor).gp4.tokens.txt"
"Fernando Sor - Study, Op. 31 no. 7","S/Sor, Fernando/Sor, Fernando - Study No. 16.gp4.tokens.txt",DadaGP,Words:2/5,"S/Sor, Fernando/Sor, Fernando - Study No. 16.gp4.tokens.txt"
"Fernando Sor - Study, Op. 31 no. 7","S/Sor, Fernando/Sor, Fernando - Study No. 19.gp4.tokens.txt",DadaGP,Words:2/5,"S/Sor, Fernando/Sor, Fernando - Study No. 19.gp4.tokens.txt"
"Fernando Sor - Study, Op. 31 no. 8","S/Sor, Fernando/Sor, Fernando - Estudio 3 (Op. 6, No. 2).gp4.tokens.txt",DadaGP,Words:2/5,"S/Sor, Fernando/Sor, Fernando - Estudio 3 (Op. 6, No. 2).gp4.tokens.txt"
"Fernando Sor - Study, Op. 31 no. 8","S/Sor, Fernando/Sor, Fernando - Etude No 9, Opus 31.gp4.tokens.txt",DadaGP,Num:{'31'},"S/Sor, Fernando/Sor, Fernando - Etude No 9, Opus 31.gp4.tokens.txt"
"Fernando Sor - Study, Op. 31 no. 8","S/Sor, Fernando/Sor, Fernando - Op. 31 - No 1 (Study In C Major).gp4.tokens.txt",DadaGP,Num:{'31'},"S/Sor, Fernando/Sor, Fernando - Op. 31 - No 1 (Study In C Major).gp4.tokens.txt"
"Fernando Sor - Study, Op. 31 no. 8","S/Sor, Fernando/Sor, Fernando - Op. 44 - No 22 (study In A Minor).gp4.tokens.txt",DadaGP,Words:3/5,"S/Sor, Fernando/Sor, Fernando - Op. 44 - No 22 (study In A Minor).gp4.tokens.txt"
"Fernando Sor - Study, Op. 31 no. 8","S/Sor, Fernando/Sor, Fernando - Op. 60 - No 1 (study In C Major).gp4.tokens.txt",DadaGP,Words:3/5,"S/Sor, Fernando/Sor, Fernando - Op. 60 - No 1 (study In C Major).gp4.tokens.txt"
"Fernando Sor - Study, Op. 31 no. 8","S/Sor, Fernando/Sor, Fernando - Op. 60 - No 2 (study In C Major).gp4.tokens.txt",DadaGP,Words:3/5,"S/Sor, Fernando/Sor, Fernando - Op. 60 - No 2 (study In C Major).gp4.tokens.txt"
"Fernando Sor - Study, Op. 31 no. 8","S/Sor, Fernando/Sor, Fernando - Op. 60 - No 5 (study In A Minor).gp4.tokens.txt",DadaGP,Words:3/5,"S/Sor, Fernando/Sor, Fernando - Op. 60 - No 5 (study In A Minor).gp4.tokens.txt"
"Fernando Sor - Study, Op. 31 no. 8","S/Sor, Fernando/Sor, Fernando - Op. 60 - No 6 (study In A Minor).gp4.tokens.txt",DadaGP,Words:3/5,"S/Sor, Fernando/Sor, Fernando - Op. 60 - No 6 (study In A Minor).gp4.tokens.txt"
"Fernando Sor - Study, Op. 31 no. 8","S/Sor, Fernando/Sor, Fernando - Study No. 16.gp4.tokens.txt",DadaGP,Words:2/5,"S/Sor, Fernando/Sor, Fernando - Study No. 16.gp4.tokens.txt"
"Fernando Sor - Study, Op. 31 no. 8","S/Sor, Fernando/Sor, Fernando - Study No. 19.gp4.tokens.txt",DadaGP,Words:2/5,"S/Sor, Fernando/Sor, Fernando - Study No. 19.gp4.tokens.txt"
"Fernando Sor - Study, Op. 35 no. 10","S/Sor, Fernando/Sor, Fernando - Estudio 3 (Op. 6, No. 2).gp4.tokens.txt",DadaGP,Words:2/5,"S/Sor, Fernando/Sor, Fernando - Estudio 3 (Op. 6, No. 2).gp4.tokens.txt"
"Fernando Sor - Study, Op. 35 no. 10","S/Sor, Fernando/Sor, Fernando - Estudio No. 10.gp4.tokens.txt",DadaGP,Num:{'10'},"S/Sor, Fernando/Sor, Fernando - Estudio No. 10.gp4.tokens.txt"
"Fernando Sor - Study, Op. 35 no. 10","S/Sor, Fernando/Sor, Fernando - Etude No. 9 Opus 35.gp4.tokens.txt",DadaGP,Num:{'35'},"S/Sor, Fernando/Sor, Fernando - Etude No. 9 Opus 35.gp4.tokens.txt"
"Fernando Sor - Study, Op. 35 no. 10","S/Sor, Fernando/Sor, Fernando - Op. 31 - No 1 (Study In C Major).gp4.tokens.txt",DadaGP,Words:3/5,"S/Sor, Fernando/Sor, Fernando - Op. 31 - No 1 (Study In C Major).gp4.tokens.txt"
"Fernando Sor - Study, Op. 35 no. 10","S/Sor, Fernando/Sor, Fernando - Op. 44 - No 22 (study In A Minor).gp4.tokens.txt",DadaGP,Words:3/5,"S/Sor, Fernando/Sor, Fernando - Op. 44 - No 22 (study In A Minor).gp4.tokens.txt"
"Fernando Sor - Study, Op. 35 no. 10","S/Sor, Fernando/Sor, Fernando - Op. 60 - No 1 (study In C Major).gp4.tokens.txt",DadaGP,Words:3/5,"S/Sor, Fernando/Sor, Fernando - Op. 60 - No 1 (study In C Major).gp4.tokens.txt"
"Fernando Sor - Study, Op. 35 no. 10","S/Sor, Fernando/Sor, Fernando - Op. 60 - No 2 (study In C Major).gp4.tokens.txt",DadaGP,Words:3/5,"S/Sor, Fernando/Sor, Fernando - Op. 60 - No 2 (study In C Major).gp4.tokens.txt"
"Fernando Sor - Study, Op. 35 no. 10","S/Sor, Fernando/Sor, Fernando - Op. 60 - No 5 (study In A Minor).gp4.tokens.txt",DadaGP,Words:3/5,"S/Sor, Fernando/Sor, Fernando - Op. 60 - No 5 (study In A Minor).gp4.tokens.txt"
"Fernando Sor - Study, Op. 35 no. 10","S/Sor, Fernando/Sor, Fernando - Op. 60 - No 6 (study In A Minor).gp4.tokens.txt",DadaGP,Words:3/5,"S/Sor, Fernando/Sor, Fernando - Op. 60 - No 6 (study In A Minor).gp4.tokens.txt"
"Fernando Sor - Study, Op. 35 no. 10","S/Sor, Fernando/Sor, Fernando - Study No. 16.gp4.tokens.txt",DadaGP,Words:2/5,"S/Sor, Fernando/Sor, Fernando - Study No. 16.gp4.tokens.txt"
"Fernando Sor - Study, Op. 35 no. 10","S/Sor, Fernando/Sor, Fernando - Study No. 19.gp4.tokens.txt",DadaGP,Words:2/5,"S/Sor, Fernando/Sor, Fernando - Study No. 19.gp4.tokens.txt"
"Fernando Sor - Study, Op. 35 no. 11","S/Sor, Fernando/Sor, Fernando - Estudio 3 (Op. 6, No. 2).gp4.tokens.txt",DadaGP,Words:2/5,"S/Sor, Fernando/Sor, Fernando - Estudio 3 (Op. 6, No. 2).gp4.tokens.txt"
"Fernando Sor - Study, Op. 35 no. 11","S/Sor, Fernando/Sor, Fernando - Etude No. 9 Opus 35.gp4.tokens.txt",DadaGP,Num:{'35'},"S/Sor, Fernando/Sor, Fernando - Etude No. 9 Opus 35.gp4.tokens.txt"
"Fernando Sor - Study, Op. 35 no. 11","S/Sor, Fernando/Sor, Fernando - Op. 31 - No 1 (Study In C Major).gp4.tokens.txt",DadaGP,Words:3/5,"S/Sor, Fernando/Sor, Fernando - Op. 31 - No 1 (Study In C Major).gp4.tokens.txt"
"Fernando Sor - Study, Op. 35 no. 11","S/Sor, Fernando/Sor, Fernando - Op. 44 - No 22 (study In A Minor).gp4.tokens.txt",DadaGP,Words:3/5,"S/Sor, Fernando/Sor, Fernando - Op. 44 - No 22 (study In A Minor).gp4.tokens.txt"
"Fernando Sor - Study, Op. 35 no. 11","S/Sor, Fernando/Sor, Fernando - Op. 60 - No 1 (study In C Major).gp4.tokens.txt",DadaGP,Words:3/5,"S/Sor, Fernando/Sor, Fernando - Op. 60 - No 1 (study In C Major).gp4.tokens.txt"
"Fernando Sor - Study, Op. 35 no. 11","S/Sor, Fernando/Sor, Fernando - Op. 60 - No 2 (study In C Major).gp4.tokens.txt",DadaGP,Words:3/5,"S/Sor, Fernando/Sor, Fernando - Op. 60 - No 2 (study In C Major).gp4.tokens.txt"
"Fernando Sor - Study, Op. 35 no. 11","S/Sor, Fernando/Sor, Fernando - Op. 60 - No 5 (study In A Minor).gp4.tokens.txt",DadaGP,Words:3/5,"S/Sor, Fernando/Sor, Fernando - Op. 60 - No 5 (study In A Minor).gp4.tokens.txt"
"Fernando Sor - Study, Op. 35 no. 11","S/Sor, Fernando/Sor, Fernando - Op. 60 - No 6 (study In A Minor).gp4.tokens.txt",DadaGP,Words:3/5,"S/Sor, Fernando/Sor, Fernando - Op. 60 - No 6 (study In A Minor).gp4.tokens.txt"
"Fernando Sor - Study, Op. 35 no. 11","S/Sor, Fernando/Sor, Fernando - Study No. 16.gp4.tokens.txt",DadaGP,Words:2/5,"S/Sor, Fernando/Sor, Fernando - Study No. 16.gp4.tokens.txt"
"Fernando Sor - Study, Op. 35 no. 11","S/Sor, Fernando/Sor, Fernando - Study No. 19.gp4.tokens.txt",DadaGP,Words:2/5,"S/Sor, Fernando/Sor, Fernando - Study No. 19.gp4.tokens.txt"
"Fernando Sor - Study, Op. 35 no. 12","S/Sor, Fernando/Sor, Fernando - Estudio 3 (Op. 6, No. 2).gp4.tokens.txt",DadaGP,Words:2/5,"S/Sor, Fernando/Sor, Fernando - Estudio 3 (Op. 6, No. 2).gp4.tokens.txt"
"Fernando Sor - Study, Op. 35 no. 12","S/Sor, Fernando/Sor, Fernando - Estudio nss 12 en Sol M.gp3.tokens.txt",DadaGP,Num:{'12'},"S/Sor, Fernando/Sor, Fernando - Estudio nss 12 en Sol M.gp3.tokens.txt"
"Fernando Sor - Study, Op. 35 no. 12","S/Sor, Fernando/Sor, Fernando - Etude No. 9 Opus 35.gp4.tokens.txt",DadaGP,Num:{'35'},"S/Sor, Fernando/Sor, Fernando - Etude No. 9 Opus 35.gp4.tokens.txt"
"Fernando Sor - Study, Op. 35 no. 12","S/Sor, Fernando/Sor, Fernando - Op. 31 - No 1 (Study In C Major).gp4.tokens.txt",DadaGP,Words:3/5,"S/Sor, Fernando/Sor, Fernando - Op. 31 - No 1 (Study In C Major).gp4.tokens.txt"
"Fernando Sor - Study, Op. 35 no. 12","S/Sor, Fernando/Sor, Fernando - Op. 44 - No 22 (study In A Minor).gp4.tokens.txt",DadaGP,Words:3/5,"S/Sor, Fernando/Sor, Fernando - Op. 44 - No 22 (study In A Minor).gp4.tokens.txt"
"Fernando Sor - Study, Op. 35 no. 12","S/Sor, Fernando/Sor, Fernando - Op. 60 - No 1 (study In C Major).gp4.tokens.txt",DadaGP,Words:3/5,"S/Sor, Fernando/Sor, Fernando - Op. 60 - No 1 (study In C Major).gp4.tokens.txt"
"Fernando Sor - Study, Op. 35 no. 12","S/Sor, Fernando/Sor, Fernando - Op. 60 - No 2 (study In C Major).gp4.tokens.txt",DadaGP,Words:3/5,"S/Sor, Fernando/Sor, Fernando - Op. 60 - No 2 (study In C Major).gp4.tokens.txt"
"Fernando Sor - Study, Op. 35 no. 12","S/Sor, Fernando/Sor, Fernando - Op. 60 - No 5 (study In A Minor).gp4.tokens.txt",DadaGP,Words:3/5,"S/Sor, Fernando/Sor, Fernando - Op. 60 - No 5 (study In A Minor).gp4.tokens.txt"
"Fernando Sor - Study, Op. 35 no. 12","S/Sor, Fernando/Sor, Fernando - Op. 60 - No 6 (study In A Minor).gp4.tokens.txt",DadaGP,Words:3/5,"S/Sor, Fernando/Sor, Fernando - Op. 60 - No 6 (study In A Minor).gp4.tokens.txt"
"Fernando Sor - Study, Op. 35 no. 12","S/Sor, Fernando/Sor, Fernando - Study No. 16.gp4.tokens.txt",DadaGP,Words:2/5,"S/Sor, Fernando/Sor, Fernando - Study No. 16.gp4.tokens.txt"
"Fernando Sor - Study, Op. 35 no. 12","S/Sor, Fernando/Sor, Fernando - Study No. 19.gp4.tokens.txt",DadaGP,Words:2/5,"S/Sor, Fernando/Sor, Fernando - Study No. 19.gp4.tokens.txt"
"Fernando Sor - Study, Op. 35 no. 13","S/Sor, Fernando/Sor, Fernando - Estudio 3 (Op. 6, No. 2).gp4.tokens.txt",DadaGP,Words:2/5,"S/Sor, Fernando/Sor, Fernando - Estudio 3 (Op. 6, No. 2).gp4.tokens.txt"
"Fernando Sor - Study, Op. 35 no. 13","S/Sor, Fernando/Sor, Fernando - Etude No. 13.gp4.tokens.txt",DadaGP,Num:{'13'},"S/Sor, Fernando/Sor, Fernando - Etude No. 13.gp4.tokens.txt"
"Fernando Sor - Study, Op. 35 no. 13","S/Sor, Fernando/Sor, Fernando - Etude No. 9 Opus 35.gp4.tokens.txt",DadaGP,Num:{'35'},"S/Sor, Fernando/Sor, Fernando - Etude No. 9 Opus 35.gp4.tokens.txt"
"Fernando Sor - Study, Op. 35 no. 13","S/Sor, Fernando/Sor, Fernando - Op. 31 - No 1 (Study In C Major).gp4.tokens.txt",DadaGP,Words:3/5,"S/Sor, Fernando/Sor, Fernando - Op. 31 - No 1 (Study In C Major).gp4.tokens.txt"
"Fernando Sor - Study, Op. 35 no. 13","S/Sor, Fernando/Sor, Fernando - Op. 44 - No 22 (study In A Minor).gp4.tokens.txt",DadaGP,Words:3/5,"S/Sor, Fernando/Sor, Fernando - Op. 44 - No 22 (study In A Minor).gp4.tokens.txt"
"Fernando Sor - Study, Op. 35 no. 13","S/Sor, Fernando/Sor, Fernando - Op. 60 - No 1 (study In C Major).gp4.tokens.txt",DadaGP,Words:3/5,"S/Sor, Fernando/Sor, Fernando - Op. 60 - No 1 (study In C Major).gp4.tokens.txt"
"Fernando Sor - Study, Op. 35 no. 13","S/Sor, Fernando/Sor, Fernando - Op. 60 - No 2 (study In C Major).gp4.tokens.txt",DadaGP,Words:3/5,"S/Sor, Fernando/Sor, Fernando - Op. 60 - No 2 (study In C Major).gp4.tokens.txt"
"Fernando Sor - Study, Op. 35 no. 13","S/Sor, Fernando/Sor, Fernando - Op. 60 - No 5 (study In A Minor).gp4.tokens.txt",DadaGP,Words:3/5,"S/Sor, Fernando/Sor, Fernando - Op. 60 - No 5 (study In A Minor).gp4.tokens.txt"
"Fernando Sor - Study, Op. 35 no. 13","S/Sor, Fernando/Sor, Fernando - Op. 60 - No 6 (study In A Minor).gp4.tokens.txt",DadaGP,Words:3/5,"S/Sor, Fernando/Sor, Fernando - Op. 60 - No 6 (study In A Minor).gp4.tokens.txt"
"Fernando Sor - Study, Op. 35 no. 13","S/Sor, Fernando/Sor, Fernando - Study No. 16.gp4.tokens.txt",DadaGP,Words:2/5,"S/Sor, Fernando/Sor, Fernando - Study No. 16.gp4.tokens.txt"
"Fernando Sor - Study, Op. 35 no. 13","S/Sor, Fernando/Sor, Fernando - Study No. 19.gp4.tokens.txt",DadaGP,Words:2/5,"S/Sor, Fernando/Sor, Fernando - Study No. 19.gp4.tokens.txt"
"Fernando Sor - Study, Op. 35 no. 14","S/Sor, Fernando/Sor, Fernando - Estudio 3 (Op. 6, No. 2).gp4.tokens.txt",DadaGP,Words:2/5,"S/Sor, Fernando/Sor, Fernando - Estudio 3 (Op. 6, No. 2).gp4.tokens.txt"
"Fernando Sor - Study, Op. 35 no. 14","S/Sor, Fernando/Sor, Fernando - Etude No. 9 Opus 35.gp4.tokens.txt",DadaGP,Num:{'35'},"S/Sor, Fernando/Sor, Fernando - Etude No. 9 Opus 35.gp4.tokens.txt"
"Fernando Sor - Study, Op. 35 no. 14","S/Sor, Fernando/Sor, Fernando - Op. 31 - No 1 (Study In C Major).gp4.tokens.txt",DadaGP,Words:3/5,"S/Sor, Fernando/Sor, Fernando - Op. 31 - No 1 (Study In C Major).gp4.tokens.txt"
"Fernando Sor - Study, Op. 35 no. 14","S/Sor, Fernando/Sor, Fernando - Op. 44 - No 22 (study In A Minor).gp4.tokens.txt",DadaGP,Words:3/5,"S/Sor, Fernando/Sor, Fernando - Op. 44 - No 22 (study In A Minor).gp4.tokens.txt"
"Fernando Sor - Study, Op. 35 no. 14","S/Sor, Fernando/Sor, Fernando - Op. 60 - No 1 (study In C Major).gp4.tokens.txt",DadaGP,Words:3/5,"S/Sor, Fernando/Sor, Fernando - Op. 60 - No 1 (study In C Major).gp4.tokens.txt"
"Fernando Sor - Study, Op. 35 no. 14","S/Sor, Fernando/Sor, Fernando - Op. 60 - No 2 (study In C Major).gp4.tokens.txt",DadaGP,Words:3/5,"S/Sor, Fernando/Sor, Fernando - Op. 60 - No 2 (study In C Major).gp4.tokens.txt"
"Fernando Sor - Study, Op. 35 no. 14","S/Sor, Fernando/Sor, Fernando - Op. 60 - No 5 (study In A Minor).gp4.tokens.txt",DadaGP,Words:3/5,"S/Sor, Fernando/Sor, Fernando - Op. 60 - No 5 (study In A Minor).gp4.tokens.txt"
"Fernando Sor - Study, Op. 35 no. 14","S/Sor, Fernando/Sor, Fernando - Op. 60 - No 6 (study In A Minor).gp4.tokens.txt",DadaGP,Words:3/5,"S/Sor, Fernando/Sor, Fernando - Op. 60 - No 6 (study In A Minor).gp4.tokens.txt"
"Fernando Sor - Study, Op. 35 no. 14","S/Sor, Fernando/Sor, Fernando - Study No. 16.gp4.tokens.txt",DadaGP,Words:2/5,"S/Sor, Fernando/Sor, Fernando - Study No. 16.gp4.tokens.txt"
"Fernando Sor - Study, Op. 35 no. 14","S/Sor, Fernando/Sor, Fernando - Study No. 19.gp4.tokens.txt",DadaGP,Words:2/5,"S/Sor, Fernando/Sor, Fernando - Study No. 19.gp4.tokens.txt"
"Fernando Sor - Study, Op. 35 no. 15","S/Sor, Fernando/Sor, Fernando - Estudio 3 (Op. 6, No. 2).gp4.tokens.txt",DadaGP,Words:2/5,"S/Sor, Fernando/Sor, Fernando - Estudio 3 (Op. 6, No. 2).gp4.tokens.txt"
"Fernando Sor - Study, Op. 35 no. 15","S/Sor, Fernando/Sor, Fernando - Etude No. 9 Opus 35.gp4.tokens.txt",DadaGP,Num:{'35'},"S/Sor, Fernando/Sor, Fernando - Etude No. 9 Opus 35.gp4.tokens.txt"
"Fernando Sor - Study, Op. 35 no. 15","S/Sor, Fernando/Sor, Fernando - Op. 31 - No 1 (Study In C Major).gp4.tokens.txt",DadaGP,Words:3/5,"S/Sor, Fernando/Sor, Fernando - Op. 31 - No 1 (Study In C Major).gp4.tokens.txt"
"Fernando Sor - Study, Op. 35 no. 15","S/Sor, Fernando/Sor, Fernando - Op. 44 - No 22 (study In A Minor).gp4.tokens.txt",DadaGP,Words:3/5,"S/Sor, Fernando/Sor, Fernando - Op. 44 - No 22 (study In A Minor).gp4.tokens.txt"
"Fernando Sor - Study, Op. 35 no. 15","S/Sor, Fernando/Sor, Fernando - Op. 60 - No 1 (study In C Major).gp4.tokens.txt",DadaGP,Words:3/5,"S/Sor, Fernando/Sor, Fernando - Op. 60 - No 1 (study In C Major).gp4.tokens.txt"
"Fernando Sor - Study, Op. 35 no. 15","S/Sor, Fernando/Sor, Fernando - Op. 60 - No 2 (study In C Major).gp4.tokens.txt",DadaGP,Words:3/5,"S/Sor, Fernando/Sor, Fernando - Op. 60 - No 2 (study In C Major).gp4.tokens.txt"
"Fernando Sor - Study, Op. 35 no. 15","S/Sor, Fernando/Sor, Fernando - Op. 60 - No 5 (study In A Minor).gp4.tokens.txt",DadaGP,Words:3/5,"S/Sor, Fernando/Sor, Fernando - Op. 60 - No 5 (study In A Minor).gp4.tokens.txt"
"Fernando Sor - Study, Op. 35 no. 15","S/Sor, Fernando/Sor, Fernando - Op. 60 - No 6 (study In A Minor).gp4.tokens.txt",DadaGP,Words:3/5,"S/Sor, Fernando/Sor, Fernando - Op. 60 - No 6 (study In A Minor).gp4.tokens.txt"
"Fernando Sor - Study, Op. 35 no. 15","S/Sor, Fernando/Sor, Fernando - Sonate In C (Op.15B).gp4.tokens.txt",DadaGP,Num:{'15'},"S/Sor, Fernando/Sor, Fernando - Sonate In C (Op.15B).gp4.tokens.txt"
"Fernando Sor - Study, Op. 35 no. 15","S/Sor, Fernando/Sor, Fernando - Study No. 16.gp4.tokens.txt",DadaGP,Words:2/5,"S/Sor, Fernando/Sor, Fernando - Study No. 16.gp4.tokens.txt"
"Fernando Sor - Study, Op. 35 no. 15","S/Sor, Fernando/Sor, Fernando - Study No. 19.gp4.tokens.txt",DadaGP,Words:2/5,"S/Sor, Fernando/Sor, Fernando - Study No. 19.gp4.tokens.txt"
"Fernando Sor - Study, Op. 35 no. 16","S/Sor, Fernando/Sor, Fernando - Estudio 3 (Op. 6, No. 2).gp4.tokens.txt",DadaGP,Words:2/5,"S/Sor, Fernando/Sor, Fernando - Estudio 3 (Op. 6, No. 2).gp4.tokens.txt"
"Fernando Sor - Study, Op. 35 no. 16","S/Sor, Fernando/Sor, Fernando - Etude No. 9 Opus 35.gp4.tokens.txt",DadaGP,Num:{'35'},"S/Sor, Fernando/Sor, Fernando - Etude No. 9 Opus 35.gp4.tokens.txt"
"Fernando Sor - Study, Op. 35 no. 16","S/Sor, Fernando/Sor, Fernando - Op. 31 - No 1 (Study In C Major).gp4.tokens.txt",DadaGP,Words:3/5,"S/Sor, Fernando/Sor, Fernando - Op. 31 - No 1 (Study In C Major).gp4.tokens.txt"
"Fernando Sor - Study, Op. 35 no. 16","S/Sor, Fernando/Sor, Fernando - Op. 44 - No 22 (study In A Minor).gp4.tokens.txt",DadaGP,Words:3/5,"S/Sor, Fernando/Sor, Fernando - Op. 44 - No 22 (study In A Minor).gp4.tokens.txt"
"Fernando Sor - Study, Op. 35 no. 16","S/Sor, Fernando/Sor, Fernando - Op. 60 - No 1 (study In C Major).gp4.tokens.txt",DadaGP,Words:3/5,"S/Sor, Fernando/Sor, Fernando - Op. 60 - No 1 (study In C Major).gp4.tokens.txt"
"Fernando Sor - Study, Op. 35 no. 16","S/Sor, Fernando/Sor, Fernando - Op. 60 - No 2 (study In C Major).gp4.tokens.txt",DadaGP,Words:3/5,"S/Sor, Fernando/Sor, Fernando - Op. 60 - No 2 (study In C Major).gp4.tokens.txt"
"Fernando Sor - Study, Op. 35 no. 16","S/Sor, Fernando/Sor, Fernando - Op. 60 - No 5 (study In A Minor).gp4.tokens.txt",DadaGP,Words:3/5,"S/Sor, Fernando/Sor, Fernando - Op. 60 - No 5 (study In A Minor).gp4.tokens.txt"
"Fernando Sor - Study, Op. 35 no. 16","S/Sor, Fernando/Sor, Fernando - Op. 60 - No 6 (study In A Minor).gp4.tokens.txt",DadaGP,Words:3/5,"S/Sor, Fernando/Sor, Fernando - Op. 60 - No 6 (study In A Minor).gp4.tokens.txt"
"Fernando Sor - Study, Op. 35 no. 16","S/Sor, Fernando/Sor, Fernando - Study No. 16.gp4.tokens.txt",DadaGP,Num:{'16'},"S/Sor, Fernando/Sor, Fernando - Study No. 16.gp4.tokens.txt"
"Fernando Sor - Study, Op. 35 no. 16","S/Sor, Fernando/Sor, Fernando - Study No. 19.gp4.tokens.txt",DadaGP,Words:2/5,"S/Sor, Fernando/Sor, Fernando - Study No. 19.gp4.tokens.txt"
"Fernando Sor - Study, Op. 35 no. 18","S/Sor, Fernando/Sor, Fernando - Estudio 3 (Op. 6, No. 2).gp4.tokens.txt",DadaGP,Words:2/5,"S/Sor, Fernando/Sor, Fernando - Estudio 3 (Op. 6, No. 2).gp4.tokens.txt"
"Fernando Sor - Study, Op. 35 no. 18","S/Sor, Fernando/Sor, Fernando - Estudio No. 18.gp4.tokens.txt",DadaGP,Num:{'18'},"S/Sor, Fernando/Sor, Fernando - Estudio No. 18.gp4.tokens.txt"
"Fernando Sor - Study, Op. 35 no. 18","S/Sor, Fernando/Sor, Fernando - Etude No. 9 Opus 35.gp4.tokens.txt",DadaGP,Num:{'35'},"S/Sor, Fernando/Sor, Fernando - Etude No. 9 Opus 35.gp4.tokens.txt"
"Fernando Sor - Study, Op. 35 no. 18","S/Sor, Fernando/Sor, Fernando - Op. 31 - No 1 (Study In C Major).gp4.tokens.txt",DadaGP,Words:3/5,"S/Sor, Fernando/Sor, Fernando - Op. 31 - No 1 (Study In C Major).gp4.tokens.txt"
"Fernando Sor - Study, Op. 35 no. 18","S/Sor, Fernando/Sor, Fernando - Op. 44 - No 22 (study In A Minor).gp4.tokens.txt",DadaGP,Words:3/5,"S/Sor, Fernando/Sor, Fernando - Op. 44 - No 22 (study In A Minor).gp4.tokens.txt"
"Fernando Sor - Study, Op. 35 no. 18","S/Sor, Fernando/Sor, Fernando - Op. 60 - No 1 (study In C Major).gp4.tokens.txt",DadaGP,Words:3/5,"S/Sor, Fernando/Sor, Fernando - Op. 60 - No 1 (study In C Major).gp4.tokens.txt"
"Fernando Sor - Study, Op. 35 no. 18","S/Sor, Fernando/Sor, Fernando - Op. 60 - No 2 (study In C Major).gp4.tokens.txt",DadaGP,Words:3/5,"S/Sor, Fernando/Sor, Fernando - Op. 60 - No 2 (study In C Major).gp4.tokens.txt"
"Fernando Sor - Study, Op. 35 no. 18","S/Sor, Fernando/Sor, Fernando - Op. 60 - No 5 (study In A Minor).gp4.tokens.txt",DadaGP,Words:3/5,"S/Sor, Fernando/Sor, Fernando - Op. 60 - No 5 (study In A Minor).gp4.tokens.txt"
"Fernando Sor - Study, Op. 35 no. 18","S/Sor, Fernando/Sor, Fernando - Op. 60 - No 6 (study In A Minor).gp4.tokens.txt",DadaGP,Words:3/5,"S/Sor, Fernando/Sor, Fernando - Op. 60 - No 6 (study In A Minor).gp4.tokens.txt"
"Fernando Sor - Study, Op. 35 no. 18","S/Sor, Fernando/Sor, Fernando - Study No. 16.gp4.tokens.txt",DadaGP,Words:2/5,"S/Sor, Fernando/Sor, Fernando - Study No. 16.gp4.tokens.txt"
"Fernando Sor - Study, Op. 35 no. 18","S/Sor, Fernando/Sor, Fernando - Study No. 19.gp4.tokens.txt",DadaGP,Words:2/5,"S/Sor, Fernando/Sor, Fernando - Study No. 19.gp4.tokens.txt"
"Fernando Sor - Study, Op. 35 no. 19","S/Sor, Fernando/Sor, Fernando - Estudio 3 (Op. 6, No. 2).gp4.tokens.txt",DadaGP,Words:2/5,"S/Sor, Fernando/Sor, Fernando - Estudio 3 (Op. 6, No. 2).gp4.tokens.txt"
"Fernando Sor - Study, Op. 35 no. 19","S/Sor, Fernando/Sor, Fernando - Etude No. 9 Opus 35.gp4.tokens.txt",DadaGP,Num:{'35'},"S/Sor, Fernando/Sor, Fernando - Etude No. 9 Opus 35.gp4.tokens.txt"
"Fernando Sor - Study, Op. 35 no. 19","S/Sor, Fernando/Sor, Fernando - Op. 31 - No 1 (Study In C Major).gp4.tokens.txt",DadaGP,Words:3/5,"S/Sor, Fernando/Sor, Fernando - Op. 31 - No 1 (Study In C Major).gp4.tokens.txt"
"Fernando Sor - Study, Op. 35 no. 19","S/Sor, Fernando/Sor, Fernando - Op. 44 - No 22 (study In A Minor).gp4.tokens.txt",DadaGP,Words:3/5,"S/Sor, Fernando/Sor, Fernando - Op. 44 - No 22 (study In A Minor).gp4.tokens.txt"
"Fernando Sor - Study, Op. 35 no. 19","S/Sor, Fernando/Sor, Fernando - Op. 60 - No 1 (study In C Major).gp4.tokens.txt",DadaGP,Words:3/5,"S/Sor, Fernando/Sor, Fernando - Op. 60 - No 1 (study In C Major).gp4.tokens.txt"
"Fernando Sor - Study, Op. 35 no. 19","S/Sor, Fernando/Sor, Fernando - Op. 60 - No 2 (study In C Major).gp4.tokens.txt",DadaGP,Words:3/5,"S/Sor, Fernando/Sor, Fernando - Op. 60 - No 2 (study In C Major).gp4.tokens.txt"
"Fernando Sor - Study, Op. 35 no. 19","S/Sor, Fernando/Sor, Fernando - Op. 60 - No 5 (study In A Minor).gp4.tokens.txt",DadaGP,Words:3/5,"S/Sor, Fernando/Sor, Fernando - Op. 60 - No 5 (study In A Minor).gp4.tokens.txt"
"Fernando Sor - Study, Op. 35 no. 19","S/Sor, Fernando/Sor, Fernando - Op. 60 - No 6 (study In A Minor).gp4.tokens.txt",DadaGP,Words:3/5,"S/Sor, Fernando/Sor, Fernando - Op. 60 - No 6 (study In A Minor).gp4.tokens.txt"
"Fernando Sor - Study, Op. 35 no. 19","S/Sor, Fernando/Sor, Fernando - Study No. 16.gp4.tokens.txt",DadaGP,Words:2/5,"S/Sor, Fernando/Sor, Fernando - Study No. 16.gp4.tokens.txt"
"Fernando Sor - Study, Op. 35 no. 19","S/Sor, Fernando/Sor, Fernando - Study No. 19.gp4.tokens.txt",DadaGP,Num:{'19'},"S/Sor, Fernando/Sor, Fernando - Study No. 19.gp4.tokens.txt"
"Fernando Sor - Study, Op. 35 no. 20","S/Sor, Fernando/Sor, Fernando - Estudio 3 (Op. 6, No. 2).gp4.tokens.txt",DadaGP,Words:2/5,"S/Sor, Fernando/Sor, Fernando - Estudio 3 (Op. 6, No. 2).gp4.tokens.txt"
"Fernando Sor - Study, Op. 35 no. 20","S/Sor, Fernando/Sor, Fernando - Etude No. 9 Opus 35.gp4.tokens.txt",DadaGP,Num:{'35'},"S/Sor, Fernando/Sor, Fernando - Etude No. 9 Opus 35.gp4.tokens.txt"
"Fernando Sor - Study, Op. 35 no. 20","S/Sor, Fernando/Sor, Fernando - Op. 31 - No 1 (Study In C Major).gp4.tokens.txt",DadaGP,Words:3/5,"S/Sor, Fernando/Sor, Fernando - Op. 31 - No 1 (Study In C Major).gp4.tokens.txt"
"Fernando Sor - Study, Op. 35 no. 20","S/Sor, Fernando/Sor, Fernando - Op. 44 - No 22 (study In A Minor).gp4.tokens.txt",DadaGP,Words:3/5,"S/Sor, Fernando/Sor, Fernando - Op. 44 - No 22 (study In A Minor).gp4.tokens.txt"
"Fernando Sor - Study, Op. 35 no. 20","S/Sor, Fernando/Sor, Fernando - Op. 60 - No 1 (study In C Major).gp4.tokens.txt",DadaGP,Words:3/5,"S/Sor, Fernando/Sor, Fernando - Op. 60 - No 1 (study In C Major).gp4.tokens.txt"
"Fernando Sor - Study, Op. 35 no. 20","S/Sor, Fernando/Sor, Fernando - Op. 60 - No 2 (study In C Major).gp4.tokens.txt",DadaGP,Words:3/5,"S/Sor, Fernando/Sor, Fernando - Op. 60 - No 2 (study In C Major).gp4.tokens.txt"
"Fernando Sor - Study, Op. 35 no. 20","S/Sor, Fernando/Sor, Fernando - Op. 60 - No 5 (study In A Minor).gp4.tokens.txt",DadaGP,Words:3/5,"S/Sor, Fernando/Sor, Fernando - Op. 60 - No 5 (study In A Minor).gp4.tokens.txt"
"Fernando Sor - Study, Op. 35 no. 20","S/Sor, Fernando/Sor, Fernando - Op. 60 - No 6 (study In A Minor).gp4.tokens.txt",DadaGP,Words:3/5,"S/Sor, Fernando/Sor, Fernando - Op. 60 - No 6 (study In A Minor).gp4.tokens.txt"
"Fernando Sor - Study, Op. 35 no. 20","S/Sor, Fernando/Sor, Fernando - Study No. 16.gp4.tokens.txt",DadaGP,Words:2/5,"S/Sor, Fernando/Sor, Fernando - Study No. 16.gp4.tokens.txt"
"Fernando Sor - Study, Op. 35 no. 20","S/Sor, Fernando/Sor, Fernando - Study No. 19.gp4.tokens.txt",DadaGP,Words:2/5,"S/Sor, Fernando/Sor, Fernando - Study No. 19.gp4.tokens.txt"
"Fernando Sor - Study, Op. 35 no. 21","S/Sor, Fernando/Sor, Fernando - Estudio 3 (Op. 6, No. 2).gp4.tokens.txt",DadaGP,Words:2/5,"S/Sor, Fernando/Sor, Fernando - Estudio 3 (Op. 6, No. 2).gp4.tokens.txt"
"Fernando Sor - Study, Op. 35 no. 21","S/Sor, Fernando/Sor, Fernando - Etude No. 9 Opus 35.gp4.tokens.txt",DadaGP,Num:{'35'},"S/Sor, Fernando/Sor, Fernando - Etude No. 9 Opus 35.gp4.tokens.txt"
"Fernando Sor - Study, Op. 35 no. 21","S/Sor, Fernando/Sor, Fernando - Op. 31 - No 1 (Study In C Major).gp4.tokens.txt",DadaGP,Words:3/5,"S/Sor, Fernando/Sor, Fernando - Op. 31 - No 1 (Study In C Major).gp4.tokens.txt"
"Fernando Sor - Study, Op. 35 no. 21","S/Sor, Fernando/Sor, Fernando - Op. 44 - No 22 (study In A Minor).gp4.tokens.txt",DadaGP,Words:3/5,"S/Sor, Fernando/Sor, Fernando - Op. 44 - No 22 (study In A Minor).gp4.tokens.txt"
"Fernando Sor - Study, Op. 35 no. 21","S/Sor, Fernando/Sor, Fernando - Op. 60 - No 1 (study In C Major).gp4.tokens.txt",DadaGP,Words:3/5,"S/Sor, Fernando/Sor, Fernando - Op. 60 - No 1 (study In C Major).gp4.tokens.txt"
"Fernando Sor - Study, Op. 35 no. 21","S/Sor, Fernando/Sor, Fernando - Op. 60 - No 2 (study In C Major).gp4.tokens.txt",DadaGP,Words:3/5,"S/Sor, Fernando/Sor, Fernando - Op. 60 - No 2 (study In C Major).gp4.tokens.txt"
"Fernando Sor - Study, Op. 35 no. 21","S/Sor, Fernando/Sor, Fernando - Op. 60 - No 5 (study In A Minor).gp4.tokens.txt",DadaGP,Words:3/5,"S/Sor, Fernando/Sor, Fernando - Op. 60 - No 5 (study In A Minor).gp4.tokens.txt"
"Fernando Sor - Study, Op. 35 no. 21","S/Sor, Fernando/Sor, Fernando - Op. 60 - No 6 (study In A Minor).gp4.tokens.txt",DadaGP,Words:3/5,"S/Sor, Fernando/Sor, Fernando - Op. 60 - No 6 (study In A Minor).gp4.tokens.txt"
"Fernando Sor - Study, Op. 35 no. 21","S/Sor, Fernando/Sor, Fernando - Study No. 16.gp4.tokens.txt",DadaGP,Words:2/5,"S/Sor, Fernando/Sor, Fernando - Study No. 16.gp4.tokens.txt"
"Fernando Sor - Study, Op. 35 no. 21","S/Sor, Fernando/Sor, Fernando - Study No. 19.gp4.tokens.txt",DadaGP,Words:2/5,"S/Sor, Fernando/Sor, Fernando - Study No. 19.gp4.tokens.txt"
"Fernando Sor - Study, Op. 35 no. 21","S/Sor, Fernando/Sor, Fernando - Variations in Tremolo, From Op.21.gp4.tokens.txt",DadaGP,Num:{'21'},"S/Sor, Fernando/Sor, Fernando - Variations in Tremolo, From Op.21.gp4.tokens.txt"
"Fernando Sor - Study, Op. 35 no. 23","S/Sor, Fernando/Sor, Fernando - Estudio 3 (Op. 6, No. 2).gp4.tokens.txt",DadaGP,Words:2/5,"S/Sor, Fernando/Sor, Fernando - Estudio 3 (Op. 6, No. 2).gp4.tokens.txt"
"Fernando Sor - Study, Op. 35 no. 23","S/Sor, Fernando/Sor, Fernando - Etude No. 9 Opus 35.gp4.tokens.txt",DadaGP,Num:{'35'},"S/Sor, Fernando/Sor, Fernando - Etude No. 9 Opus 35.gp4.tokens.txt"
"Fernando Sor - Study, Op. 35 no. 23","S/Sor, Fernando/Sor, Fernando - Op. 31 - No 1 (Study In C Major).gp4.tokens.txt",DadaGP,Words:3/5,"S/Sor, Fernando/Sor, Fernando - Op. 31 - No 1 (Study In C Major).gp4.tokens.txt"
"Fernando Sor - Study, Op. 35 no. 23","S/Sor, Fernando/Sor, Fernando - Op. 44 - No 22 (study In A Minor).gp4.tokens.txt",DadaGP,Words:3/5,"S/Sor, Fernando/Sor, Fernando - Op. 44 - No 22 (study In A Minor).gp4.tokens.txt"
"Fernando Sor - Study, Op. 35 no. 23","S/Sor, Fernando/Sor, Fernando - Op. 60 - No 1 (study In C Major).gp4.tokens.txt",DadaGP,Words:3/5,"S/Sor, Fernando/Sor, Fernando - Op. 60 - No 1 (study In C Major).gp4.tokens.txt"
"Fernando Sor - Study, Op. 35 no. 23","S/Sor, Fernando/Sor, Fernando - Op. 60 - No 2 (study In C Major).gp4.tokens.txt",DadaGP,Words:3/5,"S/Sor, Fernando/Sor, Fernando - Op. 60 - No 2 (study In C Major).gp4.tokens.txt"
"Fernando Sor - Study, Op. 35 no. 23","S/Sor, Fernando/Sor, Fernando - Op. 60 - No 5 (study In A Minor).gp4.tokens.txt",DadaGP,Words:3/5,"S/Sor, Fernando/Sor, Fernando - Op. 60 - No 5 (study In A Minor).gp4.tokens.txt"
"Fernando Sor - Study, Op. 35 no. 23","S/Sor, Fernando/Sor, Fernando - Op. 60 - No 6 (study In A Minor).gp4.tokens.txt",DadaGP,Words:3/5,"S/Sor, Fernando/Sor, Fernando - Op. 60 - No 6 (study In A Minor).gp4.tokens.txt"
"Fernando Sor - Study, Op. 35 no. 23","S/Sor, Fernando/Sor, Fernando - Study No. 16.gp4.tokens.txt",DadaGP,Words:2/5,"S/Sor, Fernando/Sor, Fernando - Study No. 16.gp4.tokens.txt"
"Fernando Sor - Study, Op. 35 no. 23","S/Sor, Fernando/Sor, Fernando - Study No. 19.gp4.tokens.txt",DadaGP,Words:2/5,"S/Sor, Fernando/Sor, Fernando - Study No. 19.gp4.tokens.txt"
"Fernando Sor - Study, Op. 35 no. 3","S/Sor, Fernando/Sor, Fernando - Andante (Op.44).gp3.tokens.txt",DadaGP,Num:{'3'},"S/Sor, Fernando/Sor, Fernando - Andante (Op.44).gp3.tokens.txt"
"Fernando Sor - Study, Op. 35 no. 3","S/Sor, Fernando/Sor, Fernando - Andantino (op.60).gp3.tokens.txt",DadaGP,Num:{'3'},"S/Sor, Fernando/Sor, Fernando - Andantino (op.60).gp3.tokens.txt"
"Fernando Sor - Study, Op. 35 no. 3","S/Sor, Fernando/Sor, Fernando - Estudio 3 (Op. 6, No. 2).gp4.tokens.txt",DadaGP,Num:{'3'},"S/Sor, Fernando/Sor, Fernando - Estudio 3 (Op. 6, No. 2).gp4.tokens.txt"
"Fernando Sor - Study, Op. 35 no. 3","S/Sor, Fernando/Sor, Fernando - Estudio No. 3.gp4.tokens.txt",DadaGP,Num:{'3'},"S/Sor, Fernando/Sor, Fernando - Estudio No. 3.gp4.tokens.txt"
"Fernando Sor - Study, Op. 35 no. 3","S/Sor, Fernando/Sor, Fernando - Estudio No. III.gp3.tokens.txt",DadaGP,Num:{'3'},"S/Sor, Fernando/Sor, Fernando - Estudio No. III.gp3.tokens.txt"
"Fernando Sor - Study, Op. 35 no. 3","S/Sor, Fernando/Sor, Fernando - Estudio No. IV.gp3.tokens.txt",DadaGP,Num:{'3'},"S/Sor, Fernando/Sor, Fernando - Estudio No. IV.gp3.tokens.txt"
"Fernando Sor - Study, Op. 35 no. 3","S/Sor, Fernando/Sor, Fernando - Estudio No. V.gp3.tokens.txt",DadaGP,Num:{'3'},"S/Sor, Fernando/Sor, Fernando - Estudio No. V.gp3.tokens.txt"
"Fernando Sor - Study, Op. 35 no. 3","S/Sor, Fernando/Sor, Fernando - Etude No. 9 Opus 35.gp4.tokens.txt",DadaGP,Num:{'35'},"S/Sor, Fernando/Sor, Fernando - Etude No. 9 Opus 35.gp4.tokens.txt"
"Fernando Sor - Study, Op. 35 no. 3","S/Sor, Fernando/Sor, Fernando - Op. 31 - No 1 (Study In C Major).gp4.tokens.txt",DadaGP,Words:3/5,"S/Sor, Fernando/Sor, Fernando - Op. 31 - No 1 (Study In C Major).gp4.tokens.txt"
"Fernando Sor - Study, Op. 35 no. 3","S/Sor, Fernando/Sor, Fernando - Op. 44 - No 22 (study In A Minor).gp4.tokens.txt",DadaGP,Words:3/5,"S/Sor, Fernando/Sor, Fernando - Op. 44 - No 22 (study In A Minor).gp4.tokens.txt"
"Fernando Sor - Study, Op. 35 no. 3","S/Sor, Fernando/Sor, Fernando - Op. 60 - No 1 (study In C Major).gp4.tokens.txt",DadaGP,Words:3/5,"S/Sor, Fernando/Sor, Fernando - Op. 60 - No 1 (study In C Major).gp4.tokens.txt"
"Fernando Sor - Study, Op. 35 no. 3","S/Sor, Fernando/Sor, Fernando - Op. 60 - No 2 (study In C Major).gp4.tokens.txt",DadaGP,Words:3/5,"S/Sor, Fernando/Sor, Fernando - Op. 60 - No 2 (study In C Major).gp4.tokens.txt"
"Fernando Sor - Study, Op. 35 no. 3","S/Sor, Fernando/Sor, Fernando - Op. 60 - No 5 (study In A Minor).gp4.tokens.txt",DadaGP,Words:3/5,"S/Sor, Fernando/Sor, Fernando - Op. 60 - No 5 (study In A Minor).gp4.tokens.txt"
"Fernando Sor - Study, Op. 35 no. 3","S/Sor, Fernando/Sor, Fernando - Op. 60 - No 6 (study In A Minor).gp4.tokens.txt",DadaGP,Words:3/5,"S/Sor, Fernando/Sor, Fernando - Op. 60 - No 6 (study In A Minor).gp4.tokens.txt"
"Fernando Sor - Study, Op. 35 no. 3","S/Sor, Fernando/Sor, Fernando - Study No. 16.gp4.tokens.txt",DadaGP,Words:2/5,"S/Sor, Fernando/Sor, Fernando - Study No. 16.gp4.tokens.txt"
"Fernando Sor - Study, Op. 35 no. 3","S/Sor, Fernando/Sor, Fernando - Study No. 19.gp4.tokens.txt",DadaGP,Words:2/5,"S/Sor, Fernando/Sor, Fernando - Study No. 19.gp4.tokens.txt"
"Fernando Sor - Study, Op. 35 no. 3","S/Sor, Fernando/Sor, Fernando - Study in Bm.gp3.tokens.txt",DadaGP,Num:{'3'},"S/Sor, Fernando/Sor, Fernando - Study in Bm.gp3.tokens.txt"
"Fernando Sor - Study, Op. 35 no. 3","S/Sor, Fernando/Sor, Fernando - Study in C.gp3.tokens.txt",DadaGP,Num:{'3'},"S/Sor, Fernando/Sor, Fernando - Study in C.gp3.tokens.txt"
"Fernando Sor - Study, Op. 35 no. 4","S/Sor, Fernando/Sor, Fernando - Encouragement Cantabile Op.34.gp4.tokens.txt",DadaGP,Num:{'4'},"S/Sor, Fernando/Sor, Fernando - Encouragement Cantabile Op.34.gp4.tokens.txt"
"Fernando Sor - Study, Op. 35 no. 4","S/Sor, Fernando/Sor, Fernando - Estudio 3 (Op. 6, No. 2).gp4.tokens.txt",DadaGP,Num:{'4'},"S/Sor, Fernando/Sor, Fernando - Estudio 3 (Op. 6, No. 2).gp4.tokens.txt"
"Fernando Sor - Study, Op. 35 no. 4","S/Sor, Fernando/Sor, Fernando - Estudio No. 10.gp4.tokens.txt",DadaGP,Num:{'4'},"S/Sor, Fernando/Sor, Fernando - Estudio No. 10.gp4.tokens.txt"
"Fernando Sor - Study, Op. 35 no. 4","S/Sor, Fernando/Sor, Fernando - Estudio No. 18.gp4.tokens.txt",DadaGP,Num:{'4'},"S/Sor, Fernando/Sor, Fernando - Estudio No. 18.gp4.tokens.txt"
"Fernando Sor - Study, Op. 35 no. 4","S/Sor, Fernando/Sor, Fernando - Estudio No. 3.gp4.tokens.txt",DadaGP,Num:{'4'},"S/Sor, Fernando/Sor, Fernando - Estudio No. 3.gp4.tokens.txt"
"Fernando Sor - Study, Op. 35 no. 4","S/Sor, Fernando/Sor, Fernando - Etude No 9, Opus 31.gp4.tokens.txt",DadaGP,Num:{'4'},"S/Sor, Fernando/Sor, Fernando - Etude No 9, Opus 31.gp4.tokens.txt"
"Fernando Sor - Study, Op. 35 no. 4","S/Sor, Fernando/Sor, Fernando - Etude No. 13.gp4.tokens.txt",DadaGP,Num:{'4'},"S/Sor, Fernando/Sor, Fernando - Etude No. 13.gp4.tokens.txt"
"Fernando Sor - Study, Op. 35 no. 4","S/Sor, Fernando/Sor, Fernando - Etude No. 9 Opus 35.gp4.tokens.txt",DadaGP,"Num:{'4', '35'}","S/Sor, Fernando/Sor, Fernando - Etude No. 9 Opus 35.gp4.tokens.txt"
"Fernando Sor - Study, Op. 35 no. 4","S/Sor, Fernando/Sor, Fernando - Op. 31 - No 1 (Study In C Major).gp4.tokens.txt",DadaGP,Num:{'4'},"S/Sor, Fernando/Sor, Fernando - Op. 31 - No 1 (Study In C Major).gp4.tokens.txt"
"Fernando Sor - Study, Op. 35 no. 4","S/Sor, Fernando/Sor, Fernando - Op. 44 - No 22 (study In A Minor).gp4.tokens.txt",DadaGP,Num:{'4'},"S/Sor, Fernando/Sor, Fernando - Op. 44 - No 22 (study In A Minor).gp4.tokens.txt"
"Fernando Sor - Study, Op. 35 no. 4","S/Sor, Fernando/Sor, Fernando - Op. 60 - No 1 (study In C Major).gp4.tokens.txt",DadaGP,Num:{'4'},"S/Sor, Fernando/Sor, Fernando - Op. 60 - No 1 (study In C Major).gp4.tokens.txt"
"Fernando Sor - Study, Op. 35 no. 4","S/Sor, Fernando/Sor, Fernando - Op. 60 - No 2 (study In C Major).gp4.tokens.txt",DadaGP,Num:{'4'},"S/Sor, Fernando/Sor, Fernando - Op. 60 - No 2 (study In C Major).gp4.tokens.txt"
"Fernando Sor - Study, Op. 35 no. 4","S/Sor, Fernando/Sor, Fernando - Op. 60 - No 5 (study In A Minor).gp4.tokens.txt",DadaGP,Num:{'4'},"S/Sor, Fernando/Sor, Fernando - Op. 60 - No 5 (study In A Minor).gp4.tokens.txt"
"Fernando Sor - Study, Op. 35 no. 4","S/Sor, Fernando/Sor, Fernando - Op. 60 - No 6 (study In A Minor).gp4.tokens.txt",DadaGP,Num:{'4'},"S/Sor, Fernando/Sor, Fernando - Op. 60 - No 6 (study In A Minor).gp4.tokens.txt"
"Fernando Sor - Study, Op. 35 no. 4","S/Sor, Fernando/Sor, Fernando - Sonate In C (Op.15B).gp4.tokens.txt",DadaGP,Num:{'4'},"S/Sor, Fernando/Sor, Fernando - Sonate In C (Op.15B).gp4.tokens.txt"
"Fernando Sor - Study, Op. 35 no. 4","S/Sor, Fernando/Sor, Fernando - Study In D Minor (poco Allegretto).gp4.tokens.txt",DadaGP,Num:{'4'},"S/Sor, Fernando/Sor, Fernando - Study In D Minor (poco Allegretto).gp4.tokens.txt"
"Fernando Sor - Study, Op. 35 no. 4","S/Sor, Fernando/Sor, Fernando - Study No. 16.gp4.tokens.txt",DadaGP,Num:{'4'},"S/Sor, Fernando/Sor, Fernando - Study No. 16.gp4.tokens.txt"
"Fernando Sor - Study, Op. 35 no. 4","S/Sor, Fernando/Sor, Fernando - Study No. 19.gp4.tokens.txt",DadaGP,Num:{'4'},"S/Sor, Fernando/Sor, Fernando - Study No. 19.gp4.tokens.txt"
"Fernando Sor - Study, Op. 35 no. 4","S/Sor, Fernando/Sor, Fernando - Variations in Tremolo, From Op.21.gp4.tokens.txt",DadaGP,Num:{'4'},"S/Sor, Fernando/Sor, Fernando - Variations in Tremolo, From Op.21.gp4.tokens.txt"
"Fernando Sor - Study, Op. 35 no. 8","S/Sor, Fernando/Sor, Fernando - Estudio 3 (Op. 6, No. 2).gp4.tokens.txt",DadaGP,Words:2/5,"S/Sor, Fernando/Sor, Fernando - Estudio 3 (Op. 6, No. 2).gp4.tokens.txt"
"Fernando Sor - Study, Op. 35 no. 8","S/Sor, Fernando/Sor, Fernando - Etude No. 9 Opus 35.gp4.tokens.txt",DadaGP,Num:{'35'},"S/Sor, Fernando/Sor, Fernando - Etude No. 9 Opus 35.gp4.tokens.txt"
"Fernando Sor - Study, Op. 35 no. 8","S/Sor, Fernando/Sor, Fernando - Op. 31 - No 1 (Study In C Major).gp4.tokens.txt",DadaGP,Words:3/5,"S/Sor, Fernando/Sor, Fernando - Op. 31 - No 1 (Study In C Major).gp4.tokens.txt"
"Fernando Sor - Study, Op. 35 no. 8","S/Sor, Fernando/Sor, Fernando - Op. 44 - No 22 (study In A Minor).gp4.tokens.txt",DadaGP,Words:3/5,"S/Sor, Fernando/Sor, Fernando - Op. 44 - No 22 (study In A Minor).gp4.tokens.txt"
"Fernando Sor - Study, Op. 35 no. 8","S/Sor, Fernando/Sor, Fernando - Op. 60 - No 1 (study In C Major).gp4.tokens.txt",DadaGP,Words:3/5,"S/Sor, Fernando/Sor, Fernando - Op. 60 - No 1 (study In C Major).gp4.tokens.txt"
"Fernando Sor - Study, Op. 35 no. 8","S/Sor, Fernando/Sor, Fernando - Op. 60 - No 2 (study In C Major).gp4.tokens.txt",DadaGP,Words:3/5,"S/Sor, Fernando/Sor, Fernando - Op. 60 - No 2 (study In C Major).gp4.tokens.txt"
"Fernando Sor - Study, Op. 35 no. 8","S/Sor, Fernando/Sor, Fernando - Op. 60 - No 5 (study In A Minor).gp4.tokens.txt",DadaGP,Words:3/5,"S/Sor, Fernando/Sor, Fernando - Op. 60 - No 5 (study In A Minor).gp4.tokens.txt"
"Fernando Sor - Study, Op. 35 no. 8","S/Sor, Fernando/Sor, Fernando - Op. 60 - No 6 (study In A Minor).gp4.tokens.txt",DadaGP,Words:3/5,"S/Sor, Fernando/Sor, Fernando - Op. 60 - No 6 (study In A Minor).gp4.tokens.txt"
"Fernando Sor - Study, Op. 35 no. 8","S/Sor, Fernando/Sor, Fernando - Study No. 16.gp4.tokens.txt",DadaGP,Words:2/5,"S/Sor, Fernando/Sor, Fernando - Study No. 16.gp4.tokens.txt"
"Fernando Sor - Study, Op. 35 no. 8","S/Sor, Fernando/Sor, Fernando - Study No. 19.gp4.tokens.txt",DadaGP,Words:2/5,"S/Sor, Fernando/Sor, Fernando - Study No. 19.gp4.tokens.txt"
"Fernando Sor - Study, Op. 35 no. 9","S/Sor, Fernando/Sor, Fernando - Estudio 3 (Op. 6, No. 2).gp4.tokens.txt",DadaGP,Words:2/5,"S/Sor, Fernando/Sor, Fernando - Estudio 3 (Op. 6, No. 2).gp4.tokens.txt"
"Fernando Sor - Study, Op. 35 no. 9","S/Sor, Fernando/Sor, Fernando - Etude No 9, Opus 31.gp4.tokens.txt",DadaGP,Num:{'9'},"S/Sor, Fernando/Sor, Fernando - Etude No 9, Opus 31.gp4.tokens.txt"
"Fernando Sor - Study, Op. 35 no. 9","S/Sor, Fernando/Sor, Fernando - Etude No. 9 Opus 35.gp4.tokens.txt",DadaGP,"Num:{'9', '35'}","S/Sor, Fernando/Sor, Fernando - Etude No. 9 Opus 35.gp4.tokens.txt"
"Fernando Sor - Study, Op. 35 no. 9","S/Sor, Fernando/Sor, Fernando - Op. 31 - No 1 (Study In C Major).gp4.tokens.txt",DadaGP,Words:3/5,"S/Sor, Fernando/Sor, Fernando - Op. 31 - No 1 (Study In C Major).gp4.tokens.txt"
"Fernando Sor - Study, Op. 35 no. 9","S/Sor, Fernando/Sor, Fernando - Op. 44 - No 22 (study In A Minor).gp4.tokens.txt",DadaGP,Words:3/5,"S/Sor, Fernando/Sor, Fernando - Op. 44 - No 22 (study In A Minor).gp4.tokens.txt"
"Fernando Sor - Study, Op. 35 no. 9","S/Sor, Fernando/Sor, Fernando - Op. 60 - No 1 (study In C Major).gp4.tokens.txt",DadaGP,Words:3/5,"S/Sor, Fernando/Sor, Fernando - Op. 60 - No 1 (study In C Major).gp4.tokens.txt"
"Fernando Sor - Study, Op. 35 no. 9","S/Sor, Fernando/Sor, Fernando - Op. 60 - No 2 (study In C Major).gp4.tokens.txt",DadaGP,Words:3/5,"S/Sor, Fernando/Sor, Fernando - Op. 60 - No 2 (study In C Major).gp4.tokens.txt"
"Fernando Sor - Study, Op. 35 no. 9","S/Sor, Fernando/Sor, Fernando - Op. 60 - No 5 (study In A Minor).gp4.tokens.txt",DadaGP,Words:3/5,"S/Sor, Fernando/Sor, Fernando - Op. 60 - No 5 (study In A Minor).gp4.tokens.txt"
"Fernando Sor - Study, Op. 35 no. 9","S/Sor, Fernando/Sor, Fernando - Op. 60 - No 6 (study In A Minor).gp4.tokens.txt",DadaGP,Words:3/5,"S/Sor, Fernando/Sor, Fernando - Op. 60 - No 6 (study In A Minor).gp4.tokens.txt"
"Fernando Sor - Study, Op. 35 no. 9","S/Sor, Fernando/Sor, Fernando - Study No. 16.gp4.tokens.txt",DadaGP,Words:2/5,"S/Sor, Fernando/Sor, Fernando - Study No. 16.gp4.tokens.txt"
"Fernando Sor - Study, Op. 35 no. 9","S/Sor, Fernando/Sor, Fernando - Study No. 19.gp4.tokens.txt",DadaGP,Words:2/5,"S/Sor, Fernando/Sor, Fernando - Study No. 19.gp4.tokens.txt"
"Mauro Giuliani - Study, Op. 48 no. 23","G/Giuliani, Mauro/Giuliani, Mauro - Maestoso, Opus 48.gp3.tokens.txt",DadaGP,Num:{'48'},"G/Giuliani, Mauro/Giuliani, Mauro - Maestoso, Opus 48.gp3.tokens.txt"
"Mauro Giuliani - Study, Op. 48 no. 23","G/Giuliani, Mauro/Giuliani, Mauro - Op. 50 No. 1.gp3.tokens.txt",DadaGP,Words:2/5,"G/Giuliani, Mauro/Giuliani, Mauro - Op. 50 No. 1.gp3.tokens.txt"
"Mauro Giuliani - Study, Op. 48 no. 23","G/Giuliani, Mauro/Giuliani, Mauro - Op. 50 No.3.gp3.tokens.txt",DadaGP,Words:2/5,"G/Giuliani, Mauro/Giuliani, Mauro - Op. 50 No.3.gp3.tokens.txt"
"Mauro Giuliani - Study, Op. 48 no. 23","G/Giuliani, Mauro/Giuliani, Mauro - Opus 48 A5.gp4.tokens.txt",DadaGP,Num:{'48'},"G/Giuliani, Mauro/Giuliani, Mauro - Opus 48 A5.gp4.tokens.txt"
"Mauro Giuliani - Study, Op. 48 no. 23","G/Giuliani, Mauro/Giuliani, Mauro - Study No. 3.gp4.tokens.txt",DadaGP,Words:2/5,"G/Giuliani, Mauro/Giuliani, Mauro - Study No. 3.gp4.tokens.txt"
"Mauro Giuliani - Study, Op. 48 no. 24","G/Giuliani, Mauro/Giuliani, Mauro - Maestoso, Opus 48.gp3.tokens.txt",DadaGP,Num:{'48'},"G/Giuliani, Mauro/Giuliani, Mauro - Maestoso, Opus 48.gp3.tokens.txt"
"Mauro Giuliani - Study, Op. 48 no. 24","G/Giuliani, Mauro/Giuliani, Mauro - Op. 50 No. 1.gp3.tokens.txt",DadaGP,Words:2/5,"G/Giuliani, Mauro/Giuliani, Mauro - Op. 50 No. 1.gp3.tokens.txt"
"Mauro Giuliani - Study, Op. 48 no. 24","G/Giuliani, Mauro/Giuliani, Mauro - Op. 50 No.3.gp3.tokens.txt",DadaGP,Words:2/5,"G/Giuliani, Mauro/Giuliani, Mauro - Op. 50 No.3.gp3.tokens.txt"
"Mauro Giuliani - Study, Op. 48 no. 24","G/Giuliani, Mauro/Giuliani, Mauro - Opus 48 A5.gp4.tokens.txt",DadaGP,Num:{'48'},"G/Giuliani, Mauro/Giuliani, Mauro - Opus 48 A5.gp4.tokens.txt"
"Mauro Giuliani - Study, Op. 48 no. 24","G/Giuliani, Mauro/Giuliani, Mauro - Study No. 3.gp4.tokens.txt",DadaGP,Words:2/5,"G/Giuliani, Mauro/Giuliani, Mauro - Study No. 3.gp4.tokens.txt"
"Mauro Giuliani - Study, Op. 50 no. 1","G/Giuliani, Mauro/Giuliani, Mauro - Op. 50 No. 1.gp3.tokens.txt",DadaGP,"Num:{'50', '1'}","G/Giuliani, Mauro/Giuliani, Mauro - Op. 50 No. 1.gp3.tokens.txt"
"Mauro Giuliani - Study, Op. 50 no. 1","G/Giuliani, Mauro/Giuliani, Mauro - Op. 50 No.3.gp3.tokens.txt",DadaGP,Num:{'50'},"G/Giuliani, Mauro/Giuliani, Mauro - Op. 50 No.3.gp3.tokens.txt"
"Mauro Giuliani - Study, Op. 50 no. 1","G/Giuliani, Mauro/Giuliani, Mauro - Study No. 3.gp4.tokens.txt",DadaGP,Words:2/5,"G/Giuliani, Mauro/Giuliani, Mauro - Study No. 3.gp4.tokens.txt"
"Mauro Giuliani - Study, Op. 50 no. 3","G/Giuliani, Mauro/Giuliani, Mauro - Op. 50 No. 1.gp3.tokens.txt",DadaGP,"Num:{'50', '3'}","G/Giuliani, Mauro/Giuliani, Mauro - Op. 50 No. 1.gp3.tokens.txt"
"Mauro Giuliani - Study, Op. 50 no. 3","G/Giuliani, Mauro/Giuliani, Mauro - Op. 50 No.3.gp3.tokens.txt",DadaGP,"Num:{'50', '3'}","G/Giuliani, Mauro/Giuliani, Mauro - Op. 50 No.3.gp3.tokens.txt"
"Mauro Giuliani - Study, Op. 50 no. 3","G/Giuliani, Mauro/Giuliani, Mauro - Study No. 3.gp4.tokens.txt",DadaGP,Num:{'3'},"G/Giuliani, Mauro/Giuliani, Mauro - Study No. 3.gp4.tokens.txt"
"Mauro Giuliani - Study, Op. 50 no. 5","G/Giuliani, Mauro/Giuliani, Mauro - Op. 50 No. 1.gp3.tokens.txt",DadaGP,Num:{'50'},"G/Giuliani, Mauro/Giuliani, Mauro - Op. 50 No. 1.gp3.tokens.txt"
"Mauro Giuliani - Study, Op. 50 no. 5","G/Giuliani, Mauro/Giuliani, Mauro - Op. 50 No.3.gp3.tokens.txt",DadaGP,Num:{'50'},"G/Giuliani, Mauro/Giuliani, Mauro - Op. 50 No.3.gp3.tokens.txt"
"Mauro Giuliani - Study, Op. 50 no. 5","G/Giuliani, Mauro/Giuliani, Mauro - Study No. 3.gp4.tokens.txt",DadaGP,Words:2/5,"G/Giuliani, Mauro/Giuliani, Mauro - Study No. 3.gp4.tokens.txt"
"Mauro Giuliani - Study, Op. 50 no. 7","G/Giuliani, Mauro/Giuliani, Mauro - Op. 50 No. 1.gp3.tokens.txt",DadaGP,Num:{'50'},"G/Giuliani, Mauro/Giuliani, Mauro - Op. 50 No. 1.gp3.tokens.txt"
"Mauro Giuliani - Study, Op. 50 no. 7","G/Giuliani, Mauro/Giuliani, Mauro - Op. 50 No.3.gp3.tokens.txt",DadaGP,Num:{'50'},"G/Giuliani, Mauro/Giuliani, Mauro - Op. 50 No.3.gp3.tokens.txt"
"Mauro Giuliani - Study, Op. 50 no. 7","G/Giuliani, Mauro/Giuliani, Mauro - Study No. 3.gp4.tokens.txt",DadaGP,Words:2/5,"G/Giuliani, Mauro/Giuliani, Mauro - Study No. 3.gp4.tokens.txt"
"Mauro Giuliani - Study, Op. 51 no. 1","G/Giuliani, Mauro/Giuliani, Mauro - Op. 50 No. 1.gp3.tokens.txt",DadaGP,Num:{'1'},"G/Giuliani, Mauro/Giuliani, Mauro - Op. 50 No. 1.gp3.tokens.txt"
"Mauro Giuliani - Study, Op. 51 no. 1","G/Giuliani, Mauro/Giuliani, Mauro - Op. 50 No.3.gp3.tokens.txt",DadaGP,Words:2/5,"G/Giuliani, Mauro/Giuliani, Mauro - Op. 50 No.3.gp3.tokens.txt"
"Mauro Giuliani - Study, Op. 51 no. 1","G/Giuliani, Mauro/Giuliani, Mauro - Study No. 3.gp4.tokens.txt",DadaGP,Words:2/5,"G/Giuliani, Mauro/Giuliani, Mauro - Study No. 3.gp4.tokens.txt"
"Mauro Giuliani - Study, Op. 51 no. 12","G/Giuliani, Mauro/Giuliani, Mauro - Op. 50 No. 1.gp3.tokens.txt",DadaGP,Words:2/5,"G/Giuliani, Mauro/Giuliani, Mauro - Op. 50 No. 1.gp3.tokens.txt"
"Mauro Giuliani - Study, Op. 51 no. 12","G/Giuliani, Mauro/Giuliani, Mauro - Op. 50 No.3.gp3.tokens.txt",DadaGP,Words:2/5,"G/Giuliani, Mauro/Giuliani, Mauro - Op. 50 No.3.gp3.tokens.txt"
"Mauro Giuliani - Study, Op. 51 no. 12","G/Giuliani, Mauro/Giuliani, Mauro - Study No. 3.gp4.tokens.txt",DadaGP,Words:2/5,"G/Giuliani, Mauro/Giuliani, Mauro - Study No. 3.gp4.tokens.txt"
"Mauro Giuliani - Study, Op. 51 no. 15","G/Giuliani, Mauro/Giuliani, Mauro - Op. 50 No. 1.gp3.tokens.txt",DadaGP,Words:2/5,"G/Giuliani, Mauro/Giuliani, Mauro - Op. 50 No. 1.gp3.tokens.txt"
"Mauro Giuliani - Study, Op. 51 no. 15","G/Giuliani, Mauro/Giuliani, Mauro - Op. 50 No.3.gp3.tokens.txt",DadaGP,Words:2/5,"G/Giuliani, Mauro/Giuliani, Mauro - Op. 50 No.3.gp3.tokens.txt"
"Mauro Giuliani - Study, Op. 51 no. 15","G/Giuliani, Mauro/Giuliani, Mauro - Study No. 3.gp4.tokens.txt",DadaGP,Words:2/5,"G/Giuliani, Mauro/Giuliani, Mauro - Study No. 3.gp4.tokens.txt"
"Mauro Giuliani - Study, Op. 51 no. 5","G/Giuliani, Mauro/Giuliani, Mauro - Op. 50 No. 1.gp3.tokens.txt",DadaGP,Words:2/5,"G/Giuliani, Mauro/Giuliani, Mauro - Op. 50 No. 1.gp3.tokens.txt"
"Mauro Giuliani - Study, Op. 51 no. 5","G/Giuliani, Mauro/Giuliani, Mauro - Op. 50 No.3.gp3.tokens.txt",DadaGP,Words:2/5,"G/Giuliani, Mauro/Giuliani, Mauro - Op. 50 No.3.gp3.tokens.txt"
"Mauro Giuliani - Study, Op. 51 no. 5","G/Giuliani, Mauro/Giuliani, Mauro - Study No. 3.gp4.tokens.txt",DadaGP,Words:2/5,"G/Giuliani, Mauro/Giuliani, Mauro - Study No. 3.gp4.tokens.txt"
"Fernando Sor - Study, Op. 6 no. 1","S/Sor, Fernando/Sor, Fernando - Estudio 1.gp3.tokens.txt",DadaGP,Num:{'1'},"S/Sor, Fernando/Sor, Fernando - Estudio 1.gp3.tokens.txt"
"Fernando Sor - Study, Op. 6 no. 1","S/Sor, Fernando/Sor, Fernando - Estudio 3 (Op. 6, No. 2).gp4.tokens.txt",DadaGP,Num:{'6'},"S/Sor, Fernando/Sor, Fernando - Estudio 3 (Op. 6, No. 2).gp4.tokens.txt"
"Fernando Sor - Study, Op. 6 no. 1","S/Sor, Fernando/Sor, Fernando - Etude N-6 En Re Majeur.gp4.tokens.txt",DadaGP,Num:{'6'},"S/Sor, Fernando/Sor, Fernando - Etude N-6 En Re Majeur.gp4.tokens.txt"
"Fernando Sor - Study, Op. 6 no. 1","S/Sor, Fernando/Sor, Fernando - Nr.1 (Six Valses).gp4.tokens.txt",DadaGP,Num:{'1'},"S/Sor, Fernando/Sor, Fernando - Nr.1 (Six Valses).gp4.tokens.txt"
"Fernando Sor - Study, Op. 6 no. 1","S/Sor, Fernando/Sor, Fernando - Op. 31 - No 1 (Study In C Major).gp4.tokens.txt",DadaGP,Num:{'1'},"S/Sor, Fernando/Sor, Fernando - Op. 31 - No 1 (Study In C Major).gp4.tokens.txt"
"Fernando Sor - Study, Op. 6 no. 1","S/Sor, Fernando/Sor, Fernando - Op. 44 - No 22 (study In A Minor).gp4.tokens.txt",DadaGP,Words:3/5,"S/Sor, Fernando/Sor, Fernando - Op. 44 - No 22 (study In A Minor).gp4.tokens.txt"
"Fernando Sor - Study, Op. 6 no. 1","S/Sor, Fernando/Sor, Fernando - Op. 60 - No 1 (study In C Major).gp4.tokens.txt",DadaGP,Num:{'1'},"S/Sor, Fernando/Sor, Fernando - Op. 60 - No 1 (study In C Major).gp4.tokens.txt"
"Fernando Sor - Study, Op. 6 no. 1","S/Sor, Fernando/Sor, Fernando - Op. 60 - No 2 (study In C Major).gp4.tokens.txt",DadaGP,Words:3/5,"S/Sor, Fernando/Sor, Fernando - Op. 60 - No 2 (study In C Major).gp4.tokens.txt"
"Fernando Sor - Study, Op. 6 no. 1","S/Sor, Fernando/Sor, Fernando - Op. 60 - No 5 (study In A Minor).gp4.tokens.txt",DadaGP,Words:3/5,"S/Sor, Fernando/Sor, Fernando - Op. 60 - No 5 (study In A Minor).gp4.tokens.txt"
"Fernando Sor - Study, Op. 6 no. 1","S/Sor, Fernando/Sor, Fernando - Op. 60 - No 6 (study In A Minor).gp4.tokens.txt",DadaGP,Num:{'6'},"S/Sor, Fernando/Sor, Fernando - Op. 60 - No 6 (study In A Minor).gp4.tokens.txt"
"Fernando Sor - Study, Op. 6 no. 1","S/Sor, Fernando/Sor, Fernando - Study No. 16.gp4.tokens.txt",DadaGP,Words:2/5,"S/Sor, Fernando/Sor, Fernando - Study No. 16.gp4.tokens.txt"
"Fernando Sor - Study, Op. 6 no. 1","S/Sor, Fernando/Sor, Fernando - Study No. 19.gp4.tokens.txt",DadaGP,Words:2/5,"S/Sor, Fernando/Sor, Fernando - Study No. 19.gp4.tokens.txt"
"Fernando Sor - Study, Op. 6 no. 12","S/Sor, Fernando/Sor, Fernando - Estudio 3 (Op. 6, No. 2).gp4.tokens.txt",DadaGP,Num:{'6'},"S/Sor, Fernando/Sor, Fernando - Estudio 3 (Op. 6, No. 2).gp4.tokens.txt"
"Fernando Sor - Study, Op. 6 no. 12","S/Sor, Fernando/Sor, Fernando - Estudio nss 12 en Sol M.gp3.tokens.txt",DadaGP,Num:{'12'},"S/Sor, Fernando/Sor, Fernando - Estudio nss 12 en Sol M.gp3.tokens.txt"
"Fernando Sor - Study, Op. 6 no. 12","S/Sor, Fernando/Sor, Fernando - Etude N-6 En Re Majeur.gp4.tokens.txt",DadaGP,Num:{'6'},"S/Sor, Fernando/Sor, Fernando - Etude N-6 En Re Majeur.gp4.tokens.txt"
"Fernando Sor - Study, Op. 6 no. 12","S/Sor, Fernando/Sor, Fernando - Op. 31 - No 1 (Study In C Major).gp4.tokens.txt",DadaGP,Words:3/5,"S/Sor, Fernando/Sor, Fernando - Op. 31 - No 1 (Study In C Major).gp4.tokens.txt"
"Fernando Sor - Study, Op. 6 no. 12","S/Sor, Fernando/Sor, Fernando - Op. 44 - No 22 (study In A Minor).gp4.tokens.txt",DadaGP,Words:3/5,"S/Sor, Fernando/Sor, Fernando - Op. 44 - No 22 (study In A Minor).gp4.tokens.txt"
"Fernando Sor - Study, Op. 6 no. 12","S/Sor, Fernando/Sor, Fernando - Op. 60 - No 1 (study In C Major).gp4.tokens.txt",DadaGP,Words:3/5,"S/Sor, Fernando/Sor, Fernando - Op. 60 - No 1 (study In C Major).gp4.tokens.txt"
"Fernando Sor - Study, Op. 6 no. 12","S/Sor, Fernando/Sor, Fernando - Op. 60 - No 2 (study In C Major).gp4.tokens.txt",DadaGP,Words:3/5,"S/Sor, Fernando/Sor, Fernando - Op. 60 - No 2 (study In C Major).gp4.tokens.txt"
"Fernando Sor - Study, Op. 6 no. 12","S/Sor, Fernando/Sor, Fernando - Op. 60 - No 5 (study In A Minor).gp4.tokens.txt",DadaGP,Words:3/5,"S/Sor, Fernando/Sor, Fernando - Op. 60 - No 5 (study In A Minor).gp4.tokens.txt"
"Fernando Sor - Study, Op. 6 no. 12","S/Sor, Fernando/Sor, Fernando - Op. 60 - No 6 (study In A Minor).gp4.tokens.txt",DadaGP,Num:{'6'},"S/Sor, Fernando/Sor, Fernando - Op. 60 - No 6 (study In A Minor).gp4.tokens.txt"
"Fernando Sor - Study, Op. 6 no. 12","S/Sor, Fernando/Sor, Fernando - Study No. 16.gp4.tokens.txt",DadaGP,Words:2/5,"S/Sor, Fernando/Sor, Fernando - Study No. 16.gp4.tokens.txt"
"Fernando Sor - Study, Op. 6 no. 12","S/Sor, Fernando/Sor, Fernando - Study No. 19.gp4.tokens.txt",DadaGP,Words:2/5,"S/Sor, Fernando/Sor, Fernando - Study No. 19.gp4.tokens.txt"
"Fernando Sor - Study, Op. 6 no. 2","S/Sor, Fernando/Sor, Fernando - Estudio 2.gp3.tokens.txt",DadaGP,Num:{'2'},"S/Sor, Fernando/Sor, Fernando - Estudio 2.gp3.tokens.txt"
"Fernando Sor - Study, Op. 6 no. 2","S/Sor, Fernando/Sor, Fernando - Estudio 2.gp4.tokens.txt",DadaGP,Num:{'2'},"S/Sor, Fernando/Sor, Fernando - Estudio 2.gp4.tokens.txt"
"Fernando Sor - Study, Op. 6 no. 2","S/Sor, Fernando/Sor, Fernando - Estudio 3 (Op. 6, No. 2).gp4.tokens.txt",DadaGP,"Num:{'6', '2'}","S/Sor, Fernando/Sor, Fernando - Estudio 3 (Op. 6, No. 2).gp4.tokens.txt"
"Fernando Sor - Study, Op. 6 no. 2","S/Sor, Fernando/Sor, Fernando - Etude N-6 En Re Majeur.gp4.tokens.txt",DadaGP,Num:{'6'},"S/Sor, Fernando/Sor, Fernando - Etude N-6 En Re Majeur.gp4.tokens.txt"
"Fernando Sor - Study, Op. 6 no. 2","S/Sor, Fernando/Sor, Fernando - Op. 31 - No 1 (Study In C Major).gp4.tokens.txt",DadaGP,Words:3/5,"S/Sor, Fernando/Sor, Fernando - Op. 31 - No 1 (Study In C Major).gp4.tokens.txt"
"Fernando Sor - Study, Op. 6 no. 2","S/Sor, Fernando/Sor, Fernando - Op. 44 - No 22 (study In A Minor).gp4.tokens.txt",DadaGP,Words:3/5,"S/Sor, Fernando/Sor, Fernando - Op. 44 - No 22 (study In A Minor).gp4.tokens.txt"
"Fernando Sor - Study, Op. 6 no. 2","S/Sor, Fernando/Sor, Fernando - Op. 60 - No 1 (study In C Major).gp4.tokens.txt",DadaGP,Words:3/5,"S/Sor, Fernando/Sor, Fernando - Op. 60 - No 1 (study In C Major).gp4.tokens.txt"
"Fernando Sor - Study, Op. 6 no. 2","S/Sor, Fernando/Sor, Fernando - Op. 60 - No 2 (study In C Major).gp4.tokens.txt",DadaGP,Num:{'2'},"S/Sor, Fernando/Sor, Fernando - Op. 60 - No 2 (study In C Major).gp4.tokens.txt"
"Fernando Sor - Study, Op. 6 no. 2","S/Sor, Fernando/Sor, Fernando - Op. 60 - No 5 (study In A Minor).gp4.tokens.txt",DadaGP,Words:3/5,"S/Sor, Fernando/Sor, Fernando - Op. 60 - No 5 (study In A Minor).gp4.tokens.txt"
"Fernando Sor - Study, Op. 6 no. 2","S/Sor, Fernando/Sor, Fernando - Op. 60 - No 6 (study In A Minor).gp4.tokens.txt",DadaGP,Num:{'6'},"S/Sor, Fernando/Sor, Fernando - Op. 60 - No 6 (study In A Minor).gp4.tokens.txt"
"Fernando Sor - Study, Op. 6 no. 2","S/Sor, Fernando/Sor, Fernando - Study No. 16.gp4.tokens.txt",DadaGP,Words:2/5,"S/Sor, Fernando/Sor, Fernando - Study No. 16.gp4.tokens.txt"
"Fernando Sor - Study, Op. 6 no. 2","S/Sor, Fernando/Sor, Fernando - Study No. 19.gp4.tokens.txt",DadaGP,Words:2/5,"S/Sor, Fernando/Sor, Fernando - Study No. 19.gp4.tokens.txt"
"Fernando Sor - Study, Op. 6 no. 3","S/Sor, Fernando/Sor, Fernando - Andante (Op.44).gp3.tokens.txt",DadaGP,Num:{'3'},"S/Sor, Fernando/Sor, Fernando - Andante (Op.44).gp3.tokens.txt"
"Fernando Sor - Study, Op. 6 no. 3","S/Sor, Fernando/Sor, Fernando - Andantino (op.60).gp3.tokens.txt",DadaGP,Num:{'3'},"S/Sor, Fernando/Sor, Fernando - Andantino (op.60).gp3.tokens.txt"
"Fernando Sor - Study, Op. 6 no. 3","S/Sor, Fernando/Sor, Fernando - Estudio 3 (Op. 6, No. 2).gp4.tokens.txt",DadaGP,"Num:{'6', '3'}","S/Sor, Fernando/Sor, Fernando - Estudio 3 (Op. 6, No. 2).gp4.tokens.txt"
"Fernando Sor - Study, Op. 6 no. 3","S/Sor, Fernando/Sor, Fernando - Estudio No. 3.gp4.tokens.txt",DadaGP,Num:{'3'},"S/Sor, Fernando/Sor, Fernando - Estudio No. 3.gp4.tokens.txt"
"Fernando Sor - Study, Op. 6 no. 3","S/Sor, Fernando/Sor, Fernando - Estudio No. III.gp3.tokens.txt",DadaGP,Num:{'3'},"S/Sor, Fernando/Sor, Fernando - Estudio No. III.gp3.tokens.txt"
"Fernando Sor - Study, Op. 6 no. 3","S/Sor, Fernando/Sor, Fernando - Estudio No. IV.gp3.tokens.txt",DadaGP,Num:{'3'},"S/Sor, Fernando/Sor, Fernando - Estudio No. IV.gp3.tokens.txt"
"Fernando Sor - Study, Op. 6 no. 3","S/Sor, Fernando/Sor, Fernando - Estudio No. V.gp3.tokens.txt",DadaGP,Num:{'3'},"S/Sor, Fernando/Sor, Fernando - Estudio No. V.gp3.tokens.txt"
"Fernando Sor - Study, Op. 6 no. 3","S/Sor, Fernando/Sor, Fernando - Etude N-6 En Re Majeur.gp4.tokens.txt",DadaGP,Num:{'6'},"S/Sor, Fernando/Sor, Fernando - Etude N-6 En Re Majeur.gp4.tokens.txt"
"Fernando Sor - Study, Op. 6 no. 3","S/Sor, Fernando/Sor, Fernando - Op. 31 - No 1 (Study In C Major).gp4.tokens.txt",DadaGP,Words:3/5,"S/Sor, Fernando/Sor, Fernando - Op. 31 - No 1 (Study In C Major).gp4.tokens.txt"
"Fernando Sor - Study, Op. 6 no. 3","S/Sor, Fernando/Sor, Fernando - Op. 44 - No 22 (study In A Minor).gp4.tokens.txt",DadaGP,Words:3/5,"S/Sor, Fernando/Sor, Fernando - Op. 44 - No 22 (study In A Minor).gp4.tokens.txt"
"Fernando Sor - Study, Op. 6 no. 3","S/Sor, Fernando/Sor, Fernando - Op. 60 - No 1 (study In C Major).gp4.tokens.txt",DadaGP,Words:3/5,"S/Sor, Fernando/Sor, Fernando - Op. 60 - No 1 (study In C Major).gp4.tokens.txt"
"Fernando Sor - Study, Op. 6 no. 3","S/Sor, Fernando/Sor, Fernando - Op. 60 - No 2 (study In C Major).gp4.tokens.txt",DadaGP,Words:3/5,"S/Sor, Fernando/Sor, Fernando - Op. 60 - No 2 (study In C Major).gp4.tokens.txt"
"Fernando Sor - Study, Op. 6 no. 3","S/Sor, Fernando/Sor, Fernando - Op. 60 - No 5 (study In A Minor).gp4.tokens.txt",DadaGP,Words:3/5,"S/Sor, Fernando/Sor, Fernando - Op. 60 - No 5 (study In A Minor).gp4.tokens.txt"
"Fernando Sor - Study, Op. 6 no. 3","S/Sor, Fernando/Sor, Fernando - Op. 60 - No 6 (study In A Minor).gp4.tokens.txt",DadaGP,Num:{'6'},"S/Sor, Fernando/Sor, Fernando - Op. 60 - No 6 (study In A Minor).gp4.tokens.txt"
"Fernando Sor - Study, Op. 6 no. 3","S/Sor, Fernando/Sor, Fernando - Study No. 16.gp4.tokens.txt",DadaGP,Words:2/5,"S/Sor, Fernando/Sor, Fernando - Study No. 16.gp4.tokens.txt"
"Fernando Sor - Study, Op. 6 no. 3","S/Sor, Fernando/Sor, Fernando - Study No. 19.gp4.tokens.txt",DadaGP,Words:2/5,"S/Sor, Fernando/Sor, Fernando - Study No. 19.gp4.tokens.txt"
"Fernando Sor - Study, Op. 6 no. 3","S/Sor, Fernando/Sor, Fernando - Study in Bm.gp3.tokens.txt",DadaGP,Num:{'3'},"S/Sor, Fernando/Sor, Fernando - Study in Bm.gp3.tokens.txt"
"Fernando Sor - Study, Op. 6 no. 3","S/Sor, Fernando/Sor, Fernando - Study in C.gp3.tokens.txt",DadaGP,Num:{'3'},"S/Sor, Fernando/Sor, Fernando - Study in C.gp3.tokens.txt"
"Fernando Sor - Study, Op. 6 no. 6","S/Sor, Fernando/Sor, Fernando - Estudio 3 (Op. 6, No. 2).gp4.tokens.txt",DadaGP,Num:{'6'},"S/Sor, Fernando/Sor, Fernando - Estudio 3 (Op. 6, No. 2).gp4.tokens.txt"
"Fernando Sor - Study, Op. 6 no. 6","S/Sor, Fernando/Sor, Fernando - Etude N-6 En Re Majeur.gp4.tokens.txt",DadaGP,Num:{'6'},"S/Sor, Fernando/Sor, Fernando - Etude N-6 En Re Majeur.gp4.tokens.txt"
"Fernando Sor - Study, Op. 6 no. 6","S/Sor, Fernando/Sor, Fernando - Op. 31 - No 1 (Study In C Major).gp4.tokens.txt",DadaGP,Words:3/4,"S/Sor, Fernando/Sor, Fernando - Op. 31 - No 1 (Study In C Major).gp4.tokens.txt"
"Fernando Sor - Study, Op. 6 no. 6","S/Sor, Fernando/Sor, Fernando - Op. 44 - No 22 (study In A Minor).gp4.tokens.txt",DadaGP,Words:3/4,"S/Sor, Fernando/Sor, Fernando - Op. 44 - No 22 (study In A Minor).gp4.tokens.txt"
"Fernando Sor - Study, Op. 6 no. 6","S/Sor, Fernando/Sor, Fernando - Op. 60 - No 1 (study In C Major).gp4.tokens.txt",DadaGP,Words:3/4,"S/Sor, Fernando/Sor, Fernando - Op. 60 - No 1 (study In C Major).gp4.tokens.txt"
"Fernando Sor - Study, Op. 6 no. 6","S/Sor, Fernando/Sor, Fernando - Op. 60 - No 2 (study In C Major).gp4.tokens.txt",DadaGP,Words:3/4,"S/Sor, Fernando/Sor, Fernando - Op. 60 - No 2 (study In C Major).gp4.tokens.txt"
"Fernando Sor - Study, Op. 6 no. 6","S/Sor, Fernando/Sor, Fernando - Op. 60 - No 5 (study In A Minor).gp4.tokens.txt",DadaGP,Words:3/4,"S/Sor, Fernando/Sor, Fernando - Op. 60 - No 5 (study In A Minor).gp4.tokens.txt"
"Fernando Sor - Study, Op. 6 no. 6","S/Sor, Fernando/Sor, Fernando - Op. 60 - No 6 (study In A Minor).gp4.tokens.txt",DadaGP,Num:{'6'},"S/Sor, Fernando/Sor, Fernando - Op. 60 - No 6 (study In A Minor).gp4.tokens.txt"
"Fernando Sor - Study, Op. 6 no. 6","S/Sor, Fernando/Sor, Fernando - Study No. 16.gp4.tokens.txt",DadaGP,Words:2/4,"S/Sor, Fernando/Sor, Fernando - Study No. 16.gp4.tokens.txt"
"Fernando Sor - Study, Op. 6 no. 6","S/Sor, Fernando/Sor, Fernando - Study No. 19.gp4.tokens.txt",DadaGP,Words:2/4,"S/Sor, Fernando/Sor, Fernando - Study No. 19.gp4.tokens.txt"
"Fernando Sor - Study, Op. 6 no. 9","S/Sor, Fernando/Sor, Fernando - Estudio 3 (Op. 6, No. 2).gp4.tokens.txt",DadaGP,Num:{'6'},"S/Sor, Fernando/Sor, Fernando - Estudio 3 (Op. 6, No. 2).gp4.tokens.txt"
"Fernando Sor - Study, Op. 6 no. 9","S/Sor, Fernando/Sor, Fernando - Etude N-6 En Re Majeur.gp4.tokens.txt",DadaGP,Num:{'6'},"S/Sor, Fernando/Sor, Fernando - Etude N-6 En Re Majeur.gp4.tokens.txt"
"Fernando Sor - Study, Op. 6 no. 9","S/Sor, Fernando/Sor, Fernando - Etude No 9, Opus 31.gp4.tokens.txt",DadaGP,Num:{'9'},"S/Sor, Fernando/Sor, Fernando - Etude No 9, Opus 31.gp4.tokens.txt"
"Fernando Sor - Study, Op. 6 no. 9","S/Sor, Fernando/Sor, Fernando - Etude No. 9 Opus 35.gp4.tokens.txt",DadaGP,Num:{'9'},"S/Sor, Fernando/Sor, Fernando - Etude No. 9 Opus 35.gp4.tokens.txt"
"Fernando Sor - Study, Op. 6 no. 9","S/Sor, Fernando/Sor, Fernando - Op. 31 - No 1 (Study In C Major).gp4.tokens.txt",DadaGP,Words:3/5,"S/Sor, Fernando/Sor, Fernando - Op. 31 - No 1 (Study In C Major).gp4.tokens.txt"
"Fernando Sor - Study, Op. 6 no. 9","S/Sor, Fernando/Sor, Fernando - Op. 44 - No 22 (study In A Minor).gp4.tokens.txt",DadaGP,Words:3/5,"S/Sor, Fernando/Sor, Fernando - Op. 44 - No 22 (study In A Minor).gp4.tokens.txt"
"Fernando Sor - Study, Op. 6 no. 9","S/Sor, Fernando/Sor, Fernando - Op. 60 - No 1 (study In C Major).gp4.tokens.txt",DadaGP,Words:3/5,"S/Sor, Fernando/Sor, Fernando - Op. 60 - No 1 (study In C Major).gp4.tokens.txt"
"Fernando Sor - Study, Op. 6 no. 9","S/Sor, Fernando/Sor, Fernando - Op. 60 - No 2 (study In C Major).gp4.tokens.txt",DadaGP,Words:3/5,"S/Sor, Fernando/Sor, Fernando - Op. 60 - No 2 (study In C Major).gp4.tokens.txt"
"Fernando Sor - Study, Op. 6 no. 9","S/Sor, Fernando/Sor, Fernando - Op. 60 - No 5 (study In A Minor).gp4.tokens.txt",DadaGP,Words:3/5,"S/Sor, Fernando/Sor, Fernando - Op. 60 - No 5 (study In A Minor).gp4.tokens.txt"
"Fernando Sor - Study, Op. 6 no. 9","S/Sor, Fernando/Sor, Fernando - Op. 60 - No 6 (study In A Minor).gp4.tokens.txt",DadaGP,Num:{'6'},"S/Sor, Fernando/Sor, Fernando - Op. 60 - No 6 (study In A Minor).gp4.tokens.txt"
"Fernando Sor - Study, Op. 6 no. 9","S/Sor, Fernando/Sor, Fernando - Study No. 16.gp4.tokens.txt",DadaGP,Words:2/5,"S/Sor, Fernando/Sor, Fernando - Study No. 16.gp4.tokens.txt"
"Fernando Sor - Study, Op. 6 no. 9","S/Sor, Fernando/Sor, Fernando - Study No. 19.gp4.tokens.txt",DadaGP,Words:2/5,"S/Sor, Fernando/Sor, Fernando - Study No. 19.gp4.tokens.txt"
"Matteo Carcassi - Study, Op. 60 no. 10","C/Carcassi, Mateo/Carcassi, Mateo - Allegro (op. 60, No. 20).gp4.tokens.txt",DadaGP,Num:{'60'},"C/Carcassi, Mateo/Carcassi, Mateo - Allegro (op. 60, No. 20).gp4.tokens.txt"
"Matteo Carcassi - Study, Op. 60 no. 10","C/Carcassi, Mateo/Carcassi, Mateo - Etude op 60 no 7.gp3.tokens.txt",DadaGP,Num:{'60'},"C/Carcassi, Mateo/Carcassi, Mateo - Etude op 60 no 7.gp3.tokens.txt"
"Matteo Carcassi - Study, Op. 60 no. 10","C/Carcassi, Mateo/Carcassi, Mateo - Etude opus 60 n-7.gp3.tokens.txt",DadaGP,Num:{'60'},"C/Carcassi, Mateo/Carcassi, Mateo - Etude opus 60 n-7.gp3.tokens.txt"
"Matteo Carcassi - Study, Op. 60 no. 10","C/Carcassi, Mateo/Carcassi, Mateo - Opus 60 # 23.gp3.tokens.txt",DadaGP,Num:{'60'},"C/Carcassi, Mateo/Carcassi, Mateo - Opus 60 # 23.gp3.tokens.txt"
"Matteo Carcassi - Study, Op. 60 no. 11","C/Carcassi, Mateo/Carcassi, Mateo - Allegro (op. 60, No. 20).gp4.tokens.txt",DadaGP,Num:{'60'},"C/Carcassi, Mateo/Carcassi, Mateo - Allegro (op. 60, No. 20).gp4.tokens.txt"
"Matteo Carcassi - Study, Op. 60 no. 11","C/Carcassi, Mateo/Carcassi, Mateo - Etude op 60 no 7.gp3.tokens.txt",DadaGP,Num:{'60'},"C/Carcassi, Mateo/Carcassi, Mateo - Etude op 60 no 7.gp3.tokens.txt"
"Matteo Carcassi - Study, Op. 60 no. 11","C/Carcassi, Mateo/Carcassi, Mateo - Etude opus 60 n-7.gp3.tokens.txt",DadaGP,Num:{'60'},"C/Carcassi, Mateo/Carcassi, Mateo - Etude opus 60 n-7.gp3.tokens.txt"
"Matteo Carcassi - Study, Op. 60 no. 11","C/Carcassi, Mateo/Carcassi, Mateo - Opus 60 # 23.gp3.tokens.txt",DadaGP,Num:{'60'},"C/Carcassi, Mateo/Carcassi, Mateo - Opus 60 # 23.gp3.tokens.txt"
"Fernando Sor - Study, Op. 60 no. 12","S/Sor, Fernando/Sor, Fernando - Andantino (op.60).gp3.tokens.txt",DadaGP,Num:{'60'},"S/Sor, Fernando/Sor, Fernando - Andantino (op.60).gp3.tokens.txt"
"Fernando Sor - Study, Op. 60 no. 12","S/Sor, Fernando/Sor, Fernando - Estudio 3 (Op. 6, No. 2).gp4.tokens.txt",DadaGP,Words:2/5,"S/Sor, Fernando/Sor, Fernando - Estudio 3 (Op. 6, No. 2).gp4.tokens.txt"
"Fernando Sor - Study, Op. 60 no. 12","S/Sor, Fernando/Sor, Fernando - Estudio nss 12 en Sol M.gp3.tokens.txt",DadaGP,Num:{'12'},"S/Sor, Fernando/Sor, Fernando - Estudio nss 12 en Sol M.gp3.tokens.txt"
"Fernando Sor - Study, Op. 60 no. 12","S/Sor, Fernando/Sor, Fernando - Op. 31 - No 1 (Study In C Major).gp4.tokens.txt",DadaGP,Words:3/5,"S/Sor, Fernando/Sor, Fernando - Op. 31 - No 1 (Study In C Major).gp4.tokens.txt"
"Fernando Sor - Study, Op. 60 no. 12","S/Sor, Fernando/Sor, Fernando - Op. 44 - No 22 (study In A Minor).gp4.tokens.txt",DadaGP,Words:3/5,"S/Sor, Fernando/Sor, Fernando - Op. 44 - No 22 (study In A Minor).gp4.tokens.txt"
"Fernando Sor - Study, Op. 60 no. 12","S/Sor, Fernando/Sor, Fernando - Op. 60 - No 1 (study In C Major).gp4.tokens.txt",DadaGP,Num:{'60'},"S/Sor, Fernando/Sor, Fernando - Op. 60 - No 1 (study In C Major).gp4.tokens.txt"
"Fernando Sor - Study, Op. 60 no. 12","S/Sor, Fernando/Sor, Fernando - Op. 60 - No 2 (study In C Major).gp4.tokens.txt",DadaGP,Num:{'60'},"S/Sor, Fernando/Sor, Fernando - Op. 60 - No 2 (study In C Major).gp4.tokens.txt"
"Fernando Sor - Study, Op. 60 no. 12","S/Sor, Fernando/Sor, Fernando - Op. 60 - No 5 (study In A Minor).gp4.tokens.txt",DadaGP,Num:{'60'},"S/Sor, Fernando/Sor, Fernando - Op. 60 - No 5 (study In A Minor).gp4.tokens.txt"
"Fernando Sor - Study, Op. 60 no. 12","S/Sor, Fernando/Sor, Fernando - Op. 60 - No 6 (study In A Minor).gp4.tokens.txt",DadaGP,Num:{'60'},"S/Sor, Fernando/Sor, Fernando - Op. 60 - No 6 (study In A Minor).gp4.tokens.txt"
"Fernando Sor - Study, Op. 60 no. 12","S/Sor, Fernando/Sor, Fernando - Study No. 16.gp4.tokens.txt",DadaGP,Words:2/5,"S/Sor, Fernando/Sor, Fernando - Study No. 16.gp4.tokens.txt"
"Fernando Sor - Study, Op. 60 no. 12","S/Sor, Fernando/Sor, Fernando - Study No. 19.gp4.tokens.txt",DadaGP,Words:2/5,"S/Sor, Fernando/Sor, Fernando - Study No. 19.gp4.tokens.txt"
"Matteo Carcassi - Study, Op. 60 no. 12","C/Carcassi, Mateo/Carcassi, Mateo - Allegro (op. 60, No. 20).gp4.tokens.txt",DadaGP,Num:{'60'},"C/Carcassi, Mateo/Carcassi, Mateo - Allegro (op. 60, No. 20).gp4.tokens.txt"
"Matteo Carcassi - Study, Op. 60 no. 12","C/Carcassi, Mateo/Carcassi, Mateo - Etude op 60 no 7.gp3.tokens.txt",DadaGP,Num:{'60'},"C/Carcassi, Mateo/Carcassi, Mateo - Etude op 60 no 7.gp3.tokens.txt"
"Matteo Carcassi - Study, Op. 60 no. 12","C/Carcassi, Mateo/Carcassi, Mateo - Etude opus 60 n-7.gp3.tokens.txt",DadaGP,Num:{'60'},"C/Carcassi, Mateo/Carcassi, Mateo - Etude opus 60 n-7.gp3.tokens.txt"
"Matteo Carcassi - Study, Op. 60 no. 12","C/Carcassi, Mateo/Carcassi, Mateo - Opus 60 # 23.gp3.tokens.txt",DadaGP,Num:{'60'},"C/Carcassi, Mateo/Carcassi, Mateo - Opus 60 # 23.gp3.tokens.txt"
"Matteo Carcassi - Study, Op. 60 no. 13","C/Carcassi, Mateo/Carcassi, Mateo - Allegro (op. 60, No. 20).gp4.tokens.txt",DadaGP,Num:{'60'},"C/Carcassi, Mateo/Carcassi, Mateo - Allegro (op. 60, No. 20).gp4.tokens.txt"
"Matteo Carcassi - Study, Op. 60 no. 13","C/Carcassi, Mateo/Carcassi, Mateo - Etude op 60 no 7.gp3.tokens.txt",DadaGP,Num:{'60'},"C/Carcassi, Mateo/Carcassi, Mateo - Etude op 60 no 7.gp3.tokens.txt"
"Matteo Carcassi - Study, Op. 60 no. 13","C/Carcassi, Mateo/Carcassi, Mateo - Etude opus 60 n-7.gp3.tokens.txt",DadaGP,Num:{'60'},"C/Carcassi, Mateo/Carcassi, Mateo - Etude opus 60 n-7.gp3.tokens.txt"
"Matteo Carcassi - Study, Op. 60 no. 13","C/Carcassi, Mateo/Carcassi, Mateo - Opus 60 # 23.gp3.tokens.txt",DadaGP,Num:{'60'},"C/Carcassi, Mateo/Carcassi, Mateo - Opus 60 # 23.gp3.tokens.txt"
"Matteo Carcassi - Study, Op. 60 no. 14","C/Carcassi, Mateo/Carcassi, Mateo - Allegro (op. 60, No. 20).gp4.tokens.txt",DadaGP,Num:{'60'},"C/Carcassi, Mateo/Carcassi, Mateo - Allegro (op. 60, No. 20).gp4.tokens.txt"
"Matteo Carcassi - Study, Op. 60 no. 14","C/Carcassi, Mateo/Carcassi, Mateo - Etude op 60 no 7.gp3.tokens.txt",DadaGP,Num:{'60'},"C/Carcassi, Mateo/Carcassi, Mateo - Etude op 60 no 7.gp3.tokens.txt"
"Matteo Carcassi - Study, Op. 60 no. 14","C/Carcassi, Mateo/Carcassi, Mateo - Etude opus 60 n-7.gp3.tokens.txt",DadaGP,Num:{'60'},"C/Carcassi, Mateo/Carcassi, Mateo - Etude opus 60 n-7.gp3.tokens.txt"
"Matteo Carcassi - Study, Op. 60 no. 14","C/Carcassi, Mateo/Carcassi, Mateo - Opus 60 # 23.gp3.tokens.txt",DadaGP,Num:{'60'},"C/Carcassi, Mateo/Carcassi, Mateo - Opus 60 # 23.gp3.tokens.txt"
"Matteo Carcassi - Study, Op. 60 no. 15","C/Carcassi, Mateo/Carcassi, Mateo - Allegro (op. 60, No. 20).gp4.tokens.txt",DadaGP,Num:{'60'},"C/Carcassi, Mateo/Carcassi, Mateo - Allegro (op. 60, No. 20).gp4.tokens.txt"
"Matteo Carcassi - Study, Op. 60 no. 15","C/Carcassi, Mateo/Carcassi, Mateo - Etude op 60 no 7.gp3.tokens.txt",DadaGP,Num:{'60'},"C/Carcassi, Mateo/Carcassi, Mateo - Etude op 60 no 7.gp3.tokens.txt"
"Matteo Carcassi - Study, Op. 60 no. 15","C/Carcassi, Mateo/Carcassi, Mateo - Etude opus 60 n-7.gp3.tokens.txt",DadaGP,Num:{'60'},"C/Carcassi, Mateo/Carcassi, Mateo - Etude opus 60 n-7.gp3.tokens.txt"
"Matteo Carcassi - Study, Op. 60 no. 15","C/Carcassi, Mateo/Carcassi, Mateo - Opus 60 # 23.gp3.tokens.txt",DadaGP,Num:{'60'},"C/Carcassi, Mateo/Carcassi, Mateo - Opus 60 # 23.gp3.tokens.txt"
"Matteo Carcassi - Study, Op. 60 no. 16","C/Carcassi, Mateo/Carcassi, Mateo - Allegro (op. 60, No. 20).gp4.tokens.txt",DadaGP,Num:{'60'},"C/Carcassi, Mateo/Carcassi, Mateo - Allegro (op. 60, No. 20).gp4.tokens.txt"
"Matteo Carcassi - Study, Op. 60 no. 16","C/Carcassi, Mateo/Carcassi, Mateo - Etude op 60 no 7.gp3.tokens.txt",DadaGP,Num:{'60'},"C/Carcassi, Mateo/Carcassi, Mateo - Etude op 60 no 7.gp3.tokens.txt"
"Matteo Carcassi - Study, Op. 60 no. 16","C/Carcassi, Mateo/Carcassi, Mateo - Etude opus 60 n-7.gp3.tokens.txt",DadaGP,Num:{'60'},"C/Carcassi, Mateo/Carcassi, Mateo - Etude opus 60 n-7.gp3.tokens.txt"
"Matteo Carcassi - Study, Op. 60 no. 16","C/Carcassi, Mateo/Carcassi, Mateo - Opus 60 # 23.gp3.tokens.txt",DadaGP,Num:{'60'},"C/Carcassi, Mateo/Carcassi, Mateo - Opus 60 # 23.gp3.tokens.txt"
"Fernando Sor - Study, Op. 60 no. 16","S/Sor, Fernando/Sor, Fernando - Andantino (op.60).gp3.tokens.txt",DadaGP,Num:{'60'},"S/Sor, Fernando/Sor, Fernando - Andantino (op.60).gp3.tokens.txt"
"Fernando Sor - Study, Op. 60 no. 16","S/Sor, Fernando/Sor, Fernando - Estudio 3 (Op. 6, No. 2).gp4.tokens.txt",DadaGP,Words:2/5,"S/Sor, Fernando/Sor, Fernando - Estudio 3 (Op. 6, No. 2).gp4.tokens.txt"
"Fernando Sor - Study, Op. 60 no. 16","S/Sor, Fernando/Sor, Fernando - Op. 31 - No 1 (Study In C Major).gp4.tokens.txt",DadaGP,Words:3/5,"S/Sor, Fernando/Sor, Fernando - Op. 31 - No 1 (Study In C Major).gp4.tokens.txt"
"Fernando Sor - Study, Op. 60 no. 16","S/Sor, Fernando/Sor, Fernando - Op. 44 - No 22 (study In A Minor).gp4.tokens.txt",DadaGP,Words:3/5,"S/Sor, Fernando/Sor, Fernando - Op. 44 - No 22 (study In A Minor).gp4.tokens.txt"
"Fernando Sor - Study, Op. 60 no. 16","S/Sor, Fernando/Sor, Fernando - Op. 60 - No 1 (study In C Major).gp4.tokens.txt",DadaGP,Num:{'60'},"S/Sor, Fernando/Sor, Fernando - Op. 60 - No 1 (study In C Major).gp4.tokens.txt"
"Fernando Sor - Study, Op. 60 no. 16","S/Sor, Fernando/Sor, Fernando - Op. 60 - No 2 (study In C Major).gp4.tokens.txt",DadaGP,Num:{'60'},"S/Sor, Fernando/Sor, Fernando - Op. 60 - No 2 (study In C Major).gp4.tokens.txt"
"Fernando Sor - Study, Op. 60 no. 16","S/Sor, Fernando/Sor, Fernando - Op. 60 - No 5 (study In A Minor).gp4.tokens.txt",DadaGP,Num:{'60'},"S/Sor, Fernando/Sor, Fernando - Op. 60 - No 5 (study In A Minor).gp4.tokens.txt"
"Fernando Sor - Study, Op. 60 no. 16","S/Sor, Fernando/Sor, Fernando - Op. 60 - No 6 (study In A Minor).gp4.tokens.txt",DadaGP,Num:{'60'},"S/Sor, Fernando/Sor, Fernando - Op. 60 - No 6 (study In A Minor).gp4.tokens.txt"
"Fernando Sor - Study, Op. 60 no. 16","S/Sor, Fernando/Sor, Fernando - Study No. 16.gp4.tokens.txt",DadaGP,Num:{'16'},"S/Sor, Fernando/Sor, Fernando - Study No. 16.gp4.tokens.txt"
"Fernando Sor - Study, Op. 60 no. 16","S/Sor, Fernando/Sor, Fernando - Study No. 19.gp4.tokens.txt",DadaGP,Words:2/5,"S/Sor, Fernando/Sor, Fernando - Study No. 19.gp4.tokens.txt"
"Matteo Carcassi - Study, Op. 60 no. 17","C/Carcassi, Mateo/Carcassi, Mateo - Allegro (op. 60, No. 20).gp4.tokens.txt",DadaGP,Num:{'60'},"C/Carcassi, Mateo/Carcassi, Mateo - Allegro (op. 60, No. 20).gp4.tokens.txt"
"Matteo Carcassi - Study, Op. 60 no. 17","C/Carcassi, Mateo/Carcassi, Mateo - Etude op 60 no 7.gp3.tokens.txt",DadaGP,Num:{'60'},"C/Carcassi, Mateo/Carcassi, Mateo - Etude op 60 no 7.gp3.tokens.txt"
"Matteo Carcassi - Study, Op. 60 no. 17","C/Carcassi, Mateo/Carcassi, Mateo - Etude opus 60 n-7.gp3.tokens.txt",DadaGP,Num:{'60'},"C/Carcassi, Mateo/Carcassi, Mateo - Etude opus 60 n-7.gp3.tokens.txt"
"Matteo Carcassi - Study, Op. 60 no. 17","C/Carcassi, Mateo/Carcassi, Mateo - Opus 60 # 23.gp3.tokens.txt",DadaGP,Num:{'60'},"C/Carcassi, Mateo/Carcassi, Mateo - Opus 60 # 23.gp3.tokens.txt"
"Matteo Carcassi - Study, Op. 60 no. 18","C/Carcassi, Mateo/Carcassi, Mateo - Allegro (op. 60, No. 20).gp4.tokens.txt",DadaGP,Num:{'60'},"C/Carcassi, Mateo/Carcassi, Mateo - Allegro (op. 60, No. 20).gp4.tokens.txt"
"Matteo Carcassi - Study, Op. 60 no. 18","C/Carcassi, Mateo/Carcassi, Mateo - Etude op 60 no 7.gp3.tokens.txt",DadaGP,Num:{'60'},"C/Carcassi, Mateo/Carcassi, Mateo - Etude op 60 no 7.gp3.tokens.txt"
"Matteo Carcassi - Study, Op. 60 no. 18","C/Carcassi, Mateo/Carcassi, Mateo - Etude opus 60 n-7.gp3.tokens.txt",DadaGP,Num:{'60'},"C/Carcassi, Mateo/Carcassi, Mateo - Etude opus 60 n-7.gp3.tokens.txt"
"Matteo Carcassi - Study, Op. 60 no. 18","C/Carcassi, Mateo/Carcassi, Mateo - Opus 60 # 23.gp3.tokens.txt",DadaGP,Num:{'60'},"C/Carcassi, Mateo/Carcassi, Mateo - Opus 60 # 23.gp3.tokens.txt"
"Matteo Carcassi - Study, Op. 60 no. 19","C/Carcassi, Mateo/Carcassi, Mateo - Allegro (op. 60, No. 20).gp4.tokens.txt",DadaGP,Num:{'60'},"C/Carcassi, Mateo/Carcassi, Mateo - Allegro (op. 60, No. 20).gp4.tokens.txt"
"Matteo Carcassi - Study, Op. 60 no. 19","C/Carcassi, Mateo/Carcassi, Mateo - Etude op 60 no 7.gp3.tokens.txt",DadaGP,Num:{'60'},"C/Carcassi, Mateo/Carcassi, Mateo - Etude op 60 no 7.gp3.tokens.txt"
"Matteo Carcassi - Study, Op. 60 no. 19","C/Carcassi, Mateo/Carcassi, Mateo - Etude opus 60 n-7.gp3.tokens.txt",DadaGP,Num:{'60'},"C/Carcassi, Mateo/Carcassi, Mateo - Etude opus 60 n-7.gp3.tokens.txt"
"Matteo Carcassi - Study, Op. 60 no. 19","C/Carcassi, Mateo/Carcassi, Mateo - Opus 60 # 23.gp3.tokens.txt",DadaGP,Num:{'60'},"C/Carcassi, Mateo/Carcassi, Mateo - Opus 60 # 23.gp3.tokens.txt"
"Matteo Carcassi - Study, Op. 60 no. 2","C/Carcassi, Mateo/Carcassi, Mateo - Allegro (op. 60, No. 20).gp4.tokens.txt",DadaGP,Num:{'60'},"C/Carcassi, Mateo/Carcassi, Mateo - Allegro (op. 60, No. 20).gp4.tokens.txt"
"Matteo Carcassi - Study, Op. 60 no. 2","C/Carcassi, Mateo/Carcassi, Mateo - Andantino (2).gp3.tokens.txt",DadaGP,Num:{'2'},"C/Carcassi, Mateo/Carcassi, Mateo - Andantino (2).gp3.tokens.txt"
"Matteo Carcassi - Study, Op. 60 no. 2","C/Carcassi, Mateo/Carcassi, Mateo - Capriccio (2).gp3.tokens.txt",DadaGP,Num:{'2'},"C/Carcassi, Mateo/Carcassi, Mateo - Capriccio (2).gp3.tokens.txt"
"Matteo Carcassi - Study, Op. 60 no. 2","C/Carcassi, Mateo/Carcassi, Mateo - Etude op 60 no 7.gp3.tokens.txt",DadaGP,Num:{'60'},"C/Carcassi, Mateo/Carcassi, Mateo - Etude op 60 no 7.gp3.tokens.txt"
"Matteo Carcassi - Study, Op. 60 no. 2","C/Carcassi, Mateo/Carcassi, Mateo - Etude opus 60 n-7.gp3.tokens.txt",DadaGP,Num:{'60'},"C/Carcassi, Mateo/Carcassi, Mateo - Etude opus 60 n-7.gp3.tokens.txt"
"Matteo Carcassi - Study, Op. 60 no. 2","C/Carcassi, Mateo/Carcassi, Mateo - Opus 60 # 23.gp3.tokens.txt",DadaGP,Num:{'60'},"C/Carcassi, Mateo/Carcassi, Mateo - Opus 60 # 23.gp3.tokens.txt"
"Matteo Carcassi - Study, Op. 60 no. 2","C/Carcassi, Mateo/Carcassi, Mateo - Prelude (2).gp4.tokens.txt",DadaGP,Num:{'2'},"C/Carcassi, Mateo/Carcassi, Mateo - Prelude (2).gp4.tokens.txt"
"Fernando Sor - Study, Op. 60 no. 20","S/Sor, Fernando/Sor, Fernando - Andantino (op.60).gp3.tokens.txt",DadaGP,Num:{'60'},"S/Sor, Fernando/Sor, Fernando - Andantino (op.60).gp3.tokens.txt"
"Fernando Sor - Study, Op. 60 no. 20","S/Sor, Fernando/Sor, Fernando - Estudio 3 (Op. 6, No. 2).gp4.tokens.txt",DadaGP,Words:2/5,"S/Sor, Fernando/Sor, Fernando - Estudio 3 (Op. 6, No. 2).gp4.tokens.txt"
"Fernando Sor - Study, Op. 60 no. 20","S/Sor, Fernando/Sor, Fernando - Op. 31 - No 1 (Study In C Major).gp4.tokens.txt",DadaGP,Words:3/5,"S/Sor, Fernando/Sor, Fernando - Op. 31 - No 1 (Study In C Major).gp4.tokens.txt"
"Fernando Sor - Study, Op. 60 no. 20","S/Sor, Fernando/Sor, Fernando - Op. 44 - No 22 (study In A Minor).gp4.tokens.txt",DadaGP,Words:3/5,"S/Sor, Fernando/Sor, Fernando - Op. 44 - No 22 (study In A Minor).gp4.tokens.txt"
"Fernando Sor - Study, Op. 60 no. 20","S/Sor, Fernando/Sor, Fernando - Op. 60 - No 1 (study In C Major).gp4.tokens.txt",DadaGP,Num:{'60'},"S/Sor, Fernando/Sor, Fernando - Op. 60 - No 1 (study In C Major).gp4.tokens.txt"
"Fernando Sor - Study, Op. 60 no. 20","S/Sor, Fernando/Sor, Fernando - Op. 60 - No 2 (study In C Major).gp4.tokens.txt",DadaGP,Num:{'60'},"S/Sor, Fernando/Sor, Fernando - Op. 60 - No 2 (study In C Major).gp4.tokens.txt"
"Fernando Sor - Study, Op. 60 no. 20","S/Sor, Fernando/Sor, Fernando - Op. 60 - No 5 (study In A Minor).gp4.tokens.txt",DadaGP,Num:{'60'},"S/Sor, Fernando/Sor, Fernando - Op. 60 - No 5 (study In A Minor).gp4.tokens.txt"
"Fernando Sor - Study, Op. 60 no. 20","S/Sor, Fernando/Sor, Fernando - Op. 60 - No 6 (study In A Minor).gp4.tokens.txt",DadaGP,Num:{'60'},"S/Sor, Fernando/Sor, Fernando - Op. 60 - No 6 (study In A Minor).gp4.tokens.txt"
"Fernando Sor - Study, Op. 60 no. 20","S/Sor, Fernando/Sor, Fernando - Study No. 16.gp4.tokens.txt",DadaGP,Words:2/5,"S/Sor, Fernando/Sor, Fernando - Study No. 16.gp4.tokens.txt"
"Fernando Sor - Study, Op. 60 no. 20","S/Sor, Fernando/Sor, Fernando - Study No. 19.gp4.tokens.txt",DadaGP,Words:2/5,"S/Sor, Fernando/Sor, Fernando - Study No. 19.gp4.tokens.txt"
"Matteo Carcassi - Study, Op. 60 no. 20","C/Carcassi, Mateo/Carcassi, Mateo - Allegro (op. 60, No. 20).gp4.tokens.txt",DadaGP,"Num:{'20', '60'}","C/Carcassi, Mateo/Carcassi, Mateo - Allegro (op. 60, No. 20).gp4.tokens.txt"
"Matteo Carcassi - Study, Op. 60 no. 20","C/Carcassi, Mateo/Carcassi, Mateo - Etude op 60 no 7.gp3.tokens.txt",DadaGP,Num:{'60'},"C/Carcassi, Mateo/Carcassi, Mateo - Etude op 60 no 7.gp3.tokens.txt"
"Matteo Carcassi - Study, Op. 60 no. 20","C/Carcassi, Mateo/Carcassi, Mateo - Etude opus 60 n-7.gp3.tokens.txt",DadaGP,Num:{'60'},"C/Carcassi, Mateo/Carcassi, Mateo - Etude opus 60 n-7.gp3.tokens.txt"
"Matteo Carcassi - Study, Op. 60 no. 20","C/Carcassi, Mateo/Carcassi, Mateo - Opus 60 # 23.gp3.tokens.txt",DadaGP,Num:{'60'},"C/Carcassi, Mateo/Carcassi, Mateo - Opus 60 # 23.gp3.tokens.txt"
"Matteo Carcassi - Study, Op. 60 no. 21","C/Carcassi, Mateo/Carcassi, Mateo - Allegro (op. 60, No. 20).gp4.tokens.txt",DadaGP,Num:{'60'},"C/Carcassi, Mateo/Carcassi, Mateo - Allegro (op. 60, No. 20).gp4.tokens.txt"
"Matteo Carcassi - Study, Op. 60 no. 21","C/Carcassi, Mateo/Carcassi, Mateo - Etude op 60 no 7.gp3.tokens.txt",DadaGP,Num:{'60'},"C/Carcassi, Mateo/Carcassi, Mateo - Etude op 60 no 7.gp3.tokens.txt"
"Matteo Carcassi - Study, Op. 60 no. 21","C/Carcassi, Mateo/Carcassi, Mateo - Etude opus 60 n-7.gp3.tokens.txt",DadaGP,Num:{'60'},"C/Carcassi, Mateo/Carcassi, Mateo - Etude opus 60 n-7.gp3.tokens.txt"
"Matteo Carcassi - Study, Op. 60 no. 21","C/Carcassi, Mateo/Carcassi, Mateo - Opus 60 # 23.gp3.tokens.txt",DadaGP,Num:{'60'},"C/Carcassi, Mateo/Carcassi, Mateo - Opus 60 # 23.gp3.tokens.txt"
"Fernando Sor - Study, Op. 60 no. 21","S/Sor, Fernando/Sor, Fernando - Andantino (op.60).gp3.tokens.txt",DadaGP,Num:{'60'},"S/Sor, Fernando/Sor, Fernando - Andantino (op.60).gp3.tokens.txt"
"Fernando Sor - Study, Op. 60 no. 21","S/Sor, Fernando/Sor, Fernando - Estudio 3 (Op. 6, No. 2).gp4.tokens.txt",DadaGP,Words:2/5,"S/Sor, Fernando/Sor, Fernando - Estudio 3 (Op. 6, No. 2).gp4.tokens.txt"
"Fernando Sor - Study, Op. 60 no. 21","S/Sor, Fernando/Sor, Fernando - Op. 31 - No 1 (Study In C Major).gp4.tokens.txt",DadaGP,Words:3/5,"S/Sor, Fernando/Sor, Fernando - Op. 31 - No 1 (Study In C Major).gp4.tokens.txt"
"Fernando Sor - Study, Op. 60 no. 21","S/Sor, Fernando/Sor, Fernando - Op. 44 - No 22 (study In A Minor).gp4.tokens.txt",DadaGP,Words:3/5,"S/Sor, Fernando/Sor, Fernando - Op. 44 - No 22 (study In A Minor).gp4.tokens.txt"
"Fernando Sor - Study, Op. 60 no. 21","S/Sor, Fernando/Sor, Fernando - Op. 60 - No 1 (study In C Major).gp4.tokens.txt",DadaGP,Num:{'60'},"S/Sor, Fernando/Sor, Fernando - Op. 60 - No 1 (study In C Major).gp4.tokens.txt"
"Fernando Sor - Study, Op. 60 no. 21","S/Sor, Fernando/Sor, Fernando - Op. 60 - No 2 (study In C Major).gp4.tokens.txt",DadaGP,Num:{'60'},"S/Sor, Fernando/Sor, Fernando - Op. 60 - No 2 (study In C Major).gp4.tokens.txt"
"Fernando Sor - Study, Op. 60 no. 21","S/Sor, Fernando/Sor, Fernando - Op. 60 - No 5 (study In A Minor).gp4.tokens.txt",DadaGP,Num:{'60'},"S/Sor, Fernando/Sor, Fernando - Op. 60 - No 5 (study In A Minor).gp4.tokens.txt"
"Fernando Sor - Study, Op. 60 no. 21","S/Sor, Fernando/Sor, Fernando - Op. 60 - No 6 (study In A Minor).gp4.tokens.txt",DadaGP,Num:{'60'},"S/Sor, Fernando/Sor, Fernando - Op. 60 - No 6 (study In A Minor).gp4.tokens.txt"
"Fernando Sor - Study, Op. 60 no. 21","S/Sor, Fernando/Sor, Fernando - Study No. 16.gp4.tokens.txt",DadaGP,Words:2/5,"S/Sor, Fernando/Sor, Fernando - Study No. 16.gp4.tokens.txt"
"Fernando Sor - Study, Op. 60 no. 21","S/Sor, Fernando/Sor, Fernando - Study No. 19.gp4.tokens.txt",DadaGP,Words:2/5,"S/Sor, Fernando/Sor, Fernando - Study No. 19.gp4.tokens.txt"
"Fernando Sor - Study, Op. 60 no. 21","S/Sor, Fernando/Sor, Fernando - Variations in Tremolo, From Op.21.gp4.tokens.txt",DadaGP,Num:{'21'},"S/Sor, Fernando/Sor, Fernando - Variations in Tremolo, From Op.21.gp4.tokens.txt"
"Matteo Carcassi - Study, Op. 60 no. 22","C/Carcassi, Mateo/Carcassi, Mateo - Allegro (op. 60, No. 20).gp4.tokens.txt",DadaGP,Num:{'60'},"C/Carcassi, Mateo/Carcassi, Mateo - Allegro (op. 60, No. 20).gp4.tokens.txt"
"Matteo Carcassi - Study, Op. 60 no. 22","C/Carcassi, Mateo/Carcassi, Mateo - Etude op 60 no 7.gp3.tokens.txt",DadaGP,Num:{'60'},"C/Carcassi, Mateo/Carcassi, Mateo - Etude op 60 no 7.gp3.tokens.txt"
"Matteo Carcassi - Study, Op. 60 no. 22","C/Carcassi, Mateo/Carcassi, Mateo - Etude opus 60 n-7.gp3.tokens.txt",DadaGP,Num:{'60'},"C/Carcassi, Mateo/Carcassi, Mateo - Etude opus 60 n-7.gp3.tokens.txt"
"Matteo Carcassi - Study, Op. 60 no. 22","C/Carcassi, Mateo/Carcassi, Mateo - Opus 60 # 23.gp3.tokens.txt",DadaGP,Num:{'60'},"C/Carcassi, Mateo/Carcassi, Mateo - Opus 60 # 23.gp3.tokens.txt"
"Fernando Sor - Study, Op. 60 no. 22","S/Sor, Fernando/Sor, Fernando - Andantino (op.60).gp3.tokens.txt",DadaGP,Num:{'60'},"S/Sor, Fernando/Sor, Fernando - Andantino (op.60).gp3.tokens.txt"
"Fernando Sor - Study, Op. 60 no. 22","S/Sor, Fernando/Sor, Fernando - Estudio 3 (Op. 6, No. 2).gp4.tokens.txt",DadaGP,Words:2/5,"S/Sor, Fernando/Sor, Fernando - Estudio 3 (Op. 6, No. 2).gp4.tokens.txt"
"Fernando Sor - Study, Op. 60 no. 22","S/Sor, Fernando/Sor, Fernando - Op. 31 - No 1 (Study In C Major).gp4.tokens.txt",DadaGP,Words:3/5,"S/Sor, Fernando/Sor, Fernando - Op. 31 - No 1 (Study In C Major).gp4.tokens.txt"
"Fernando Sor - Study, Op. 60 no. 22","S/Sor, Fernando/Sor, Fernando - Op. 44 - No 22 (study In A Minor).gp4.tokens.txt",DadaGP,Num:{'22'},"S/Sor, Fernando/Sor, Fernando - Op. 44 - No 22 (study In A Minor).gp4.tokens.txt"
"Fernando Sor - Study, Op. 60 no. 22","S/Sor, Fernando/Sor, Fernando - Op. 60 - No 1 (study In C Major).gp4.tokens.txt",DadaGP,Num:{'60'},"S/Sor, Fernando/Sor, Fernando - Op. 60 - No 1 (study In C Major).gp4.tokens.txt"
"Fernando Sor - Study, Op. 60 no. 22","S/Sor, Fernando/Sor, Fernando - Op. 60 - No 2 (study In C Major).gp4.tokens.txt",DadaGP,Num:{'60'},"S/Sor, Fernando/Sor, Fernando - Op. 60 - No 2 (study In C Major).gp4.tokens.txt"
"Fernando Sor - Study, Op. 60 no. 22","S/Sor, Fernando/Sor, Fernando - Op. 60 - No 5 (study In A Minor).gp4.tokens.txt",DadaGP,Num:{'60'},"S/Sor, Fernando/Sor, Fernando - Op. 60 - No 5 (study In A Minor).gp4.tokens.txt"
"Fernando Sor - Study, Op. 60 no. 22","S/Sor, Fernando/Sor, Fernando - Op. 60 - No 6 (study In A Minor).gp4.tokens.txt",DadaGP,Num:{'60'},"S/Sor, Fernando/Sor, Fernando - Op. 60 - No 6 (study In A Minor).gp4.tokens.txt"
"Fernando Sor - Study, Op. 60 no. 22","S/Sor, Fernando/Sor, Fernando - Study No. 16.gp4.tokens.txt",DadaGP,Words:2/5,"S/Sor, Fernando/Sor, Fernando - Study No. 16.gp4.tokens.txt"
"Fernando Sor - Study, Op. 60 no. 22","S/Sor, Fernando/Sor, Fernando - Study No. 19.gp4.tokens.txt",DadaGP,Words:2/5,"S/Sor, Fernando/Sor, Fernando - Study No. 19.gp4.tokens.txt"
"Matteo Carcassi - Study, Op. 60 no. 23","C/Carcassi, Mateo/Carcassi, Mateo - Allegro (op. 60, No. 20).gp4.tokens.txt",DadaGP,Num:{'60'},"C/Carcassi, Mateo/Carcassi, Mateo - Allegro (op. 60, No. 20).gp4.tokens.txt"
"Matteo Carcassi - Study, Op. 60 no. 23","C/Carcassi, Mateo/Carcassi, Mateo - Etude op 60 no 7.gp3.tokens.txt",DadaGP,Num:{'60'},"C/Carcassi, Mateo/Carcassi, Mateo - Etude op 60 no 7.gp3.tokens.txt"
"Matteo Carcassi - Study, Op. 60 no. 23","C/Carcassi, Mateo/Carcassi, Mateo - Etude opus 60 n-7.gp3.tokens.txt",DadaGP,Num:{'60'},"C/Carcassi, Mateo/Carcassi, Mateo - Etude opus 60 n-7.gp3.tokens.txt"
"Matteo Carcassi - Study, Op. 60 no. 23","C/Carcassi, Mateo/Carcassi, Mateo - Opus 60 # 23.gp3.tokens.txt",DadaGP,"Num:{'23', '60'}","C/Carcassi, Mateo/Carcassi, Mateo - Opus 60 # 23.gp3.tokens.txt"
"Fernando Sor - Study, Op. 60 no. 24","S/Sor, Fernando/Sor, Fernando - Andantino (op.60).gp3.tokens.txt",DadaGP,Num:{'60'},"S/Sor, Fernando/Sor, Fernando - Andantino (op.60).gp3.tokens.txt"
"Fernando Sor - Study, Op. 60 no. 24","S/Sor, Fernando/Sor, Fernando - Estudio 3 (Op. 6, No. 2).gp4.tokens.txt",DadaGP,Words:2/5,"S/Sor, Fernando/Sor, Fernando - Estudio 3 (Op. 6, No. 2).gp4.tokens.txt"
"Fernando Sor - Study, Op. 60 no. 24","S/Sor, Fernando/Sor, Fernando - Op. 31 - No 1 (Study In C Major).gp4.tokens.txt",DadaGP,Words:3/5,"S/Sor, Fernando/Sor, Fernando - Op. 31 - No 1 (Study In C Major).gp4.tokens.txt"
"Fernando Sor - Study, Op. 60 no. 24","S/Sor, Fernando/Sor, Fernando - Op. 44 - No 22 (study In A Minor).gp4.tokens.txt",DadaGP,Words:3/5,"S/Sor, Fernando/Sor, Fernando - Op. 44 - No 22 (study In A Minor).gp4.tokens.txt"
"Fernando Sor - Study, Op. 60 no. 24","S/Sor, Fernando/Sor, Fernando - Op. 60 - No 1 (study In C Major).gp4.tokens.txt",DadaGP,Num:{'60'},"S/Sor, Fernando/Sor, Fernando - Op. 60 - No 1 (study In C Major).gp4.tokens.txt"
"Fernando Sor - Study, Op. 60 no. 24","S/Sor, Fernando/Sor, Fernando - Op. 60 - No 2 (study In C Major).gp4.tokens.txt",DadaGP,Num:{'60'},"S/Sor, Fernando/Sor, Fernando - Op. 60 - No 2 (study In C Major).gp4.tokens.txt"
"Fernando Sor - Study, Op. 60 no. 24","S/Sor, Fernando/Sor, Fernando - Op. 60 - No 5 (study In A Minor).gp4.tokens.txt",DadaGP,Num:{'60'},"S/Sor, Fernando/Sor, Fernando - Op. 60 - No 5 (study In A Minor).gp4.tokens.txt"
"Fernando Sor - Study, Op. 60 no. 24","S/Sor, Fernando/Sor, Fernando - Op. 60 - No 6 (study In A Minor).gp4.tokens.txt",DadaGP,Num:{'60'},"S/Sor, Fernando/Sor, Fernando - Op. 60 - No 6 (study In A Minor).gp4.tokens.txt"
"Fernando Sor - Study, Op. 60 no. 24","S/Sor, Fernando/Sor, Fernando - Study No. 16.gp4.tokens.txt",DadaGP,Words:2/5,"S/Sor, Fernando/Sor, Fernando - Study No. 16.gp4.tokens.txt"
"Fernando Sor - Study, Op. 60 no. 24","S/Sor, Fernando/Sor, Fernando - Study No. 19.gp4.tokens.txt",DadaGP,Words:2/5,"S/Sor, Fernando/Sor, Fernando - Study No. 19.gp4.tokens.txt"
"Matteo Carcassi - Study, Op. 60 no. 24","C/Carcassi, Mateo/Carcassi, Mateo - Allegro (op. 60, No. 20).gp4.tokens.txt",DadaGP,Num:{'60'},"C/Carcassi, Mateo/Carcassi, Mateo - Allegro (op. 60, No. 20).gp4.tokens.txt"
"Matteo Carcassi - Study, Op. 60 no. 24","C/Carcassi, Mateo/Carcassi, Mateo - Etude op 60 no 7.gp3.tokens.txt",DadaGP,Num:{'60'},"C/Carcassi, Mateo/Carcassi, Mateo - Etude op 60 no 7.gp3.tokens.txt"
"Matteo Carcassi - Study, Op. 60 no. 24","C/Carcassi, Mateo/Carcassi, Mateo - Etude opus 60 n-7.gp3.tokens.txt",DadaGP,Num:{'60'},"C/Carcassi, Mateo/Carcassi, Mateo - Etude opus 60 n-7.gp3.tokens.txt"
"Matteo Carcassi - Study, Op. 60 no. 24","C/Carcassi, Mateo/Carcassi, Mateo - Opus 60 # 23.gp3.tokens.txt",DadaGP,Num:{'60'},"C/Carcassi, Mateo/Carcassi, Mateo - Opus 60 # 23.gp3.tokens.txt"
"Matteo Carcassi - Study, Op. 60 no. 25","C/Carcassi, Mateo/Carcassi, Mateo - Allegro (op. 60, No. 20).gp4.tokens.txt",DadaGP,Num:{'60'},"C/Carcassi, Mateo/Carcassi, Mateo - Allegro (op. 60, No. 20).gp4.tokens.txt"
"Matteo Carcassi - Study, Op. 60 no. 25","C/Carcassi, Mateo/Carcassi, Mateo - Etude op 60 no 7.gp3.tokens.txt",DadaGP,Num:{'60'},"C/Carcassi, Mateo/Carcassi, Mateo - Etude op 60 no 7.gp3.tokens.txt"
"Matteo Carcassi - Study, Op. 60 no. 25","C/Carcassi, Mateo/Carcassi, Mateo - Etude opus 60 n-7.gp3.tokens.txt",DadaGP,Num:{'60'},"C/Carcassi, Mateo/Carcassi, Mateo - Etude opus 60 n-7.gp3.tokens.txt"
"Matteo Carcassi - Study, Op. 60 no. 25","C/Carcassi, Mateo/Carcassi, Mateo - Opus 60 # 23.gp3.tokens.txt",DadaGP,Num:{'60'},"C/Carcassi, Mateo/Carcassi, Mateo - Opus 60 # 23.gp3.tokens.txt"
"Matteo Carcassi - Study, Op. 60 no. 3","C/Carcassi, Mateo/Carcassi, Mateo - Allegro (op. 60, No. 20).gp4.tokens.txt",DadaGP,Num:{'60'},"C/Carcassi, Mateo/Carcassi, Mateo - Allegro (op. 60, No. 20).gp4.tokens.txt"
"Matteo Carcassi - Study, Op. 60 no. 3","C/Carcassi, Mateo/Carcassi, Mateo - Andante Grazioso Opus 5 No. 8.gp3.tokens.txt",DadaGP,Num:{'3'},"C/Carcassi, Mateo/Carcassi, Mateo - Andante Grazioso Opus 5 No. 8.gp3.tokens.txt"
"Matteo Carcassi - Study, Op. 60 no. 3","C/Carcassi, Mateo/Carcassi, Mateo - Etude op 60 no 7.gp3.tokens.txt",DadaGP,"Num:{'3', '60'}","C/Carcassi, Mateo/Carcassi, Mateo - Etude op 60 no 7.gp3.tokens.txt"
"Matteo Carcassi - Study, Op. 60 no. 3","C/Carcassi, Mateo/Carcassi, Mateo - Etude opus 60 n-7.gp3.tokens.txt",DadaGP,"Num:{'3', '60'}","C/Carcassi, Mateo/Carcassi, Mateo - Etude opus 60 n-7.gp3.tokens.txt"
"Matteo Carcassi - Study, Op. 60 no. 3","C/Carcassi, Mateo/Carcassi, Mateo - Opus 60 # 23.gp3.tokens.txt",DadaGP,"Num:{'3', '60'}","C/Carcassi, Mateo/Carcassi, Mateo - Opus 60 # 23.gp3.tokens.txt"
"Matteo Carcassi - Study, Op. 60 no. 3","C/Carcassi, Mateo/Carcassi, Mateo - Rondo Op 1.gp3.tokens.txt",DadaGP,Num:{'3'},"C/Carcassi, Mateo/Carcassi, Mateo - Rondo Op 1.gp3.tokens.txt"
"Matteo Carcassi - Study, Op. 60 no. 3","C/Carcassi, Mateo/Carcassi, Mateo - Sonatina I Op 1.gp3.tokens.txt",DadaGP,Num:{'3'},"C/Carcassi, Mateo/Carcassi, Mateo - Sonatina I Op 1.gp3.tokens.txt"
"Matteo Carcassi - Study, Op. 60 no. 3","C/Carcassi, Mateo/Carcassi, Mateo - Study nr.1.gp3.tokens.txt",DadaGP,Num:{'3'},"C/Carcassi, Mateo/Carcassi, Mateo - Study nr.1.gp3.tokens.txt"
"Fernando Sor - Study, Op. 60 no. 4","S/Sor, Fernando/Sor, Fernando - Andantino (op.60).gp3.tokens.txt",DadaGP,Num:{'60'},"S/Sor, Fernando/Sor, Fernando - Andantino (op.60).gp3.tokens.txt"
"Fernando Sor - Study, Op. 60 no. 4","S/Sor, Fernando/Sor, Fernando - Encouragement Cantabile Op.34.gp4.tokens.txt",DadaGP,Num:{'4'},"S/Sor, Fernando/Sor, Fernando - Encouragement Cantabile Op.34.gp4.tokens.txt"
"Fernando Sor - Study, Op. 60 no. 4","S/Sor, Fernando/Sor, Fernando - Estudio 3 (Op. 6, No. 2).gp4.tokens.txt",DadaGP,Num:{'4'},"S/Sor, Fernando/Sor, Fernando - Estudio 3 (Op. 6, No. 2).gp4.tokens.txt"
"Fernando Sor - Study, Op. 60 no. 4","S/Sor, Fernando/Sor, Fernando - Estudio No. 10.gp4.tokens.txt",DadaGP,Num:{'4'},"S/Sor, Fernando/Sor, Fernando - Estudio No. 10.gp4.tokens.txt"
"Fernando Sor - Study, Op. 60 no. 4","S/Sor, Fernando/Sor, Fernando - Estudio No. 18.gp4.tokens.txt",DadaGP,Num:{'4'},"S/Sor, Fernando/Sor, Fernando - Estudio No. 18.gp4.tokens.txt"
"Fernando Sor - Study, Op. 60 no. 4","S/Sor, Fernando/Sor, Fernando - Estudio No. 3.gp4.tokens.txt",DadaGP,Num:{'4'},"S/Sor, Fernando/Sor, Fernando - Estudio No. 3.gp4.tokens.txt"
"Fernando Sor - Study, Op. 60 no. 4","S/Sor, Fernando/Sor, Fernando - Etude No 9, Opus 31.gp4.tokens.txt",DadaGP,Num:{'4'},"S/Sor, Fernando/Sor, Fernando - Etude No 9, Opus 31.gp4.tokens.txt"
"Fernando Sor - Study, Op. 60 no. 4","S/Sor, Fernando/Sor, Fernando - Etude No. 13.gp4.tokens.txt",DadaGP,Num:{'4'},"S/Sor, Fernando/Sor, Fernando - Etude No. 13.gp4.tokens.txt"
"Fernando Sor - Study, Op. 60 no. 4","S/Sor, Fernando/Sor, Fernando - Etude No. 9 Opus 35.gp4.tokens.txt",DadaGP,Num:{'4'},"S/Sor, Fernando/Sor, Fernando - Etude No. 9 Opus 35.gp4.tokens.txt"
"Fernando Sor - Study, Op. 60 no. 4","S/Sor, Fernando/Sor, Fernando - Op. 31 - No 1 (Study In C Major).gp4.tokens.txt",DadaGP,Num:{'4'},"S/Sor, Fernando/Sor, Fernando - Op. 31 - No 1 (Study In C Major).gp4.tokens.txt"
"Fernando Sor - Study, Op. 60 no. 4","S/Sor, Fernando/Sor, Fernando - Op. 44 - No 22 (study In A Minor).gp4.tokens.txt",DadaGP,Num:{'4'},"S/Sor, Fernando/Sor, Fernando - Op. 44 - No 22 (study In A Minor).gp4.tokens.txt"
"Fernando Sor - Study, Op. 60 no. 4","S/Sor, Fernando/Sor, Fernando - Op. 60 - No 1 (study In C Major).gp4.tokens.txt",DadaGP,"Num:{'4', '60'}","S/Sor, Fernando/Sor, Fernando - Op. 60 - No 1 (study In C Major).gp4.tokens.txt"
"Fernando Sor - Study, Op. 60 no. 4","S/Sor, Fernando/Sor, Fernando - Op. 60 - No 2 (study In C Major).gp4.tokens.txt",DadaGP,"Num:{'4', '60'}","S/Sor, Fernando/Sor, Fernando - Op. 60 - No 2 (study In C Major).gp4.tokens.txt"
"Fernando Sor - Study, Op. 60 no. 4","S/Sor, Fernando/Sor, Fernando - Op. 60 - No 5 (study In A Minor).gp4.tokens.txt",DadaGP,"Num:{'4', '60'}","S/Sor, Fernando/Sor, Fernando - Op. 60 - No 5 (study In A Minor).gp4.tokens.txt"
"Fernando Sor - Study, Op. 60 no. 4","S/Sor, Fernando/Sor, Fernando - Op. 60 - No 6 (study In A Minor).gp4.tokens.txt",DadaGP,"Num:{'4', '60'}","S/Sor, Fernando/Sor, Fernando - Op. 60 - No 6 (study In A Minor).gp4.tokens.txt"
"Fernando Sor - Study, Op. 60 no. 4","S/Sor, Fernando/Sor, Fernando - Sonate In C (Op.15B).gp4.tokens.txt",DadaGP,Num:{'4'},"S/Sor, Fernando/Sor, Fernando - Sonate In C (Op.15B).gp4.tokens.txt"
"Fernando Sor - Study, Op. 60 no. 4","S/Sor, Fernando/Sor, Fernando - Study In D Minor (poco Allegretto).gp4.tokens.txt",DadaGP,Num:{'4'},"S/Sor, Fernando/Sor, Fernando - Study In D Minor (poco Allegretto).gp4.tokens.txt"
"Fernando Sor - Study, Op. 60 no. 4","S/Sor, Fernando/Sor, Fernando - Study No. 16.gp4.tokens.txt",DadaGP,Num:{'4'},"S/Sor, Fernando/Sor, Fernando - Study No. 16.gp4.tokens.txt"
"Fernando Sor - Study, Op. 60 no. 4","S/Sor, Fernando/Sor, Fernando - Study No. 19.gp4.tokens.txt",DadaGP,Num:{'4'},"S/Sor, Fernando/Sor, Fernando - Study No. 19.gp4.tokens.txt"
"Fernando Sor - Study, Op. 60 no. 4","S/Sor, Fernando/Sor, Fernando - Variations in Tremolo, From Op.21.gp4.tokens.txt",DadaGP,Num:{'4'},"S/Sor, Fernando/Sor, Fernando - Variations in Tremolo, From Op.21.gp4.tokens.txt"
"Matteo Carcassi - Study, Op. 60 no. 4","C/Carcassi, Mateo/Carcassi, Mateo - Allegro (op. 60, No. 20).gp4.tokens.txt",DadaGP,"Num:{'4', '60'}","C/Carcassi, Mateo/Carcassi, Mateo - Allegro (op. 60, No. 20).gp4.tokens.txt"
"Matteo Carcassi - Study, Op. 60 no. 4","C/Carcassi, Mateo/Carcassi, Mateo - Etude op 60 no 7.gp3.tokens.txt",DadaGP,Num:{'60'},"C/Carcassi, Mateo/Carcassi, Mateo - Etude op 60 no 7.gp3.tokens.txt"
"Matteo Carcassi - Study, Op. 60 no. 4","C/Carcassi, Mateo/Carcassi, Mateo - Etude opus 60 n-7.gp3.tokens.txt",DadaGP,Num:{'60'},"C/Carcassi, Mateo/Carcassi, Mateo - Etude opus 60 n-7.gp3.tokens.txt"
"Matteo Carcassi - Study, Op. 60 no. 4","C/Carcassi, Mateo/Carcassi, Mateo - Opus 60 # 23.gp3.tokens.txt",DadaGP,Num:{'60'},"C/Carcassi, Mateo/Carcassi, Mateo - Opus 60 # 23.gp3.tokens.txt"
"Matteo Carcassi - Study, Op. 60 no. 5","C/Carcassi, Mateo/Carcassi, Mateo - Allegro (op. 60, No. 20).gp4.tokens.txt",DadaGP,Num:{'60'},"C/Carcassi, Mateo/Carcassi, Mateo - Allegro (op. 60, No. 20).gp4.tokens.txt"
"Matteo Carcassi - Study, Op. 60 no. 5","C/Carcassi, Mateo/Carcassi, Mateo - Andante Grazioso Opus 5 No. 8.gp3.tokens.txt",DadaGP,Num:{'5'},"C/Carcassi, Mateo/Carcassi, Mateo - Andante Grazioso Opus 5 No. 8.gp3.tokens.txt"
"Matteo Carcassi - Study, Op. 60 no. 5","C/Carcassi, Mateo/Carcassi, Mateo - Etude op 60 no 7.gp3.tokens.txt",DadaGP,Num:{'60'},"C/Carcassi, Mateo/Carcassi, Mateo - Etude op 60 no 7.gp3.tokens.txt"
"Matteo Carcassi - Study, Op. 60 no. 5","C/Carcassi, Mateo/Carcassi, Mateo - Etude opus 60 n-7.gp3.tokens.txt",DadaGP,Num:{'60'},"C/Carcassi, Mateo/Carcassi, Mateo - Etude opus 60 n-7.gp3.tokens.txt"
"Matteo Carcassi - Study, Op. 60 no. 5","C/Carcassi, Mateo/Carcassi, Mateo - Opus 60 # 23.gp3.tokens.txt",DadaGP,Num:{'60'},"C/Carcassi, Mateo/Carcassi, Mateo - Opus 60 # 23.gp3.tokens.txt"
"Matteo Carcassi - Study, Op. 60 no. 6","C/Carcassi, Mateo/Carcassi, Mateo - Allegro (op. 60, No. 20).gp4.tokens.txt",DadaGP,Num:{'60'},"C/Carcassi, Mateo/Carcassi, Mateo - Allegro (op. 60, No. 20).gp4.tokens.txt"
"Matteo Carcassi - Study, Op. 60 no. 6","C/Carcassi, Mateo/Carcassi, Mateo - Etude op 60 no 7.gp3.tokens.txt",DadaGP,Num:{'60'},"C/Carcassi, Mateo/Carcassi, Mateo - Etude op 60 no 7.gp3.tokens.txt"
"Matteo Carcassi - Study, Op. 60 no. 6","C/Carcassi, Mateo/Carcassi, Mateo - Etude opus 60 n-7.gp3.tokens.txt",DadaGP,Num:{'60'},"C/Carcassi, Mateo/Carcassi, Mateo - Etude opus 60 n-7.gp3.tokens.txt"
"Matteo Carcassi - Study, Op. 60 no. 6","C/Carcassi, Mateo/Carcassi, Mateo - Opus 60 # 23.gp3.tokens.txt",DadaGP,Num:{'60'},"C/Carcassi, Mateo/Carcassi, Mateo - Opus 60 # 23.gp3.tokens.txt"
"Matteo Carcassi - Study, Op. 60 no. 7","C/Carcassi, Mateo/Carcassi, Mateo - Allegro (op. 60, No. 20).gp4.tokens.txt",DadaGP,Num:{'60'},"C/Carcassi, Mateo/Carcassi, Mateo - Allegro (op. 60, No. 20).gp4.tokens.txt"
"Matteo Carcassi - Study, Op. 60 no. 7","C/Carcassi, Mateo/Carcassi, Mateo - Etude op 60 no 7.gp3.tokens.txt",DadaGP,"Num:{'7', '60'}","C/Carcassi, Mateo/Carcassi, Mateo - Etude op 60 no 7.gp3.tokens.txt"
"Matteo Carcassi - Study, Op. 60 no. 7","C/Carcassi, Mateo/Carcassi, Mateo - Etude opus 60 n-7.gp3.tokens.txt",DadaGP,"Num:{'7', '60'}","C/Carcassi, Mateo/Carcassi, Mateo - Etude opus 60 n-7.gp3.tokens.txt"
"Matteo Carcassi - Study, Op. 60 no. 7","C/Carcassi, Mateo/Carcassi, Mateo - Opus 60 # 23.gp3.tokens.txt",DadaGP,Num:{'60'},"C/Carcassi, Mateo/Carcassi, Mateo - Opus 60 # 23.gp3.tokens.txt"
"Matteo Carcassi - Study, Op. 60 no. 8","C/Carcassi, Mateo/Carcassi, Mateo - Allegro (op. 60, No. 20).gp4.tokens.txt",DadaGP,Num:{'60'},"C/Carcassi, Mateo/Carcassi, Mateo - Allegro (op. 60, No. 20).gp4.tokens.txt"
"Matteo Carcassi - Study, Op. 60 no. 8","C/Carcassi, Mateo/Carcassi, Mateo - Andante Grazioso Opus 5 No. 8.gp3.tokens.txt",DadaGP,Num:{'8'},"C/Carcassi, Mateo/Carcassi, Mateo - Andante Grazioso Opus 5 No. 8.gp3.tokens.txt"
"Matteo Carcassi - Study, Op. 60 no. 8","C/Carcassi, Mateo/Carcassi, Mateo - Andante nss 8.gp3.tokens.txt",DadaGP,Num:{'8'},"C/Carcassi, Mateo/Carcassi, Mateo - Andante nss 8.gp3.tokens.txt"
"Matteo Carcassi - Study, Op. 60 no. 8","C/Carcassi, Mateo/Carcassi, Mateo - Etude op 60 no 7.gp3.tokens.txt",DadaGP,Num:{'60'},"C/Carcassi, Mateo/Carcassi, Mateo - Etude op 60 no 7.gp3.tokens.txt"
"Matteo Carcassi - Study, Op. 60 no. 8","C/Carcassi, Mateo/Carcassi, Mateo - Etude opus 60 n-7.gp3.tokens.txt",DadaGP,Num:{'60'},"C/Carcassi, Mateo/Carcassi, Mateo - Etude opus 60 n-7.gp3.tokens.txt"
"Matteo Carcassi - Study, Op. 60 no. 8","C/Carcassi, Mateo/Carcassi, Mateo - Opus 60 # 23.gp3.tokens.txt",DadaGP,Num:{'60'},"C/Carcassi, Mateo/Carcassi, Mateo - Opus 60 # 23.gp3.tokens.txt"
"Matteo Carcassi - Study, Op. 60 no. 9","C/Carcassi, Mateo/Carcassi, Mateo - Allegro (op. 60, No. 20).gp4.tokens.txt",DadaGP,Num:{'60'},"C/Carcassi, Mateo/Carcassi, Mateo - Allegro (op. 60, No. 20).gp4.tokens.txt"
"Matteo Carcassi - Study, Op. 60 no. 9","C/Carcassi, Mateo/Carcassi, Mateo - Etude op 60 no 7.gp3.tokens.txt",DadaGP,Num:{'60'},"C/Carcassi, Mateo/Carcassi, Mateo - Etude op 60 no 7.gp3.tokens.txt"
"Matteo Carcassi - Study, Op. 60 no. 9","C/Carcassi, Mateo/Carcassi, Mateo - Etude opus 60 n-7.gp3.tokens.txt",DadaGP,Num:{'60'},"C/Carcassi, Mateo/Carcassi, Mateo - Etude opus 60 n-7.gp3.tokens.txt"
"Matteo Carcassi - Study, Op. 60 no. 9","C/Carcassi, Mateo/Carcassi, Mateo - Opus 60 # 23.gp3.tokens.txt",DadaGP,Num:{'60'},"C/Carcassi, Mateo/Carcassi, Mateo - Opus 60 # 23.gp3.tokens.txt"
"Fernando Sor - Study, Op. 61 no. 22","S/Sor, Fernando/Sor, Fernando - Estudio 3 (Op. 6, No. 2).gp4.tokens.txt",DadaGP,Words:2/5,"S/Sor, Fernando/Sor, Fernando - Estudio 3 (Op. 6, No. 2).gp4.tokens.txt"
"Fernando Sor - Study, Op. 61 no. 22","S/Sor, Fernando/Sor, Fernando - Op. 31 - No 1 (Study In C Major).gp4.tokens.txt",DadaGP,Words:3/5,"S/Sor, Fernando/Sor, Fernando - Op. 31 - No 1 (Study In C Major).gp4.tokens.txt"
"Fernando Sor - Study, Op. 61 no. 22","S/Sor, Fernando/Sor, Fernando - Op. 44 - No 22 (study In A Minor).gp4.tokens.txt",DadaGP,Num:{'22'},"S/Sor, Fernando/Sor, Fernando - Op. 44 - No 22 (study In A Minor).gp4.tokens.txt"
"Fernando Sor - Study, Op. 61 no. 22","S/Sor, Fernando/Sor, Fernando - Op. 60 - No 1 (study In C Major).gp4.tokens.txt",DadaGP,Words:3/5,"S/Sor, Fernando/Sor, Fernando - Op. 60 - No 1 (study In C Major).gp4.tokens.txt"
"Fernando Sor - Study, Op. 61 no. 22","S/Sor, Fernando/Sor, Fernando - Op. 60 - No 2 (study In C Major).gp4.tokens.txt",DadaGP,Words:3/5,"S/Sor, Fernando/Sor, Fernando - Op. 60 - No 2 (study In C Major).gp4.tokens.txt"
"Fernando Sor - Study, Op. 61 no. 22","S/Sor, Fernando/Sor, Fernando - Op. 60 - No 5 (study In A Minor).gp4.tokens.txt",DadaGP,Words:3/5,"S/Sor, Fernando/Sor, Fernando - Op. 60 - No 5 (study In A Minor).gp4.tokens.txt"
"Fernando Sor - Study, Op. 61 no. 22","S/Sor, Fernando/Sor, Fernando - Op. 60 - No 6 (study In A Minor).gp4.tokens.txt",DadaGP,Words:3/5,"S/Sor, Fernando/Sor, Fernando - Op. 60 - No 6 (study In A Minor).gp4.tokens.txt"
"Fernando Sor - Study, Op. 61 no. 22","S/Sor, Fernando/Sor, Fernando - Study No. 16.gp4.tokens.txt",DadaGP,Words:2/5,"S/Sor, Fernando/Sor, Fernando - Study No. 16.gp4.tokens.txt"
"Fernando Sor - Study, Op. 61 no. 22","S/Sor, Fernando/Sor, Fernando - Study No. 19.gp4.tokens.txt",DadaGP,Words:2/5,"S/Sor, Fernando/Sor, Fernando - Study No. 19.gp4.tokens.txt"
"J.S. Bach - Suite 1 for Cello, BWV 1007: i. Prelude","B/Bach, Johann Sebastian/Bach, Johann Sebastian - Bach Suite N0 1 BWV 1007Doig.gp4.tokens.txt",DadaGP,"Num:{'1', '1007'}","B/Bach, Johann Sebastian/Bach, Johann Sebastian - Bach Suite N0 1 BWV 1007Doig.gp4.tokens.txt"
"J.S. Bach - Suite 1 for Cello, BWV 1007: i. Prelude","B/Bach, Johann Sebastian/Bach, Johann Sebastian - Bouree (From Lute suite no. 1 in E minor).gp4.tokens.txt",DadaGP,Num:{'1'},"B/Bach, Johann Sebastian/Bach, Johann Sebastian - Bouree (From Lute suite no. 1 in E minor).gp4.tokens.txt"
"J.S. Bach - Suite 1 for Cello, BWV 1007: i. Prelude","B/Bach, Johann Sebastian/Bach, Johann Sebastian - Bwv 996 N-1 Suite PrCdule Presto.gp4.tokens.txt",DadaGP,Num:{'1'},"B/Bach, Johann Sebastian/Bach, Johann Sebastian - Bwv 996 N-1 Suite PrCdule Presto.gp4.tokens.txt"
"J.S. Bach - Suite 1 for Cello, BWV 1007: i. Prelude","B/Bach, Johann Sebastian/Bach, Johann Sebastian - Bwv1007 - Prelude.gp4.tokens.txt",DadaGP,Num:{'1007'},"B/Bach, Johann Sebastian/Bach, Johann Sebastian - Bwv1007 - Prelude.gp4.tokens.txt"
"J.S. Bach - Suite 1 for Cello, BWV 1007: i. Prelude","B/Bach, Johann Sebastian/Bach, Johann Sebastian - Cello Suite 1 (2).gp4.tokens.txt",DadaGP,Num:{'1'},"B/Bach, Johann Sebastian/Bach, Johann Sebastian - Cello Suite 1 (2).gp4.tokens.txt"
"J.S. Bach - Suite 1 for Cello, BWV 1007: i. Prelude","B/Bach, Johann Sebastian/Bach, Johann Sebastian - Cello Suite 1.gp3.tokens.txt",DadaGP,Num:{'1'},"B/Bach, Johann Sebastian/Bach, Johann Sebastian - Cello Suite 1.gp3.tokens.txt"
"J.S. Bach - Suite 1 for Cello, BWV 1007: i. Prelude","B/Bach, Johann Sebastian/Bach, Johann Sebastian - Chello 1.gp3.tokens.txt",DadaGP,Num:{'1'},"B/Bach, Johann Sebastian/Bach, Johann Sebastian - Chello 1.gp3.tokens.txt"
"J.S. Bach - Suite 1 for Cello, BWV 1007: i. Prelude","B/Bach, Johann Sebastian/Bach, Johann Sebastian - Gavotte 1 & 2.gp3.tokens.txt",DadaGP,Num:{'1'},"B/Bach, Johann Sebastian/Bach, Johann Sebastian - Gavotte 1 & 2.gp3.tokens.txt"
"J.S. Bach - Suite 1 for Cello, BWV 1007: i. Prelude","B/Bach, Johann Sebastian/Bach, Johann Sebastian - Goldberg Variations 1.gp3.tokens.txt",DadaGP,Num:{'1'},"B/Bach, Johann Sebastian/Bach, Johann Sebastian - Goldberg Variations 1.gp3.tokens.txt"
"J.S. Bach - Suite 1 for Cello, BWV 1007: i. Prelude","B/Bach, Johann Sebastian/Bach, Johann Sebastian - Invention N-4 part 1.gp3.tokens.txt",DadaGP,Num:{'1'},"B/Bach, Johann Sebastian/Bach, Johann Sebastian - Invention N-4 part 1.gp3.tokens.txt"
"J.S. Bach - Suite 1 for Cello, BWV 1007: i. Prelude","B/Bach, Johann Sebastian/Bach, Johann Sebastian - Invention No. 1.gp4.tokens.txt",DadaGP,Num:{'1'},"B/Bach, Johann Sebastian/Bach, Johann Sebastian - Invention No. 1.gp4.tokens.txt"
"J.S. Bach - Suite 1 for Cello, BWV 1007: i. Prelude","B/Bach, Johann Sebastian/Bach, Johann Sebastian - Invenzione a Due Voci - For 1st through 7th position..gp3.tokens.txt",DadaGP,Num:{'1'},"B/Bach, Johann Sebastian/Bach, Johann Sebastian - Invenzione a Due Voci - For 1st through 7th position..gp3.tokens.txt"
"J.S. Bach - Suite 1 for Cello, BWV 1007: i. Prelude","B/Bach, Johann Sebastian/Bach, Johann Sebastian - Menuet 1are suite violoncelle rC mineur.gp4.tokens.txt",DadaGP,Num:{'1'},"B/Bach, Johann Sebastian/Bach, Johann Sebastian - Menuet 1are suite violoncelle rC mineur.gp4.tokens.txt"
"J.S. Bach - Suite 1 for Cello, BWV 1007: i. Prelude","B/Bach, Johann Sebastian/Bach, Johann Sebastian - Minuet #2, Cellosuite #1.gp4.tokens.txt",DadaGP,Num:{'1'},"B/Bach, Johann Sebastian/Bach, Johann Sebastian - Minuet #2, Cellosuite #1.gp4.tokens.txt"
"J.S. Bach - Suite 1 for Cello, BWV 1007: i. Prelude","B/Bach, Johann Sebastian/Bach, Johann Sebastian - Minuetto (part 1).gp3.tokens.txt",DadaGP,Num:{'1'},"B/Bach, Johann Sebastian/Bach, Johann Sebastian - Minuetto (part 1).gp3.tokens.txt"
"J.S. Bach - Suite 1 for Cello, BWV 1007: i. Prelude","B/Bach, Johann Sebastian/Bach, Johann Sebastian - PrCluddega from Suit N-1.gp3.tokens.txt",DadaGP,Num:{'1'},"B/Bach, Johann Sebastian/Bach, Johann Sebastian - PrCluddega from Suit N-1.gp3.tokens.txt"
"J.S. Bach - Suite 1 for Cello, BWV 1007: i. Prelude","B/Bach, Johann Sebastian/Bach, Johann Sebastian - PrClude n-1.gp3.tokens.txt",DadaGP,Num:{'1'},"B/Bach, Johann Sebastian/Bach, Johann Sebastian - PrClude n-1.gp3.tokens.txt"
"J.S. Bach - Suite 1 for Cello, BWV 1007: i. Prelude","B/Bach, Johann Sebastian/Bach, Johann Sebastian - Prelude N 1.gp4.tokens.txt",DadaGP,Num:{'1'},"B/Bach, Johann Sebastian/Bach, Johann Sebastian - Prelude N 1.gp4.tokens.txt"
"J.S. Bach - Suite 1 for Cello, BWV 1007: i. Prelude","B/Bach, Johann Sebastian/Bach, Johann Sebastian - Prelude N-1 En Do Majeur Du Clavier Bien Tempere.gp4.tokens.txt",DadaGP,Num:{'1'},"B/Bach, Johann Sebastian/Bach, Johann Sebastian - Prelude N-1 En Do Majeur Du Clavier Bien Tempere.gp4.tokens.txt"
"J.S. Bach - Suite 1 for Cello, BWV 1007: i. Prelude","B/Bach, Johann Sebastian/Bach, Johann Sebastian - Prelude No.1 In C Major.gp4.tokens.txt",DadaGP,Num:{'1'},"B/Bach, Johann Sebastian/Bach, Johann Sebastian - Prelude No.1 In C Major.gp4.tokens.txt"
"J.S. Bach - Suite 1 for Cello, BWV 1007: i. Prelude","B/Bach, Johann Sebastian/Bach, Johann Sebastian - Prelude from Suite #1 in D Major.gp3.tokens.txt",DadaGP,Num:{'1'},"B/Bach, Johann Sebastian/Bach, Johann Sebastian - Prelude from Suite #1 in D Major.gp3.tokens.txt"
"J.S. Bach - Suite 1 for Cello, BWV 1007: i. Prelude","B/Bach, Johann Sebastian/Bach, Johann Sebastian - Sarabande (From Cello Suite I [BWV 1007]).gp4.tokens.txt",DadaGP,Num:{'1007'},"B/Bach, Johann Sebastian/Bach, Johann Sebastian - Sarabande (From Cello Suite I [BWV 1007]).gp4.tokens.txt"
"J.S. Bach - Suite 1 for Cello, BWV 1007: i. Prelude","B/Bach, Johann Sebastian/Bach, Johann Sebastian - Suite #1 in G Major (Bass Solo).gp3.tokens.txt",DadaGP,Num:{'1'},"B/Bach, Johann Sebastian/Bach, Johann Sebastian - Suite #1 in G Major (Bass Solo).gp3.tokens.txt"
"J.S. Bach - Suite 1 for Cello, BWV 1007: i. Prelude","B/Bach, Johann Sebastian/Bach, Johann Sebastian - Suite 1 in G Major (Bass Solo).gp3.tokens.txt",DadaGP,Num:{'1'},"B/Bach, Johann Sebastian/Bach, Johann Sebastian - Suite 1 in G Major (Bass Solo).gp3.tokens.txt"
"J.S. Bach - Suite 1 for Cello, BWV 1007: i. Prelude","B/Bach, Johann Sebastian/Bach, Johann Sebastian - Suite No 1 BWV 1007.gp3.tokens.txt",DadaGP,"Num:{'1', '1007'}","B/Bach, Johann Sebastian/Bach, Johann Sebastian - Suite No 1 BWV 1007.gp3.tokens.txt"
"J.S. Bach - Suite 1 for Cello, BWV 1007: i. Prelude","B/Bach, Johann Sebastian/Bach, Johann Sebastian - Violin Sonata No 1 In Gm  Fugue Bwv 1001.gp4.tokens.txt",DadaGP,Num:{'1'},"B/Bach, Johann Sebastian/Bach, Johann Sebastian - Violin Sonata No 1 In Gm  Fugue Bwv 1001.gp4.tokens.txt"
"J.S. Bach - Suite 1 for Cello, BWV 1007: ii.  Allemande","B/Bach, Johann Sebastian/Bach, Johann Sebastian - Bach Suite N0 1 BWV 1007Doig.gp4.tokens.txt",DadaGP,"Num:{'1', '1007'}","B/Bach, Johann Sebastian/Bach, Johann Sebastian - Bach Suite N0 1 BWV 1007Doig.gp4.tokens.txt"
"J.S. Bach - Suite 1 for Cello, BWV 1007: ii.  Allemande","B/Bach, Johann Sebastian/Bach, Johann Sebastian - Bouree (From Lute suite no. 1 in E minor).gp4.tokens.txt",DadaGP,Num:{'1'},"B/Bach, Johann Sebastian/Bach, Johann Sebastian - Bouree (From Lute suite no. 1 in E minor).gp4.tokens.txt"
"J.S. Bach - Suite 1 for Cello, BWV 1007: ii.  Allemande","B/Bach, Johann Sebastian/Bach, Johann Sebastian - Bwv 996 N-1 Suite PrCdule Presto.gp4.tokens.txt",DadaGP,Num:{'1'},"B/Bach, Johann Sebastian/Bach, Johann Sebastian - Bwv 996 N-1 Suite PrCdule Presto.gp4.tokens.txt"
"J.S. Bach - Suite 1 for Cello, BWV 1007: ii.  Allemande","B/Bach, Johann Sebastian/Bach, Johann Sebastian - Cello Suite 1 (2).gp4.tokens.txt",DadaGP,Num:{'1'},"B/Bach, Johann Sebastian/Bach, Johann Sebastian - Cello Suite 1 (2).gp4.tokens.txt"
"J.S. Bach - Suite 1 for Cello, BWV 1007: ii.  Allemande","B/Bach, Johann Sebastian/Bach, Johann Sebastian - Cello Suite 1.gp3.tokens.txt",DadaGP,Num:{'1'},"B/Bach, Johann Sebastian/Bach, Johann Sebastian - Cello Suite 1.gp3.tokens.txt"
"J.S. Bach - Suite 1 for Cello, BWV 1007: ii.  Allemande","B/Bach, Johann Sebastian/Bach, Johann Sebastian - Chello 1.gp3.tokens.txt",DadaGP,Num:{'1'},"B/Bach, Johann Sebastian/Bach, Johann Sebastian - Chello 1.gp3.tokens.txt"
"J.S. Bach - Suite 1 for Cello, BWV 1007: ii.  Allemande","B/Bach, Johann Sebastian/Bach, Johann Sebastian - Gavotte 1 & 2.gp3.tokens.txt",DadaGP,Num:{'1'},"B/Bach, Johann Sebastian/Bach, Johann Sebastian - Gavotte 1 & 2.gp3.tokens.txt"
"J.S. Bach - Suite 1 for Cello, BWV 1007: ii.  Allemande","B/Bach, Johann Sebastian/Bach, Johann Sebastian - Goldberg Variations 1.gp3.tokens.txt",DadaGP,Num:{'1'},"B/Bach, Johann Sebastian/Bach, Johann Sebastian - Goldberg Variations 1.gp3.tokens.txt"
"J.S. Bach - Suite 1 for Cello, BWV 1007: ii.  Allemande","B/Bach, Johann Sebastian/Bach, Johann Sebastian - Invention N-4 part 1.gp3.tokens.txt",DadaGP,Num:{'1'},"B/Bach, Johann Sebastian/Bach, Johann Sebastian - Invention N-4 part 1.gp3.tokens.txt"
"J.S. Bach - Suite 1 for Cello, BWV 1007: ii.  Allemande","B/Bach, Johann Sebastian/Bach, Johann Sebastian - Invention No. 1.gp4.tokens.txt",DadaGP,Num:{'1'},"B/Bach, Johann Sebastian/Bach, Johann Sebastian - Invention No. 1.gp4.tokens.txt"
"J.S. Bach - Suite 1 for Cello, BWV 1007: ii.  Allemande","B/Bach, Johann Sebastian/Bach, Johann Sebastian - Invenzione a Due Voci - For 1st through 7th position..gp3.tokens.txt",DadaGP,Num:{'1'},"B/Bach, Johann Sebastian/Bach, Johann Sebastian - Invenzione a Due Voci - For 1st through 7th position..gp3.tokens.txt"
"J.S. Bach - Suite 1 for Cello, BWV 1007: ii.  Allemande","B/Bach, Johann Sebastian/Bach, Johann Sebastian - Menuet 1are suite violoncelle rC mineur.gp4.tokens.txt",DadaGP,Num:{'1'},"B/Bach, Johann Sebastian/Bach, Johann Sebastian - Menuet 1are suite violoncelle rC mineur.gp4.tokens.txt"
"J.S. Bach - Suite 1 for Cello, BWV 1007: ii.  Allemande","B/Bach, Johann Sebastian/Bach, Johann Sebastian - Minuet #2, Cellosuite #1.gp4.tokens.txt",DadaGP,Num:{'1'},"B/Bach, Johann Sebastian/Bach, Johann Sebastian - Minuet #2, Cellosuite #1.gp4.tokens.txt"
"J.S. Bach - Suite 1 for Cello, BWV 1007: ii.  Allemande","B/Bach, Johann Sebastian/Bach, Johann Sebastian - Minuetto (part 1).gp3.tokens.txt",DadaGP,Num:{'1'},"B/Bach, Johann Sebastian/Bach, Johann Sebastian - Minuetto (part 1).gp3.tokens.txt"
"J.S. Bach - Suite 1 for Cello, BWV 1007: ii.  Allemande","B/Bach, Johann Sebastian/Bach, Johann Sebastian - PrCluddega from Suit N-1.gp3.tokens.txt",DadaGP,Num:{'1'},"B/Bach, Johann Sebastian/Bach, Johann Sebastian - PrCluddega from Suit N-1.gp3.tokens.txt"
"J.S. Bach - Suite 1 for Cello, BWV 1007: ii.  Allemande","B/Bach, Johann Sebastian/Bach, Johann Sebastian - PrClude n-1.gp3.tokens.txt",DadaGP,Num:{'1'},"B/Bach, Johann Sebastian/Bach, Johann Sebastian - PrClude n-1.gp3.tokens.txt"
"J.S. Bach - Suite 1 for Cello, BWV 1007: ii.  Allemande","B/Bach, Johann Sebastian/Bach, Johann Sebastian - Prelude N 1.gp4.tokens.txt",DadaGP,Num:{'1'},"B/Bach, Johann Sebastian/Bach, Johann Sebastian - Prelude N 1.gp4.tokens.txt"
"J.S. Bach - Suite 1 for Cello, BWV 1007: ii.  Allemande","B/Bach, Johann Sebastian/Bach, Johann Sebastian - Prelude N-1 En Do Majeur Du Clavier Bien Tempere.gp4.tokens.txt",DadaGP,Num:{'1'},"B/Bach, Johann Sebastian/Bach, Johann Sebastian - Prelude N-1 En Do Majeur Du Clavier Bien Tempere.gp4.tokens.txt"
"J.S. Bach - Suite 1 for Cello, BWV 1007: ii.  Allemande","B/Bach, Johann Sebastian/Bach, Johann Sebastian - Prelude No.1 In C Major.gp4.tokens.txt",DadaGP,Num:{'1'},"B/Bach, Johann Sebastian/Bach, Johann Sebastian - Prelude No.1 In C Major.gp4.tokens.txt"
"J.S. Bach - Suite 1 for Cello, BWV 1007: ii.  Allemande","B/Bach, Johann Sebastian/Bach, Johann Sebastian - Prelude from Suite #1 in D Major.gp3.tokens.txt",DadaGP,Num:{'1'},"B/Bach, Johann Sebastian/Bach, Johann Sebastian - Prelude from Suite #1 in D Major.gp3.tokens.txt"
"J.S. Bach - Suite 1 for Cello, BWV 1007: ii.  Allemande","B/Bach, Johann Sebastian/Bach, Johann Sebastian - Sarabande (From Cello Suite I [BWV 1007]).gp4.tokens.txt",DadaGP,Num:{'1007'},"B/Bach, Johann Sebastian/Bach, Johann Sebastian - Sarabande (From Cello Suite I [BWV 1007]).gp4.tokens.txt"
"J.S. Bach - Suite 1 for Cello, BWV 1007: ii.  Allemande","B/Bach, Johann Sebastian/Bach, Johann Sebastian - Suite #1 in G Major (Bass Solo).gp3.tokens.txt",DadaGP,Num:{'1'},"B/Bach, Johann Sebastian/Bach, Johann Sebastian - Suite #1 in G Major (Bass Solo).gp3.tokens.txt"
"J.S. Bach - Suite 1 for Cello, BWV 1007: ii.  Allemande","B/Bach, Johann Sebastian/Bach, Johann Sebastian - Suite 1 in G Major (Bass Solo).gp3.tokens.txt",DadaGP,Num:{'1'},"B/Bach, Johann Sebastian/Bach, Johann Sebastian - Suite 1 in G Major (Bass Solo).gp3.tokens.txt"
"J.S. Bach - Suite 1 for Cello, BWV 1007: ii.  Allemande","B/Bach, Johann Sebastian/Bach, Johann Sebastian - Suite No 1 BWV 1007.gp3.tokens.txt",DadaGP,"Num:{'1', '1007'}","B/Bach, Johann Sebastian/Bach, Johann Sebastian - Suite No 1 BWV 1007.gp3.tokens.txt"
"J.S. Bach - Suite 1 for Cello, BWV 1007: ii.  Allemande","B/Bach, Johann Sebastian/Bach, Johann Sebastian - Violin Sonata No 1 In Gm  Fugue Bwv 1001.gp4.tokens.txt",DadaGP,Num:{'1'},"B/Bach, Johann Sebastian/Bach, Johann Sebastian - Violin Sonata No 1 In Gm  Fugue Bwv 1001.gp4.tokens.txt"
"J.S. Bach - Suite 1 for Cello, BWV 1007: iii.  Courante","B/Bach, Johann Sebastian/Bach, Johann Sebastian - Bach Suite N0 1 BWV 1007Doig.gp4.tokens.txt",DadaGP,"Num:{'1', '1007'}","B/Bach, Johann Sebastian/Bach, Johann Sebastian - Bach Suite N0 1 BWV 1007Doig.gp4.tokens.txt"
"J.S. Bach - Suite 1 for Cello, BWV 1007: iii.  Courante","B/Bach, Johann Sebastian/Bach, Johann Sebastian - Bouree (From Lute suite no. 1 in E minor).gp4.tokens.txt",DadaGP,Num:{'1'},"B/Bach, Johann Sebastian/Bach, Johann Sebastian - Bouree (From Lute suite no. 1 in E minor).gp4.tokens.txt"
"J.S. Bach - Suite 1 for Cello, BWV 1007: iii.  Courante","B/Bach, Johann Sebastian/Bach, Johann Sebastian - Bwv 996 N-1 Suite PrCdule Presto.gp4.tokens.txt",DadaGP,Num:{'1'},"B/Bach, Johann Sebastian/Bach, Johann Sebastian - Bwv 996 N-1 Suite PrCdule Presto.gp4.tokens.txt"
"J.S. Bach - Suite 1 for Cello, BWV 1007: iii.  Courante","B/Bach, Johann Sebastian/Bach, Johann Sebastian - Cello Suite 1 (2).gp4.tokens.txt",DadaGP,Num:{'1'},"B/Bach, Johann Sebastian/Bach, Johann Sebastian - Cello Suite 1 (2).gp4.tokens.txt"
"J.S. Bach - Suite 1 for Cello, BWV 1007: iii.  Courante","B/Bach, Johann Sebastian/Bach, Johann Sebastian - Cello Suite 1.gp3.tokens.txt",DadaGP,Num:{'1'},"B/Bach, Johann Sebastian/Bach, Johann Sebastian - Cello Suite 1.gp3.tokens.txt"
"J.S. Bach - Suite 1 for Cello, BWV 1007: iii.  Courante","B/Bach, Johann Sebastian/Bach, Johann Sebastian - Chello 1.gp3.tokens.txt",DadaGP,Num:{'1'},"B/Bach, Johann Sebastian/Bach, Johann Sebastian - Chello 1.gp3.tokens.txt"
"J.S. Bach - Suite 1 for Cello, BWV 1007: iii.  Courante","B/Bach, Johann Sebastian/Bach, Johann Sebastian - Gavotte 1 & 2.gp3.tokens.txt",DadaGP,Num:{'1'},"B/Bach, Johann Sebastian/Bach, Johann Sebastian - Gavotte 1 & 2.gp3.tokens.txt"
"J.S. Bach - Suite 1 for Cello, BWV 1007: iii.  Courante","B/Bach, Johann Sebastian/Bach, Johann Sebastian - Goldberg Variations 1.gp3.tokens.txt",DadaGP,Num:{'1'},"B/Bach, Johann Sebastian/Bach, Johann Sebastian - Goldberg Variations 1.gp3.tokens.txt"
"J.S. Bach - Suite 1 for Cello, BWV 1007: iii.  Courante","B/Bach, Johann Sebastian/Bach, Johann Sebastian - Invention N-4 part 1.gp3.tokens.txt",DadaGP,Num:{'1'},"B/Bach, Johann Sebastian/Bach, Johann Sebastian - Invention N-4 part 1.gp3.tokens.txt"
"J.S. Bach - Suite 1 for Cello, BWV 1007: iii.  Courante","B/Bach, Johann Sebastian/Bach, Johann Sebastian - Invention No. 1.gp4.tokens.txt",DadaGP,Num:{'1'},"B/Bach, Johann Sebastian/Bach, Johann Sebastian - Invention No. 1.gp4.tokens.txt"
"J.S. Bach - Suite 1 for Cello, BWV 1007: iii.  Courante","B/Bach, Johann Sebastian/Bach, Johann Sebastian - Invenzione a Due Voci - For 1st through 7th position..gp3.tokens.txt",DadaGP,Num:{'1'},"B/Bach, Johann Sebastian/Bach, Johann Sebastian - Invenzione a Due Voci - For 1st through 7th position..gp3.tokens.txt"
"J.S. Bach - Suite 1 for Cello, BWV 1007: iii.  Courante","B/Bach, Johann Sebastian/Bach, Johann Sebastian - Menuet 1are suite violoncelle rC mineur.gp4.tokens.txt",DadaGP,Num:{'1'},"B/Bach, Johann Sebastian/Bach, Johann Sebastian - Menuet 1are suite violoncelle rC mineur.gp4.tokens.txt"
"J.S. Bach - Suite 1 for Cello, BWV 1007: iii.  Courante","B/Bach, Johann Sebastian/Bach, Johann Sebastian - Minuet #2, Cellosuite #1.gp4.tokens.txt",DadaGP,Num:{'1'},"B/Bach, Johann Sebastian/Bach, Johann Sebastian - Minuet #2, Cellosuite #1.gp4.tokens.txt"
"J.S. Bach - Suite 1 for Cello, BWV 1007: iii.  Courante","B/Bach, Johann Sebastian/Bach, Johann Sebastian - Minuetto (part 1).gp3.tokens.txt",DadaGP,Num:{'1'},"B/Bach, Johann Sebastian/Bach, Johann Sebastian - Minuetto (part 1).gp3.tokens.txt"
"J.S. Bach - Suite 1 for Cello, BWV 1007: iii.  Courante","B/Bach, Johann Sebastian/Bach, Johann Sebastian - PrCluddega from Suit N-1.gp3.tokens.txt",DadaGP,Num:{'1'},"B/Bach, Johann Sebastian/Bach, Johann Sebastian - PrCluddega from Suit N-1.gp3.tokens.txt"
"J.S. Bach - Suite 1 for Cello, BWV 1007: iii.  Courante","B/Bach, Johann Sebastian/Bach, Johann Sebastian - PrClude n-1.gp3.tokens.txt",DadaGP,Num:{'1'},"B/Bach, Johann Sebastian/Bach, Johann Sebastian - PrClude n-1.gp3.tokens.txt"
"J.S. Bach - Suite 1 for Cello, BWV 1007: iii.  Courante","B/Bach, Johann Sebastian/Bach, Johann Sebastian - Prelude N 1.gp4.tokens.txt",DadaGP,Num:{'1'},"B/Bach, Johann Sebastian/Bach, Johann Sebastian - Prelude N 1.gp4.tokens.txt"
"J.S. Bach - Suite 1 for Cello, BWV 1007: iii.  Courante","B/Bach, Johann Sebastian/Bach, Johann Sebastian - Prelude N-1 En Do Majeur Du Clavier Bien Tempere.gp4.tokens.txt",DadaGP,Num:{'1'},"B/Bach, Johann Sebastian/Bach, Johann Sebastian - Prelude N-1 En Do Majeur Du Clavier Bien Tempere.gp4.tokens.txt"
"J.S. Bach - Suite 1 for Cello, BWV 1007: iii.  Courante","B/Bach, Johann Sebastian/Bach, Johann Sebastian - Prelude No.1 In C Major.gp4.tokens.txt",DadaGP,Num:{'1'},"B/Bach, Johann Sebastian/Bach, Johann Sebastian - Prelude No.1 In C Major.gp4.tokens.txt"
"J.S. Bach - Suite 1 for Cello, BWV 1007: iii.  Courante","B/Bach, Johann Sebastian/Bach, Johann Sebastian - Prelude from Suite #1 in D Major.gp3.tokens.txt",DadaGP,Num:{'1'},"B/Bach, Johann Sebastian/Bach, Johann Sebastian - Prelude from Suite #1 in D Major.gp3.tokens.txt"
"J.S. Bach - Suite 1 for Cello, BWV 1007: iii.  Courante","B/Bach, Johann Sebastian/Bach, Johann Sebastian - Sarabande (From Cello Suite I [BWV 1007]).gp4.tokens.txt",DadaGP,Num:{'1007'},"B/Bach, Johann Sebastian/Bach, Johann Sebastian - Sarabande (From Cello Suite I [BWV 1007]).gp4.tokens.txt"
"J.S. Bach - Suite 1 for Cello, BWV 1007: iii.  Courante","B/Bach, Johann Sebastian/Bach, Johann Sebastian - Suite #1 in G Major (Bass Solo).gp3.tokens.txt",DadaGP,Num:{'1'},"B/Bach, Johann Sebastian/Bach, Johann Sebastian - Suite #1 in G Major (Bass Solo).gp3.tokens.txt"
"J.S. Bach - Suite 1 for Cello, BWV 1007: iii.  Courante","B/Bach, Johann Sebastian/Bach, Johann Sebastian - Suite 1 in G Major (Bass Solo).gp3.tokens.txt",DadaGP,Num:{'1'},"B/Bach, Johann Sebastian/Bach, Johann Sebastian - Suite 1 in G Major (Bass Solo).gp3.tokens.txt"
"J.S. Bach - Suite 1 for Cello, BWV 1007: iii.  Courante","B/Bach, Johann Sebastian/Bach, Johann Sebastian - Suite No 1 BWV 1007.gp3.tokens.txt",DadaGP,"Num:{'1', '1007'}","B/Bach, Johann Sebastian/Bach, Johann Sebastian - Suite No 1 BWV 1007.gp3.tokens.txt"
"J.S. Bach - Suite 1 for Cello, BWV 1007: iii.  Courante","B/Bach, Johann Sebastian/Bach, Johann Sebastian - Violin Sonata No 1 In Gm  Fugue Bwv 1001.gp4.tokens.txt",DadaGP,Num:{'1'},"B/Bach, Johann Sebastian/Bach, Johann Sebastian - Violin Sonata No 1 In Gm  Fugue Bwv 1001.gp4.tokens.txt"
"J.S. Bach - Suite 1 for Cello, BWV 1007: iv.  Sarabande","B/Bach, Johann Sebastian/Bach, Johann Sebastian - Bach Suite N0 1 BWV 1007Doig.gp4.tokens.txt",DadaGP,"Num:{'1', '1007'}","B/Bach, Johann Sebastian/Bach, Johann Sebastian - Bach Suite N0 1 BWV 1007Doig.gp4.tokens.txt"
"J.S. Bach - Suite 1 for Cello, BWV 1007: iv.  Sarabande","B/Bach, Johann Sebastian/Bach, Johann Sebastian - Bouree (From Lute suite no. 1 in E minor).gp4.tokens.txt",DadaGP,Num:{'1'},"B/Bach, Johann Sebastian/Bach, Johann Sebastian - Bouree (From Lute suite no. 1 in E minor).gp4.tokens.txt"
"J.S. Bach - Suite 1 for Cello, BWV 1007: iv.  Sarabande","B/Bach, Johann Sebastian/Bach, Johann Sebastian - Bwv 996 N-1 Suite PrCdule Presto.gp4.tokens.txt",DadaGP,Num:{'1'},"B/Bach, Johann Sebastian/Bach, Johann Sebastian - Bwv 996 N-1 Suite PrCdule Presto.gp4.tokens.txt"
"J.S. Bach - Suite 1 for Cello, BWV 1007: iv.  Sarabande","B/Bach, Johann Sebastian/Bach, Johann Sebastian - Cello Suite 1 (2).gp4.tokens.txt",DadaGP,Num:{'1'},"B/Bach, Johann Sebastian/Bach, Johann Sebastian - Cello Suite 1 (2).gp4.tokens.txt"
"J.S. Bach - Suite 1 for Cello, BWV 1007: iv.  Sarabande","B/Bach, Johann Sebastian/Bach, Johann Sebastian - Cello Suite 1.gp3.tokens.txt",DadaGP,Num:{'1'},"B/Bach, Johann Sebastian/Bach, Johann Sebastian - Cello Suite 1.gp3.tokens.txt"
"J.S. Bach - Suite 1 for Cello, BWV 1007: iv.  Sarabande","B/Bach, Johann Sebastian/Bach, Johann Sebastian - Chello 1.gp3.tokens.txt",DadaGP,Num:{'1'},"B/Bach, Johann Sebastian/Bach, Johann Sebastian - Chello 1.gp3.tokens.txt"
"J.S. Bach - Suite 1 for Cello, BWV 1007: iv.  Sarabande","B/Bach, Johann Sebastian/Bach, Johann Sebastian - Gavotte 1 & 2.gp3.tokens.txt",DadaGP,Num:{'1'},"B/Bach, Johann Sebastian/Bach, Johann Sebastian - Gavotte 1 & 2.gp3.tokens.txt"
"J.S. Bach - Suite 1 for Cello, BWV 1007: iv.  Sarabande","B/Bach, Johann Sebastian/Bach, Johann Sebastian - Goldberg Variations 1.gp3.tokens.txt",DadaGP,Num:{'1'},"B/Bach, Johann Sebastian/Bach, Johann Sebastian - Goldberg Variations 1.gp3.tokens.txt"
"J.S. Bach - Suite 1 for Cello, BWV 1007: iv.  Sarabande","B/Bach, Johann Sebastian/Bach, Johann Sebastian - Invention N-4 part 1.gp3.tokens.txt",DadaGP,Num:{'1'},"B/Bach, Johann Sebastian/Bach, Johann Sebastian - Invention N-4 part 1.gp3.tokens.txt"
"J.S. Bach - Suite 1 for Cello, BWV 1007: iv.  Sarabande","B/Bach, Johann Sebastian/Bach, Johann Sebastian - Invention No. 1.gp4.tokens.txt",DadaGP,Num:{'1'},"B/Bach, Johann Sebastian/Bach, Johann Sebastian - Invention No. 1.gp4.tokens.txt"
"J.S. Bach - Suite 1 for Cello, BWV 1007: iv.  Sarabande","B/Bach, Johann Sebastian/Bach, Johann Sebastian - Invenzione a Due Voci - For 1st through 7th position..gp3.tokens.txt",DadaGP,Num:{'1'},"B/Bach, Johann Sebastian/Bach, Johann Sebastian - Invenzione a Due Voci - For 1st through 7th position..gp3.tokens.txt"
"J.S. Bach - Suite 1 for Cello, BWV 1007: iv.  Sarabande","B/Bach, Johann Sebastian/Bach, Johann Sebastian - Menuet 1are suite violoncelle rC mineur.gp4.tokens.txt",DadaGP,Num:{'1'},"B/Bach, Johann Sebastian/Bach, Johann Sebastian - Menuet 1are suite violoncelle rC mineur.gp4.tokens.txt"
"J.S. Bach - Suite 1 for Cello, BWV 1007: iv.  Sarabande","B/Bach, Johann Sebastian/Bach, Johann Sebastian - Minuet #2, Cellosuite #1.gp4.tokens.txt",DadaGP,Num:{'1'},"B/Bach, Johann Sebastian/Bach, Johann Sebastian - Minuet #2, Cellosuite #1.gp4.tokens.txt"
"J.S. Bach - Suite 1 for Cello, BWV 1007: iv.  Sarabande","B/Bach, Johann Sebastian/Bach, Johann Sebastian - Minuetto (part 1).gp3.tokens.txt",DadaGP,Num:{'1'},"B/Bach, Johann Sebastian/Bach, Johann Sebastian - Minuetto (part 1).gp3.tokens.txt"
"J.S. Bach - Suite 1 for Cello, BWV 1007: iv.  Sarabande","B/Bach, Johann Sebastian/Bach, Johann Sebastian - PrCluddega from Suit N-1.gp3.tokens.txt",DadaGP,Num:{'1'},"B/Bach, Johann Sebastian/Bach, Johann Sebastian - PrCluddega from Suit N-1.gp3.tokens.txt"
"J.S. Bach - Suite 1 for Cello, BWV 1007: iv.  Sarabande","B/Bach, Johann Sebastian/Bach, Johann Sebastian - PrClude n-1.gp3.tokens.txt",DadaGP,Num:{'1'},"B/Bach, Johann Sebastian/Bach, Johann Sebastian - PrClude n-1.gp3.tokens.txt"
"J.S. Bach - Suite 1 for Cello, BWV 1007: iv.  Sarabande","B/Bach, Johann Sebastian/Bach, Johann Sebastian - Prelude N 1.gp4.tokens.txt",DadaGP,Num:{'1'},"B/Bach, Johann Sebastian/Bach, Johann Sebastian - Prelude N 1.gp4.tokens.txt"
"J.S. Bach - Suite 1 for Cello, BWV 1007: iv.  Sarabande","B/Bach, Johann Sebastian/Bach, Johann Sebastian - Prelude N-1 En Do Majeur Du Clavier Bien Tempere.gp4.tokens.txt",DadaGP,Num:{'1'},"B/Bach, Johann Sebastian/Bach, Johann Sebastian - Prelude N-1 En Do Majeur Du Clavier Bien Tempere.gp4.tokens.txt"
"J.S. Bach - Suite 1 for Cello, BWV 1007: iv.  Sarabande","B/Bach, Johann Sebastian/Bach, Johann Sebastian - Prelude No.1 In C Major.gp4.tokens.txt",DadaGP,Num:{'1'},"B/Bach, Johann Sebastian/Bach, Johann Sebastian - Prelude No.1 In C Major.gp4.tokens.txt"
"J.S. Bach - Suite 1 for Cello, BWV 1007: iv.  Sarabande","B/Bach, Johann Sebastian/Bach, Johann Sebastian - Prelude from Suite #1 in D Major.gp3.tokens.txt",DadaGP,Num:{'1'},"B/Bach, Johann Sebastian/Bach, Johann Sebastian - Prelude from Suite #1 in D Major.gp3.tokens.txt"
"J.S. Bach - Suite 1 for Cello, BWV 1007: iv.  Sarabande","B/Bach, Johann Sebastian/Bach, Johann Sebastian - Sarabande (From Cello Suite I [BWV 1007]).gp4.tokens.txt",DadaGP,Num:{'1007'},"B/Bach, Johann Sebastian/Bach, Johann Sebastian - Sarabande (From Cello Suite I [BWV 1007]).gp4.tokens.txt"
"J.S. Bach - Suite 1 for Cello, BWV 1007: iv.  Sarabande","B/Bach, Johann Sebastian/Bach, Johann Sebastian - Suite #1 in G Major (Bass Solo).gp3.tokens.txt",DadaGP,Num:{'1'},"B/Bach, Johann Sebastian/Bach, Johann Sebastian - Suite #1 in G Major (Bass Solo).gp3.tokens.txt"
"J.S. Bach - Suite 1 for Cello, BWV 1007: iv.  Sarabande","B/Bach, Johann Sebastian/Bach, Johann Sebastian - Suite 1 in G Major (Bass Solo).gp3.tokens.txt",DadaGP,Num:{'1'},"B/Bach, Johann Sebastian/Bach, Johann Sebastian - Suite 1 in G Major (Bass Solo).gp3.tokens.txt"
"J.S. Bach - Suite 1 for Cello, BWV 1007: iv.  Sarabande","B/Bach, Johann Sebastian/Bach, Johann Sebastian - Suite No 1 BWV 1007.gp3.tokens.txt",DadaGP,"Num:{'1', '1007'}","B/Bach, Johann Sebastian/Bach, Johann Sebastian - Suite No 1 BWV 1007.gp3.tokens.txt"
"J.S. Bach - Suite 1 for Cello, BWV 1007: iv.  Sarabande","B/Bach, Johann Sebastian/Bach, Johann Sebastian - Violin Sonata No 1 In Gm  Fugue Bwv 1001.gp4.tokens.txt",DadaGP,Num:{'1'},"B/Bach, Johann Sebastian/Bach, Johann Sebastian - Violin Sonata No 1 In Gm  Fugue Bwv 1001.gp4.tokens.txt"
"J.S. Bach - Suite 1 for Cello, BWV 1007: v. Minuets I and II","B/Bach, Johann Sebastian/Bach, Johann Sebastian - Bach Suite N0 1 BWV 1007Doig.gp4.tokens.txt",DadaGP,"Num:{'1', '1007'}","B/Bach, Johann Sebastian/Bach, Johann Sebastian - Bach Suite N0 1 BWV 1007Doig.gp4.tokens.txt"
"J.S. Bach - Suite 1 for Cello, BWV 1007: v. Minuets I and II","B/Bach, Johann Sebastian/Bach, Johann Sebastian - Bouree (From Lute suite no. 1 in E minor).gp4.tokens.txt",DadaGP,Num:{'1'},"B/Bach, Johann Sebastian/Bach, Johann Sebastian - Bouree (From Lute suite no. 1 in E minor).gp4.tokens.txt"
"J.S. Bach - Suite 1 for Cello, BWV 1007: v. Minuets I and II","B/Bach, Johann Sebastian/Bach, Johann Sebastian - Bwv 996 N-1 Suite PrCdule Presto.gp4.tokens.txt",DadaGP,Num:{'1'},"B/Bach, Johann Sebastian/Bach, Johann Sebastian - Bwv 996 N-1 Suite PrCdule Presto.gp4.tokens.txt"
"J.S. Bach - Suite 1 for Cello, BWV 1007: v. Minuets I and II","B/Bach, Johann Sebastian/Bach, Johann Sebastian - Cello Suite 1 (2).gp4.tokens.txt",DadaGP,Num:{'1'},"B/Bach, Johann Sebastian/Bach, Johann Sebastian - Cello Suite 1 (2).gp4.tokens.txt"
"J.S. Bach - Suite 1 for Cello, BWV 1007: v. Minuets I and II","B/Bach, Johann Sebastian/Bach, Johann Sebastian - Cello Suite 1.gp3.tokens.txt",DadaGP,Num:{'1'},"B/Bach, Johann Sebastian/Bach, Johann Sebastian - Cello Suite 1.gp3.tokens.txt"
"J.S. Bach - Suite 1 for Cello, BWV 1007: v. Minuets I and II","B/Bach, Johann Sebastian/Bach, Johann Sebastian - Chello 1.gp3.tokens.txt",DadaGP,Num:{'1'},"B/Bach, Johann Sebastian/Bach, Johann Sebastian - Chello 1.gp3.tokens.txt"
"J.S. Bach - Suite 1 for Cello, BWV 1007: v. Minuets I and II","B/Bach, Johann Sebastian/Bach, Johann Sebastian - Gavotte 1 & 2.gp3.tokens.txt",DadaGP,Num:{'1'},"B/Bach, Johann Sebastian/Bach, Johann Sebastian - Gavotte 1 & 2.gp3.tokens.txt"
"J.S. Bach - Suite 1 for Cello, BWV 1007: v. Minuets I and II","B/Bach, Johann Sebastian/Bach, Johann Sebastian - Goldberg Variations 1.gp3.tokens.txt",DadaGP,Num:{'1'},"B/Bach, Johann Sebastian/Bach, Johann Sebastian - Goldberg Variations 1.gp3.tokens.txt"
"J.S. Bach - Suite 1 for Cello, BWV 1007: v. Minuets I and II","B/Bach, Johann Sebastian/Bach, Johann Sebastian - Invention N-4 part 1.gp3.tokens.txt",DadaGP,Num:{'1'},"B/Bach, Johann Sebastian/Bach, Johann Sebastian - Invention N-4 part 1.gp3.tokens.txt"
"J.S. Bach - Suite 1 for Cello, BWV 1007: v. Minuets I and II","B/Bach, Johann Sebastian/Bach, Johann Sebastian - Invention No. 1.gp4.tokens.txt",DadaGP,Num:{'1'},"B/Bach, Johann Sebastian/Bach, Johann Sebastian - Invention No. 1.gp4.tokens.txt"
"J.S. Bach - Suite 1 for Cello, BWV 1007: v. Minuets I and II","B/Bach, Johann Sebastian/Bach, Johann Sebastian - Invenzione a Due Voci - For 1st through 7th position..gp3.tokens.txt",DadaGP,Num:{'1'},"B/Bach, Johann Sebastian/Bach, Johann Sebastian - Invenzione a Due Voci - For 1st through 7th position..gp3.tokens.txt"
"J.S. Bach - Suite 1 for Cello, BWV 1007: v. Minuets I and II","B/Bach, Johann Sebastian/Bach, Johann Sebastian - Menuet 1are suite violoncelle rC mineur.gp4.tokens.txt",DadaGP,Num:{'1'},"B/Bach, Johann Sebastian/Bach, Johann Sebastian - Menuet 1are suite violoncelle rC mineur.gp4.tokens.txt"
"J.S. Bach - Suite 1 for Cello, BWV 1007: v. Minuets I and II","B/Bach, Johann Sebastian/Bach, Johann Sebastian - Minuet #2, Cellosuite #1.gp4.tokens.txt",DadaGP,Num:{'1'},"B/Bach, Johann Sebastian/Bach, Johann Sebastian - Minuet #2, Cellosuite #1.gp4.tokens.txt"
"J.S. Bach - Suite 1 for Cello, BWV 1007: v. Minuets I and II","B/Bach, Johann Sebastian/Bach, Johann Sebastian - Minuetto (part 1).gp3.tokens.txt",DadaGP,Num:{'1'},"B/Bach, Johann Sebastian/Bach, Johann Sebastian - Minuetto (part 1).gp3.tokens.txt"
"J.S. Bach - Suite 1 for Cello, BWV 1007: v. Minuets I and II","B/Bach, Johann Sebastian/Bach, Johann Sebastian - PrCluddega from Suit N-1.gp3.tokens.txt",DadaGP,Num:{'1'},"B/Bach, Johann Sebastian/Bach, Johann Sebastian - PrCluddega from Suit N-1.gp3.tokens.txt"
"J.S. Bach - Suite 1 for Cello, BWV 1007: v. Minuets I and II","B/Bach, Johann Sebastian/Bach, Johann Sebastian - PrClude n-1.gp3.tokens.txt",DadaGP,Num:{'1'},"B/Bach, Johann Sebastian/Bach, Johann Sebastian - PrClude n-1.gp3.tokens.txt"
"J.S. Bach - Suite 1 for Cello, BWV 1007: v. Minuets I and II","B/Bach, Johann Sebastian/Bach, Johann Sebastian - Prelude N 1.gp4.tokens.txt",DadaGP,Num:{'1'},"B/Bach, Johann Sebastian/Bach, Johann Sebastian - Prelude N 1.gp4.tokens.txt"
"J.S. Bach - Suite 1 for Cello, BWV 1007: v. Minuets I and II","B/Bach, Johann Sebastian/Bach, Johann Sebastian - Prelude N-1 En Do Majeur Du Clavier Bien Tempere.gp4.tokens.txt",DadaGP,Num:{'1'},"B/Bach, Johann Sebastian/Bach, Johann Sebastian - Prelude N-1 En Do Majeur Du Clavier Bien Tempere.gp4.tokens.txt"
"J.S. Bach - Suite 1 for Cello, BWV 1007: v. Minuets I and II","B/Bach, Johann Sebastian/Bach, Johann Sebastian - Prelude No.1 In C Major.gp4.tokens.txt",DadaGP,Num:{'1'},"B/Bach, Johann Sebastian/Bach, Johann Sebastian - Prelude No.1 In C Major.gp4.tokens.txt"
"J.S. Bach - Suite 1 for Cello, BWV 1007: v. Minuets I and II","B/Bach, Johann Sebastian/Bach, Johann Sebastian - Prelude from Suite #1 in D Major.gp3.tokens.txt",DadaGP,Num:{'1'},"B/Bach, Johann Sebastian/Bach, Johann Sebastian - Prelude from Suite #1 in D Major.gp3.tokens.txt"
"J.S. Bach - Suite 1 for Cello, BWV 1007: v. Minuets I and II","B/Bach, Johann Sebastian/Bach, Johann Sebastian - Sarabande (From Cello Suite I [BWV 1007]).gp4.tokens.txt",DadaGP,Num:{'1007'},"B/Bach, Johann Sebastian/Bach, Johann Sebastian - Sarabande (From Cello Suite I [BWV 1007]).gp4.tokens.txt"
"J.S. Bach - Suite 1 for Cello, BWV 1007: v. Minuets I and II","B/Bach, Johann Sebastian/Bach, Johann Sebastian - Suite #1 in G Major (Bass Solo).gp3.tokens.txt",DadaGP,Num:{'1'},"B/Bach, Johann Sebastian/Bach, Johann Sebastian - Suite #1 in G Major (Bass Solo).gp3.tokens.txt"
"J.S. Bach - Suite 1 for Cello, BWV 1007: v. Minuets I and II","B/Bach, Johann Sebastian/Bach, Johann Sebastian - Suite 1 in G Major (Bass Solo).gp3.tokens.txt",DadaGP,Num:{'1'},"B/Bach, Johann Sebastian/Bach, Johann Sebastian - Suite 1 in G Major (Bass Solo).gp3.tokens.txt"
"J.S. Bach - Suite 1 for Cello, BWV 1007: v. Minuets I and II","B/Bach, Johann Sebastian/Bach, Johann Sebastian - Suite No 1 BWV 1007.gp3.tokens.txt",DadaGP,"Num:{'1', '1007'}","B/Bach, Johann Sebastian/Bach, Johann Sebastian - Suite No 1 BWV 1007.gp3.tokens.txt"
"J.S. Bach - Suite 1 for Cello, BWV 1007: v. Minuets I and II","B/Bach, Johann Sebastian/Bach, Johann Sebastian - Violin Sonata No 1 In Gm  Fugue Bwv 1001.gp4.tokens.txt",DadaGP,Num:{'1'},"B/Bach, Johann Sebastian/Bach, Johann Sebastian - Violin Sonata No 1 In Gm  Fugue Bwv 1001.gp4.tokens.txt"
"J.S. Bach - Suite 1 for Cello, BWV 1007: vi. Gigue","B/Bach, Johann Sebastian/Bach, Johann Sebastian - Bach Suite N0 1 BWV 1007Doig.gp4.tokens.txt",DadaGP,"Num:{'1', '1007'}","B/Bach, Johann Sebastian/Bach, Johann Sebastian - Bach Suite N0 1 BWV 1007Doig.gp4.tokens.txt"
"J.S. Bach - Suite 1 for Cello, BWV 1007: vi. Gigue","B/Bach, Johann Sebastian/Bach, Johann Sebastian - Bouree (From Lute suite no. 1 in E minor).gp4.tokens.txt",DadaGP,Num:{'1'},"B/Bach, Johann Sebastian/Bach, Johann Sebastian - Bouree (From Lute suite no. 1 in E minor).gp4.tokens.txt"
"J.S. Bach - Suite 1 for Cello, BWV 1007: vi. Gigue","B/Bach, Johann Sebastian/Bach, Johann Sebastian - Bwv 996 N-1 Suite PrCdule Presto.gp4.tokens.txt",DadaGP,Num:{'1'},"B/Bach, Johann Sebastian/Bach, Johann Sebastian - Bwv 996 N-1 Suite PrCdule Presto.gp4.tokens.txt"
"J.S. Bach - Suite 1 for Cello, BWV 1007: vi. Gigue","B/Bach, Johann Sebastian/Bach, Johann Sebastian - Cello Suite 1 (2).gp4.tokens.txt",DadaGP,Num:{'1'},"B/Bach, Johann Sebastian/Bach, Johann Sebastian - Cello Suite 1 (2).gp4.tokens.txt"
"J.S. Bach - Suite 1 for Cello, BWV 1007: vi. Gigue","B/Bach, Johann Sebastian/Bach, Johann Sebastian - Cello Suite 1.gp3.tokens.txt",DadaGP,Num:{'1'},"B/Bach, Johann Sebastian/Bach, Johann Sebastian - Cello Suite 1.gp3.tokens.txt"
"J.S. Bach - Suite 1 for Cello, BWV 1007: vi. Gigue","B/Bach, Johann Sebastian/Bach, Johann Sebastian - Chello 1.gp3.tokens.txt",DadaGP,Num:{'1'},"B/Bach, Johann Sebastian/Bach, Johann Sebastian - Chello 1.gp3.tokens.txt"
"J.S. Bach - Suite 1 for Cello, BWV 1007: vi. Gigue","B/Bach, Johann Sebastian/Bach, Johann Sebastian - Gavotte 1 & 2.gp3.tokens.txt",DadaGP,Num:{'1'},"B/Bach, Johann Sebastian/Bach, Johann Sebastian - Gavotte 1 & 2.gp3.tokens.txt"
"J.S. Bach - Suite 1 for Cello, BWV 1007: vi. Gigue","B/Bach, Johann Sebastian/Bach, Johann Sebastian - Goldberg Variations 1.gp3.tokens.txt",DadaGP,Num:{'1'},"B/Bach, Johann Sebastian/Bach, Johann Sebastian - Goldberg Variations 1.gp3.tokens.txt"
"J.S. Bach - Suite 1 for Cello, BWV 1007: vi. Gigue","B/Bach, Johann Sebastian/Bach, Johann Sebastian - Invention N-4 part 1.gp3.tokens.txt",DadaGP,Num:{'1'},"B/Bach, Johann Sebastian/Bach, Johann Sebastian - Invention N-4 part 1.gp3.tokens.txt"
"J.S. Bach - Suite 1 for Cello, BWV 1007: vi. Gigue","B/Bach, Johann Sebastian/Bach, Johann Sebastian - Invention No. 1.gp4.tokens.txt",DadaGP,Num:{'1'},"B/Bach, Johann Sebastian/Bach, Johann Sebastian - Invention No. 1.gp4.tokens.txt"
"J.S. Bach - Suite 1 for Cello, BWV 1007: vi. Gigue","B/Bach, Johann Sebastian/Bach, Johann Sebastian - Invenzione a Due Voci - For 1st through 7th position..gp3.tokens.txt",DadaGP,Num:{'1'},"B/Bach, Johann Sebastian/Bach, Johann Sebastian - Invenzione a Due Voci - For 1st through 7th position..gp3.tokens.txt"
"J.S. Bach - Suite 1 for Cello, BWV 1007: vi. Gigue","B/Bach, Johann Sebastian/Bach, Johann Sebastian - Menuet 1are suite violoncelle rC mineur.gp4.tokens.txt",DadaGP,Num:{'1'},"B/Bach, Johann Sebastian/Bach, Johann Sebastian - Menuet 1are suite violoncelle rC mineur.gp4.tokens.txt"
"J.S. Bach - Suite 1 for Cello, BWV 1007: vi. Gigue","B/Bach, Johann Sebastian/Bach, Johann Sebastian - Minuet #2, Cellosuite #1.gp4.tokens.txt",DadaGP,Num:{'1'},"B/Bach, Johann Sebastian/Bach, Johann Sebastian - Minuet #2, Cellosuite #1.gp4.tokens.txt"
"J.S. Bach - Suite 1 for Cello, BWV 1007: vi. Gigue","B/Bach, Johann Sebastian/Bach, Johann Sebastian - Minuetto (part 1).gp3.tokens.txt",DadaGP,Num:{'1'},"B/Bach, Johann Sebastian/Bach, Johann Sebastian - Minuetto (part 1).gp3.tokens.txt"
"J.S. Bach - Suite 1 for Cello, BWV 1007: vi. Gigue","B/Bach, Johann Sebastian/Bach, Johann Sebastian - PrCluddega from Suit N-1.gp3.tokens.txt",DadaGP,Num:{'1'},"B/Bach, Johann Sebastian/Bach, Johann Sebastian - PrCluddega from Suit N-1.gp3.tokens.txt"
"J.S. Bach - Suite 1 for Cello, BWV 1007: vi. Gigue","B/Bach, Johann Sebastian/Bach, Johann Sebastian - PrClude n-1.gp3.tokens.txt",DadaGP,Num:{'1'},"B/Bach, Johann Sebastian/Bach, Johann Sebastian - PrClude n-1.gp3.tokens.txt"
"J.S. Bach - Suite 1 for Cello, BWV 1007: vi. Gigue","B/Bach, Johann Sebastian/Bach, Johann Sebastian - Prelude N 1.gp4.tokens.txt",DadaGP,Num:{'1'},"B/Bach, Johann Sebastian/Bach, Johann Sebastian - Prelude N 1.gp4.tokens.txt"
"J.S. Bach - Suite 1 for Cello, BWV 1007: vi. Gigue","B/Bach, Johann Sebastian/Bach, Johann Sebastian - Prelude N-1 En Do Majeur Du Clavier Bien Tempere.gp4.tokens.txt",DadaGP,Num:{'1'},"B/Bach, Johann Sebastian/Bach, Johann Sebastian - Prelude N-1 En Do Majeur Du Clavier Bien Tempere.gp4.tokens.txt"
"J.S. Bach - Suite 1 for Cello, BWV 1007: vi. Gigue","B/Bach, Johann Sebastian/Bach, Johann Sebastian - Prelude No.1 In C Major.gp4.tokens.txt",DadaGP,Num:{'1'},"B/Bach, Johann Sebastian/Bach, Johann Sebastian - Prelude No.1 In C Major.gp4.tokens.txt"
"J.S. Bach - Suite 1 for Cello, BWV 1007: vi. Gigue","B/Bach, Johann Sebastian/Bach, Johann Sebastian - Prelude from Suite #1 in D Major.gp3.tokens.txt",DadaGP,Num:{'1'},"B/Bach, Johann Sebastian/Bach, Johann Sebastian - Prelude from Suite #1 in D Major.gp3.tokens.txt"
"J.S. Bach - Suite 1 for Cello, BWV 1007: vi. Gigue","B/Bach, Johann Sebastian/Bach, Johann Sebastian - Sarabande (From Cello Suite I [BWV 1007]).gp4.tokens.txt",DadaGP,Num:{'1007'},"B/Bach, Johann Sebastian/Bach, Johann Sebastian - Sarabande (From Cello Suite I [BWV 1007]).gp4.tokens.txt"
"J.S. Bach - Suite 1 for Cello, BWV 1007: vi. Gigue","B/Bach, Johann Sebastian/Bach, Johann Sebastian - Suite #1 in G Major (Bass Solo).gp3.tokens.txt",DadaGP,Num:{'1'},"B/Bach, Johann Sebastian/Bach, Johann Sebastian - Suite #1 in G Major (Bass Solo).gp3.tokens.txt"
"J.S. Bach - Suite 1 for Cello, BWV 1007: vi. Gigue","B/Bach, Johann Sebastian/Bach, Johann Sebastian - Suite 1 in G Major (Bass Solo).gp3.tokens.txt",DadaGP,Num:{'1'},"B/Bach, Johann Sebastian/Bach, Johann Sebastian - Suite 1 in G Major (Bass Solo).gp3.tokens.txt"
"J.S. Bach - Suite 1 for Cello, BWV 1007: vi. Gigue","B/Bach, Johann Sebastian/Bach, Johann Sebastian - Suite No 1 BWV 1007.gp3.tokens.txt",DadaGP,"Num:{'1', '1007'}","B/Bach, Johann Sebastian/Bach, Johann Sebastian - Suite No 1 BWV 1007.gp3.tokens.txt"
"J.S. Bach - Suite 1 for Cello, BWV 1007: vi. Gigue","B/Bach, Johann Sebastian/Bach, Johann Sebastian - Violin Sonata No 1 In Gm  Fugue Bwv 1001.gp4.tokens.txt",DadaGP,Num:{'1'},"B/Bach, Johann Sebastian/Bach, Johann Sebastian - Violin Sonata No 1 In Gm  Fugue Bwv 1001.gp4.tokens.txt"
"J.S. Bach - Suite 2 for Cello, BWV 1008: vi. Gigue","B/Bach, Johann Sebastian/Bach, Johann Sebastian - Air On a G String (2).gp3.tokens.txt",DadaGP,Num:{'2'},"B/Bach, Johann Sebastian/Bach, Johann Sebastian - Air On a G String (2).gp3.tokens.txt"
"J.S. Bach - Suite 2 for Cello, BWV 1008: vi. Gigue","B/Bach, Johann Sebastian/Bach, Johann Sebastian - Allegro (2).gp3.tokens.txt",DadaGP,Num:{'2'},"B/Bach, Johann Sebastian/Bach, Johann Sebastian - Allegro (2).gp3.tokens.txt"
"J.S. Bach - Suite 2 for Cello, BWV 1008: vi. Gigue","B/Bach, Johann Sebastian/Bach, Johann Sebastian - Allemande From Partita No. 2 In D Minor.gp4.tokens.txt",DadaGP,Num:{'2'},"B/Bach, Johann Sebastian/Bach, Johann Sebastian - Allemande From Partita No. 2 In D Minor.gp4.tokens.txt"
"J.S. Bach - Suite 2 for Cello, BWV 1008: vi. Gigue","B/Bach, Johann Sebastian/Bach, Johann Sebastian - Badinerie (2).gp4.tokens.txt",DadaGP,Num:{'2'},"B/Bach, Johann Sebastian/Bach, Johann Sebastian - Badinerie (2).gp4.tokens.txt"
"J.S. Bach - Suite 2 for Cello, BWV 1008: vi. Gigue","B/Bach, Johann Sebastian/Bach, Johann Sebastian - Cello Suite 1 (2).gp4.tokens.txt",DadaGP,Num:{'2'},"B/Bach, Johann Sebastian/Bach, Johann Sebastian - Cello Suite 1 (2).gp4.tokens.txt"
"J.S. Bach - Suite 2 for Cello, BWV 1008: vi. Gigue","B/Bach, Johann Sebastian/Bach, Johann Sebastian - Chaccone (From Violin Partita No.2).gp4.tokens.txt",DadaGP,Num:{'2'},"B/Bach, Johann Sebastian/Bach, Johann Sebastian - Chaccone (From Violin Partita No.2).gp4.tokens.txt"
"J.S. Bach - Suite 2 for Cello, BWV 1008: vi. Gigue","B/Bach, Johann Sebastian/Bach, Johann Sebastian - Gavotte 1 & 2.gp3.tokens.txt",DadaGP,Num:{'2'},"B/Bach, Johann Sebastian/Bach, Johann Sebastian - Gavotte 1 & 2.gp3.tokens.txt"
"J.S. Bach - Suite 2 for Cello, BWV 1008: vi. Gigue","B/Bach, Johann Sebastian/Bach, Johann Sebastian - Gigue (From Lute Suite No. 2).gp4.tokens.txt",DadaGP,Num:{'2'},"B/Bach, Johann Sebastian/Bach, Johann Sebastian - Gigue (From Lute Suite No. 2).gp4.tokens.txt"
"J.S. Bach - Suite 2 for Cello, BWV 1008: vi. Gigue","B/Bach, Johann Sebastian/Bach, Johann Sebastian - Invention 04 (2).gp4.tokens.txt",DadaGP,Num:{'2'},"B/Bach, Johann Sebastian/Bach, Johann Sebastian - Invention 04 (2).gp4.tokens.txt"
"J.S. Bach - Suite 2 for Cello, BWV 1008: vi. Gigue","B/Bach, Johann Sebastian/Bach, Johann Sebastian - Invention 08 (2).gp4.tokens.txt",DadaGP,Num:{'2'},"B/Bach, Johann Sebastian/Bach, Johann Sebastian - Invention 08 (2).gp4.tokens.txt"
"J.S. Bach - Suite 2 for Cello, BWV 1008: vi. Gigue","B/Bach, Johann Sebastian/Bach, Johann Sebastian - Jesu, Joy Of Man_'s Desiring (2).gp4.tokens.txt",DadaGP,Num:{'2'},"B/Bach, Johann Sebastian/Bach, Johann Sebastian - Jesu, Joy Of Man_'s Desiring (2).gp4.tokens.txt"
"J.S. Bach - Suite 2 for Cello, BWV 1008: vi. Gigue","B/Bach, Johann Sebastian/Bach, Johann Sebastian - Menuet In G Major (2).gp4.tokens.txt",DadaGP,Num:{'2'},"B/Bach, Johann Sebastian/Bach, Johann Sebastian - Menuet In G Major (2).gp4.tokens.txt"
"J.S. Bach - Suite 2 for Cello, BWV 1008: vi. Gigue","B/Bach, Johann Sebastian/Bach, Johann Sebastian - Minuet #2, Cellosuite #1.gp4.tokens.txt",DadaGP,Num:{'2'},"B/Bach, Johann Sebastian/Bach, Johann Sebastian - Minuet #2, Cellosuite #1.gp4.tokens.txt"
"J.S. Bach - Suite 2 for Cello, BWV 1008: vi. Gigue","B/Bach, Johann Sebastian/Bach, Johann Sebastian - Minuet in G (2).gp3.tokens.txt",DadaGP,Num:{'2'},"B/Bach, Johann Sebastian/Bach, Johann Sebastian - Minuet in G (2).gp3.tokens.txt"
"J.S. Bach - Suite 2 for Cello, BWV 1008: vi. Gigue","B/Bach, Johann Sebastian/Bach, Johann Sebastian - Minuetto (part 2).gp3.tokens.txt",DadaGP,Num:{'2'},"B/Bach, Johann Sebastian/Bach, Johann Sebastian - Minuetto (part 2).gp3.tokens.txt"
"J.S. Bach - Suite 2 for Cello, BWV 1008: vi. Gigue","B/Bach, Johann Sebastian/Bach, Johann Sebastian - Musette in D Major (2).gp4.tokens.txt",DadaGP,Num:{'2'},"B/Bach, Johann Sebastian/Bach, Johann Sebastian - Musette in D Major (2).gp4.tokens.txt"
"J.S. Bach - Suite 2 for Cello, BWV 1008: vi. Gigue","B/Bach, Johann Sebastian/Bach, Johann Sebastian - Prelude (2).gp3.tokens.txt",DadaGP,Num:{'2'},"B/Bach, Johann Sebastian/Bach, Johann Sebastian - Prelude (2).gp3.tokens.txt"
"J.S. Bach - Suite 2 for Cello, BWV 1008: vi. Gigue","B/Bach, Johann Sebastian/Bach, Johann Sebastian - Prelude en Re Mineur (2).gp3.tokens.txt",DadaGP,Num:{'2'},"B/Bach, Johann Sebastian/Bach, Johann Sebastian - Prelude en Re Mineur (2).gp3.tokens.txt"
"J.S. Bach - Suite 2 for Cello, BWV 1008: vi. Gigue","B/Bach, Johann Sebastian/Bach, Johann Sebastian - Toccata And Fugue (2).gp3.tokens.txt",DadaGP,Num:{'2'},"B/Bach, Johann Sebastian/Bach, Johann Sebastian - Toccata And Fugue (2).gp3.tokens.txt"
"J.S. Bach - Suite 2 for Cello, BWV 1008: vi. Gigue","B/Bach, Johann Sebastian/Bach, Johann Sebastian - Toccata et fugue en rC mineur (2).gp3.tokens.txt",DadaGP,Num:{'2'},"B/Bach, Johann Sebastian/Bach, Johann Sebastian - Toccata et fugue en rC mineur (2).gp3.tokens.txt"
"J.S. Bach - Suite 2 for Cello, BWV 1008: vi. Gigue","H/Howe, Greg/Howe, Greg - Bach Mock (2).gp4.tokens.txt",DadaGP,Num:{'2'},"H/Howe, Greg/Howe, Greg - Bach Mock (2).gp4.tokens.txt"
"J.S. Bach - Suite 3 for Cello, BWV 1009: ii. Allemande","B/Bach, Johann Sebastian/Bach, Johann Sebastian - Air From Suite #3.gp4.tokens.txt",DadaGP,Num:{'3'},"B/Bach, Johann Sebastian/Bach, Johann Sebastian - Air From Suite #3.gp4.tokens.txt"
"J.S. Bach - Suite 3 for Cello, BWV 1009: ii. Allemande","B/Bach, Johann Sebastian/Bach, Johann Sebastian - Allemande In A Minor.gp3.tokens.txt",DadaGP,Num:{'3'},"B/Bach, Johann Sebastian/Bach, Johann Sebastian - Allemande In A Minor.gp3.tokens.txt"
"J.S. Bach - Suite 3 for Cello, BWV 1009: ii. Allemande","B/Bach, Johann Sebastian/Bach, Johann Sebastian - Bouree Cello Suite III.gp3.tokens.txt",DadaGP,Num:{'3'},"B/Bach, Johann Sebastian/Bach, Johann Sebastian - Bouree Cello Suite III.gp3.tokens.txt"
"J.S. Bach - Suite 3 for Cello, BWV 1009: ii. Allemande","B/Bach, Johann Sebastian/Bach, Johann Sebastian - Cantata BWV 147.gp3.tokens.txt",DadaGP,Num:{'3'},"B/Bach, Johann Sebastian/Bach, Johann Sebastian - Cantata BWV 147.gp3.tokens.txt"
"J.S. Bach - Suite 3 for Cello, BWV 1009: ii. Allemande","B/Bach, Johann Sebastian/Bach, Johann Sebastian - Cello Suite 1.gp3.tokens.txt",DadaGP,Num:{'3'},"B/Bach, Johann Sebastian/Bach, Johann Sebastian - Cello Suite 1.gp3.tokens.txt"
"J.S. Bach - Suite 3 for Cello, BWV 1009: ii. Allemande","B/Bach, Johann Sebastian/Bach, Johann Sebastian - Fuga A 3.gp3.tokens.txt",DadaGP,Num:{'3'},"B/Bach, Johann Sebastian/Bach, Johann Sebastian - Fuga A 3.gp3.tokens.txt"
"J.S. Bach - Suite 3 for Cello, BWV 1009: ii. Allemande","B/Bach, Johann Sebastian/Bach, Johann Sebastian - Gavotte en Rondeau (from lute suite 4) BWV 1006a.gp3.tokens.txt",DadaGP,Num:{'3'},"B/Bach, Johann Sebastian/Bach, Johann Sebastian - Gavotte en Rondeau (from lute suite 4) BWV 1006a.gp3.tokens.txt"
"J.S. Bach - Suite 3 for Cello, BWV 1009: ii. Allemande","B/Bach, Johann Sebastian/Bach, Johann Sebastian - Inventio 3.gp3.tokens.txt",DadaGP,Num:{'3'},"B/Bach, Johann Sebastian/Bach, Johann Sebastian - Inventio 3.gp3.tokens.txt"
"J.S. Bach - Suite 3 for Cello, BWV 1009: ii. Allemande","B/Bach, Johann Sebastian/Bach, Johann Sebastian - Invenzione a Due Voci - For 1st through 7th position..gp3.tokens.txt",DadaGP,Num:{'3'},"B/Bach, Johann Sebastian/Bach, Johann Sebastian - Invenzione a Due Voci - For 1st through 7th position..gp3.tokens.txt"
"J.S. Bach - Suite 3 for Cello, BWV 1009: ii. Allemande","B/Bach, Johann Sebastian/Bach, Johann Sebastian - Jesu, Joy Of Man_'s Desiring, BWV 147.gp3.tokens.txt",DadaGP,Num:{'3'},"B/Bach, Johann Sebastian/Bach, Johann Sebastian - Jesu, Joy Of Man_'s Desiring, BWV 147.gp3.tokens.txt"
"J.S. Bach - Suite 3 for Cello, BWV 1009: ii. Allemande","B/Bach, Johann Sebastian/Bach, Johann Sebastian - Minuet in G (3).gp4.tokens.txt",DadaGP,Num:{'3'},"B/Bach, Johann Sebastian/Bach, Johann Sebastian - Minuet in G (3).gp4.tokens.txt"
"J.S. Bach - Suite 3 for Cello, BWV 1009: ii. Allemande","B/Bach, Johann Sebastian/Bach, Johann Sebastian - Orchestral Suite No. 3 In D Maj..gp3.tokens.txt",DadaGP,Num:{'3'},"B/Bach, Johann Sebastian/Bach, Johann Sebastian - Orchestral Suite No. 3 In D Maj..gp3.tokens.txt"
"J.S. Bach - Suite 3 for Cello, BWV 1009: ii. Allemande","B/Bach, Johann Sebastian/Bach, Johann Sebastian - Prelude from Suite #1 in D Major.gp3.tokens.txt",DadaGP,Num:{'3'},"B/Bach, Johann Sebastian/Bach, Johann Sebastian - Prelude from Suite #1 in D Major.gp3.tokens.txt"
"J.S. Bach - Suite 3 for Cello, BWV 1009: ii. Allemande","B/Bach, Johann Sebastian/Bach, Johann Sebastian - Sarabande from Partita in Bm for Violin.gp3.tokens.txt",DadaGP,Num:{'3'},"B/Bach, Johann Sebastian/Bach, Johann Sebastian - Sarabande from Partita in Bm for Violin.gp3.tokens.txt"
"J.S. Bach - Suite 3 for Cello, BWV 1009: ii. Allemande","B/Bach, Johann Sebastian/Bach, Johann Sebastian - Suite #1 in G Major (Bass Solo).gp3.tokens.txt",DadaGP,Num:{'3'},"B/Bach, Johann Sebastian/Bach, Johann Sebastian - Suite #1 in G Major (Bass Solo).gp3.tokens.txt"
"J.S. Bach - Suite 3 for Cello, BWV 1009: ii. Allemande","B/Bach, Johann Sebastian/Bach, Johann Sebastian - Suite 1 in G Major (Bass Solo).gp3.tokens.txt",DadaGP,Num:{'3'},"B/Bach, Johann Sebastian/Bach, Johann Sebastian - Suite 1 in G Major (Bass Solo).gp3.tokens.txt"
"J.S. Bach - Suite 3 for Cello, BWV 1009: ii. Allemande","B/Bach, Johann Sebastian/Bach, Johann Sebastian - Suite No 1 BWV 1007.gp3.tokens.txt",DadaGP,Num:{'3'},"B/Bach, Johann Sebastian/Bach, Johann Sebastian - Suite No 1 BWV 1007.gp3.tokens.txt"
"J.S. Bach - Suite 3 for Cello, BWV 1009: iii. Courante","B/Bach, Johann Sebastian/Bach, Johann Sebastian - Air From Suite #3.gp4.tokens.txt",DadaGP,Num:{'3'},"B/Bach, Johann Sebastian/Bach, Johann Sebastian - Air From Suite #3.gp4.tokens.txt"
"J.S. Bach - Suite 3 for Cello, BWV 1009: iii. Courante","B/Bach, Johann Sebastian/Bach, Johann Sebastian - Bouree Cello Suite III.gp3.tokens.txt",DadaGP,Num:{'3'},"B/Bach, Johann Sebastian/Bach, Johann Sebastian - Bouree Cello Suite III.gp3.tokens.txt"
"J.S. Bach - Suite 3 for Cello, BWV 1009: iii. Courante","B/Bach, Johann Sebastian/Bach, Johann Sebastian - Cantata BWV 147.gp3.tokens.txt",DadaGP,Num:{'3'},"B/Bach, Johann Sebastian/Bach, Johann Sebastian - Cantata BWV 147.gp3.tokens.txt"
"J.S. Bach - Suite 3 for Cello, BWV 1009: iii. Courante","B/Bach, Johann Sebastian/Bach, Johann Sebastian - Cello Suite 1.gp3.tokens.txt",DadaGP,Num:{'3'},"B/Bach, Johann Sebastian/Bach, Johann Sebastian - Cello Suite 1.gp3.tokens.txt"
"J.S. Bach - Suite 3 for Cello, BWV 1009: iii. Courante","B/Bach, Johann Sebastian/Bach, Johann Sebastian - Fuga A 3.gp3.tokens.txt",DadaGP,Num:{'3'},"B/Bach, Johann Sebastian/Bach, Johann Sebastian - Fuga A 3.gp3.tokens.txt"
"J.S. Bach - Suite 3 for Cello, BWV 1009: iii. Courante","B/Bach, Johann Sebastian/Bach, Johann Sebastian - Gavotte en Rondeau (from lute suite 4) BWV 1006a.gp3.tokens.txt",DadaGP,Num:{'3'},"B/Bach, Johann Sebastian/Bach, Johann Sebastian - Gavotte en Rondeau (from lute suite 4) BWV 1006a.gp3.tokens.txt"
"J.S. Bach - Suite 3 for Cello, BWV 1009: iii. Courante","B/Bach, Johann Sebastian/Bach, Johann Sebastian - Inventio 3.gp3.tokens.txt",DadaGP,Num:{'3'},"B/Bach, Johann Sebastian/Bach, Johann Sebastian - Inventio 3.gp3.tokens.txt"
"J.S. Bach - Suite 3 for Cello, BWV 1009: iii. Courante","B/Bach, Johann Sebastian/Bach, Johann Sebastian - Invenzione a Due Voci - For 1st through 7th position..gp3.tokens.txt",DadaGP,Num:{'3'},"B/Bach, Johann Sebastian/Bach, Johann Sebastian - Invenzione a Due Voci - For 1st through 7th position..gp3.tokens.txt"
"J.S. Bach - Suite 3 for Cello, BWV 1009: iii. Courante","B/Bach, Johann Sebastian/Bach, Johann Sebastian - Jesu, Joy Of Man_'s Desiring, BWV 147.gp3.tokens.txt",DadaGP,Num:{'3'},"B/Bach, Johann Sebastian/Bach, Johann Sebastian - Jesu, Joy Of Man_'s Desiring, BWV 147.gp3.tokens.txt"
"J.S. Bach - Suite 3 for Cello, BWV 1009: iii. Courante","B/Bach, Johann Sebastian/Bach, Johann Sebastian - Minuet in G (3).gp4.tokens.txt",DadaGP,Num:{'3'},"B/Bach, Johann Sebastian/Bach, Johann Sebastian - Minuet in G (3).gp4.tokens.txt"
"J.S. Bach - Suite 3 for Cello, BWV 1009: iii. Courante","B/Bach, Johann Sebastian/Bach, Johann Sebastian - Orchestral Suite No. 3 In D Maj..gp3.tokens.txt",DadaGP,Num:{'3'},"B/Bach, Johann Sebastian/Bach, Johann Sebastian - Orchestral Suite No. 3 In D Maj..gp3.tokens.txt"
"J.S. Bach - Suite 3 for Cello, BWV 1009: iii. Courante","B/Bach, Johann Sebastian/Bach, Johann Sebastian - Prelude from Suite #1 in D Major.gp3.tokens.txt",DadaGP,Num:{'3'},"B/Bach, Johann Sebastian/Bach, Johann Sebastian - Prelude from Suite #1 in D Major.gp3.tokens.txt"
"J.S. Bach - Suite 3 for Cello, BWV 1009: iii. Courante","B/Bach, Johann Sebastian/Bach, Johann Sebastian - Sarabande from Partita in Bm for Violin.gp3.tokens.txt",DadaGP,Num:{'3'},"B/Bach, Johann Sebastian/Bach, Johann Sebastian - Sarabande from Partita in Bm for Violin.gp3.tokens.txt"
"J.S. Bach - Suite 3 for Cello, BWV 1009: iii. Courante","B/Bach, Johann Sebastian/Bach, Johann Sebastian - Suite #1 in G Major (Bass Solo).gp3.tokens.txt",DadaGP,Num:{'3'},"B/Bach, Johann Sebastian/Bach, Johann Sebastian - Suite #1 in G Major (Bass Solo).gp3.tokens.txt"
"J.S. Bach - Suite 3 for Cello, BWV 1009: iii. Courante","B/Bach, Johann Sebastian/Bach, Johann Sebastian - Suite 1 in G Major (Bass Solo).gp3.tokens.txt",DadaGP,Num:{'3'},"B/Bach, Johann Sebastian/Bach, Johann Sebastian - Suite 1 in G Major (Bass Solo).gp3.tokens.txt"
"J.S. Bach - Suite 3 for Cello, BWV 1009: iii. Courante","B/Bach, Johann Sebastian/Bach, Johann Sebastian - Suite No 1 BWV 1007.gp3.tokens.txt",DadaGP,Num:{'3'},"B/Bach, Johann Sebastian/Bach, Johann Sebastian - Suite No 1 BWV 1007.gp3.tokens.txt"
"J.S. Bach - Suite 3 for Cello, BWV 1009: iv. Sarabande","B/Bach, Johann Sebastian/Bach, Johann Sebastian - Air From Suite #3.gp4.tokens.txt",DadaGP,Num:{'3'},"B/Bach, Johann Sebastian/Bach, Johann Sebastian - Air From Suite #3.gp4.tokens.txt"
"J.S. Bach - Suite 3 for Cello, BWV 1009: iv. Sarabande","B/Bach, Johann Sebastian/Bach, Johann Sebastian - Bouree Cello Suite III.gp3.tokens.txt",DadaGP,Num:{'3'},"B/Bach, Johann Sebastian/Bach, Johann Sebastian - Bouree Cello Suite III.gp3.tokens.txt"
"J.S. Bach - Suite 3 for Cello, BWV 1009: iv. Sarabande","B/Bach, Johann Sebastian/Bach, Johann Sebastian - Cantata BWV 147.gp3.tokens.txt",DadaGP,Num:{'3'},"B/Bach, Johann Sebastian/Bach, Johann Sebastian - Cantata BWV 147.gp3.tokens.txt"
"J.S. Bach - Suite 3 for Cello, BWV 1009: iv. Sarabande","B/Bach, Johann Sebastian/Bach, Johann Sebastian - Cello Suite 1.gp3.tokens.txt",DadaGP,Num:{'3'},"B/Bach, Johann Sebastian/Bach, Johann Sebastian - Cello Suite 1.gp3.tokens.txt"
"J.S. Bach - Suite 3 for Cello, BWV 1009: iv. Sarabande","B/Bach, Johann Sebastian/Bach, Johann Sebastian - Fuga A 3.gp3.tokens.txt",DadaGP,Num:{'3'},"B/Bach, Johann Sebastian/Bach, Johann Sebastian - Fuga A 3.gp3.tokens.txt"
"J.S. Bach - Suite 3 for Cello, BWV 1009: iv. Sarabande","B/Bach, Johann Sebastian/Bach, Johann Sebastian - Gavotte en Rondeau (from lute suite 4) BWV 1006a.gp3.tokens.txt",DadaGP,Num:{'3'},"B/Bach, Johann Sebastian/Bach, Johann Sebastian - Gavotte en Rondeau (from lute suite 4) BWV 1006a.gp3.tokens.txt"
"J.S. Bach - Suite 3 for Cello, BWV 1009: iv. Sarabande","B/Bach, Johann Sebastian/Bach, Johann Sebastian - Inventio 3.gp3.tokens.txt",DadaGP,Num:{'3'},"B/Bach, Johann Sebastian/Bach, Johann Sebastian - Inventio 3.gp3.tokens.txt"
"J.S. Bach - Suite 3 for Cello, BWV 1009: iv. Sarabande","B/Bach, Johann Sebastian/Bach, Johann Sebastian - Invenzione a Due Voci - For 1st through 7th position..gp3.tokens.txt",DadaGP,Num:{'3'},"B/Bach, Johann Sebastian/Bach, Johann Sebastian - Invenzione a Due Voci - For 1st through 7th position..gp3.tokens.txt"
"J.S. Bach - Suite 3 for Cello, BWV 1009: iv. Sarabande","B/Bach, Johann Sebastian/Bach, Johann Sebastian - Jesu, Joy Of Man_'s Desiring, BWV 147.gp3.tokens.txt",DadaGP,Num:{'3'},"B/Bach, Johann Sebastian/Bach, Johann Sebastian - Jesu, Joy Of Man_'s Desiring, BWV 147.gp3.tokens.txt"
"J.S. Bach - Suite 3 for Cello, BWV 1009: iv. Sarabande","B/Bach, Johann Sebastian/Bach, Johann Sebastian - Minuet in G (3).gp4.tokens.txt",DadaGP,Num:{'3'},"B/Bach, Johann Sebastian/Bach, Johann Sebastian - Minuet in G (3).gp4.tokens.txt"
"J.S. Bach - Suite 3 for Cello, BWV 1009: iv. Sarabande","B/Bach, Johann Sebastian/Bach, Johann Sebastian - Orchestral Suite No. 3 In D Maj..gp3.tokens.txt",DadaGP,Num:{'3'},"B/Bach, Johann Sebastian/Bach, Johann Sebastian - Orchestral Suite No. 3 In D Maj..gp3.tokens.txt"
"J.S. Bach - Suite 3 for Cello, BWV 1009: iv. Sarabande","B/Bach, Johann Sebastian/Bach, Johann Sebastian - Prelude from Suite #1 in D Major.gp3.tokens.txt",DadaGP,Num:{'3'},"B/Bach, Johann Sebastian/Bach, Johann Sebastian - Prelude from Suite #1 in D Major.gp3.tokens.txt"
"J.S. Bach - Suite 3 for Cello, BWV 1009: iv. Sarabande","B/Bach, Johann Sebastian/Bach, Johann Sebastian - Sarabande (From Cello Suite I [BWV 1007]).gp4.tokens.txt",DadaGP,Words:4/8,"B/Bach, Johann Sebastian/Bach, Johann Sebastian - Sarabande (From Cello Suite I [BWV 1007]).gp4.tokens.txt"
"J.S. Bach - Suite 3 for Cello, BWV 1009: iv. Sarabande","B/Bach, Johann Sebastian/Bach, Johann Sebastian - Sarabande from Partita in Bm for Violin.gp3.tokens.txt",DadaGP,Num:{'3'},"B/Bach, Johann Sebastian/Bach, Johann Sebastian - Sarabande from Partita in Bm for Violin.gp3.tokens.txt"
"J.S. Bach - Suite 3 for Cello, BWV 1009: iv. Sarabande","B/Bach, Johann Sebastian/Bach, Johann Sebastian - Suite #1 in G Major (Bass Solo).gp3.tokens.txt",DadaGP,Num:{'3'},"B/Bach, Johann Sebastian/Bach, Johann Sebastian - Suite #1 in G Major (Bass Solo).gp3.tokens.txt"
"J.S. Bach - Suite 3 for Cello, BWV 1009: iv. Sarabande","B/Bach, Johann Sebastian/Bach, Johann Sebastian - Suite 1 in G Major (Bass Solo).gp3.tokens.txt",DadaGP,Num:{'3'},"B/Bach, Johann Sebastian/Bach, Johann Sebastian - Suite 1 in G Major (Bass Solo).gp3.tokens.txt"
"J.S. Bach - Suite 3 for Cello, BWV 1009: iv. Sarabande","B/Bach, Johann Sebastian/Bach, Johann Sebastian - Suite No 1 BWV 1007.gp3.tokens.txt",DadaGP,Num:{'3'},"B/Bach, Johann Sebastian/Bach, Johann Sebastian - Suite No 1 BWV 1007.gp3.tokens.txt"
"J.S. Bach - Suite 3 for Cello, BWV 1009: v. Bouree I & II","B/Bach, Johann Sebastian/Bach, Johann Sebastian - Air From Suite #3.gp4.tokens.txt",DadaGP,Num:{'3'},"B/Bach, Johann Sebastian/Bach, Johann Sebastian - Air From Suite #3.gp4.tokens.txt"
"J.S. Bach - Suite 3 for Cello, BWV 1009: v. Bouree I & II","B/Bach, Johann Sebastian/Bach, Johann Sebastian - Bouree Cello Suite III.gp3.tokens.txt",DadaGP,Num:{'3'},"B/Bach, Johann Sebastian/Bach, Johann Sebastian - Bouree Cello Suite III.gp3.tokens.txt"
"J.S. Bach - Suite 3 for Cello, BWV 1009: v. Bouree I & II","B/Bach, Johann Sebastian/Bach, Johann Sebastian - Bouree.gp3.tokens.txt",DadaGP,Num:{'3'},"B/Bach, Johann Sebastian/Bach, Johann Sebastian - Bouree.gp3.tokens.txt"
"J.S. Bach - Suite 3 for Cello, BWV 1009: v. Bouree I & II","B/Bach, Johann Sebastian/Bach, Johann Sebastian - Cantata BWV 147.gp3.tokens.txt",DadaGP,Num:{'3'},"B/Bach, Johann Sebastian/Bach, Johann Sebastian - Cantata BWV 147.gp3.tokens.txt"
"J.S. Bach - Suite 3 for Cello, BWV 1009: v. Bouree I & II","B/Bach, Johann Sebastian/Bach, Johann Sebastian - Cello Suite 1.gp3.tokens.txt",DadaGP,Num:{'3'},"B/Bach, Johann Sebastian/Bach, Johann Sebastian - Cello Suite 1.gp3.tokens.txt"
"J.S. Bach - Suite 3 for Cello, BWV 1009: v. Bouree I & II","B/Bach, Johann Sebastian/Bach, Johann Sebastian - Fuga A 3.gp3.tokens.txt",DadaGP,Num:{'3'},"B/Bach, Johann Sebastian/Bach, Johann Sebastian - Fuga A 3.gp3.tokens.txt"
"J.S. Bach - Suite 3 for Cello, BWV 1009: v. Bouree I & II","B/Bach, Johann Sebastian/Bach, Johann Sebastian - Gavotte en Rondeau (from lute suite 4) BWV 1006a.gp3.tokens.txt",DadaGP,Num:{'3'},"B/Bach, Johann Sebastian/Bach, Johann Sebastian - Gavotte en Rondeau (from lute suite 4) BWV 1006a.gp3.tokens.txt"
"J.S. Bach - Suite 3 for Cello, BWV 1009: v. Bouree I & II","B/Bach, Johann Sebastian/Bach, Johann Sebastian - Inventio 3.gp3.tokens.txt",DadaGP,Num:{'3'},"B/Bach, Johann Sebastian/Bach, Johann Sebastian - Inventio 3.gp3.tokens.txt"
"J.S. Bach - Suite 3 for Cello, BWV 1009: v. Bouree I & II","B/Bach, Johann Sebastian/Bach, Johann Sebastian - Invenzione a Due Voci - For 1st through 7th position..gp3.tokens.txt",DadaGP,Num:{'3'},"B/Bach, Johann Sebastian/Bach, Johann Sebastian - Invenzione a Due Voci - For 1st through 7th position..gp3.tokens.txt"
"J.S. Bach - Suite 3 for Cello, BWV 1009: v. Bouree I & II","B/Bach, Johann Sebastian/Bach, Johann Sebastian - Jesu, Joy Of Man_'s Desiring, BWV 147.gp3.tokens.txt",DadaGP,Num:{'3'},"B/Bach, Johann Sebastian/Bach, Johann Sebastian - Jesu, Joy Of Man_'s Desiring, BWV 147.gp3.tokens.txt"
"J.S. Bach - Suite 3 for Cello, BWV 1009: v. Bouree I & II","B/Bach, Johann Sebastian/Bach, Johann Sebastian - Minuet in G (3).gp4.tokens.txt",DadaGP,Num:{'3'},"B/Bach, Johann Sebastian/Bach, Johann Sebastian - Minuet in G (3).gp4.tokens.txt"
"J.S. Bach - Suite 3 for Cello, BWV 1009: v. Bouree I & II","B/Bach, Johann Sebastian/Bach, Johann Sebastian - Orchestral Suite No. 3 In D Maj..gp3.tokens.txt",DadaGP,Num:{'3'},"B/Bach, Johann Sebastian/Bach, Johann Sebastian - Orchestral Suite No. 3 In D Maj..gp3.tokens.txt"
"J.S. Bach - Suite 3 for Cello, BWV 1009: v. Bouree I & II","B/Bach, Johann Sebastian/Bach, Johann Sebastian - Prelude from Suite #1 in D Major.gp3.tokens.txt",DadaGP,Num:{'3'},"B/Bach, Johann Sebastian/Bach, Johann Sebastian - Prelude from Suite #1 in D Major.gp3.tokens.txt"
"J.S. Bach - Suite 3 for Cello, BWV 1009: v. Bouree I & II","B/Bach, Johann Sebastian/Bach, Johann Sebastian - Sarabande (From Cello Suite I [BWV 1007]).gp4.tokens.txt",DadaGP,Words:4/10,"B/Bach, Johann Sebastian/Bach, Johann Sebastian - Sarabande (From Cello Suite I [BWV 1007]).gp4.tokens.txt"
"J.S. Bach - Suite 3 for Cello, BWV 1009: v. Bouree I & II","B/Bach, Johann Sebastian/Bach, Johann Sebastian - Sarabande from Partita in Bm for Violin.gp3.tokens.txt",DadaGP,Num:{'3'},"B/Bach, Johann Sebastian/Bach, Johann Sebastian - Sarabande from Partita in Bm for Violin.gp3.tokens.txt"
"J.S. Bach - Suite 3 for Cello, BWV 1009: v. Bouree I & II","B/Bach, Johann Sebastian/Bach, Johann Sebastian - Suite #1 in G Major (Bass Solo).gp3.tokens.txt",DadaGP,Num:{'3'},"B/Bach, Johann Sebastian/Bach, Johann Sebastian - Suite #1 in G Major (Bass Solo).gp3.tokens.txt"
"J.S. Bach - Suite 3 for Cello, BWV 1009: v. Bouree I & II","B/Bach, Johann Sebastian/Bach, Johann Sebastian - Suite 1 in G Major (Bass Solo).gp3.tokens.txt",DadaGP,Num:{'3'},"B/Bach, Johann Sebastian/Bach, Johann Sebastian - Suite 1 in G Major (Bass Solo).gp3.tokens.txt"
"J.S. Bach - Suite 3 for Cello, BWV 1009: v. Bouree I & II","B/Bach, Johann Sebastian/Bach, Johann Sebastian - Suite No 1 BWV 1007.gp3.tokens.txt",DadaGP,Num:{'3'},"B/Bach, Johann Sebastian/Bach, Johann Sebastian - Suite No 1 BWV 1007.gp3.tokens.txt"
"J.S. Bach - Suite 3 for Cello, BWV 1009: vi. Gigue","B/Bach, Johann Sebastian/Bach, Johann Sebastian - Air From Suite #3.gp4.tokens.txt",DadaGP,Num:{'3'},"B/Bach, Johann Sebastian/Bach, Johann Sebastian - Air From Suite #3.gp4.tokens.txt"
"J.S. Bach - Suite 3 for Cello, BWV 1009: vi. Gigue","B/Bach, Johann Sebastian/Bach, Johann Sebastian - Bouree Cello Suite III.gp3.tokens.txt",DadaGP,Num:{'3'},"B/Bach, Johann Sebastian/Bach, Johann Sebastian - Bouree Cello Suite III.gp3.tokens.txt"
"J.S. Bach - Suite 3 for Cello, BWV 1009: vi. Gigue","B/Bach, Johann Sebastian/Bach, Johann Sebastian - Cantata BWV 147.gp3.tokens.txt",DadaGP,Num:{'3'},"B/Bach, Johann Sebastian/Bach, Johann Sebastian - Cantata BWV 147.gp3.tokens.txt"
"J.S. Bach - Suite 3 for Cello, BWV 1009: vi. Gigue","B/Bach, Johann Sebastian/Bach, Johann Sebastian - Cello Suite 1.gp3.tokens.txt",DadaGP,Num:{'3'},"B/Bach, Johann Sebastian/Bach, Johann Sebastian - Cello Suite 1.gp3.tokens.txt"
"J.S. Bach - Suite 3 for Cello, BWV 1009: vi. Gigue","B/Bach, Johann Sebastian/Bach, Johann Sebastian - Fuga A 3.gp3.tokens.txt",DadaGP,Num:{'3'},"B/Bach, Johann Sebastian/Bach, Johann Sebastian - Fuga A 3.gp3.tokens.txt"
"J.S. Bach - Suite 3 for Cello, BWV 1009: vi. Gigue","B/Bach, Johann Sebastian/Bach, Johann Sebastian - Gavotte en Rondeau (from lute suite 4) BWV 1006a.gp3.tokens.txt",DadaGP,Num:{'3'},"B/Bach, Johann Sebastian/Bach, Johann Sebastian - Gavotte en Rondeau (from lute suite 4) BWV 1006a.gp3.tokens.txt"
"J.S. Bach - Suite 3 for Cello, BWV 1009: vi. Gigue","B/Bach, Johann Sebastian/Bach, Johann Sebastian - Gigue (Acoustic Guitar Version).gp3.tokens.txt",DadaGP,Num:{'3'},"B/Bach, Johann Sebastian/Bach, Johann Sebastian - Gigue (Acoustic Guitar Version).gp3.tokens.txt"
"J.S. Bach - Suite 3 for Cello, BWV 1009: vi. Gigue","B/Bach, Johann Sebastian/Bach, Johann Sebastian - Inventio 3.gp3.tokens.txt",DadaGP,Num:{'3'},"B/Bach, Johann Sebastian/Bach, Johann Sebastian - Inventio 3.gp3.tokens.txt"
"J.S. Bach - Suite 3 for Cello, BWV 1009: vi. Gigue","B/Bach, Johann Sebastian/Bach, Johann Sebastian - Invenzione a Due Voci - For 1st through 7th position..gp3.tokens.txt",DadaGP,Num:{'3'},"B/Bach, Johann Sebastian/Bach, Johann Sebastian - Invenzione a Due Voci - For 1st through 7th position..gp3.tokens.txt"
"J.S. Bach - Suite 3 for Cello, BWV 1009: vi. Gigue","B/Bach, Johann Sebastian/Bach, Johann Sebastian - Jesu, Joy Of Man_'s Desiring, BWV 147.gp3.tokens.txt",DadaGP,Num:{'3'},"B/Bach, Johann Sebastian/Bach, Johann Sebastian - Jesu, Joy Of Man_'s Desiring, BWV 147.gp3.tokens.txt"
"J.S. Bach - Suite 3 for Cello, BWV 1009: vi. Gigue","B/Bach, Johann Sebastian/Bach, Johann Sebastian - Minuet in G (3).gp4.tokens.txt",DadaGP,Num:{'3'},"B/Bach, Johann Sebastian/Bach, Johann Sebastian - Minuet in G (3).gp4.tokens.txt"
"J.S. Bach - Suite 3 for Cello, BWV 1009: vi. Gigue","B/Bach, Johann Sebastian/Bach, Johann Sebastian - Orchestral Suite No. 3 In D Maj..gp3.tokens.txt",DadaGP,Num:{'3'},"B/Bach, Johann Sebastian/Bach, Johann Sebastian - Orchestral Suite No. 3 In D Maj..gp3.tokens.txt"
"J.S. Bach - Suite 3 for Cello, BWV 1009: vi. Gigue","B/Bach, Johann Sebastian/Bach, Johann Sebastian - Prelude from Suite #1 in D Major.gp3.tokens.txt",DadaGP,Num:{'3'},"B/Bach, Johann Sebastian/Bach, Johann Sebastian - Prelude from Suite #1 in D Major.gp3.tokens.txt"
"J.S. Bach - Suite 3 for Cello, BWV 1009: vi. Gigue","B/Bach, Johann Sebastian/Bach, Johann Sebastian - Sarabande from Partita in Bm for Violin.gp3.tokens.txt",DadaGP,Num:{'3'},"B/Bach, Johann Sebastian/Bach, Johann Sebastian - Sarabande from Partita in Bm for Violin.gp3.tokens.txt"
"J.S. Bach - Suite 3 for Cello, BWV 1009: vi. Gigue","B/Bach, Johann Sebastian/Bach, Johann Sebastian - Suite #1 in G Major (Bass Solo).gp3.tokens.txt",DadaGP,Num:{'3'},"B/Bach, Johann Sebastian/Bach, Johann Sebastian - Suite #1 in G Major (Bass Solo).gp3.tokens.txt"
"J.S. Bach - Suite 3 for Cello, BWV 1009: vi. Gigue","B/Bach, Johann Sebastian/Bach, Johann Sebastian - Suite 1 in G Major (Bass Solo).gp3.tokens.txt",DadaGP,Num:{'3'},"B/Bach, Johann Sebastian/Bach, Johann Sebastian - Suite 1 in G Major (Bass Solo).gp3.tokens.txt"
"J.S. Bach - Suite 3 for Cello, BWV 1009: vi. Gigue","B/Bach, Johann Sebastian/Bach, Johann Sebastian - Suite No 1 BWV 1007.gp3.tokens.txt",DadaGP,Num:{'3'},"B/Bach, Johann Sebastian/Bach, Johann Sebastian - Suite No 1 BWV 1007.gp3.tokens.txt"
"J.S. Bach - Suite 4 for Cello, BWV 1010: ii. Allemande","B/Bach, Johann Sebastian/Bach, Johann Sebastian - Air From Suite #3.gp4.tokens.txt",DadaGP,Num:{'4'},"B/Bach, Johann Sebastian/Bach, Johann Sebastian - Air From Suite #3.gp4.tokens.txt"
"J.S. Bach - Suite 4 for Cello, BWV 1010: ii. Allemande","B/Bach, Johann Sebastian/Bach, Johann Sebastian - Allemande From Partita No. 2 In D Minor.gp4.tokens.txt",DadaGP,Num:{'4'},"B/Bach, Johann Sebastian/Bach, Johann Sebastian - Allemande From Partita No. 2 In D Minor.gp4.tokens.txt"
"J.S. Bach - Suite 4 for Cello, BWV 1010: ii. Allemande","B/Bach, Johann Sebastian/Bach, Johann Sebastian - Bach Suite N0 1 BWV 1007Doig.gp4.tokens.txt",DadaGP,Num:{'4'},"B/Bach, Johann Sebastian/Bach, Johann Sebastian - Bach Suite N0 1 BWV 1007Doig.gp4.tokens.txt"
"J.S. Bach - Suite 4 for Cello, BWV 1010: ii. Allemande","B/Bach, Johann Sebastian/Bach, Johann Sebastian - Badinerie (Joke In H-Moll From Sonata #4) - Rearranged For (Art) Rock Band.gp4.tokens.txt",DadaGP,Num:{'4'},"B/Bach, Johann Sebastian/Bach, Johann Sebastian - Badinerie (Joke In H-Moll From Sonata #4) - Rearranged For (Art) Rock Band.gp4.tokens.txt"
"J.S. Bach - Suite 4 for Cello, BWV 1010: ii. Allemande","B/Bach, Johann Sebastian/Bach, Johann Sebastian - Bouree (From Lute suite no. 1 in E minor).gp4.tokens.txt",DadaGP,Num:{'4'},"B/Bach, Johann Sebastian/Bach, Johann Sebastian - Bouree (From Lute suite no. 1 in E minor).gp4.tokens.txt"
"J.S. Bach - Suite 4 for Cello, BWV 1010: ii. Allemande","B/Bach, Johann Sebastian/Bach, Johann Sebastian - Bwv 515.gp4.tokens.txt",DadaGP,Num:{'4'},"B/Bach, Johann Sebastian/Bach, Johann Sebastian - Bwv 515.gp4.tokens.txt"
"J.S. Bach - Suite 4 for Cello, BWV 1010: ii. Allemande","B/Bach, Johann Sebastian/Bach, Johann Sebastian - Bwv 996 N-1 Suite PrCdule Presto.gp4.tokens.txt",DadaGP,Num:{'4'},"B/Bach, Johann Sebastian/Bach, Johann Sebastian - Bwv 996 N-1 Suite PrCdule Presto.gp4.tokens.txt"
"J.S. Bach - Suite 4 for Cello, BWV 1010: ii. Allemande","B/Bach, Johann Sebastian/Bach, Johann Sebastian - Cello Suite 1 (2).gp4.tokens.txt",DadaGP,Num:{'4'},"B/Bach, Johann Sebastian/Bach, Johann Sebastian - Cello Suite 1 (2).gp4.tokens.txt"
"J.S. Bach - Suite 4 for Cello, BWV 1010: ii. Allemande","B/Bach, Johann Sebastian/Bach, Johann Sebastian - Fugue (G-Moll) BWV 1000.gp4.tokens.txt",DadaGP,Num:{'4'},"B/Bach, Johann Sebastian/Bach, Johann Sebastian - Fugue (G-Moll) BWV 1000.gp4.tokens.txt"
"J.S. Bach - Suite 4 for Cello, BWV 1010: ii. Allemande","B/Bach, Johann Sebastian/Bach, Johann Sebastian - Gavotte En Rondeau (From BWV 995).gp4.tokens.txt",DadaGP,Num:{'4'},"B/Bach, Johann Sebastian/Bach, Johann Sebastian - Gavotte En Rondeau (From BWV 995).gp4.tokens.txt"
"J.S. Bach - Suite 4 for Cello, BWV 1010: ii. Allemande","B/Bach, Johann Sebastian/Bach, Johann Sebastian - Gavotte en Rondeau (from lute suite 4) BWV 1006a.gp3.tokens.txt",DadaGP,Num:{'4'},"B/Bach, Johann Sebastian/Bach, Johann Sebastian - Gavotte en Rondeau (from lute suite 4) BWV 1006a.gp3.tokens.txt"
"J.S. Bach - Suite 4 for Cello, BWV 1010: ii. Allemande","B/Bach, Johann Sebastian/Bach, Johann Sebastian - Gigue (From Lute Suite No. 2).gp4.tokens.txt",DadaGP,Num:{'4'},"B/Bach, Johann Sebastian/Bach, Johann Sebastian - Gigue (From Lute Suite No. 2).gp4.tokens.txt"
"J.S. Bach - Suite 4 for Cello, BWV 1010: ii. Allemande","B/Bach, Johann Sebastian/Bach, Johann Sebastian - Invention N-4 part 1.gp3.tokens.txt",DadaGP,Num:{'4'},"B/Bach, Johann Sebastian/Bach, Johann Sebastian - Invention N-4 part 1.gp3.tokens.txt"
"J.S. Bach - Suite 4 for Cello, BWV 1010: ii. Allemande","B/Bach, Johann Sebastian/Bach, Johann Sebastian - Jesu, Joy Of Man's Desiring [BWV 147].gp4.tokens.txt",DadaGP,Num:{'4'},"B/Bach, Johann Sebastian/Bach, Johann Sebastian - Jesu, Joy Of Man's Desiring [BWV 147].gp4.tokens.txt"
"J.S. Bach - Suite 4 for Cello, BWV 1010: ii. Allemande","B/Bach, Johann Sebastian/Bach, Johann Sebastian - Menuet 1are suite violoncelle rC mineur.gp4.tokens.txt",DadaGP,Num:{'4'},"B/Bach, Johann Sebastian/Bach, Johann Sebastian - Menuet 1are suite violoncelle rC mineur.gp4.tokens.txt"
"J.S. Bach - Suite 4 for Cello, BWV 1010: ii. Allemande","B/Bach, Johann Sebastian/Bach, Johann Sebastian - Praludium #4.gp3.tokens.txt",DadaGP,Num:{'4'},"B/Bach, Johann Sebastian/Bach, Johann Sebastian - Praludium #4.gp3.tokens.txt"
"J.S. Bach - Suite 4 for Cello, BWV 1010: ii. Allemande","B/Bach, Johann Sebastian/Bach, Johann Sebastian - Prelude - Bwv 999.gp4.tokens.txt",DadaGP,Num:{'4'},"B/Bach, Johann Sebastian/Bach, Johann Sebastian - Prelude - Bwv 999.gp4.tokens.txt"
"J.S. Bach - Suite 4 for Cello, BWV 1010: ii. Allemande","B/Bach, Johann Sebastian/Bach, Johann Sebastian - Prelude In E From 4th Lute Suite.gp4.tokens.txt",DadaGP,Num:{'4'},"B/Bach, Johann Sebastian/Bach, Johann Sebastian - Prelude In E From 4th Lute Suite.gp4.tokens.txt"
"J.S. Bach - Suite 4 for Cello, BWV 1010: ii. Allemande","B/Bach, Johann Sebastian/Bach, Johann Sebastian - Sarabande (From Cello Suite I [BWV 1007]).gp4.tokens.txt",DadaGP,Num:{'4'},"B/Bach, Johann Sebastian/Bach, Johann Sebastian - Sarabande (From Cello Suite I [BWV 1007]).gp4.tokens.txt"
"J.S. Bach - Suite 4 for Cello, BWV 1010: ii. Allemande","B/Bach, Johann Sebastian/Bach, Johann Sebastian - Sarabande - Bwv 1002.gp4.tokens.txt",DadaGP,Num:{'4'},"B/Bach, Johann Sebastian/Bach, Johann Sebastian - Sarabande - Bwv 1002.gp4.tokens.txt"
"J.S. Bach - Suite 4 for Cello, BWV 1010: ii. Allemande","B/Bach, Johann Sebastian/Bach, Johann Sebastian - Sarabande - Bwv 997.gp4.tokens.txt",DadaGP,Num:{'4'},"B/Bach, Johann Sebastian/Bach, Johann Sebastian - Sarabande - Bwv 997.gp4.tokens.txt"
"J.S. Bach - Suite 4 for Cello, BWV 1010: ii. Allemande","B/Bach, Johann Sebastian/Bach, Johann Sebastian - Second Violin Sonata in a-minor. BWV 1003 - allegro.gp4.tokens.txt",DadaGP,Num:{'4'},"B/Bach, Johann Sebastian/Bach, Johann Sebastian - Second Violin Sonata in a-minor. BWV 1003 - allegro.gp4.tokens.txt"
"J.S. Bach - Suite 4 for Cello, BWV 1010: ii. Allemande","B/Bach, Johann Sebastian/Bach, Johann Sebastian - Toccata & Fugue In Dm Bwv 565 (Metal Version).gp4.tokens.txt",DadaGP,Num:{'4'},"B/Bach, Johann Sebastian/Bach, Johann Sebastian - Toccata & Fugue In Dm Bwv 565 (Metal Version).gp4.tokens.txt"
"J.S. Bach - Suite 4 for Cello, BWV 1010: ii. Allemande","B/Bach, Johann Sebastian/Bach, Johann Sebastian - Toccata And Fugue (Bwv 565).gp4.tokens.txt",DadaGP,Num:{'4'},"B/Bach, Johann Sebastian/Bach, Johann Sebastian - Toccata And Fugue (Bwv 565).gp4.tokens.txt"
"J.S. Bach - Suite 4 for Cello, BWV 1010: ii. Allemande","B/Bach, Johann Sebastian/Bach, Johann Sebastian - Violin Sonata No 1 In Gm  Fugue Bwv 1001.gp4.tokens.txt",DadaGP,Num:{'4'},"B/Bach, Johann Sebastian/Bach, Johann Sebastian - Violin Sonata No 1 In Gm  Fugue Bwv 1001.gp4.tokens.txt"
"J.S. Bach - Suite 4 for Cello, BWV 1010: iii.  Courante","B/Bach, Johann Sebastian/Bach, Johann Sebastian - Air From Suite #3.gp4.tokens.txt",DadaGP,Num:{'4'},"B/Bach, Johann Sebastian/Bach, Johann Sebastian - Air From Suite #3.gp4.tokens.txt"
"J.S. Bach - Suite 4 for Cello, BWV 1010: iii.  Courante","B/Bach, Johann Sebastian/Bach, Johann Sebastian - Bach Suite N0 1 BWV 1007Doig.gp4.tokens.txt",DadaGP,Num:{'4'},"B/Bach, Johann Sebastian/Bach, Johann Sebastian - Bach Suite N0 1 BWV 1007Doig.gp4.tokens.txt"
"J.S. Bach - Suite 4 for Cello, BWV 1010: iii.  Courante","B/Bach, Johann Sebastian/Bach, Johann Sebastian - Badinerie (Joke In H-Moll From Sonata #4) - Rearranged For (Art) Rock Band.gp4.tokens.txt",DadaGP,Num:{'4'},"B/Bach, Johann Sebastian/Bach, Johann Sebastian - Badinerie (Joke In H-Moll From Sonata #4) - Rearranged For (Art) Rock Band.gp4.tokens.txt"
"J.S. Bach - Suite 4 for Cello, BWV 1010: iii.  Courante","B/Bach, Johann Sebastian/Bach, Johann Sebastian - Bouree (From Lute suite no. 1 in E minor).gp4.tokens.txt",DadaGP,Num:{'4'},"B/Bach, Johann Sebastian/Bach, Johann Sebastian - Bouree (From Lute suite no. 1 in E minor).gp4.tokens.txt"
"J.S. Bach - Suite 4 for Cello, BWV 1010: iii.  Courante","B/Bach, Johann Sebastian/Bach, Johann Sebastian - Bwv 515.gp4.tokens.txt",DadaGP,Num:{'4'},"B/Bach, Johann Sebastian/Bach, Johann Sebastian - Bwv 515.gp4.tokens.txt"
"J.S. Bach - Suite 4 for Cello, BWV 1010: iii.  Courante","B/Bach, Johann Sebastian/Bach, Johann Sebastian - Bwv 996 N-1 Suite PrCdule Presto.gp4.tokens.txt",DadaGP,Num:{'4'},"B/Bach, Johann Sebastian/Bach, Johann Sebastian - Bwv 996 N-1 Suite PrCdule Presto.gp4.tokens.txt"
"J.S. Bach - Suite 4 for Cello, BWV 1010: iii.  Courante","B/Bach, Johann Sebastian/Bach, Johann Sebastian - Cello Suite 1 (2).gp4.tokens.txt",DadaGP,Num:{'4'},"B/Bach, Johann Sebastian/Bach, Johann Sebastian - Cello Suite 1 (2).gp4.tokens.txt"
"J.S. Bach - Suite 4 for Cello, BWV 1010: iii.  Courante","B/Bach, Johann Sebastian/Bach, Johann Sebastian - Courante.gp4.tokens.txt",DadaGP,Num:{'4'},"B/Bach, Johann Sebastian/Bach, Johann Sebastian - Courante.gp4.tokens.txt"
"J.S. Bach - Suite 4 for Cello, BWV 1010: iii.  Courante","B/Bach, Johann Sebastian/Bach, Johann Sebastian - Fugue (G-Moll) BWV 1000.gp4.tokens.txt",DadaGP,Num:{'4'},"B/Bach, Johann Sebastian/Bach, Johann Sebastian - Fugue (G-Moll) BWV 1000.gp4.tokens.txt"
"J.S. Bach - Suite 4 for Cello, BWV 1010: iii.  Courante","B/Bach, Johann Sebastian/Bach, Johann Sebastian - Gavotte En Rondeau (From BWV 995).gp4.tokens.txt",DadaGP,Num:{'4'},"B/Bach, Johann Sebastian/Bach, Johann Sebastian - Gavotte En Rondeau (From BWV 995).gp4.tokens.txt"
"J.S. Bach - Suite 4 for Cello, BWV 1010: iii.  Courante","B/Bach, Johann Sebastian/Bach, Johann Sebastian - Gavotte en Rondeau (from lute suite 4) BWV 1006a.gp3.tokens.txt",DadaGP,Num:{'4'},"B/Bach, Johann Sebastian/Bach, Johann Sebastian - Gavotte en Rondeau (from lute suite 4) BWV 1006a.gp3.tokens.txt"
"J.S. Bach - Suite 4 for Cello, BWV 1010: iii.  Courante","B/Bach, Johann Sebastian/Bach, Johann Sebastian - Gigue (From Lute Suite No. 2).gp4.tokens.txt",DadaGP,Num:{'4'},"B/Bach, Johann Sebastian/Bach, Johann Sebastian - Gigue (From Lute Suite No. 2).gp4.tokens.txt"
"J.S. Bach - Suite 4 for Cello, BWV 1010: iii.  Courante","B/Bach, Johann Sebastian/Bach, Johann Sebastian - Invention N-4 part 1.gp3.tokens.txt",DadaGP,Num:{'4'},"B/Bach, Johann Sebastian/Bach, Johann Sebastian - Invention N-4 part 1.gp3.tokens.txt"
"J.S. Bach - Suite 4 for Cello, BWV 1010: iii.  Courante","B/Bach, Johann Sebastian/Bach, Johann Sebastian - Jesu, Joy Of Man's Desiring [BWV 147].gp4.tokens.txt",DadaGP,Num:{'4'},"B/Bach, Johann Sebastian/Bach, Johann Sebastian - Jesu, Joy Of Man's Desiring [BWV 147].gp4.tokens.txt"
"J.S. Bach - Suite 4 for Cello, BWV 1010: iii.  Courante","B/Bach, Johann Sebastian/Bach, Johann Sebastian - Menuet 1are suite violoncelle rC mineur.gp4.tokens.txt",DadaGP,Num:{'4'},"B/Bach, Johann Sebastian/Bach, Johann Sebastian - Menuet 1are suite violoncelle rC mineur.gp4.tokens.txt"
"J.S. Bach - Suite 4 for Cello, BWV 1010: iii.  Courante","B/Bach, Johann Sebastian/Bach, Johann Sebastian - Praludium #4.gp3.tokens.txt",DadaGP,Num:{'4'},"B/Bach, Johann Sebastian/Bach, Johann Sebastian - Praludium #4.gp3.tokens.txt"
"J.S. Bach - Suite 4 for Cello, BWV 1010: iii.  Courante","B/Bach, Johann Sebastian/Bach, Johann Sebastian - Prelude - Bwv 999.gp4.tokens.txt",DadaGP,Num:{'4'},"B/Bach, Johann Sebastian/Bach, Johann Sebastian - Prelude - Bwv 999.gp4.tokens.txt"
"J.S. Bach - Suite 4 for Cello, BWV 1010: iii.  Courante","B/Bach, Johann Sebastian/Bach, Johann Sebastian - Prelude In E From 4th Lute Suite.gp4.tokens.txt",DadaGP,Num:{'4'},"B/Bach, Johann Sebastian/Bach, Johann Sebastian - Prelude In E From 4th Lute Suite.gp4.tokens.txt"
"J.S. Bach - Suite 4 for Cello, BWV 1010: iii.  Courante","B/Bach, Johann Sebastian/Bach, Johann Sebastian - Sarabande (From Cello Suite I [BWV 1007]).gp4.tokens.txt",DadaGP,Num:{'4'},"B/Bach, Johann Sebastian/Bach, Johann Sebastian - Sarabande (From Cello Suite I [BWV 1007]).gp4.tokens.txt"
"J.S. Bach - Suite 4 for Cello, BWV 1010: iii.  Courante","B/Bach, Johann Sebastian/Bach, Johann Sebastian - Sarabande - Bwv 1002.gp4.tokens.txt",DadaGP,Num:{'4'},"B/Bach, Johann Sebastian/Bach, Johann Sebastian - Sarabande - Bwv 1002.gp4.tokens.txt"
"J.S. Bach - Suite 4 for Cello, BWV 1010: iii.  Courante","B/Bach, Johann Sebastian/Bach, Johann Sebastian - Sarabande - Bwv 997.gp4.tokens.txt",DadaGP,Num:{'4'},"B/Bach, Johann Sebastian/Bach, Johann Sebastian - Sarabande - Bwv 997.gp4.tokens.txt"
"J.S. Bach - Suite 4 for Cello, BWV 1010: iii.  Courante","B/Bach, Johann Sebastian/Bach, Johann Sebastian - Second Violin Sonata in a-minor. BWV 1003 - allegro.gp4.tokens.txt",DadaGP,Num:{'4'},"B/Bach, Johann Sebastian/Bach, Johann Sebastian - Second Violin Sonata in a-minor. BWV 1003 - allegro.gp4.tokens.txt"
"J.S. Bach - Suite 4 for Cello, BWV 1010: iii.  Courante","B/Bach, Johann Sebastian/Bach, Johann Sebastian - Toccata & Fugue In Dm Bwv 565 (Metal Version).gp4.tokens.txt",DadaGP,Num:{'4'},"B/Bach, Johann Sebastian/Bach, Johann Sebastian - Toccata & Fugue In Dm Bwv 565 (Metal Version).gp4.tokens.txt"
"J.S. Bach - Suite 4 for Cello, BWV 1010: iii.  Courante","B/Bach, Johann Sebastian/Bach, Johann Sebastian - Toccata And Fugue (Bwv 565).gp4.tokens.txt",DadaGP,Num:{'4'},"B/Bach, Johann Sebastian/Bach, Johann Sebastian - Toccata And Fugue (Bwv 565).gp4.tokens.txt"
"J.S. Bach - Suite 4 for Cello, BWV 1010: iii.  Courante","B/Bach, Johann Sebastian/Bach, Johann Sebastian - Violin Sonata No 1 In Gm  Fugue Bwv 1001.gp4.tokens.txt",DadaGP,Num:{'4'},"B/Bach, Johann Sebastian/Bach, Johann Sebastian - Violin Sonata No 1 In Gm  Fugue Bwv 1001.gp4.tokens.txt"
"J.S. Bach - Suite 4 for Cello, BWV 1010: iv. Sarabande","B/Bach, Johann Sebastian/Bach, Johann Sebastian - Air From Suite #3.gp4.tokens.txt",DadaGP,Num:{'4'},"B/Bach, Johann Sebastian/Bach, Johann Sebastian - Air From Suite #3.gp4.tokens.txt"
"J.S. Bach - Suite 4 for Cello, BWV 1010: iv. Sarabande","B/Bach, Johann Sebastian/Bach, Johann Sebastian - Bach Suite N0 1 BWV 1007Doig.gp4.tokens.txt",DadaGP,Num:{'4'},"B/Bach, Johann Sebastian/Bach, Johann Sebastian - Bach Suite N0 1 BWV 1007Doig.gp4.tokens.txt"
"J.S. Bach - Suite 4 for Cello, BWV 1010: iv. Sarabande","B/Bach, Johann Sebastian/Bach, Johann Sebastian - Badinerie (Joke In H-Moll From Sonata #4) - Rearranged For (Art) Rock Band.gp4.tokens.txt",DadaGP,Num:{'4'},"B/Bach, Johann Sebastian/Bach, Johann Sebastian - Badinerie (Joke In H-Moll From Sonata #4) - Rearranged For (Art) Rock Band.gp4.tokens.txt"
"J.S. Bach - Suite 4 for Cello, BWV 1010: iv. Sarabande","B/Bach, Johann Sebastian/Bach, Johann Sebastian - Bouree (From Lute suite no. 1 in E minor).gp4.tokens.txt",DadaGP,Num:{'4'},"B/Bach, Johann Sebastian/Bach, Johann Sebastian - Bouree (From Lute suite no. 1 in E minor).gp4.tokens.txt"
"J.S. Bach - Suite 4 for Cello, BWV 1010: iv. Sarabande","B/Bach, Johann Sebastian/Bach, Johann Sebastian - Bwv 515.gp4.tokens.txt",DadaGP,Num:{'4'},"B/Bach, Johann Sebastian/Bach, Johann Sebastian - Bwv 515.gp4.tokens.txt"
"J.S. Bach - Suite 4 for Cello, BWV 1010: iv. Sarabande","B/Bach, Johann Sebastian/Bach, Johann Sebastian - Bwv 996 N-1 Suite PrCdule Presto.gp4.tokens.txt",DadaGP,Num:{'4'},"B/Bach, Johann Sebastian/Bach, Johann Sebastian - Bwv 996 N-1 Suite PrCdule Presto.gp4.tokens.txt"
"J.S. Bach - Suite 4 for Cello, BWV 1010: iv. Sarabande","B/Bach, Johann Sebastian/Bach, Johann Sebastian - Cello Suite 1 (2).gp4.tokens.txt",DadaGP,Num:{'4'},"B/Bach, Johann Sebastian/Bach, Johann Sebastian - Cello Suite 1 (2).gp4.tokens.txt"
"J.S. Bach - Suite 4 for Cello, BWV 1010: iv. Sarabande","B/Bach, Johann Sebastian/Bach, Johann Sebastian - Fugue (G-Moll) BWV 1000.gp4.tokens.txt",DadaGP,Num:{'4'},"B/Bach, Johann Sebastian/Bach, Johann Sebastian - Fugue (G-Moll) BWV 1000.gp4.tokens.txt"
"J.S. Bach - Suite 4 for Cello, BWV 1010: iv. Sarabande","B/Bach, Johann Sebastian/Bach, Johann Sebastian - Gavotte En Rondeau (From BWV 995).gp4.tokens.txt",DadaGP,Num:{'4'},"B/Bach, Johann Sebastian/Bach, Johann Sebastian - Gavotte En Rondeau (From BWV 995).gp4.tokens.txt"
"J.S. Bach - Suite 4 for Cello, BWV 1010: iv. Sarabande","B/Bach, Johann Sebastian/Bach, Johann Sebastian - Gavotte en Rondeau (from lute suite 4) BWV 1006a.gp3.tokens.txt",DadaGP,Num:{'4'},"B/Bach, Johann Sebastian/Bach, Johann Sebastian - Gavotte en Rondeau (from lute suite 4) BWV 1006a.gp3.tokens.txt"
"J.S. Bach - Suite 4 for Cello, BWV 1010: iv. Sarabande","B/Bach, Johann Sebastian/Bach, Johann Sebastian - Gigue (From Lute Suite No. 2).gp4.tokens.txt",DadaGP,Num:{'4'},"B/Bach, Johann Sebastian/Bach, Johann Sebastian - Gigue (From Lute Suite No. 2).gp4.tokens.txt"
"J.S. Bach - Suite 4 for Cello, BWV 1010: iv. Sarabande","B/Bach, Johann Sebastian/Bach, Johann Sebastian - Invention N-4 part 1.gp3.tokens.txt",DadaGP,Num:{'4'},"B/Bach, Johann Sebastian/Bach, Johann Sebastian - Invention N-4 part 1.gp3.tokens.txt"
"J.S. Bach - Suite 4 for Cello, BWV 1010: iv. Sarabande","B/Bach, Johann Sebastian/Bach, Johann Sebastian - Jesu, Joy Of Man's Desiring [BWV 147].gp4.tokens.txt",DadaGP,Num:{'4'},"B/Bach, Johann Sebastian/Bach, Johann Sebastian - Jesu, Joy Of Man's Desiring [BWV 147].gp4.tokens.txt"
"J.S. Bach - Suite 4 for Cello, BWV 1010: iv. Sarabande","B/Bach, Johann Sebastian/Bach, Johann Sebastian - Menuet 1are suite violoncelle rC mineur.gp4.tokens.txt",DadaGP,Num:{'4'},"B/Bach, Johann Sebastian/Bach, Johann Sebastian - Menuet 1are suite violoncelle rC mineur.gp4.tokens.txt"
"J.S. Bach - Suite 4 for Cello, BWV 1010: iv. Sarabande","B/Bach, Johann Sebastian/Bach, Johann Sebastian - Praludium #4.gp3.tokens.txt",DadaGP,Num:{'4'},"B/Bach, Johann Sebastian/Bach, Johann Sebastian - Praludium #4.gp3.tokens.txt"
"J.S. Bach - Suite 4 for Cello, BWV 1010: iv. Sarabande","B/Bach, Johann Sebastian/Bach, Johann Sebastian - Prelude - Bwv 999.gp4.tokens.txt",DadaGP,Num:{'4'},"B/Bach, Johann Sebastian/Bach, Johann Sebastian - Prelude - Bwv 999.gp4.tokens.txt"
"J.S. Bach - Suite 4 for Cello, BWV 1010: iv. Sarabande","B/Bach, Johann Sebastian/Bach, Johann Sebastian - Prelude In E From 4th Lute Suite.gp4.tokens.txt",DadaGP,Num:{'4'},"B/Bach, Johann Sebastian/Bach, Johann Sebastian - Prelude In E From 4th Lute Suite.gp4.tokens.txt"
"J.S. Bach - Suite 4 for Cello, BWV 1010: iv. Sarabande","B/Bach, Johann Sebastian/Bach, Johann Sebastian - Sarabande (From Cello Suite I [BWV 1007]).gp4.tokens.txt",DadaGP,Num:{'4'},"B/Bach, Johann Sebastian/Bach, Johann Sebastian - Sarabande (From Cello Suite I [BWV 1007]).gp4.tokens.txt"
"J.S. Bach - Suite 4 for Cello, BWV 1010: iv. Sarabande","B/Bach, Johann Sebastian/Bach, Johann Sebastian - Sarabande - Bwv 1002.gp4.tokens.txt",DadaGP,Num:{'4'},"B/Bach, Johann Sebastian/Bach, Johann Sebastian - Sarabande - Bwv 1002.gp4.tokens.txt"
"J.S. Bach - Suite 4 for Cello, BWV 1010: iv. Sarabande","B/Bach, Johann Sebastian/Bach, Johann Sebastian - Sarabande - Bwv 997.gp4.tokens.txt",DadaGP,Num:{'4'},"B/Bach, Johann Sebastian/Bach, Johann Sebastian - Sarabande - Bwv 997.gp4.tokens.txt"
"J.S. Bach - Suite 4 for Cello, BWV 1010: iv. Sarabande","B/Bach, Johann Sebastian/Bach, Johann Sebastian - Sarabande.gp4.tokens.txt",DadaGP,Num:{'4'},"B/Bach, Johann Sebastian/Bach, Johann Sebastian - Sarabande.gp4.tokens.txt"
"J.S. Bach - Suite 4 for Cello, BWV 1010: iv. Sarabande","B/Bach, Johann Sebastian/Bach, Johann Sebastian - Second Violin Sonata in a-minor. BWV 1003 - allegro.gp4.tokens.txt",DadaGP,Num:{'4'},"B/Bach, Johann Sebastian/Bach, Johann Sebastian - Second Violin Sonata in a-minor. BWV 1003 - allegro.gp4.tokens.txt"
"J.S. Bach - Suite 4 for Cello, BWV 1010: iv. Sarabande","B/Bach, Johann Sebastian/Bach, Johann Sebastian - Toccata & Fugue In Dm Bwv 565 (Metal Version).gp4.tokens.txt",DadaGP,Num:{'4'},"B/Bach, Johann Sebastian/Bach, Johann Sebastian - Toccata & Fugue In Dm Bwv 565 (Metal Version).gp4.tokens.txt"
"J.S. Bach - Suite 4 for Cello, BWV 1010: iv. Sarabande","B/Bach, Johann Sebastian/Bach, Johann Sebastian - Toccata And Fugue (Bwv 565).gp4.tokens.txt",DadaGP,Num:{'4'},"B/Bach, Johann Sebastian/Bach, Johann Sebastian - Toccata And Fugue (Bwv 565).gp4.tokens.txt"
"J.S. Bach - Suite 4 for Cello, BWV 1010: iv. Sarabande","B/Bach, Johann Sebastian/Bach, Johann Sebastian - Violin Sonata No 1 In Gm  Fugue Bwv 1001.gp4.tokens.txt",DadaGP,Num:{'4'},"B/Bach, Johann Sebastian/Bach, Johann Sebastian - Violin Sonata No 1 In Gm  Fugue Bwv 1001.gp4.tokens.txt"
"J.S. Bach - Suite 4 for Cello, BWV 1010: v.  Bouree I and II","B/Bach, Johann Sebastian/Bach, Johann Sebastian - Air From Suite #3.gp4.tokens.txt",DadaGP,Num:{'4'},"B/Bach, Johann Sebastian/Bach, Johann Sebastian - Air From Suite #3.gp4.tokens.txt"
"J.S. Bach - Suite 4 for Cello, BWV 1010: v.  Bouree I and II","B/Bach, Johann Sebastian/Bach, Johann Sebastian - Bach Suite N0 1 BWV 1007Doig.gp4.tokens.txt",DadaGP,Num:{'4'},"B/Bach, Johann Sebastian/Bach, Johann Sebastian - Bach Suite N0 1 BWV 1007Doig.gp4.tokens.txt"
"J.S. Bach - Suite 4 for Cello, BWV 1010: v.  Bouree I and II","B/Bach, Johann Sebastian/Bach, Johann Sebastian - Badinerie (Joke In H-Moll From Sonata #4) - Rearranged For (Art) Rock Band.gp4.tokens.txt",DadaGP,Num:{'4'},"B/Bach, Johann Sebastian/Bach, Johann Sebastian - Badinerie (Joke In H-Moll From Sonata #4) - Rearranged For (Art) Rock Band.gp4.tokens.txt"
"J.S. Bach - Suite 4 for Cello, BWV 1010: v.  Bouree I and II","B/Bach, Johann Sebastian/Bach, Johann Sebastian - Bouree (From Lute suite no. 1 in E minor).gp4.tokens.txt",DadaGP,Num:{'4'},"B/Bach, Johann Sebastian/Bach, Johann Sebastian - Bouree (From Lute suite no. 1 in E minor).gp4.tokens.txt"
"J.S. Bach - Suite 4 for Cello, BWV 1010: v.  Bouree I and II","B/Bach, Johann Sebastian/Bach, Johann Sebastian - Bwv 515.gp4.tokens.txt",DadaGP,Num:{'4'},"B/Bach, Johann Sebastian/Bach, Johann Sebastian - Bwv 515.gp4.tokens.txt"
"J.S. Bach - Suite 4 for Cello, BWV 1010: v.  Bouree I and II","B/Bach, Johann Sebastian/Bach, Johann Sebastian - Bwv 996 N-1 Suite PrCdule Presto.gp4.tokens.txt",DadaGP,Num:{'4'},"B/Bach, Johann Sebastian/Bach, Johann Sebastian - Bwv 996 N-1 Suite PrCdule Presto.gp4.tokens.txt"
"J.S. Bach - Suite 4 for Cello, BWV 1010: v.  Bouree I and II","B/Bach, Johann Sebastian/Bach, Johann Sebastian - Cello Suite 1 (2).gp4.tokens.txt",DadaGP,Num:{'4'},"B/Bach, Johann Sebastian/Bach, Johann Sebastian - Cello Suite 1 (2).gp4.tokens.txt"
"J.S. Bach - Suite 4 for Cello, BWV 1010: v.  Bouree I and II","B/Bach, Johann Sebastian/Bach, Johann Sebastian - Fugue (G-Moll) BWV 1000.gp4.tokens.txt",DadaGP,Num:{'4'},"B/Bach, Johann Sebastian/Bach, Johann Sebastian - Fugue (G-Moll) BWV 1000.gp4.tokens.txt"
"J.S. Bach - Suite 4 for Cello, BWV 1010: v.  Bouree I and II","B/Bach, Johann Sebastian/Bach, Johann Sebastian - Gavotte En Rondeau (From BWV 995).gp4.tokens.txt",DadaGP,Num:{'4'},"B/Bach, Johann Sebastian/Bach, Johann Sebastian - Gavotte En Rondeau (From BWV 995).gp4.tokens.txt"
"J.S. Bach - Suite 4 for Cello, BWV 1010: v.  Bouree I and II","B/Bach, Johann Sebastian/Bach, Johann Sebastian - Gavotte en Rondeau (from lute suite 4) BWV 1006a.gp3.tokens.txt",DadaGP,Num:{'4'},"B/Bach, Johann Sebastian/Bach, Johann Sebastian - Gavotte en Rondeau (from lute suite 4) BWV 1006a.gp3.tokens.txt"
"J.S. Bach - Suite 4 for Cello, BWV 1010: v.  Bouree I and II","B/Bach, Johann Sebastian/Bach, Johann Sebastian - Gigue (From Lute Suite No. 2).gp4.tokens.txt",DadaGP,Num:{'4'},"B/Bach, Johann Sebastian/Bach, Johann Sebastian - Gigue (From Lute Suite No. 2).gp4.tokens.txt"
"J.S. Bach - Suite 4 for Cello, BWV 1010: v.  Bouree I and II","B/Bach, Johann Sebastian/Bach, Johann Sebastian - Invention N-4 part 1.gp3.tokens.txt",DadaGP,Num:{'4'},"B/Bach, Johann Sebastian/Bach, Johann Sebastian - Invention N-4 part 1.gp3.tokens.txt"
"J.S. Bach - Suite 4 for Cello, BWV 1010: v.  Bouree I and II","B/Bach, Johann Sebastian/Bach, Johann Sebastian - Jesu, Joy Of Man's Desiring [BWV 147].gp4.tokens.txt",DadaGP,Num:{'4'},"B/Bach, Johann Sebastian/Bach, Johann Sebastian - Jesu, Joy Of Man's Desiring [BWV 147].gp4.tokens.txt"
"J.S. Bach - Suite 4 for Cello, BWV 1010: v.  Bouree I and II","B/Bach, Johann Sebastian/Bach, Johann Sebastian - Menuet 1are suite violoncelle rC mineur.gp4.tokens.txt",DadaGP,Num:{'4'},"B/Bach, Johann Sebastian/Bach, Johann Sebastian - Menuet 1are suite violoncelle rC mineur.gp4.tokens.txt"
"J.S. Bach - Suite 4 for Cello, BWV 1010: v.  Bouree I and II","B/Bach, Johann Sebastian/Bach, Johann Sebastian - Praludium #4.gp3.tokens.txt",DadaGP,Num:{'4'},"B/Bach, Johann Sebastian/Bach, Johann Sebastian - Praludium #4.gp3.tokens.txt"
"J.S. Bach - Suite 4 for Cello, BWV 1010: v.  Bouree I and II","B/Bach, Johann Sebastian/Bach, Johann Sebastian - Prelude - Bwv 999.gp4.tokens.txt",DadaGP,Num:{'4'},"B/Bach, Johann Sebastian/Bach, Johann Sebastian - Prelude - Bwv 999.gp4.tokens.txt"
"J.S. Bach - Suite 4 for Cello, BWV 1010: v.  Bouree I and II","B/Bach, Johann Sebastian/Bach, Johann Sebastian - Prelude In E From 4th Lute Suite.gp4.tokens.txt",DadaGP,Num:{'4'},"B/Bach, Johann Sebastian/Bach, Johann Sebastian - Prelude In E From 4th Lute Suite.gp4.tokens.txt"
"J.S. Bach - Suite 4 for Cello, BWV 1010: v.  Bouree I and II","B/Bach, Johann Sebastian/Bach, Johann Sebastian - Sarabande (From Cello Suite I [BWV 1007]).gp4.tokens.txt",DadaGP,Num:{'4'},"B/Bach, Johann Sebastian/Bach, Johann Sebastian - Sarabande (From Cello Suite I [BWV 1007]).gp4.tokens.txt"
"J.S. Bach - Suite 4 for Cello, BWV 1010: v.  Bouree I and II","B/Bach, Johann Sebastian/Bach, Johann Sebastian - Sarabande - Bwv 1002.gp4.tokens.txt",DadaGP,Num:{'4'},"B/Bach, Johann Sebastian/Bach, Johann Sebastian - Sarabande - Bwv 1002.gp4.tokens.txt"
"J.S. Bach - Suite 4 for Cello, BWV 1010: v.  Bouree I and II","B/Bach, Johann Sebastian/Bach, Johann Sebastian - Sarabande - Bwv 997.gp4.tokens.txt",DadaGP,Num:{'4'},"B/Bach, Johann Sebastian/Bach, Johann Sebastian - Sarabande - Bwv 997.gp4.tokens.txt"
"J.S. Bach - Suite 4 for Cello, BWV 1010: v.  Bouree I and II","B/Bach, Johann Sebastian/Bach, Johann Sebastian - Second Violin Sonata in a-minor. BWV 1003 - allegro.gp4.tokens.txt",DadaGP,Num:{'4'},"B/Bach, Johann Sebastian/Bach, Johann Sebastian - Second Violin Sonata in a-minor. BWV 1003 - allegro.gp4.tokens.txt"
"J.S. Bach - Suite 4 for Cello, BWV 1010: v.  Bouree I and II","B/Bach, Johann Sebastian/Bach, Johann Sebastian - Toccata & Fugue In Dm Bwv 565 (Metal Version).gp4.tokens.txt",DadaGP,Num:{'4'},"B/Bach, Johann Sebastian/Bach, Johann Sebastian - Toccata & Fugue In Dm Bwv 565 (Metal Version).gp4.tokens.txt"
"J.S. Bach - Suite 4 for Cello, BWV 1010: v.  Bouree I and II","B/Bach, Johann Sebastian/Bach, Johann Sebastian - Toccata And Fugue (Bwv 565).gp4.tokens.txt",DadaGP,Num:{'4'},"B/Bach, Johann Sebastian/Bach, Johann Sebastian - Toccata And Fugue (Bwv 565).gp4.tokens.txt"
"J.S. Bach - Suite 4 for Cello, BWV 1010: v.  Bouree I and II","B/Bach, Johann Sebastian/Bach, Johann Sebastian - Violin Sonata No 1 In Gm  Fugue Bwv 1001.gp4.tokens.txt",DadaGP,Num:{'4'},"B/Bach, Johann Sebastian/Bach, Johann Sebastian - Violin Sonata No 1 In Gm  Fugue Bwv 1001.gp4.tokens.txt"
"J.S. Bach - Suite 4 for Cello, BWV 1010: vi.  Gigue","B/Bach, Johann Sebastian/Bach, Johann Sebastian - Air From Suite #3.gp4.tokens.txt",DadaGP,Num:{'4'},"B/Bach, Johann Sebastian/Bach, Johann Sebastian - Air From Suite #3.gp4.tokens.txt"
"J.S. Bach - Suite 4 for Cello, BWV 1010: vi.  Gigue","B/Bach, Johann Sebastian/Bach, Johann Sebastian - Bach Suite N0 1 BWV 1007Doig.gp4.tokens.txt",DadaGP,Num:{'4'},"B/Bach, Johann Sebastian/Bach, Johann Sebastian - Bach Suite N0 1 BWV 1007Doig.gp4.tokens.txt"
"J.S. Bach - Suite 4 for Cello, BWV 1010: vi.  Gigue","B/Bach, Johann Sebastian/Bach, Johann Sebastian - Badinerie (Joke In H-Moll From Sonata #4) - Rearranged For (Art) Rock Band.gp4.tokens.txt",DadaGP,Num:{'4'},"B/Bach, Johann Sebastian/Bach, Johann Sebastian - Badinerie (Joke In H-Moll From Sonata #4) - Rearranged For (Art) Rock Band.gp4.tokens.txt"
"J.S. Bach - Suite 4 for Cello, BWV 1010: vi.  Gigue","B/Bach, Johann Sebastian/Bach, Johann Sebastian - Bouree (From Lute suite no. 1 in E minor).gp4.tokens.txt",DadaGP,Num:{'4'},"B/Bach, Johann Sebastian/Bach, Johann Sebastian - Bouree (From Lute suite no. 1 in E minor).gp4.tokens.txt"
"J.S. Bach - Suite 4 for Cello, BWV 1010: vi.  Gigue","B/Bach, Johann Sebastian/Bach, Johann Sebastian - Bwv 515.gp4.tokens.txt",DadaGP,Num:{'4'},"B/Bach, Johann Sebastian/Bach, Johann Sebastian - Bwv 515.gp4.tokens.txt"
"J.S. Bach - Suite 4 for Cello, BWV 1010: vi.  Gigue","B/Bach, Johann Sebastian/Bach, Johann Sebastian - Bwv 996 N-1 Suite PrCdule Presto.gp4.tokens.txt",DadaGP,Num:{'4'},"B/Bach, Johann Sebastian/Bach, Johann Sebastian - Bwv 996 N-1 Suite PrCdule Presto.gp4.tokens.txt"
"J.S. Bach - Suite 4 for Cello, BWV 1010: vi.  Gigue","B/Bach, Johann Sebastian/Bach, Johann Sebastian - Cello Suite 1 (2).gp4.tokens.txt",DadaGP,Num:{'4'},"B/Bach, Johann Sebastian/Bach, Johann Sebastian - Cello Suite 1 (2).gp4.tokens.txt"
"J.S. Bach - Suite 4 for Cello, BWV 1010: vi.  Gigue","B/Bach, Johann Sebastian/Bach, Johann Sebastian - Fugue (G-Moll) BWV 1000.gp4.tokens.txt",DadaGP,Num:{'4'},"B/Bach, Johann Sebastian/Bach, Johann Sebastian - Fugue (G-Moll) BWV 1000.gp4.tokens.txt"
"J.S. Bach - Suite 4 for Cello, BWV 1010: vi.  Gigue","B/Bach, Johann Sebastian/Bach, Johann Sebastian - Gavotte En Rondeau (From BWV 995).gp4.tokens.txt",DadaGP,Num:{'4'},"B/Bach, Johann Sebastian/Bach, Johann Sebastian - Gavotte En Rondeau (From BWV 995).gp4.tokens.txt"
"J.S. Bach - Suite 4 for Cello, BWV 1010: vi.  Gigue","B/Bach, Johann Sebastian/Bach, Johann Sebastian - Gavotte en Rondeau (from lute suite 4) BWV 1006a.gp3.tokens.txt",DadaGP,Num:{'4'},"B/Bach, Johann Sebastian/Bach, Johann Sebastian - Gavotte en Rondeau (from lute suite 4) BWV 1006a.gp3.tokens.txt"
"J.S. Bach - Suite 4 for Cello, BWV 1010: vi.  Gigue","B/Bach, Johann Sebastian/Bach, Johann Sebastian - Gigue (From Lute Suite No. 2).gp4.tokens.txt",DadaGP,Num:{'4'},"B/Bach, Johann Sebastian/Bach, Johann Sebastian - Gigue (From Lute Suite No. 2).gp4.tokens.txt"
"J.S. Bach - Suite 4 for Cello, BWV 1010: vi.  Gigue","B/Bach, Johann Sebastian/Bach, Johann Sebastian - Invention N-4 part 1.gp3.tokens.txt",DadaGP,Num:{'4'},"B/Bach, Johann Sebastian/Bach, Johann Sebastian - Invention N-4 part 1.gp3.tokens.txt"
"J.S. Bach - Suite 4 for Cello, BWV 1010: vi.  Gigue","B/Bach, Johann Sebastian/Bach, Johann Sebastian - Jesu, Joy Of Man's Desiring [BWV 147].gp4.tokens.txt",DadaGP,Num:{'4'},"B/Bach, Johann Sebastian/Bach, Johann Sebastian - Jesu, Joy Of Man's Desiring [BWV 147].gp4.tokens.txt"
"J.S. Bach - Suite 4 for Cello, BWV 1010: vi.  Gigue","B/Bach, Johann Sebastian/Bach, Johann Sebastian - Menuet 1are suite violoncelle rC mineur.gp4.tokens.txt",DadaGP,Num:{'4'},"B/Bach, Johann Sebastian/Bach, Johann Sebastian - Menuet 1are suite violoncelle rC mineur.gp4.tokens.txt"
"J.S. Bach - Suite 4 for Cello, BWV 1010: vi.  Gigue","B/Bach, Johann Sebastian/Bach, Johann Sebastian - Praludium #4.gp3.tokens.txt",DadaGP,Num:{'4'},"B/Bach, Johann Sebastian/Bach, Johann Sebastian - Praludium #4.gp3.tokens.txt"
"J.S. Bach - Suite 4 for Cello, BWV 1010: vi.  Gigue","B/Bach, Johann Sebastian/Bach, Johann Sebastian - Prelude - Bwv 999.gp4.tokens.txt",DadaGP,Num:{'4'},"B/Bach, Johann Sebastian/Bach, Johann Sebastian - Prelude - Bwv 999.gp4.tokens.txt"
"J.S. Bach - Suite 4 for Cello, BWV 1010: vi.  Gigue","B/Bach, Johann Sebastian/Bach, Johann Sebastian - Prelude In E From 4th Lute Suite.gp4.tokens.txt",DadaGP,Num:{'4'},"B/Bach, Johann Sebastian/Bach, Johann Sebastian - Prelude In E From 4th Lute Suite.gp4.tokens.txt"
"J.S. Bach - Suite 4 for Cello, BWV 1010: vi.  Gigue","B/Bach, Johann Sebastian/Bach, Johann Sebastian - Sarabande (From Cello Suite I [BWV 1007]).gp4.tokens.txt",DadaGP,Num:{'4'},"B/Bach, Johann Sebastian/Bach, Johann Sebastian - Sarabande (From Cello Suite I [BWV 1007]).gp4.tokens.txt"
"J.S. Bach - Suite 4 for Cello, BWV 1010: vi.  Gigue","B/Bach, Johann Sebastian/Bach, Johann Sebastian - Sarabande - Bwv 1002.gp4.tokens.txt",DadaGP,Num:{'4'},"B/Bach, Johann Sebastian/Bach, Johann Sebastian - Sarabande - Bwv 1002.gp4.tokens.txt"
"J.S. Bach - Suite 4 for Cello, BWV 1010: vi.  Gigue","B/Bach, Johann Sebastian/Bach, Johann Sebastian - Sarabande - Bwv 997.gp4.tokens.txt",DadaGP,Num:{'4'},"B/Bach, Johann Sebastian/Bach, Johann Sebastian - Sarabande - Bwv 997.gp4.tokens.txt"
"J.S. Bach - Suite 4 for Cello, BWV 1010: vi.  Gigue","B/Bach, Johann Sebastian/Bach, Johann Sebastian - Second Violin Sonata in a-minor. BWV 1003 - allegro.gp4.tokens.txt",DadaGP,Num:{'4'},"B/Bach, Johann Sebastian/Bach, Johann Sebastian - Second Violin Sonata in a-minor. BWV 1003 - allegro.gp4.tokens.txt"
"J.S. Bach - Suite 4 for Cello, BWV 1010: vi.  Gigue","B/Bach, Johann Sebastian/Bach, Johann Sebastian - Toccata & Fugue In Dm Bwv 565 (Metal Version).gp4.tokens.txt",DadaGP,Num:{'4'},"B/Bach, Johann Sebastian/Bach, Johann Sebastian - Toccata & Fugue In Dm Bwv 565 (Metal Version).gp4.tokens.txt"
"J.S. Bach - Suite 4 for Cello, BWV 1010: vi.  Gigue","B/Bach, Johann Sebastian/Bach, Johann Sebastian - Toccata And Fugue (Bwv 565).gp4.tokens.txt",DadaGP,Num:{'4'},"B/Bach, Johann Sebastian/Bach, Johann Sebastian - Toccata And Fugue (Bwv 565).gp4.tokens.txt"
"J.S. Bach - Suite 4 for Cello, BWV 1010: vi.  Gigue","B/Bach, Johann Sebastian/Bach, Johann Sebastian - Violin Sonata No 1 In Gm  Fugue Bwv 1001.gp4.tokens.txt",DadaGP,Num:{'4'},"B/Bach, Johann Sebastian/Bach, Johann Sebastian - Violin Sonata No 1 In Gm  Fugue Bwv 1001.gp4.tokens.txt"
"J.S. Bach - Suite 5 for Cello, BWV 1011: i. Prelude","B/Bach, Johann Sebastian/Bach, Johann Sebastian - Sarabande (From Cello Suite I [BWV 1007]).gp4.tokens.txt",DadaGP,Words:4/8,"B/Bach, Johann Sebastian/Bach, Johann Sebastian - Sarabande (From Cello Suite I [BWV 1007]).gp4.tokens.txt"
"J.S. Bach - Suite 5 for Cello, BWV 1011: iv.  Sarabande","B/Bach, Johann Sebastian/Bach, Johann Sebastian - Sarabande (From Cello Suite I [BWV 1007]).gp4.tokens.txt",DadaGP,Words:4/8,"B/Bach, Johann Sebastian/Bach, Johann Sebastian - Sarabande (From Cello Suite I [BWV 1007]).gp4.tokens.txt"
"J.S. Bach - Suite 5 for Cello, BWV 1011: v(a).  Gavotte I","B/Bach, Johann Sebastian/Bach, Johann Sebastian - Sarabande (From Cello Suite I [BWV 1007]).gp4.tokens.txt",DadaGP,Words:4/10,"B/Bach, Johann Sebastian/Bach, Johann Sebastian - Sarabande (From Cello Suite I [BWV 1007]).gp4.tokens.txt"
"J.S. Bach - Suite 5 for Cello, BWV 1011: v(b). Gavotte II (en Rondeau)","B/Bach, Johann Sebastian/Bach, Johann Sebastian - Gavotte En Rondeau (From BWV 995).gp4.tokens.txt",DadaGP,Words:5/12,"B/Bach, Johann Sebastian/Bach, Johann Sebastian - Gavotte En Rondeau (From BWV 995).gp4.tokens.txt"
"J.S. Bach - Suite 5 for Cello, BWV 1011: v(b). Gavotte II (en Rondeau)","B/Bach, Johann Sebastian/Bach, Johann Sebastian - Gavotte en Rondeau (from lute suite 4) BWV 1006a.gp3.tokens.txt",DadaGP,Words:6/12,"B/Bach, Johann Sebastian/Bach, Johann Sebastian - Gavotte en Rondeau (from lute suite 4) BWV 1006a.gp3.tokens.txt"
"J.S. Bach - Suite 6 for Cello, BWV 1012: i . Prelude","B/Bach, Johann Sebastian/Bach, Johann Sebastian - Sarabande (From Cello Suite I [BWV 1007]).gp4.tokens.txt",DadaGP,Words:4/8,"B/Bach, Johann Sebastian/Bach, Johann Sebastian - Sarabande (From Cello Suite I [BWV 1007]).gp4.tokens.txt"
"J.S. Bach - Suite 6 for Cello, BWV 1012: iv.  Sarabande","B/Bach, Johann Sebastian/Bach, Johann Sebastian - Sarabande (From Cello Suite I [BWV 1007]).gp4.tokens.txt",DadaGP,Words:4/8,"B/Bach, Johann Sebastian/Bach, Johann Sebastian - Sarabande (From Cello Suite I [BWV 1007]).gp4.tokens.txt"
"J.S. Bach - Suite for Lute, BWV 996: Allemande","B/Bach, Johann Sebastian/Bach, Johann Sebastian - Bwv 996 N-1 Suite PrCdule Presto.gp4.tokens.txt",DadaGP,Num:{'996'},"B/Bach, Johann Sebastian/Bach, Johann Sebastian - Bwv 996 N-1 Suite PrCdule Presto.gp4.tokens.txt"
"J.S. Bach - Suite for Lute, BWV 996: Allemande","B/Bach, Johann Sebastian/Bach, Johann Sebastian - Gavotte en Rondeau (from lute suite 4) BWV 1006a.gp3.tokens.txt",DadaGP,Words:3/6,"B/Bach, Johann Sebastian/Bach, Johann Sebastian - Gavotte en Rondeau (from lute suite 4) BWV 1006a.gp3.tokens.txt"
"J.S. Bach - Suite for Solo Violoncello, BWV 1007: Prelude","B/Bach, Johann Sebastian/Bach, Johann Sebastian - Bach Suite N0 1 BWV 1007Doig.gp4.tokens.txt",DadaGP,Num:{'1007'},"B/Bach, Johann Sebastian/Bach, Johann Sebastian - Bach Suite N0 1 BWV 1007Doig.gp4.tokens.txt"
"J.S. Bach - Suite for Solo Violoncello, BWV 1007: Prelude","B/Bach, Johann Sebastian/Bach, Johann Sebastian - Bwv1007 - Prelude.gp4.tokens.txt",DadaGP,Num:{'1007'},"B/Bach, Johann Sebastian/Bach, Johann Sebastian - Bwv1007 - Prelude.gp4.tokens.txt"
"J.S. Bach - Suite for Solo Violoncello, BWV 1007: Prelude","B/Bach, Johann Sebastian/Bach, Johann Sebastian - Sarabande (From Cello Suite I [BWV 1007]).gp4.tokens.txt",DadaGP,Num:{'1007'},"B/Bach, Johann Sebastian/Bach, Johann Sebastian - Sarabande (From Cello Suite I [BWV 1007]).gp4.tokens.txt"
"J.S. Bach - Suite for Solo Violoncello, BWV 1007: Prelude","B/Bach, Johann Sebastian/Bach, Johann Sebastian - Suite No 1 BWV 1007.gp3.tokens.txt",DadaGP,Num:{'1007'},"B/Bach, Johann Sebastian/Bach, Johann Sebastian - Suite No 1 BWV 1007.gp3.tokens.txt"
J.S. Bach - Suite I: i. Passagio-Presto; BWV 996,"B/Bach, Johann Sebastian/Bach, Johann Sebastian - Bwv 996 N-1 Suite PrCdule Presto.gp4.tokens.txt",DadaGP,Num:{'996'},"B/Bach, Johann Sebastian/Bach, Johann Sebastian - Bwv 996 N-1 Suite PrCdule Presto.gp4.tokens.txt"
J.S. Bach - Suite I: i. Passagio-Presto; BWV 996,"B/Bach, Johann Sebastian/Bach, Johann Sebastian - Sarabande (From Cello Suite I [BWV 1007]).gp4.tokens.txt",DadaGP,Words:3/6,"B/Bach, Johann Sebastian/Bach, Johann Sebastian - Sarabande (From Cello Suite I [BWV 1007]).gp4.tokens.txt"
J.S. Bach - Suite I: ii. Allemande; BWV 996,"B/Bach, Johann Sebastian/Bach, Johann Sebastian - Bwv 996 N-1 Suite PrCdule Presto.gp4.tokens.txt",DadaGP,Num:{'996'},"B/Bach, Johann Sebastian/Bach, Johann Sebastian - Bwv 996 N-1 Suite PrCdule Presto.gp4.tokens.txt"
J.S. Bach - Suite I: ii. Allemande; BWV 996,"B/Bach, Johann Sebastian/Bach, Johann Sebastian - Sarabande (From Cello Suite I [BWV 1007]).gp4.tokens.txt",DadaGP,Words:3/6,"B/Bach, Johann Sebastian/Bach, Johann Sebastian - Sarabande (From Cello Suite I [BWV 1007]).gp4.tokens.txt"
J.S. Bach - Suite I: iii. Courante; BWV 996,"B/Bach, Johann Sebastian/Bach, Johann Sebastian - Bwv 996 N-1 Suite PrCdule Presto.gp4.tokens.txt",DadaGP,Num:{'996'},"B/Bach, Johann Sebastian/Bach, Johann Sebastian - Bwv 996 N-1 Suite PrCdule Presto.gp4.tokens.txt"
J.S. Bach - Suite I: iii. Courante; BWV 996,"B/Bach, Johann Sebastian/Bach, Johann Sebastian - Sarabande (From Cello Suite I [BWV 1007]).gp4.tokens.txt",DadaGP,Words:3/6,"B/Bach, Johann Sebastian/Bach, Johann Sebastian - Sarabande (From Cello Suite I [BWV 1007]).gp4.tokens.txt"
J.S. Bach - Suite I: iv. Sarabande; BWV 996,"B/Bach, Johann Sebastian/Bach, Johann Sebastian - Bwv 996 N-1 Suite PrCdule Presto.gp4.tokens.txt",DadaGP,Num:{'996'},"B/Bach, Johann Sebastian/Bach, Johann Sebastian - Bwv 996 N-1 Suite PrCdule Presto.gp4.tokens.txt"
J.S. Bach - Suite I: iv. Sarabande; BWV 996,"B/Bach, Johann Sebastian/Bach, Johann Sebastian - Sarabande (From Cello Suite I [BWV 1007]).gp4.tokens.txt",DadaGP,Words:4/6,"B/Bach, Johann Sebastian/Bach, Johann Sebastian - Sarabande (From Cello Suite I [BWV 1007]).gp4.tokens.txt"
J.S. Bach - Suite I: v. Bouree; BWV 996,"B/Bach, Johann Sebastian/Bach, Johann Sebastian - Bwv 996 N-1 Suite PrCdule Presto.gp4.tokens.txt",DadaGP,Num:{'996'},"B/Bach, Johann Sebastian/Bach, Johann Sebastian - Bwv 996 N-1 Suite PrCdule Presto.gp4.tokens.txt"
J.S. Bach - Suite I: v. Bouree; BWV 996,"B/Bach, Johann Sebastian/Bach, Johann Sebastian - Sarabande (From Cello Suite I [BWV 1007]).gp4.tokens.txt",DadaGP,Words:3/6,"B/Bach, Johann Sebastian/Bach, Johann Sebastian - Sarabande (From Cello Suite I [BWV 1007]).gp4.tokens.txt"
J.S. Bach - Suite I: vi. Gigue; BWV 996,"B/Bach, Johann Sebastian/Bach, Johann Sebastian - Bwv 996 N-1 Suite PrCdule Presto.gp4.tokens.txt",DadaGP,Num:{'996'},"B/Bach, Johann Sebastian/Bach, Johann Sebastian - Bwv 996 N-1 Suite PrCdule Presto.gp4.tokens.txt"
J.S. Bach - Suite I: vi. Gigue; BWV 996,"B/Bach, Johann Sebastian/Bach, Johann Sebastian - Sarabande (From Cello Suite I [BWV 1007]).gp4.tokens.txt",DadaGP,Words:3/6,"B/Bach, Johann Sebastian/Bach, Johann Sebastian - Sarabande (From Cello Suite I [BWV 1007]).gp4.tokens.txt"
"J.S. Bach - Suite IV, BWV 1006a: i. Prelude","B/Bach, Johann Sebastian/Bach, Johann Sebastian - Gavotte en Rondeau (from lute suite 4) BWV 1006a.gp3.tokens.txt",DadaGP,Num:{'1006'},"B/Bach, Johann Sebastian/Bach, Johann Sebastian - Gavotte en Rondeau (from lute suite 4) BWV 1006a.gp3.tokens.txt"
"J.S. Bach - Suite IV, BWV 1006a: i. Prelude","B/Bach, Johann Sebastian/Bach, Johann Sebastian - Sarabande (From Cello Suite I [BWV 1007]).gp4.tokens.txt",DadaGP,Words:3/6,"B/Bach, Johann Sebastian/Bach, Johann Sebastian - Sarabande (From Cello Suite I [BWV 1007]).gp4.tokens.txt"
"J.S. Bach - Suite IV, BWV 1006a: ii. Loure","B/Bach, Johann Sebastian/Bach, Johann Sebastian - Gavotte en Rondeau (from lute suite 4) BWV 1006a.gp3.tokens.txt",DadaGP,Num:{'1006'},"B/Bach, Johann Sebastian/Bach, Johann Sebastian - Gavotte en Rondeau (from lute suite 4) BWV 1006a.gp3.tokens.txt"
"J.S. Bach - Suite IV, BWV 1006a: iii. Gavotte en rondeau","B/Bach, Johann Sebastian/Bach, Johann Sebastian - Gavotte En Rondeau (From BWV 995).gp4.tokens.txt",DadaGP,Words:4/8,"B/Bach, Johann Sebastian/Bach, Johann Sebastian - Gavotte En Rondeau (From BWV 995).gp4.tokens.txt"
"J.S. Bach - Suite IV, BWV 1006a: iii. Gavotte en rondeau","B/Bach, Johann Sebastian/Bach, Johann Sebastian - Gavotte en Rondeau (from lute suite 4) BWV 1006a.gp3.tokens.txt",DadaGP,Num:{'1006'},"B/Bach, Johann Sebastian/Bach, Johann Sebastian - Gavotte en Rondeau (from lute suite 4) BWV 1006a.gp3.tokens.txt"
"J.S. Bach - Suite IV, BWV 1006a: iv.  Menuet I and II","B/Bach, Johann Sebastian/Bach, Johann Sebastian - Gavotte en Rondeau (from lute suite 4) BWV 1006a.gp3.tokens.txt",DadaGP,Num:{'1006'},"B/Bach, Johann Sebastian/Bach, Johann Sebastian - Gavotte en Rondeau (from lute suite 4) BWV 1006a.gp3.tokens.txt"
"J.S. Bach - Suite IV, BWV 1006a: v. Bourree","B/Bach, Johann Sebastian/Bach, Johann Sebastian - Gavotte en Rondeau (from lute suite 4) BWV 1006a.gp3.tokens.txt",DadaGP,Num:{'1006'},"B/Bach, Johann Sebastian/Bach, Johann Sebastian - Gavotte en Rondeau (from lute suite 4) BWV 1006a.gp3.tokens.txt"
"J.S. Bach - Suite IV, BWV 1006a: vi.  Gigue","B/Bach, Johann Sebastian/Bach, Johann Sebastian - Gavotte en Rondeau (from lute suite 4) BWV 1006a.gp3.tokens.txt",DadaGP,Num:{'1006'},"B/Bach, Johann Sebastian/Bach, Johann Sebastian - Gavotte en Rondeau (from lute suite 4) BWV 1006a.gp3.tokens.txt"
Heitor Villa-Lobos - Suite Populaire Bresilienne: 4.  Gavotta - Choro,"L/Heitor Villa-Lobos/Villa-Lobos, Heitor - Suite Populaire Bresilienne - No. 4_ Gavotta-choro.gp4.tokens.txt",DadaGP,Num:{'4'},"L/Heitor Villa-Lobos/Villa-Lobos, Heitor - Suite Populaire Bresilienne - No. 4_ Gavotta-choro.gp4.tokens.txt"
Heitor Villa-Lobos - Suite Populaire Bresilienne: 4.  Gavotta - Choro,"V/Villa/Villa-Lobos, Heitor - Prelude n-4 in Em.gp4.tokens.txt",DadaGP,Num:{'4'},"V/Villa/Villa-Lobos, Heitor - Prelude n-4 in Em.gp4.tokens.txt"
"J.S. Bach - Suite, BWV 1006a:  i. Prelude","B/Bach, Johann Sebastian/Bach, Johann Sebastian - Bach Suite N0 1 BWV 1007Doig.gp4.tokens.txt",DadaGP,Words:2/5,"B/Bach, Johann Sebastian/Bach, Johann Sebastian - Bach Suite N0 1 BWV 1007Doig.gp4.tokens.txt"
"J.S. Bach - Suite, BWV 1006a:  i. Prelude","B/Bach, Johann Sebastian/Bach, Johann Sebastian - Bwv 996 N-1 Suite PrCdule Presto.gp4.tokens.txt",DadaGP,Words:2/5,"B/Bach, Johann Sebastian/Bach, Johann Sebastian - Bwv 996 N-1 Suite PrCdule Presto.gp4.tokens.txt"
"J.S. Bach - Suite, BWV 1006a:  i. Prelude","B/Bach, Johann Sebastian/Bach, Johann Sebastian - Gavotte en Rondeau (from lute suite 4) BWV 1006a.gp3.tokens.txt",DadaGP,Num:{'1006'},"B/Bach, Johann Sebastian/Bach, Johann Sebastian - Gavotte en Rondeau (from lute suite 4) BWV 1006a.gp3.tokens.txt"
"J.S. Bach - Suite, BWV 1006a:  i. Prelude","B/Bach, Johann Sebastian/Bach, Johann Sebastian - Prelude - Bwv 999.gp4.tokens.txt",DadaGP,Words:2/5,"B/Bach, Johann Sebastian/Bach, Johann Sebastian - Prelude - Bwv 999.gp4.tokens.txt"
"J.S. Bach - Suite, BWV 1006a:  i. Prelude","B/Bach, Johann Sebastian/Bach, Johann Sebastian - Prelude In E From 4th Lute Suite.gp4.tokens.txt",DadaGP,Words:2/5,"B/Bach, Johann Sebastian/Bach, Johann Sebastian - Prelude In E From 4th Lute Suite.gp4.tokens.txt"
"J.S. Bach - Suite, BWV 1006a:  i. Prelude","B/Bach, Johann Sebastian/Bach, Johann Sebastian - Prelude from Suite #1 in D Major.gp3.tokens.txt",DadaGP,Words:2/5,"B/Bach, Johann Sebastian/Bach, Johann Sebastian - Prelude from Suite #1 in D Major.gp3.tokens.txt"
"J.S. Bach - Suite, BWV 1006a:  i. Prelude","B/Bach, Johann Sebastian/Bach, Johann Sebastian - Sarabande (From Cello Suite I [BWV 1007]).gp4.tokens.txt",DadaGP,Words:3/5,"B/Bach, Johann Sebastian/Bach, Johann Sebastian - Sarabande (From Cello Suite I [BWV 1007]).gp4.tokens.txt"
"J.S. Bach - Suite, BWV 1006a:  i. Prelude","B/Bach, Johann Sebastian/Bach, Johann Sebastian - Suite No 1 BWV 1007.gp3.tokens.txt",DadaGP,Words:2/5,"B/Bach, Johann Sebastian/Bach, Johann Sebastian - Suite No 1 BWV 1007.gp3.tokens.txt"
"J.S. Bach - Suite, BWV 1006a:  ii.  Loure","B/Bach, Johann Sebastian/Bach, Johann Sebastian - Bach Suite N0 1 BWV 1007Doig.gp4.tokens.txt",DadaGP,Words:2/5,"B/Bach, Johann Sebastian/Bach, Johann Sebastian - Bach Suite N0 1 BWV 1007Doig.gp4.tokens.txt"
"J.S. Bach - Suite, BWV 1006a:  ii.  Loure","B/Bach, Johann Sebastian/Bach, Johann Sebastian - Bwv 996 N-1 Suite PrCdule Presto.gp4.tokens.txt",DadaGP,Words:2/5,"B/Bach, Johann Sebastian/Bach, Johann Sebastian - Bwv 996 N-1 Suite PrCdule Presto.gp4.tokens.txt"
"J.S. Bach - Suite, BWV 1006a:  ii.  Loure","B/Bach, Johann Sebastian/Bach, Johann Sebastian - Gavotte en Rondeau (from lute suite 4) BWV 1006a.gp3.tokens.txt",DadaGP,Num:{'1006'},"B/Bach, Johann Sebastian/Bach, Johann Sebastian - Gavotte en Rondeau (from lute suite 4) BWV 1006a.gp3.tokens.txt"
"J.S. Bach - Suite, BWV 1006a:  ii.  Loure","B/Bach, Johann Sebastian/Bach, Johann Sebastian - Sarabande (From Cello Suite I [BWV 1007]).gp4.tokens.txt",DadaGP,Words:2/5,"B/Bach, Johann Sebastian/Bach, Johann Sebastian - Sarabande (From Cello Suite I [BWV 1007]).gp4.tokens.txt"
"J.S. Bach - Suite, BWV 1006a:  ii.  Loure","B/Bach, Johann Sebastian/Bach, Johann Sebastian - Suite No 1 BWV 1007.gp3.tokens.txt",DadaGP,Words:2/5,"B/Bach, Johann Sebastian/Bach, Johann Sebastian - Suite No 1 BWV 1007.gp3.tokens.txt"
"J.S. Bach - Suite, BWV 1006a:  iii.  Gavotte en Rondeau","B/Bach, Johann Sebastian/Bach, Johann Sebastian - Gavotte En Rondeau (From BWV 995).gp4.tokens.txt",DadaGP,Words:4/7,"B/Bach, Johann Sebastian/Bach, Johann Sebastian - Gavotte En Rondeau (From BWV 995).gp4.tokens.txt"
"J.S. Bach - Suite, BWV 1006a:  iii.  Gavotte en Rondeau","B/Bach, Johann Sebastian/Bach, Johann Sebastian - Gavotte en Rondeau (from lute suite 4) BWV 1006a.gp3.tokens.txt",DadaGP,Num:{'1006'},"B/Bach, Johann Sebastian/Bach, Johann Sebastian - Gavotte en Rondeau (from lute suite 4) BWV 1006a.gp3.tokens.txt"
"J.S. Bach - Suite, BWV 1006a:  iv.  Menuett I and II","B/Bach, Johann Sebastian/Bach, Johann Sebastian - Gavotte en Rondeau (from lute suite 4) BWV 1006a.gp3.tokens.txt",DadaGP,Num:{'1006'},"B/Bach, Johann Sebastian/Bach, Johann Sebastian - Gavotte en Rondeau (from lute suite 4) BWV 1006a.gp3.tokens.txt"
"J.S. Bach - Suite, BWV 1006a:  v. Bourree","B/Bach, Johann Sebastian/Bach, Johann Sebastian - Bach Suite N0 1 BWV 1007Doig.gp4.tokens.txt",DadaGP,Words:2/5,"B/Bach, Johann Sebastian/Bach, Johann Sebastian - Bach Suite N0 1 BWV 1007Doig.gp4.tokens.txt"
"J.S. Bach - Suite, BWV 1006a:  v. Bourree","B/Bach, Johann Sebastian/Bach, Johann Sebastian - Bwv 996 N-1 Suite PrCdule Presto.gp4.tokens.txt",DadaGP,Words:2/5,"B/Bach, Johann Sebastian/Bach, Johann Sebastian - Bwv 996 N-1 Suite PrCdule Presto.gp4.tokens.txt"
"J.S. Bach - Suite, BWV 1006a:  v. Bourree","B/Bach, Johann Sebastian/Bach, Johann Sebastian - Gavotte en Rondeau (from lute suite 4) BWV 1006a.gp3.tokens.txt",DadaGP,Num:{'1006'},"B/Bach, Johann Sebastian/Bach, Johann Sebastian - Gavotte en Rondeau (from lute suite 4) BWV 1006a.gp3.tokens.txt"
"J.S. Bach - Suite, BWV 1006a:  v. Bourree","B/Bach, Johann Sebastian/Bach, Johann Sebastian - Sarabande (From Cello Suite I [BWV 1007]).gp4.tokens.txt",DadaGP,Words:2/5,"B/Bach, Johann Sebastian/Bach, Johann Sebastian - Sarabande (From Cello Suite I [BWV 1007]).gp4.tokens.txt"
"J.S. Bach - Suite, BWV 1006a:  v. Bourree","B/Bach, Johann Sebastian/Bach, Johann Sebastian - Suite No 1 BWV 1007.gp3.tokens.txt",DadaGP,Words:2/5,"B/Bach, Johann Sebastian/Bach, Johann Sebastian - Suite No 1 BWV 1007.gp3.tokens.txt"
"J.S. Bach - Suite, BWV 1006a:  vi. Gigue","B/Bach, Johann Sebastian/Bach, Johann Sebastian - Bach Suite N0 1 BWV 1007Doig.gp4.tokens.txt",DadaGP,Words:2/5,"B/Bach, Johann Sebastian/Bach, Johann Sebastian - Bach Suite N0 1 BWV 1007Doig.gp4.tokens.txt"
"J.S. Bach - Suite, BWV 1006a:  vi. Gigue","B/Bach, Johann Sebastian/Bach, Johann Sebastian - Bwv 996 N-1 Suite PrCdule Presto.gp4.tokens.txt",DadaGP,Words:2/5,"B/Bach, Johann Sebastian/Bach, Johann Sebastian - Bwv 996 N-1 Suite PrCdule Presto.gp4.tokens.txt"
"J.S. Bach - Suite, BWV 1006a:  vi. Gigue","B/Bach, Johann Sebastian/Bach, Johann Sebastian - Gavotte en Rondeau (from lute suite 4) BWV 1006a.gp3.tokens.txt",DadaGP,Num:{'1006'},"B/Bach, Johann Sebastian/Bach, Johann Sebastian - Gavotte en Rondeau (from lute suite 4) BWV 1006a.gp3.tokens.txt"
"J.S. Bach - Suite, BWV 1006a:  vi. Gigue","B/Bach, Johann Sebastian/Bach, Johann Sebastian - Gigue (From Lute Suite No. 2).gp4.tokens.txt",DadaGP,Words:2/5,"B/Bach, Johann Sebastian/Bach, Johann Sebastian - Gigue (From Lute Suite No. 2).gp4.tokens.txt"
"J.S. Bach - Suite, BWV 1006a:  vi. Gigue","B/Bach, Johann Sebastian/Bach, Johann Sebastian - Sarabande (From Cello Suite I [BWV 1007]).gp4.tokens.txt",DadaGP,Words:2/5,"B/Bach, Johann Sebastian/Bach, Johann Sebastian - Sarabande (From Cello Suite I [BWV 1007]).gp4.tokens.txt"
"J.S. Bach - Suite, BWV 1006a:  vi. Gigue","B/Bach, Johann Sebastian/Bach, Johann Sebastian - Suite No 1 BWV 1007.gp3.tokens.txt",DadaGP,Words:2/5,"B/Bach, Johann Sebastian/Bach, Johann Sebastian - Suite No 1 BWV 1007.gp3.tokens.txt"
"J.S. Bach - Suite, BWV 822: Minuet","B/Bach, Johann Sebastian/Bach, Johann Sebastian - Bach Suite N0 1 BWV 1007Doig.gp4.tokens.txt",DadaGP,Words:2/4,"B/Bach, Johann Sebastian/Bach, Johann Sebastian - Bach Suite N0 1 BWV 1007Doig.gp4.tokens.txt"
"J.S. Bach - Suite, BWV 822: Minuet","B/Bach, Johann Sebastian/Bach, Johann Sebastian - Bwv 996 N-1 Suite PrCdule Presto.gp4.tokens.txt",DadaGP,Words:2/4,"B/Bach, Johann Sebastian/Bach, Johann Sebastian - Bwv 996 N-1 Suite PrCdule Presto.gp4.tokens.txt"
"J.S. Bach - Suite, BWV 822: Minuet","B/Bach, Johann Sebastian/Bach, Johann Sebastian - Gavotte en Rondeau (from lute suite 4) BWV 1006a.gp3.tokens.txt",DadaGP,Words:2/4,"B/Bach, Johann Sebastian/Bach, Johann Sebastian - Gavotte en Rondeau (from lute suite 4) BWV 1006a.gp3.tokens.txt"
"J.S. Bach - Suite, BWV 822: Minuet","B/Bach, Johann Sebastian/Bach, Johann Sebastian - Sarabande (From Cello Suite I [BWV 1007]).gp4.tokens.txt",DadaGP,Words:2/4,"B/Bach, Johann Sebastian/Bach, Johann Sebastian - Sarabande (From Cello Suite I [BWV 1007]).gp4.tokens.txt"
"J.S. Bach - Suite, BWV 822: Minuet","B/Bach, Johann Sebastian/Bach, Johann Sebastian - Suite No 1 BWV 1007.gp3.tokens.txt",DadaGP,Words:2/4,"B/Bach, Johann Sebastian/Bach, Johann Sebastian - Suite No 1 BWV 1007.gp3.tokens.txt"
"J.S. Bach - Suite, BWV 995: i. Prelude","B/Bach, Johann Sebastian/Bach, Johann Sebastian - Bach Suite N0 1 BWV 1007Doig.gp4.tokens.txt",DadaGP,Words:2/5,"B/Bach, Johann Sebastian/Bach, Johann Sebastian - Bach Suite N0 1 BWV 1007Doig.gp4.tokens.txt"
"J.S. Bach - Suite, BWV 995: i. Prelude","B/Bach, Johann Sebastian/Bach, Johann Sebastian - Bwv 996 N-1 Suite PrCdule Presto.gp4.tokens.txt",DadaGP,Words:2/5,"B/Bach, Johann Sebastian/Bach, Johann Sebastian - Bwv 996 N-1 Suite PrCdule Presto.gp4.tokens.txt"
"J.S. Bach - Suite, BWV 995: i. Prelude","B/Bach, Johann Sebastian/Bach, Johann Sebastian - Gavotte En Rondeau (From BWV 995).gp4.tokens.txt",DadaGP,Num:{'995'},"B/Bach, Johann Sebastian/Bach, Johann Sebastian - Gavotte En Rondeau (From BWV 995).gp4.tokens.txt"
"J.S. Bach - Suite, BWV 995: i. Prelude","B/Bach, Johann Sebastian/Bach, Johann Sebastian - Gavotte en Rondeau (from lute suite 4) BWV 1006a.gp3.tokens.txt",DadaGP,Words:2/5,"B/Bach, Johann Sebastian/Bach, Johann Sebastian - Gavotte en Rondeau (from lute suite 4) BWV 1006a.gp3.tokens.txt"
"J.S. Bach - Suite, BWV 995: i. Prelude","B/Bach, Johann Sebastian/Bach, Johann Sebastian - Prelude - Bwv 999.gp4.tokens.txt",DadaGP,Words:2/5,"B/Bach, Johann Sebastian/Bach, Johann Sebastian - Prelude - Bwv 999.gp4.tokens.txt"
"J.S. Bach - Suite, BWV 995: i. Prelude","B/Bach, Johann Sebastian/Bach, Johann Sebastian - Prelude In E From 4th Lute Suite.gp4.tokens.txt",DadaGP,Words:2/5,"B/Bach, Johann Sebastian/Bach, Johann Sebastian - Prelude In E From 4th Lute Suite.gp4.tokens.txt"
"J.S. Bach - Suite, BWV 995: i. Prelude","B/Bach, Johann Sebastian/Bach, Johann Sebastian - Prelude from Suite #1 in D Major.gp3.tokens.txt",DadaGP,Words:2/5,"B/Bach, Johann Sebastian/Bach, Johann Sebastian - Prelude from Suite #1 in D Major.gp3.tokens.txt"
"J.S. Bach - Suite, BWV 995: i. Prelude","B/Bach, Johann Sebastian/Bach, Johann Sebastian - Sarabande (From Cello Suite I [BWV 1007]).gp4.tokens.txt",DadaGP,Words:3/5,"B/Bach, Johann Sebastian/Bach, Johann Sebastian - Sarabande (From Cello Suite I [BWV 1007]).gp4.tokens.txt"
"J.S. Bach - Suite, BWV 995: i. Prelude","B/Bach, Johann Sebastian/Bach, Johann Sebastian - Suite No 1 BWV 1007.gp3.tokens.txt",DadaGP,Words:2/5,"B/Bach, Johann Sebastian/Bach, Johann Sebastian - Suite No 1 BWV 1007.gp3.tokens.txt"
"J.S. Bach - Suite, BWV 995: ii. Allemande","B/Bach, Johann Sebastian/Bach, Johann Sebastian - Bach Suite N0 1 BWV 1007Doig.gp4.tokens.txt",DadaGP,Words:2/5,"B/Bach, Johann Sebastian/Bach, Johann Sebastian - Bach Suite N0 1 BWV 1007Doig.gp4.tokens.txt"
"J.S. Bach - Suite, BWV 995: ii. Allemande","B/Bach, Johann Sebastian/Bach, Johann Sebastian - Bwv 996 N-1 Suite PrCdule Presto.gp4.tokens.txt",DadaGP,Words:2/5,"B/Bach, Johann Sebastian/Bach, Johann Sebastian - Bwv 996 N-1 Suite PrCdule Presto.gp4.tokens.txt"
"J.S. Bach - Suite, BWV 995: ii. Allemande","B/Bach, Johann Sebastian/Bach, Johann Sebastian - Gavotte En Rondeau (From BWV 995).gp4.tokens.txt",DadaGP,Num:{'995'},"B/Bach, Johann Sebastian/Bach, Johann Sebastian - Gavotte En Rondeau (From BWV 995).gp4.tokens.txt"
"J.S. Bach - Suite, BWV 995: ii. Allemande","B/Bach, Johann Sebastian/Bach, Johann Sebastian - Gavotte en Rondeau (from lute suite 4) BWV 1006a.gp3.tokens.txt",DadaGP,Words:2/5,"B/Bach, Johann Sebastian/Bach, Johann Sebastian - Gavotte en Rondeau (from lute suite 4) BWV 1006a.gp3.tokens.txt"
"J.S. Bach - Suite, BWV 995: ii. Allemande","B/Bach, Johann Sebastian/Bach, Johann Sebastian - Sarabande (From Cello Suite I [BWV 1007]).gp4.tokens.txt",DadaGP,Words:2/5,"B/Bach, Johann Sebastian/Bach, Johann Sebastian - Sarabande (From Cello Suite I [BWV 1007]).gp4.tokens.txt"
"J.S. Bach - Suite, BWV 995: ii. Allemande","B/Bach, Johann Sebastian/Bach, Johann Sebastian - Suite No 1 BWV 1007.gp3.tokens.txt",DadaGP,Words:2/5,"B/Bach, Johann Sebastian/Bach, Johann Sebastian - Suite No 1 BWV 1007.gp3.tokens.txt"
"J.S. Bach - Suite, BWV 995: iii. Courante","B/Bach, Johann Sebastian/Bach, Johann Sebastian - Bach Suite N0 1 BWV 1007Doig.gp4.tokens.txt",DadaGP,Words:2/5,"B/Bach, Johann Sebastian/Bach, Johann Sebastian - Bach Suite N0 1 BWV 1007Doig.gp4.tokens.txt"
"J.S. Bach - Suite, BWV 995: iii. Courante","B/Bach, Johann Sebastian/Bach, Johann Sebastian - Bouree Cello Suite III.gp3.tokens.txt",DadaGP,Words:2/5,"B/Bach, Johann Sebastian/Bach, Johann Sebastian - Bouree Cello Suite III.gp3.tokens.txt"
"J.S. Bach - Suite, BWV 995: iii. Courante","B/Bach, Johann Sebastian/Bach, Johann Sebastian - Bwv 996 N-1 Suite PrCdule Presto.gp4.tokens.txt",DadaGP,Words:2/5,"B/Bach, Johann Sebastian/Bach, Johann Sebastian - Bwv 996 N-1 Suite PrCdule Presto.gp4.tokens.txt"
"J.S. Bach - Suite, BWV 995: iii. Courante","B/Bach, Johann Sebastian/Bach, Johann Sebastian - Gavotte En Rondeau (From BWV 995).gp4.tokens.txt",DadaGP,Num:{'995'},"B/Bach, Johann Sebastian/Bach, Johann Sebastian - Gavotte En Rondeau (From BWV 995).gp4.tokens.txt"
"J.S. Bach - Suite, BWV 995: iii. Courante","B/Bach, Johann Sebastian/Bach, Johann Sebastian - Gavotte en Rondeau (from lute suite 4) BWV 1006a.gp3.tokens.txt",DadaGP,Words:2/5,"B/Bach, Johann Sebastian/Bach, Johann Sebastian - Gavotte en Rondeau (from lute suite 4) BWV 1006a.gp3.tokens.txt"
"J.S. Bach - Suite, BWV 995: iii. Courante","B/Bach, Johann Sebastian/Bach, Johann Sebastian - Sarabande (From Cello Suite I [BWV 1007]).gp4.tokens.txt",DadaGP,Words:2/5,"B/Bach, Johann Sebastian/Bach, Johann Sebastian - Sarabande (From Cello Suite I [BWV 1007]).gp4.tokens.txt"
"J.S. Bach - Suite, BWV 995: iii. Courante","B/Bach, Johann Sebastian/Bach, Johann Sebastian - Suite No 1 BWV 1007.gp3.tokens.txt",DadaGP,Words:2/5,"B/Bach, Johann Sebastian/Bach, Johann Sebastian - Suite No 1 BWV 1007.gp3.tokens.txt"
"J.S. Bach - Suite, BWV 995: iv. Sarabande","B/Bach, Johann Sebastian/Bach, Johann Sebastian - Bach Suite N0 1 BWV 1007Doig.gp4.tokens.txt",DadaGP,Words:2/5,"B/Bach, Johann Sebastian/Bach, Johann Sebastian - Bach Suite N0 1 BWV 1007Doig.gp4.tokens.txt"
"J.S. Bach - Suite, BWV 995: iv. Sarabande","B/Bach, Johann Sebastian/Bach, Johann Sebastian - Bwv 996 N-1 Suite PrCdule Presto.gp4.tokens.txt",DadaGP,Words:2/5,"B/Bach, Johann Sebastian/Bach, Johann Sebastian - Bwv 996 N-1 Suite PrCdule Presto.gp4.tokens.txt"
"J.S. Bach - Suite, BWV 995: iv. Sarabande","B/Bach, Johann Sebastian/Bach, Johann Sebastian - Gavotte En Rondeau (From BWV 995).gp4.tokens.txt",DadaGP,Num:{'995'},"B/Bach, Johann Sebastian/Bach, Johann Sebastian - Gavotte En Rondeau (From BWV 995).gp4.tokens.txt"
"J.S. Bach - Suite, BWV 995: iv. Sarabande","B/Bach, Johann Sebastian/Bach, Johann Sebastian - Gavotte en Rondeau (from lute suite 4) BWV 1006a.gp3.tokens.txt",DadaGP,Words:2/5,"B/Bach, Johann Sebastian/Bach, Johann Sebastian - Gavotte en Rondeau (from lute suite 4) BWV 1006a.gp3.tokens.txt"
"J.S. Bach - Suite, BWV 995: iv. Sarabande","B/Bach, Johann Sebastian/Bach, Johann Sebastian - Sarabande (From Cello Suite I [BWV 1007]).gp4.tokens.txt",DadaGP,Words:3/5,"B/Bach, Johann Sebastian/Bach, Johann Sebastian - Sarabande (From Cello Suite I [BWV 1007]).gp4.tokens.txt"
"J.S. Bach - Suite, BWV 995: iv. Sarabande","B/Bach, Johann Sebastian/Bach, Johann Sebastian - Sarabande - Bwv 1002.gp4.tokens.txt",DadaGP,Words:2/5,"B/Bach, Johann Sebastian/Bach, Johann Sebastian - Sarabande - Bwv 1002.gp4.tokens.txt"
"J.S. Bach - Suite, BWV 995: iv. Sarabande","B/Bach, Johann Sebastian/Bach, Johann Sebastian - Sarabande - Bwv 997.gp4.tokens.txt",DadaGP,Words:2/5,"B/Bach, Johann Sebastian/Bach, Johann Sebastian - Sarabande - Bwv 997.gp4.tokens.txt"
"J.S. Bach - Suite, BWV 995: iv. Sarabande","B/Bach, Johann Sebastian/Bach, Johann Sebastian - Suite No 1 BWV 1007.gp3.tokens.txt",DadaGP,Words:2/5,"B/Bach, Johann Sebastian/Bach, Johann Sebastian - Suite No 1 BWV 1007.gp3.tokens.txt"
"J.S. Bach - Suite, BWV 995: v(a). Gavotte I","B/Bach, Johann Sebastian/Bach, Johann Sebastian - Gavotte En Rondeau (From BWV 995).gp4.tokens.txt",DadaGP,Num:{'995'},"B/Bach, Johann Sebastian/Bach, Johann Sebastian - Gavotte En Rondeau (From BWV 995).gp4.tokens.txt"
"J.S. Bach - Suite, BWV 995: v(a). Gavotte I","B/Bach, Johann Sebastian/Bach, Johann Sebastian - Gavotte en Rondeau (from lute suite 4) BWV 1006a.gp3.tokens.txt",DadaGP,Words:3/7,"B/Bach, Johann Sebastian/Bach, Johann Sebastian - Gavotte en Rondeau (from lute suite 4) BWV 1006a.gp3.tokens.txt"
"J.S. Bach - Suite, BWV 995: v(a). Gavotte I","B/Bach, Johann Sebastian/Bach, Johann Sebastian - Sarabande (From Cello Suite I [BWV 1007]).gp4.tokens.txt",DadaGP,Words:3/7,"B/Bach, Johann Sebastian/Bach, Johann Sebastian - Sarabande (From Cello Suite I [BWV 1007]).gp4.tokens.txt"
"J.S. Bach - Suite, BWV 995: v(b). Gavotte II en Rondo","B/Bach, Johann Sebastian/Bach, Johann Sebastian - Gavotte En Rondeau (From BWV 995).gp4.tokens.txt",DadaGP,Num:{'995'},"B/Bach, Johann Sebastian/Bach, Johann Sebastian - Gavotte En Rondeau (From BWV 995).gp4.tokens.txt"
"J.S. Bach - Suite, BWV 995: v(b). Gavotte II en Rondo","B/Bach, Johann Sebastian/Bach, Johann Sebastian - Gavotte en Rondeau (from lute suite 4) BWV 1006a.gp3.tokens.txt",DadaGP,Words:5/9,"B/Bach, Johann Sebastian/Bach, Johann Sebastian - Gavotte en Rondeau (from lute suite 4) BWV 1006a.gp3.tokens.txt"
"J.S. Bach - Suite, BWV 995: vi. Gigue","B/Bach, Johann Sebastian/Bach, Johann Sebastian - Bach Suite N0 1 BWV 1007Doig.gp4.tokens.txt",DadaGP,Words:2/5,"B/Bach, Johann Sebastian/Bach, Johann Sebastian - Bach Suite N0 1 BWV 1007Doig.gp4.tokens.txt"
"J.S. Bach - Suite, BWV 995: vi. Gigue","B/Bach, Johann Sebastian/Bach, Johann Sebastian - Bwv 996 N-1 Suite PrCdule Presto.gp4.tokens.txt",DadaGP,Words:2/5,"B/Bach, Johann Sebastian/Bach, Johann Sebastian - Bwv 996 N-1 Suite PrCdule Presto.gp4.tokens.txt"
"J.S. Bach - Suite, BWV 995: vi. Gigue","B/Bach, Johann Sebastian/Bach, Johann Sebastian - Gavotte En Rondeau (From BWV 995).gp4.tokens.txt",DadaGP,Num:{'995'},"B/Bach, Johann Sebastian/Bach, Johann Sebastian - Gavotte En Rondeau (From BWV 995).gp4.tokens.txt"
"J.S. Bach - Suite, BWV 995: vi. Gigue","B/Bach, Johann Sebastian/Bach, Johann Sebastian - Gavotte en Rondeau (from lute suite 4) BWV 1006a.gp3.tokens.txt",DadaGP,Words:2/5,"B/Bach, Johann Sebastian/Bach, Johann Sebastian - Gavotte en Rondeau (from lute suite 4) BWV 1006a.gp3.tokens.txt"
"J.S. Bach - Suite, BWV 995: vi. Gigue","B/Bach, Johann Sebastian/Bach, Johann Sebastian - Gigue (From Lute Suite No. 2).gp4.tokens.txt",DadaGP,Words:2/5,"B/Bach, Johann Sebastian/Bach, Johann Sebastian - Gigue (From Lute Suite No. 2).gp4.tokens.txt"
"J.S. Bach - Suite, BWV 995: vi. Gigue","B/Bach, Johann Sebastian/Bach, Johann Sebastian - Sarabande (From Cello Suite I [BWV 1007]).gp4.tokens.txt",DadaGP,Words:2/5,"B/Bach, Johann Sebastian/Bach, Johann Sebastian - Sarabande (From Cello Suite I [BWV 1007]).gp4.tokens.txt"
"J.S. Bach - Suite, BWV 995: vi. Gigue","B/Bach, Johann Sebastian/Bach, Johann Sebastian - Suite No 1 BWV 1007.gp3.tokens.txt",DadaGP,Words:2/5,"B/Bach, Johann Sebastian/Bach, Johann Sebastian - Suite No 1 BWV 1007.gp3.tokens.txt"
"J.S. Bach - Suite, BWV 996: i. Praeludio","B/Bach, Johann Sebastian/Bach, Johann Sebastian - Bach Suite N0 1 BWV 1007Doig.gp4.tokens.txt",DadaGP,Words:2/5,"B/Bach, Johann Sebastian/Bach, Johann Sebastian - Bach Suite N0 1 BWV 1007Doig.gp4.tokens.txt"
"J.S. Bach - Suite, BWV 996: i. Praeludio","B/Bach, Johann Sebastian/Bach, Johann Sebastian - Bwv 996 N-1 Suite PrCdule Presto.gp4.tokens.txt",DadaGP,Num:{'996'},"B/Bach, Johann Sebastian/Bach, Johann Sebastian - Bwv 996 N-1 Suite PrCdule Presto.gp4.tokens.txt"
"J.S. Bach - Suite, BWV 996: i. Praeludio","B/Bach, Johann Sebastian/Bach, Johann Sebastian - Gavotte en Rondeau (from lute suite 4) BWV 1006a.gp3.tokens.txt",DadaGP,Words:2/5,"B/Bach, Johann Sebastian/Bach, Johann Sebastian - Gavotte en Rondeau (from lute suite 4) BWV 1006a.gp3.tokens.txt"
"J.S. Bach - Suite, BWV 996: i. Praeludio","B/Bach, Johann Sebastian/Bach, Johann Sebastian - Sarabande (From Cello Suite I [BWV 1007]).gp4.tokens.txt",DadaGP,Words:3/5,"B/Bach, Johann Sebastian/Bach, Johann Sebastian - Sarabande (From Cello Suite I [BWV 1007]).gp4.tokens.txt"
"J.S. Bach - Suite, BWV 996: i. Praeludio","B/Bach, Johann Sebastian/Bach, Johann Sebastian - Suite No 1 BWV 1007.gp3.tokens.txt",DadaGP,Words:2/5,"B/Bach, Johann Sebastian/Bach, Johann Sebastian - Suite No 1 BWV 1007.gp3.tokens.txt"
"J.S. Bach - Suite, BWV 996: ii.  Allemande","B/Bach, Johann Sebastian/Bach, Johann Sebastian - Bach Suite N0 1 BWV 1007Doig.gp4.tokens.txt",DadaGP,Words:2/5,"B/Bach, Johann Sebastian/Bach, Johann Sebastian - Bach Suite N0 1 BWV 1007Doig.gp4.tokens.txt"
"J.S. Bach - Suite, BWV 996: ii.  Allemande","B/Bach, Johann Sebastian/Bach, Johann Sebastian - Bwv 996 N-1 Suite PrCdule Presto.gp4.tokens.txt",DadaGP,Num:{'996'},"B/Bach, Johann Sebastian/Bach, Johann Sebastian - Bwv 996 N-1 Suite PrCdule Presto.gp4.tokens.txt"
"J.S. Bach - Suite, BWV 996: ii.  Allemande","B/Bach, Johann Sebastian/Bach, Johann Sebastian - Gavotte en Rondeau (from lute suite 4) BWV 1006a.gp3.tokens.txt",DadaGP,Words:2/5,"B/Bach, Johann Sebastian/Bach, Johann Sebastian - Gavotte en Rondeau (from lute suite 4) BWV 1006a.gp3.tokens.txt"
"J.S. Bach - Suite, BWV 996: ii.  Allemande","B/Bach, Johann Sebastian/Bach, Johann Sebastian - Sarabande (From Cello Suite I [BWV 1007]).gp4.tokens.txt",DadaGP,Words:2/5,"B/Bach, Johann Sebastian/Bach, Johann Sebastian - Sarabande (From Cello Suite I [BWV 1007]).gp4.tokens.txt"
"J.S. Bach - Suite, BWV 996: ii.  Allemande","B/Bach, Johann Sebastian/Bach, Johann Sebastian - Suite No 1 BWV 1007.gp3.tokens.txt",DadaGP,Words:2/5,"B/Bach, Johann Sebastian/Bach, Johann Sebastian - Suite No 1 BWV 1007.gp3.tokens.txt"
"J.S. Bach - Suite, BWV 996: iii. Courante","B/Bach, Johann Sebastian/Bach, Johann Sebastian - Bach Suite N0 1 BWV 1007Doig.gp4.tokens.txt",DadaGP,Words:2/5,"B/Bach, Johann Sebastian/Bach, Johann Sebastian - Bach Suite N0 1 BWV 1007Doig.gp4.tokens.txt"
"J.S. Bach - Suite, BWV 996: iii. Courante","B/Bach, Johann Sebastian/Bach, Johann Sebastian - Bouree Cello Suite III.gp3.tokens.txt",DadaGP,Words:2/5,"B/Bach, Johann Sebastian/Bach, Johann Sebastian - Bouree Cello Suite III.gp3.tokens.txt"
"J.S. Bach - Suite, BWV 996: iii. Courante","B/Bach, Johann Sebastian/Bach, Johann Sebastian - Bwv 996 N-1 Suite PrCdule Presto.gp4.tokens.txt",DadaGP,Num:{'996'},"B/Bach, Johann Sebastian/Bach, Johann Sebastian - Bwv 996 N-1 Suite PrCdule Presto.gp4.tokens.txt"
"J.S. Bach - Suite, BWV 996: iii. Courante","B/Bach, Johann Sebastian/Bach, Johann Sebastian - Gavotte en Rondeau (from lute suite 4) BWV 1006a.gp3.tokens.txt",DadaGP,Words:2/5,"B/Bach, Johann Sebastian/Bach, Johann Sebastian - Gavotte en Rondeau (from lute suite 4) BWV 1006a.gp3.tokens.txt"
"J.S. Bach - Suite, BWV 996: iii. Courante","B/Bach, Johann Sebastian/Bach, Johann Sebastian - Sarabande (From Cello Suite I [BWV 1007]).gp4.tokens.txt",DadaGP,Words:2/5,"B/Bach, Johann Sebastian/Bach, Johann Sebastian - Sarabande (From Cello Suite I [BWV 1007]).gp4.tokens.txt"
"J.S. Bach - Suite, BWV 996: iii. Courante","B/Bach, Johann Sebastian/Bach, Johann Sebastian - Suite No 1 BWV 1007.gp3.tokens.txt",DadaGP,Words:2/5,"B/Bach, Johann Sebastian/Bach, Johann Sebastian - Suite No 1 BWV 1007.gp3.tokens.txt"
"J.S. Bach - Suite, BWV 996: iv. Sarabande","B/Bach, Johann Sebastian/Bach, Johann Sebastian - Bach Suite N0 1 BWV 1007Doig.gp4.tokens.txt",DadaGP,Words:2/5,"B/Bach, Johann Sebastian/Bach, Johann Sebastian - Bach Suite N0 1 BWV 1007Doig.gp4.tokens.txt"
"J.S. Bach - Suite, BWV 996: iv. Sarabande","B/Bach, Johann Sebastian/Bach, Johann Sebastian - Bwv 996 N-1 Suite PrCdule Presto.gp4.tokens.txt",DadaGP,Num:{'996'},"B/Bach, Johann Sebastian/Bach, Johann Sebastian - Bwv 996 N-1 Suite PrCdule Presto.gp4.tokens.txt"
"J.S. Bach - Suite, BWV 996: iv. Sarabande","B/Bach, Johann Sebastian/Bach, Johann Sebastian - Gavotte en Rondeau (from lute suite 4) BWV 1006a.gp3.tokens.txt",DadaGP,Words:2/5,"B/Bach, Johann Sebastian/Bach, Johann Sebastian - Gavotte en Rondeau (from lute suite 4) BWV 1006a.gp3.tokens.txt"
"J.S. Bach - Suite, BWV 996: iv. Sarabande","B/Bach, Johann Sebastian/Bach, Johann Sebastian - Sarabande (From Cello Suite I [BWV 1007]).gp4.tokens.txt",DadaGP,Words:3/5,"B/Bach, Johann Sebastian/Bach, Johann Sebastian - Sarabande (From Cello Suite I [BWV 1007]).gp4.tokens.txt"
"J.S. Bach - Suite, BWV 996: iv. Sarabande","B/Bach, Johann Sebastian/Bach, Johann Sebastian - Sarabande - Bwv 1002.gp4.tokens.txt",DadaGP,Words:2/5,"B/Bach, Johann Sebastian/Bach, Johann Sebastian - Sarabande - Bwv 1002.gp4.tokens.txt"
"J.S. Bach - Suite, BWV 996: iv. Sarabande","B/Bach, Johann Sebastian/Bach, Johann Sebastian - Sarabande - Bwv 997.gp4.tokens.txt",DadaGP,Words:2/5,"B/Bach, Johann Sebastian/Bach, Johann Sebastian - Sarabande - Bwv 997.gp4.tokens.txt"
"J.S. Bach - Suite, BWV 996: iv. Sarabande","B/Bach, Johann Sebastian/Bach, Johann Sebastian - Suite No 1 BWV 1007.gp3.tokens.txt",DadaGP,Words:2/5,"B/Bach, Johann Sebastian/Bach, Johann Sebastian - Suite No 1 BWV 1007.gp3.tokens.txt"
"J.S. Bach - Suite, BWV 996: v. Bouree","B/Bach, Johann Sebastian/Bach, Johann Sebastian - Bach Suite N0 1 BWV 1007Doig.gp4.tokens.txt",DadaGP,Words:2/5,"B/Bach, Johann Sebastian/Bach, Johann Sebastian - Bach Suite N0 1 BWV 1007Doig.gp4.tokens.txt"
"J.S. Bach - Suite, BWV 996: v. Bouree","B/Bach, Johann Sebastian/Bach, Johann Sebastian - Bouree (From Lute suite no. 1 in E minor).gp4.tokens.txt",DadaGP,Words:2/5,"B/Bach, Johann Sebastian/Bach, Johann Sebastian - Bouree (From Lute suite no. 1 in E minor).gp4.tokens.txt"
"J.S. Bach - Suite, BWV 996: v. Bouree","B/Bach, Johann Sebastian/Bach, Johann Sebastian - Bouree Cello Suite III.gp3.tokens.txt",DadaGP,Words:2/5,"B/Bach, Johann Sebastian/Bach, Johann Sebastian - Bouree Cello Suite III.gp3.tokens.txt"
"J.S. Bach - Suite, BWV 996: v. Bouree","B/Bach, Johann Sebastian/Bach, Johann Sebastian - Bwv 996 N-1 Suite PrCdule Presto.gp4.tokens.txt",DadaGP,Num:{'996'},"B/Bach, Johann Sebastian/Bach, Johann Sebastian - Bwv 996 N-1 Suite PrCdule Presto.gp4.tokens.txt"
"J.S. Bach - Suite, BWV 996: v. Bouree","B/Bach, Johann Sebastian/Bach, Johann Sebastian - Gavotte en Rondeau (from lute suite 4) BWV 1006a.gp3.tokens.txt",DadaGP,Words:2/5,"B/Bach, Johann Sebastian/Bach, Johann Sebastian - Gavotte en Rondeau (from lute suite 4) BWV 1006a.gp3.tokens.txt"
"J.S. Bach - Suite, BWV 996: v. Bouree","B/Bach, Johann Sebastian/Bach, Johann Sebastian - Sarabande (From Cello Suite I [BWV 1007]).gp4.tokens.txt",DadaGP,Words:2/5,"B/Bach, Johann Sebastian/Bach, Johann Sebastian - Sarabande (From Cello Suite I [BWV 1007]).gp4.tokens.txt"
"J.S. Bach - Suite, BWV 996: v. Bouree","B/Bach, Johann Sebastian/Bach, Johann Sebastian - Suite No 1 BWV 1007.gp3.tokens.txt",DadaGP,Words:2/5,"B/Bach, Johann Sebastian/Bach, Johann Sebastian - Suite No 1 BWV 1007.gp3.tokens.txt"
"J.S. Bach - Suite, BWV 996: vi. Gigue","B/Bach, Johann Sebastian/Bach, Johann Sebastian - Bach Suite N0 1 BWV 1007Doig.gp4.tokens.txt",DadaGP,Words:2/5,"B/Bach, Johann Sebastian/Bach, Johann Sebastian - Bach Suite N0 1 BWV 1007Doig.gp4.tokens.txt"
"J.S. Bach - Suite, BWV 996: vi. Gigue","B/Bach, Johann Sebastian/Bach, Johann Sebastian - Bwv 996 N-1 Suite PrCdule Presto.gp4.tokens.txt",DadaGP,Num:{'996'},"B/Bach, Johann Sebastian/Bach, Johann Sebastian - Bwv 996 N-1 Suite PrCdule Presto.gp4.tokens.txt"
"J.S. Bach - Suite, BWV 996: vi. Gigue","B/Bach, Johann Sebastian/Bach, Johann Sebastian - Gavotte en Rondeau (from lute suite 4) BWV 1006a.gp3.tokens.txt",DadaGP,Words:2/5,"B/Bach, Johann Sebastian/Bach, Johann Sebastian - Gavotte en Rondeau (from lute suite 4) BWV 1006a.gp3.tokens.txt"
"J.S. Bach - Suite, BWV 996: vi. Gigue","B/Bach, Johann Sebastian/Bach, Johann Sebastian - Gigue (From Lute Suite No. 2).gp4.tokens.txt",DadaGP,Words:2/5,"B/Bach, Johann Sebastian/Bach, Johann Sebastian - Gigue (From Lute Suite No. 2).gp4.tokens.txt"
"J.S. Bach - Suite, BWV 996: vi. Gigue","B/Bach, Johann Sebastian/Bach, Johann Sebastian - Sarabande (From Cello Suite I [BWV 1007]).gp4.tokens.txt",DadaGP,Words:2/5,"B/Bach, Johann Sebastian/Bach, Johann Sebastian - Sarabande (From Cello Suite I [BWV 1007]).gp4.tokens.txt"
"J.S. Bach - Suite, BWV 996: vi. Gigue","B/Bach, Johann Sebastian/Bach, Johann Sebastian - Suite No 1 BWV 1007.gp3.tokens.txt",DadaGP,Words:2/5,"B/Bach, Johann Sebastian/Bach, Johann Sebastian - Suite No 1 BWV 1007.gp3.tokens.txt"
"J.S. Bach - Suite, BWV 997: i. Praeludio","B/Bach, Johann Sebastian/Bach, Johann Sebastian - Bach Suite N0 1 BWV 1007Doig.gp4.tokens.txt",DadaGP,Words:2/5,"B/Bach, Johann Sebastian/Bach, Johann Sebastian - Bach Suite N0 1 BWV 1007Doig.gp4.tokens.txt"
"J.S. Bach - Suite, BWV 997: i. Praeludio","B/Bach, Johann Sebastian/Bach, Johann Sebastian - Bwv 996 N-1 Suite PrCdule Presto.gp4.tokens.txt",DadaGP,Words:2/5,"B/Bach, Johann Sebastian/Bach, Johann Sebastian - Bwv 996 N-1 Suite PrCdule Presto.gp4.tokens.txt"
"J.S. Bach - Suite, BWV 997: i. Praeludio","B/Bach, Johann Sebastian/Bach, Johann Sebastian - Gavotte en Rondeau (from lute suite 4) BWV 1006a.gp3.tokens.txt",DadaGP,Words:2/5,"B/Bach, Johann Sebastian/Bach, Johann Sebastian - Gavotte en Rondeau (from lute suite 4) BWV 1006a.gp3.tokens.txt"
"J.S. Bach - Suite, BWV 997: i. Praeludio","B/Bach, Johann Sebastian/Bach, Johann Sebastian - Sarabande (From Cello Suite I [BWV 1007]).gp4.tokens.txt",DadaGP,Words:3/5,"B/Bach, Johann Sebastian/Bach, Johann Sebastian - Sarabande (From Cello Suite I [BWV 1007]).gp4.tokens.txt"
"J.S. Bach - Suite, BWV 997: i. Praeludio","B/Bach, Johann Sebastian/Bach, Johann Sebastian - Sarabande - Bwv 997.gp4.tokens.txt",DadaGP,Num:{'997'},"B/Bach, Johann Sebastian/Bach, Johann Sebastian - Sarabande - Bwv 997.gp4.tokens.txt"
"J.S. Bach - Suite, BWV 997: i. Praeludio","B/Bach, Johann Sebastian/Bach, Johann Sebastian - Suite No 1 BWV 1007.gp3.tokens.txt",DadaGP,Words:2/5,"B/Bach, Johann Sebastian/Bach, Johann Sebastian - Suite No 1 BWV 1007.gp3.tokens.txt"
"J.S. Bach - Suite, BWV 997: ii. Fuga","B/Bach, Johann Sebastian/Bach, Johann Sebastian - Bach Suite N0 1 BWV 1007Doig.gp4.tokens.txt",DadaGP,Words:2/5,"B/Bach, Johann Sebastian/Bach, Johann Sebastian - Bach Suite N0 1 BWV 1007Doig.gp4.tokens.txt"
"J.S. Bach - Suite, BWV 997: ii. Fuga","B/Bach, Johann Sebastian/Bach, Johann Sebastian - Bwv 996 N-1 Suite PrCdule Presto.gp4.tokens.txt",DadaGP,Words:2/5,"B/Bach, Johann Sebastian/Bach, Johann Sebastian - Bwv 996 N-1 Suite PrCdule Presto.gp4.tokens.txt"
"J.S. Bach - Suite, BWV 997: ii. Fuga","B/Bach, Johann Sebastian/Bach, Johann Sebastian - Gavotte en Rondeau (from lute suite 4) BWV 1006a.gp3.tokens.txt",DadaGP,Words:2/5,"B/Bach, Johann Sebastian/Bach, Johann Sebastian - Gavotte en Rondeau (from lute suite 4) BWV 1006a.gp3.tokens.txt"
"J.S. Bach - Suite, BWV 997: ii. Fuga","B/Bach, Johann Sebastian/Bach, Johann Sebastian - Sarabande (From Cello Suite I [BWV 1007]).gp4.tokens.txt",DadaGP,Words:2/5,"B/Bach, Johann Sebastian/Bach, Johann Sebastian - Sarabande (From Cello Suite I [BWV 1007]).gp4.tokens.txt"
"J.S. Bach - Suite, BWV 997: ii. Fuga","B/Bach, Johann Sebastian/Bach, Johann Sebastian - Sarabande - Bwv 997.gp4.tokens.txt",DadaGP,Num:{'997'},"B/Bach, Johann Sebastian/Bach, Johann Sebastian - Sarabande - Bwv 997.gp4.tokens.txt"
"J.S. Bach - Suite, BWV 997: ii. Fuga","B/Bach, Johann Sebastian/Bach, Johann Sebastian - Suite No 1 BWV 1007.gp3.tokens.txt",DadaGP,Words:2/5,"B/Bach, Johann Sebastian/Bach, Johann Sebastian - Suite No 1 BWV 1007.gp3.tokens.txt"
"J.S. Bach - Suite, BWV 997: iii. Sarabande","B/Bach, Johann Sebastian/Bach, Johann Sebastian - Bach Suite N0 1 BWV 1007Doig.gp4.tokens.txt",DadaGP,Words:2/5,"B/Bach, Johann Sebastian/Bach, Johann Sebastian - Bach Suite N0 1 BWV 1007Doig.gp4.tokens.txt"
"J.S. Bach - Suite, BWV 997: iii. Sarabande","B/Bach, Johann Sebastian/Bach, Johann Sebastian - Bouree Cello Suite III.gp3.tokens.txt",DadaGP,Words:2/5,"B/Bach, Johann Sebastian/Bach, Johann Sebastian - Bouree Cello Suite III.gp3.tokens.txt"
"J.S. Bach - Suite, BWV 997: iii. Sarabande","B/Bach, Johann Sebastian/Bach, Johann Sebastian - Bwv 996 N-1 Suite PrCdule Presto.gp4.tokens.txt",DadaGP,Words:2/5,"B/Bach, Johann Sebastian/Bach, Johann Sebastian - Bwv 996 N-1 Suite PrCdule Presto.gp4.tokens.txt"
"J.S. Bach - Suite, BWV 997: iii. Sarabande","B/Bach, Johann Sebastian/Bach, Johann Sebastian - Gavotte en Rondeau (from lute suite 4) BWV 1006a.gp3.tokens.txt",DadaGP,Words:2/5,"B/Bach, Johann Sebastian/Bach, Johann Sebastian - Gavotte en Rondeau (from lute suite 4) BWV 1006a.gp3.tokens.txt"
"J.S. Bach - Suite, BWV 997: iii. Sarabande","B/Bach, Johann Sebastian/Bach, Johann Sebastian - Sarabande (From Cello Suite I [BWV 1007]).gp4.tokens.txt",DadaGP,Words:3/5,"B/Bach, Johann Sebastian/Bach, Johann Sebastian - Sarabande (From Cello Suite I [BWV 1007]).gp4.tokens.txt"
"J.S. Bach - Suite, BWV 997: iii. Sarabande","B/Bach, Johann Sebastian/Bach, Johann Sebastian - Sarabande - Bwv 1002.gp4.tokens.txt",DadaGP,Words:2/5,"B/Bach, Johann Sebastian/Bach, Johann Sebastian - Sarabande - Bwv 1002.gp4.tokens.txt"
"J.S. Bach - Suite, BWV 997: iii. Sarabande","B/Bach, Johann Sebastian/Bach, Johann Sebastian - Sarabande - Bwv 997.gp4.tokens.txt",DadaGP,Num:{'997'},"B/Bach, Johann Sebastian/Bach, Johann Sebastian - Sarabande - Bwv 997.gp4.tokens.txt"
"J.S. Bach - Suite, BWV 997: iii. Sarabande","B/Bach, Johann Sebastian/Bach, Johann Sebastian - Suite No 1 BWV 1007.gp3.tokens.txt",DadaGP,Words:2/5,"B/Bach, Johann Sebastian/Bach, Johann Sebastian - Suite No 1 BWV 1007.gp3.tokens.txt"
"J.S. Bach - Suite, BWV 997: iv. Gigue","B/Bach, Johann Sebastian/Bach, Johann Sebastian - Bach Suite N0 1 BWV 1007Doig.gp4.tokens.txt",DadaGP,Words:2/5,"B/Bach, Johann Sebastian/Bach, Johann Sebastian - Bach Suite N0 1 BWV 1007Doig.gp4.tokens.txt"
"J.S. Bach - Suite, BWV 997: iv. Gigue","B/Bach, Johann Sebastian/Bach, Johann Sebastian - Bwv 996 N-1 Suite PrCdule Presto.gp4.tokens.txt",DadaGP,Words:2/5,"B/Bach, Johann Sebastian/Bach, Johann Sebastian - Bwv 996 N-1 Suite PrCdule Presto.gp4.tokens.txt"
"J.S. Bach - Suite, BWV 997: iv. Gigue","B/Bach, Johann Sebastian/Bach, Johann Sebastian - Gavotte en Rondeau (from lute suite 4) BWV 1006a.gp3.tokens.txt",DadaGP,Words:2/5,"B/Bach, Johann Sebastian/Bach, Johann Sebastian - Gavotte en Rondeau (from lute suite 4) BWV 1006a.gp3.tokens.txt"
"J.S. Bach - Suite, BWV 997: iv. Gigue","B/Bach, Johann Sebastian/Bach, Johann Sebastian - Gigue (From Lute Suite No. 2).gp4.tokens.txt",DadaGP,Words:2/5,"B/Bach, Johann Sebastian/Bach, Johann Sebastian - Gigue (From Lute Suite No. 2).gp4.tokens.txt"
"J.S. Bach - Suite, BWV 997: iv. Gigue","B/Bach, Johann Sebastian/Bach, Johann Sebastian - Sarabande (From Cello Suite I [BWV 1007]).gp4.tokens.txt",DadaGP,Words:2/5,"B/Bach, Johann Sebastian/Bach, Johann Sebastian - Sarabande (From Cello Suite I [BWV 1007]).gp4.tokens.txt"
"J.S. Bach - Suite, BWV 997: iv. Gigue","B/Bach, Johann Sebastian/Bach, Johann Sebastian - Sarabande - Bwv 997.gp4.tokens.txt",DadaGP,Num:{'997'},"B/Bach, Johann Sebastian/Bach, Johann Sebastian - Sarabande - Bwv 997.gp4.tokens.txt"
"J.S. Bach - Suite, BWV 997: iv. Gigue","B/Bach, Johann Sebastian/Bach, Johann Sebastian - Suite No 1 BWV 1007.gp3.tokens.txt",DadaGP,Words:2/5,"B/Bach, Johann Sebastian/Bach, Johann Sebastian - Suite No 1 BWV 1007.gp3.tokens.txt"
"J.S. Bach - Suite, BWV 997: v. Double","B/Bach, Johann Sebastian/Bach, Johann Sebastian - Bach Suite N0 1 BWV 1007Doig.gp4.tokens.txt",DadaGP,Words:2/5,"B/Bach, Johann Sebastian/Bach, Johann Sebastian - Bach Suite N0 1 BWV 1007Doig.gp4.tokens.txt"
"J.S. Bach - Suite, BWV 997: v. Double","B/Bach, Johann Sebastian/Bach, Johann Sebastian - Bwv 996 N-1 Suite PrCdule Presto.gp4.tokens.txt",DadaGP,Words:2/5,"B/Bach, Johann Sebastian/Bach, Johann Sebastian - Bwv 996 N-1 Suite PrCdule Presto.gp4.tokens.txt"
"J.S. Bach - Suite, BWV 997: v. Double","B/Bach, Johann Sebastian/Bach, Johann Sebastian - Gavotte en Rondeau (from lute suite 4) BWV 1006a.gp3.tokens.txt",DadaGP,Words:2/5,"B/Bach, Johann Sebastian/Bach, Johann Sebastian - Gavotte en Rondeau (from lute suite 4) BWV 1006a.gp3.tokens.txt"
"J.S. Bach - Suite, BWV 997: v. Double","B/Bach, Johann Sebastian/Bach, Johann Sebastian - Sarabande (From Cello Suite I [BWV 1007]).gp4.tokens.txt",DadaGP,Words:2/5,"B/Bach, Johann Sebastian/Bach, Johann Sebastian - Sarabande (From Cello Suite I [BWV 1007]).gp4.tokens.txt"
"J.S. Bach - Suite, BWV 997: v. Double","B/Bach, Johann Sebastian/Bach, Johann Sebastian - Sarabande - Bwv 997.gp4.tokens.txt",DadaGP,Num:{'997'},"B/Bach, Johann Sebastian/Bach, Johann Sebastian - Sarabande - Bwv 997.gp4.tokens.txt"
"J.S. Bach - Suite, BWV 997: v. Double","B/Bach, Johann Sebastian/Bach, Johann Sebastian - Suite No 1 BWV 1007.gp3.tokens.txt",DadaGP,Words:2/5,"B/Bach, Johann Sebastian/Bach, Johann Sebastian - Suite No 1 BWV 1007.gp3.tokens.txt"
Francisco Tarrega - Suneo (Mazurka),"T/Tarrega, Francisco/Tarrega, Francisco - Mazurka (2).gp4.tokens.txt",DadaGP,Words:1/2,"T/Tarrega, Francisco/Tarrega, Francisco - Mazurka (2).gp4.tokens.txt"
Francisco Tarrega - Suneo (Mazurka),"T/Tarrega, Francisco/Tarrega, Francisco - Mazurka.gp3.tokens.txt",DadaGP,Words:1/2,"T/Tarrega, Francisco/Tarrega, Francisco - Mazurka.gp3.tokens.txt"
Agustin Barrios Mangore - Tango No. 2,"B/Barrios, Agustin/Barrios, Agustin - La Catedral (2).gp3.tokens.txt",DadaGP,Num:{'2'},"B/Barrios, Agustin/Barrios, Agustin - La Catedral (2).gp3.tokens.txt"
Agustin Barrios Mandore - Tango No. 2,"B/Barrios, Agustin/Barrios, Agustin - La Catedral (2).gp3.tokens.txt",DadaGP,Num:{'2'},"B/Barrios, Agustin/Barrios, Agustin - La Catedral (2).gp3.tokens.txt"
"J.S. Bach - Tempo di Bouree (from Partita #1 for Violin, BWV 1002)","B/Bach, Johann Sebastian/Bach, Johann Sebastian - Bach Suite N0 1 BWV 1007Doig.gp4.tokens.txt",DadaGP,Num:{'1'},"B/Bach, Johann Sebastian/Bach, Johann Sebastian - Bach Suite N0 1 BWV 1007Doig.gp4.tokens.txt"
"J.S. Bach - Tempo di Bouree (from Partita #1 for Violin, BWV 1002)","B/Bach, Johann Sebastian/Bach, Johann Sebastian - Bouree (From Lute suite no. 1 in E minor).gp4.tokens.txt",DadaGP,Num:{'1'},"B/Bach, Johann Sebastian/Bach, Johann Sebastian - Bouree (From Lute suite no. 1 in E minor).gp4.tokens.txt"
"J.S. Bach - Tempo di Bouree (from Partita #1 for Violin, BWV 1002)","B/Bach, Johann Sebastian/Bach, Johann Sebastian - Bwv 996 N-1 Suite PrCdule Presto.gp4.tokens.txt",DadaGP,Num:{'1'},"B/Bach, Johann Sebastian/Bach, Johann Sebastian - Bwv 996 N-1 Suite PrCdule Presto.gp4.tokens.txt"
"J.S. Bach - Tempo di Bouree (from Partita #1 for Violin, BWV 1002)","B/Bach, Johann Sebastian/Bach, Johann Sebastian - Cello Suite 1 (2).gp4.tokens.txt",DadaGP,Num:{'1'},"B/Bach, Johann Sebastian/Bach, Johann Sebastian - Cello Suite 1 (2).gp4.tokens.txt"
"J.S. Bach - Tempo di Bouree (from Partita #1 for Violin, BWV 1002)","B/Bach, Johann Sebastian/Bach, Johann Sebastian - Cello Suite 1.gp3.tokens.txt",DadaGP,Num:{'1'},"B/Bach, Johann Sebastian/Bach, Johann Sebastian - Cello Suite 1.gp3.tokens.txt"
"J.S. Bach - Tempo di Bouree (from Partita #1 for Violin, BWV 1002)","B/Bach, Johann Sebastian/Bach, Johann Sebastian - Chello 1.gp3.tokens.txt",DadaGP,Num:{'1'},"B/Bach, Johann Sebastian/Bach, Johann Sebastian - Chello 1.gp3.tokens.txt"
"J.S. Bach - Tempo di Bouree (from Partita #1 for Violin, BWV 1002)","B/Bach, Johann Sebastian/Bach, Johann Sebastian - Gavotte 1 & 2.gp3.tokens.txt",DadaGP,Num:{'1'},"B/Bach, Johann Sebastian/Bach, Johann Sebastian - Gavotte 1 & 2.gp3.tokens.txt"
"J.S. Bach - Tempo di Bouree (from Partita #1 for Violin, BWV 1002)","B/Bach, Johann Sebastian/Bach, Johann Sebastian - Goldberg Variations 1.gp3.tokens.txt",DadaGP,Num:{'1'},"B/Bach, Johann Sebastian/Bach, Johann Sebastian - Goldberg Variations 1.gp3.tokens.txt"
"J.S. Bach - Tempo di Bouree (from Partita #1 for Violin, BWV 1002)","B/Bach, Johann Sebastian/Bach, Johann Sebastian - Invention N-4 part 1.gp3.tokens.txt",DadaGP,Num:{'1'},"B/Bach, Johann Sebastian/Bach, Johann Sebastian - Invention N-4 part 1.gp3.tokens.txt"
"J.S. Bach - Tempo di Bouree (from Partita #1 for Violin, BWV 1002)","B/Bach, Johann Sebastian/Bach, Johann Sebastian - Invention No. 1.gp4.tokens.txt",DadaGP,Num:{'1'},"B/Bach, Johann Sebastian/Bach, Johann Sebastian - Invention No. 1.gp4.tokens.txt"
"J.S. Bach - Tempo di Bouree (from Partita #1 for Violin, BWV 1002)","B/Bach, Johann Sebastian/Bach, Johann Sebastian - Invenzione a Due Voci - For 1st through 7th position..gp3.tokens.txt",DadaGP,Num:{'1'},"B/Bach, Johann Sebastian/Bach, Johann Sebastian - Invenzione a Due Voci - For 1st through 7th position..gp3.tokens.txt"
"J.S. Bach - Tempo di Bouree (from Partita #1 for Violin, BWV 1002)","B/Bach, Johann Sebastian/Bach, Johann Sebastian - Minuet #2, Cellosuite #1.gp4.tokens.txt",DadaGP,Num:{'1'},"B/Bach, Johann Sebastian/Bach, Johann Sebastian - Minuet #2, Cellosuite #1.gp4.tokens.txt"
"J.S. Bach - Tempo di Bouree (from Partita #1 for Violin, BWV 1002)","B/Bach, Johann Sebastian/Bach, Johann Sebastian - Minuetto (part 1).gp3.tokens.txt",DadaGP,Num:{'1'},"B/Bach, Johann Sebastian/Bach, Johann Sebastian - Minuetto (part 1).gp3.tokens.txt"
"J.S. Bach - Tempo di Bouree (from Partita #1 for Violin, BWV 1002)","B/Bach, Johann Sebastian/Bach, Johann Sebastian - PrCluddega from Suit N-1.gp3.tokens.txt",DadaGP,Num:{'1'},"B/Bach, Johann Sebastian/Bach, Johann Sebastian - PrCluddega from Suit N-1.gp3.tokens.txt"
"J.S. Bach - Tempo di Bouree (from Partita #1 for Violin, BWV 1002)","B/Bach, Johann Sebastian/Bach, Johann Sebastian - PrClude n-1.gp3.tokens.txt",DadaGP,Num:{'1'},"B/Bach, Johann Sebastian/Bach, Johann Sebastian - PrClude n-1.gp3.tokens.txt"
"J.S. Bach - Tempo di Bouree (from Partita #1 for Violin, BWV 1002)","B/Bach, Johann Sebastian/Bach, Johann Sebastian - Prelude N 1.gp4.tokens.txt",DadaGP,Num:{'1'},"B/Bach, Johann Sebastian/Bach, Johann Sebastian - Prelude N 1.gp4.tokens.txt"
"J.S. Bach - Tempo di Bouree (from Partita #1 for Violin, BWV 1002)","B/Bach, Johann Sebastian/Bach, Johann Sebastian - Prelude N-1 En Do Majeur Du Clavier Bien Tempere.gp4.tokens.txt",DadaGP,Num:{'1'},"B/Bach, Johann Sebastian/Bach, Johann Sebastian - Prelude N-1 En Do Majeur Du Clavier Bien Tempere.gp4.tokens.txt"
"J.S. Bach - Tempo di Bouree (from Partita #1 for Violin, BWV 1002)","B/Bach, Johann Sebastian/Bach, Johann Sebastian - Prelude No.1 In C Major.gp4.tokens.txt",DadaGP,Num:{'1'},"B/Bach, Johann Sebastian/Bach, Johann Sebastian - Prelude No.1 In C Major.gp4.tokens.txt"
"J.S. Bach - Tempo di Bouree (from Partita #1 for Violin, BWV 1002)","B/Bach, Johann Sebastian/Bach, Johann Sebastian - Prelude from Suite #1 in D Major.gp3.tokens.txt",DadaGP,Num:{'1'},"B/Bach, Johann Sebastian/Bach, Johann Sebastian - Prelude from Suite #1 in D Major.gp3.tokens.txt"
"J.S. Bach - Tempo di Bouree (from Partita #1 for Violin, BWV 1002)","B/Bach, Johann Sebastian/Bach, Johann Sebastian - Sarabande - Bwv 1002.gp4.tokens.txt",DadaGP,Num:{'1002'},"B/Bach, Johann Sebastian/Bach, Johann Sebastian - Sarabande - Bwv 1002.gp4.tokens.txt"
"J.S. Bach - Tempo di Bouree (from Partita #1 for Violin, BWV 1002)","B/Bach, Johann Sebastian/Bach, Johann Sebastian - Sarabande from Partita in Bm for Violin.gp3.tokens.txt",DadaGP,Words:4/10,"B/Bach, Johann Sebastian/Bach, Johann Sebastian - Sarabande from Partita in Bm for Violin.gp3.tokens.txt"
"J.S. Bach - Tempo di Bouree (from Partita #1 for Violin, BWV 1002)","B/Bach, Johann Sebastian/Bach, Johann Sebastian - Suite #1 in G Major (Bass Solo).gp3.tokens.txt",DadaGP,Num:{'1'},"B/Bach, Johann Sebastian/Bach, Johann Sebastian - Suite #1 in G Major (Bass Solo).gp3.tokens.txt"
"J.S. Bach - Tempo di Bouree (from Partita #1 for Violin, BWV 1002)","B/Bach, Johann Sebastian/Bach, Johann Sebastian - Suite 1 in G Major (Bass Solo).gp3.tokens.txt",DadaGP,Num:{'1'},"B/Bach, Johann Sebastian/Bach, Johann Sebastian - Suite 1 in G Major (Bass Solo).gp3.tokens.txt"
"J.S. Bach - Tempo di Bouree (from Partita #1 for Violin, BWV 1002)","B/Bach, Johann Sebastian/Bach, Johann Sebastian - Suite No 1 BWV 1007.gp3.tokens.txt",DadaGP,Num:{'1'},"B/Bach, Johann Sebastian/Bach, Johann Sebastian - Suite No 1 BWV 1007.gp3.tokens.txt"
"J.S. Bach - Tempo di Bouree (from Partita #1 for Violin, BWV 1002)","B/Bach, Johann Sebastian/Bach, Johann Sebastian - Violin Sonata No 1 In Gm  Fugue Bwv 1001.gp4.tokens.txt",DadaGP,Num:{'1'},"B/Bach, Johann Sebastian/Bach, Johann Sebastian - Violin Sonata No 1 In Gm  Fugue Bwv 1001.gp4.tokens.txt"
Fernando Sor - Tempo di Minuetto; Op. 2 no. 1,"S/Sor, Fernando/Sor, Fernando - Estudio 1.gp3.tokens.txt",DadaGP,Num:{'1'},"S/Sor, Fernando/Sor, Fernando - Estudio 1.gp3.tokens.txt"
Fernando Sor - Tempo di Minuetto; Op. 2 no. 1,"S/Sor, Fernando/Sor, Fernando - Estudio 2.gp3.tokens.txt",DadaGP,Num:{'2'},"S/Sor, Fernando/Sor, Fernando - Estudio 2.gp3.tokens.txt"
Fernando Sor - Tempo di Minuetto; Op. 2 no. 1,"S/Sor, Fernando/Sor, Fernando - Estudio 2.gp4.tokens.txt",DadaGP,Num:{'2'},"S/Sor, Fernando/Sor, Fernando - Estudio 2.gp4.tokens.txt"
Fernando Sor - Tempo di Minuetto; Op. 2 no. 1,"S/Sor, Fernando/Sor, Fernando - Estudio 3 (Op. 6, No. 2).gp4.tokens.txt",DadaGP,Num:{'2'},"S/Sor, Fernando/Sor, Fernando - Estudio 3 (Op. 6, No. 2).gp4.tokens.txt"
Fernando Sor - Tempo di Minuetto; Op. 2 no. 1,"S/Sor, Fernando/Sor, Fernando - Nr.1 (Six Valses).gp4.tokens.txt",DadaGP,Num:{'1'},"S/Sor, Fernando/Sor, Fernando - Nr.1 (Six Valses).gp4.tokens.txt"
Fernando Sor - Tempo di Minuetto; Op. 2 no. 1,"S/Sor, Fernando/Sor, Fernando - Op. 31 - No 1 (Study In C Major).gp4.tokens.txt",DadaGP,Num:{'1'},"S/Sor, Fernando/Sor, Fernando - Op. 31 - No 1 (Study In C Major).gp4.tokens.txt"
Fernando Sor - Tempo di Minuetto; Op. 2 no. 1,"S/Sor, Fernando/Sor, Fernando - Op. 60 - No 1 (study In C Major).gp4.tokens.txt",DadaGP,Num:{'1'},"S/Sor, Fernando/Sor, Fernando - Op. 60 - No 1 (study In C Major).gp4.tokens.txt"
Fernando Sor - Tempo di Minuetto; Op. 2 no. 1,"S/Sor, Fernando/Sor, Fernando - Op. 60 - No 2 (study In C Major).gp4.tokens.txt",DadaGP,Num:{'2'},"S/Sor, Fernando/Sor, Fernando - Op. 60 - No 2 (study In C Major).gp4.tokens.txt"
Fernando Sor - Tempo di Minuetto; Op. 2 no. 4,"S/Sor, Fernando/Sor, Fernando - Encouragement Cantabile Op.34.gp4.tokens.txt",DadaGP,Num:{'4'},"S/Sor, Fernando/Sor, Fernando - Encouragement Cantabile Op.34.gp4.tokens.txt"
Fernando Sor - Tempo di Minuetto; Op. 2 no. 4,"S/Sor, Fernando/Sor, Fernando - Estudio 2.gp3.tokens.txt",DadaGP,Num:{'2'},"S/Sor, Fernando/Sor, Fernando - Estudio 2.gp3.tokens.txt"
Fernando Sor - Tempo di Minuetto; Op. 2 no. 4,"S/Sor, Fernando/Sor, Fernando - Estudio 2.gp4.tokens.txt",DadaGP,"Num:{'2', '4'}","S/Sor, Fernando/Sor, Fernando - Estudio 2.gp4.tokens.txt"
Fernando Sor - Tempo di Minuetto; Op. 2 no. 4,"S/Sor, Fernando/Sor, Fernando - Estudio 3 (Op. 6, No. 2).gp4.tokens.txt",DadaGP,"Num:{'2', '4'}","S/Sor, Fernando/Sor, Fernando - Estudio 3 (Op. 6, No. 2).gp4.tokens.txt"
Fernando Sor - Tempo di Minuetto; Op. 2 no. 4,"S/Sor, Fernando/Sor, Fernando - Estudio No. 10.gp4.tokens.txt",DadaGP,Num:{'4'},"S/Sor, Fernando/Sor, Fernando - Estudio No. 10.gp4.tokens.txt"
Fernando Sor - Tempo di Minuetto; Op. 2 no. 4,"S/Sor, Fernando/Sor, Fernando - Estudio No. 18.gp4.tokens.txt",DadaGP,Num:{'4'},"S/Sor, Fernando/Sor, Fernando - Estudio No. 18.gp4.tokens.txt"
Fernando Sor - Tempo di Minuetto; Op. 2 no. 4,"S/Sor, Fernando/Sor, Fernando - Estudio No. 3.gp4.tokens.txt",DadaGP,Num:{'4'},"S/Sor, Fernando/Sor, Fernando - Estudio No. 3.gp4.tokens.txt"
Fernando Sor - Tempo di Minuetto; Op. 2 no. 4,"S/Sor, Fernando/Sor, Fernando - Etude No 9, Opus 31.gp4.tokens.txt",DadaGP,Num:{'4'},"S/Sor, Fernando/Sor, Fernando - Etude No 9, Opus 31.gp4.tokens.txt"
Fernando Sor - Tempo di Minuetto; Op. 2 no. 4,"S/Sor, Fernando/Sor, Fernando - Etude No. 13.gp4.tokens.txt",DadaGP,Num:{'4'},"S/Sor, Fernando/Sor, Fernando - Etude No. 13.gp4.tokens.txt"
Fernando Sor - Tempo di Minuetto; Op. 2 no. 4,"S/Sor, Fernando/Sor, Fernando - Etude No. 9 Opus 35.gp4.tokens.txt",DadaGP,Num:{'4'},"S/Sor, Fernando/Sor, Fernando - Etude No. 9 Opus 35.gp4.tokens.txt"
Fernando Sor - Tempo di Minuetto; Op. 2 no. 4,"S/Sor, Fernando/Sor, Fernando - Op. 31 - No 1 (Study In C Major).gp4.tokens.txt",DadaGP,Num:{'4'},"S/Sor, Fernando/Sor, Fernando - Op. 31 - No 1 (Study In C Major).gp4.tokens.txt"
Fernando Sor - Tempo di Minuetto; Op. 2 no. 4,"S/Sor, Fernando/Sor, Fernando - Op. 44 - No 22 (study In A Minor).gp4.tokens.txt",DadaGP,Num:{'4'},"S/Sor, Fernando/Sor, Fernando - Op. 44 - No 22 (study In A Minor).gp4.tokens.txt"
Fernando Sor - Tempo di Minuetto; Op. 2 no. 4,"S/Sor, Fernando/Sor, Fernando - Op. 60 - No 1 (study In C Major).gp4.tokens.txt",DadaGP,Num:{'4'},"S/Sor, Fernando/Sor, Fernando - Op. 60 - No 1 (study In C Major).gp4.tokens.txt"
Fernando Sor - Tempo di Minuetto; Op. 2 no. 4,"S/Sor, Fernando/Sor, Fernando - Op. 60 - No 2 (study In C Major).gp4.tokens.txt",DadaGP,"Num:{'2', '4'}","S/Sor, Fernando/Sor, Fernando - Op. 60 - No 2 (study In C Major).gp4.tokens.txt"
Fernando Sor - Tempo di Minuetto; Op. 2 no. 4,"S/Sor, Fernando/Sor, Fernando - Op. 60 - No 5 (study In A Minor).gp4.tokens.txt",DadaGP,Num:{'4'},"S/Sor, Fernando/Sor, Fernando - Op. 60 - No 5 (study In A Minor).gp4.tokens.txt"
Fernando Sor - Tempo di Minuetto; Op. 2 no. 4,"S/Sor, Fernando/Sor, Fernando - Op. 60 - No 6 (study In A Minor).gp4.tokens.txt",DadaGP,Num:{'4'},"S/Sor, Fernando/Sor, Fernando - Op. 60 - No 6 (study In A Minor).gp4.tokens.txt"
Fernando Sor - Tempo di Minuetto; Op. 2 no. 4,"S/Sor, Fernando/Sor, Fernando - Sonate In C (Op.15B).gp4.tokens.txt",DadaGP,Num:{'4'},"S/Sor, Fernando/Sor, Fernando - Sonate In C (Op.15B).gp4.tokens.txt"
Fernando Sor - Tempo di Minuetto; Op. 2 no. 4,"S/Sor, Fernando/Sor, Fernando - Study No. 16.gp4.tokens.txt",DadaGP,Num:{'4'},"S/Sor, Fernando/Sor, Fernando - Study No. 16.gp4.tokens.txt"
Fernando Sor - Tempo di Minuetto; Op. 2 no. 4,"S/Sor, Fernando/Sor, Fernando - Study No. 19.gp4.tokens.txt",DadaGP,Num:{'4'},"S/Sor, Fernando/Sor, Fernando - Study No. 19.gp4.tokens.txt"
Fernando Sor - Tempo di Minuetto; Op. 2 no. 4,"S/Sor, Fernando/Sor, Fernando - Variations in Tremolo, From Op.21.gp4.tokens.txt",DadaGP,Num:{'4'},"S/Sor, Fernando/Sor, Fernando - Variations in Tremolo, From Op.21.gp4.tokens.txt"
Fernando Sor - Theme and Variation No. 1 (from Theme Varie),"S/Sor, Fernando/Sor, Fernando - Estudio 1.gp3.tokens.txt",DadaGP,Num:{'1'},"S/Sor, Fernando/Sor, Fernando - Estudio 1.gp3.tokens.txt"
Fernando Sor - Theme and Variation No. 1 (from Theme Varie),"S/Sor, Fernando/Sor, Fernando - Nr.1 (Six Valses).gp4.tokens.txt",DadaGP,Num:{'1'},"S/Sor, Fernando/Sor, Fernando - Nr.1 (Six Valses).gp4.tokens.txt"
Fernando Sor - Theme and Variation No. 1 (from Theme Varie),"S/Sor, Fernando/Sor, Fernando - Op. 31 - No 1 (Study In C Major).gp4.tokens.txt",DadaGP,Num:{'1'},"S/Sor, Fernando/Sor, Fernando - Op. 31 - No 1 (Study In C Major).gp4.tokens.txt"
Fernando Sor - Theme and Variation No. 1 (from Theme Varie),"S/Sor, Fernando/Sor, Fernando - Op. 60 - No 1 (study In C Major).gp4.tokens.txt",DadaGP,Num:{'1'},"S/Sor, Fernando/Sor, Fernando - Op. 60 - No 1 (study In C Major).gp4.tokens.txt"
"Agustin Barrios Mangore - Traumerei, Op. 15 no. 7","B/Barrios, Agustin/Barrios, Agustin - PrClude Op 5, No 1.gp3.tokens.txt",DadaGP,Words:2/5,"B/Barrios, Agustin/Barrios, Agustin - PrClude Op 5, No 1.gp3.tokens.txt"
"Agustin Barrios Mangore - Traumerei, Op. 15 no. 7","B/Barrios, Agustin/Barrios, Agustin - Prelude Op 5, No 1.gp4.tokens.txt",DadaGP,Words:2/5,"B/Barrios, Agustin/Barrios, Agustin - Prelude Op 5, No 1.gp4.tokens.txt"
"Agustin Barrios Mangore - Traumerei, Op. 15 no. 7","B/Barrios, Agustin/Barrios, Agustin - Waltz No.3 Op.8.gp4.tokens.txt",DadaGP,Words:2/5,"B/Barrios, Agustin/Barrios, Agustin - Waltz No.3 Op.8.gp4.tokens.txt"
Dionisio Aguado - Twenty-one Lessons: 14,"A/Aguado, Dionso/Aguado, Dionso - Andante nss 14.gp3.tokens.txt",DadaGP,Num:{'14'},"A/Aguado, Dionso/Aguado, Dionso - Andante nss 14.gp3.tokens.txt"
Dionisio Aguado - Twenty-one Lessons: 2,"A/Aguado, Dionso/Aguado, Dionso - Etude (2).gp3.tokens.txt",DadaGP,Num:{'2'},"A/Aguado, Dionso/Aguado, Dionso - Etude (2).gp3.tokens.txt"
Francisco Tarrega - Vals en Re,"T/Tarrega, Francisco/Tarrega, Francisco - Gran Vals en La (Grand Waltz in A).gp3.tokens.txt",DadaGP,Words:2/3,"T/Tarrega, Francisco/Tarrega, Francisco - Gran Vals en La (Grand Waltz in A).gp3.tokens.txt"
Agustin Barrios Mandore - Vals Tropical,"B/Barrios, Agustin/Barrios, Agustin - Contemplacion (Vals et Tremolo).gp3.tokens.txt",DadaGP,Words:1/2,"B/Barrios, Agustin/Barrios, Agustin - Contemplacion (Vals et Tremolo).gp3.tokens.txt"
"Agustin Barrios Mandore - Vals, Op. 8 no. 3","B/Barrios, Agustin/Barrios, Agustin - Contemplacion (Vals et Tremolo).gp3.tokens.txt",DadaGP,Num:{'3'},"B/Barrios, Agustin/Barrios, Agustin - Contemplacion (Vals et Tremolo).gp3.tokens.txt"
"Agustin Barrios Mandore - Vals, Op. 8 no. 3","B/Barrios, Agustin/Barrios, Agustin - La Catedral (3).gp3.tokens.txt",DadaGP,Num:{'3'},"B/Barrios, Agustin/Barrios, Agustin - La Catedral (3).gp3.tokens.txt"
"Agustin Barrios Mandore - Vals, Op. 8 no. 3","B/Barrios, Agustin/Barrios, Agustin - PrClude Op 5, No 1.gp3.tokens.txt",DadaGP,Num:{'3'},"B/Barrios, Agustin/Barrios, Agustin - PrClude Op 5, No 1.gp3.tokens.txt"
"Agustin Barrios Mandore - Vals, Op. 8 no. 3","B/Barrios, Agustin/Barrios, Agustin - Prelude Op 5, No 1.gp4.tokens.txt",DadaGP,Words:2/5,"B/Barrios, Agustin/Barrios, Agustin - Prelude Op 5, No 1.gp4.tokens.txt"
"Agustin Barrios Mandore - Vals, Op. 8 no. 3","B/Barrios, Agustin/Barrios, Agustin - Waltz No.3 Op.8.gp4.tokens.txt",DadaGP,"Num:{'3', '8'}","B/Barrios, Agustin/Barrios, Agustin - Waltz No.3 Op.8.gp4.tokens.txt"
"Agustin Barrios Mandore - Vals, Op. 8 no. 3","B/Barrios, Agustin/Barrios, Agustin - Waltz opus 8 number 4.gp3.tokens.txt",DadaGP,"Num:{'3', '8'}","B/Barrios, Agustin/Barrios, Agustin - Waltz opus 8 number 4.gp3.tokens.txt"
"Agustin Barrios Mandore - Vals, Op. 8 no. 4","B/Barrios, Agustin/Barrios, Agustin - PrClude Op 5, No 1.gp3.tokens.txt",DadaGP,Words:2/5,"B/Barrios, Agustin/Barrios, Agustin - PrClude Op 5, No 1.gp3.tokens.txt"
"Agustin Barrios Mandore - Vals, Op. 8 no. 4","B/Barrios, Agustin/Barrios, Agustin - Prelude Op 5, No 1.gp4.tokens.txt",DadaGP,Num:{'4'},"B/Barrios, Agustin/Barrios, Agustin - Prelude Op 5, No 1.gp4.tokens.txt"
"Agustin Barrios Mandore - Vals, Op. 8 no. 4","B/Barrios, Agustin/Barrios, Agustin - Waltz No.3 Op.8.gp4.tokens.txt",DadaGP,"Num:{'4', '8'}","B/Barrios, Agustin/Barrios, Agustin - Waltz No.3 Op.8.gp4.tokens.txt"
"Agustin Barrios Mandore - Vals, Op. 8 no. 4","B/Barrios, Agustin/Barrios, Agustin - Waltz opus 8 number 4.gp3.tokens.txt",DadaGP,"Num:{'4', '8'}","B/Barrios, Agustin/Barrios, Agustin - Waltz opus 8 number 4.gp3.tokens.txt"
Agustin Barrios Mangore - Variacion al Estudio No. 3,"B/Barrios, Agustin/Barrios, Agustin - La Catedral (3).gp3.tokens.txt",DadaGP,Num:{'3'},"B/Barrios, Agustin/Barrios, Agustin - La Catedral (3).gp3.tokens.txt"
Agustin Barrios Mangore - Variacion al Estudio No. 3,"B/Barrios, Agustin/Barrios, Agustin - PrClude Op 5, No 1.gp3.tokens.txt",DadaGP,Num:{'3'},"B/Barrios, Agustin/Barrios, Agustin - PrClude Op 5, No 1.gp3.tokens.txt"
Agustin Barrios Mangore - Variacion al Estudio No. 3,"B/Barrios, Agustin/Barrios, Agustin - Waltz No.3 Op.8.gp4.tokens.txt",DadaGP,Num:{'3'},"B/Barrios, Agustin/Barrios, Agustin - Waltz No.3 Op.8.gp4.tokens.txt"
Fernando Sor - Variation No. 2 (from Les Folies D'Espagne,"S/Sor, Fernando/Sor, Fernando - Estudio 2.gp3.tokens.txt",DadaGP,Num:{'2'},"S/Sor, Fernando/Sor, Fernando - Estudio 2.gp3.tokens.txt"
Fernando Sor - Variation No. 2 (from Les Folies D'Espagne,"S/Sor, Fernando/Sor, Fernando - Estudio 2.gp4.tokens.txt",DadaGP,Num:{'2'},"S/Sor, Fernando/Sor, Fernando - Estudio 2.gp4.tokens.txt"
Fernando Sor - Variation No. 2 (from Les Folies D'Espagne,"S/Sor, Fernando/Sor, Fernando - Estudio 3 (Op. 6, No. 2).gp4.tokens.txt",DadaGP,Num:{'2'},"S/Sor, Fernando/Sor, Fernando - Estudio 3 (Op. 6, No. 2).gp4.tokens.txt"
Fernando Sor - Variation No. 2 (from Les Folies D'Espagne,"S/Sor, Fernando/Sor, Fernando - Op. 60 - No 2 (study In C Major).gp4.tokens.txt",DadaGP,Num:{'2'},"S/Sor, Fernando/Sor, Fernando - Op. 60 - No 2 (study In C Major).gp4.tokens.txt"
"Fernando Sor - Variations on a Theme of Mozart, Op. 9","S/Sor, Fernando/Sor, Fernando - Etude No 9, Opus 31.gp4.tokens.txt",DadaGP,Num:{'9'},"S/Sor, Fernando/Sor, Fernando - Etude No 9, Opus 31.gp4.tokens.txt"
"Fernando Sor - Variations on a Theme of Mozart, Op. 9","S/Sor, Fernando/Sor, Fernando - Etude No. 9 Opus 35.gp4.tokens.txt",DadaGP,Num:{'9'},"S/Sor, Fernando/Sor, Fernando - Etude No. 9 Opus 35.gp4.tokens.txt"
"Fernando Sor - Variations on La Folia and Minuet, Op. 15","S/Sor, Fernando/Sor, Fernando - Sonate In C (Op.15B).gp4.tokens.txt",DadaGP,Num:{'15'},"S/Sor, Fernando/Sor, Fernando - Sonate In C (Op.15B).gp4.tokens.txt"
"Fernando Sor - Variations on la Folia and Minuet, Op. 15","S/Sor, Fernando/Sor, Fernando - Sonate In C (Op.15B).gp4.tokens.txt",DadaGP,Num:{'15'},"S/Sor, Fernando/Sor, Fernando - Sonate In C (Op.15B).gp4.tokens.txt"
"Mauro Giuliani - Vivace, Op. 48 no. 1","G/Giuliani, Mauro/Giuliani, Mauro - Maestoso, Opus 48.gp3.tokens.txt",DadaGP,Num:{'48'},"G/Giuliani, Mauro/Giuliani, Mauro - Maestoso, Opus 48.gp3.tokens.txt"
"Mauro Giuliani - Vivace, Op. 48 no. 1","G/Giuliani, Mauro/Giuliani, Mauro - Op. 50 No. 1.gp3.tokens.txt",DadaGP,Num:{'1'},"G/Giuliani, Mauro/Giuliani, Mauro - Op. 50 No. 1.gp3.tokens.txt"
"Mauro Giuliani - Vivace, Op. 48 no. 1","G/Giuliani, Mauro/Giuliani, Mauro - Op. 50 No.3.gp3.tokens.txt",DadaGP,Words:2/5,"G/Giuliani, Mauro/Giuliani, Mauro - Op. 50 No.3.gp3.tokens.txt"
"Mauro Giuliani - Vivace, Op. 48 no. 1","G/Giuliani, Mauro/Giuliani, Mauro - Opus 48 A5.gp4.tokens.txt",DadaGP,Num:{'48'},"G/Giuliani, Mauro/Giuliani, Mauro - Opus 48 A5.gp4.tokens.txt"
Fernando Sor - Waltz (from Six Divertimentos); Op. 8 no. 2,"S/Sor, Fernando/Sor, Fernando - Estudio 2.gp3.tokens.txt",DadaGP,Num:{'2'},"S/Sor, Fernando/Sor, Fernando - Estudio 2.gp3.tokens.txt"
Fernando Sor - Waltz (from Six Divertimentos); Op. 8 no. 2,"S/Sor, Fernando/Sor, Fernando - Estudio 2.gp4.tokens.txt",DadaGP,Num:{'2'},"S/Sor, Fernando/Sor, Fernando - Estudio 2.gp4.tokens.txt"
Fernando Sor - Waltz (from Six Divertimentos); Op. 8 no. 2,"S/Sor, Fernando/Sor, Fernando - Estudio 3 (Op. 6, No. 2).gp4.tokens.txt",DadaGP,Num:{'2'},"S/Sor, Fernando/Sor, Fernando - Estudio 3 (Op. 6, No. 2).gp4.tokens.txt"
Fernando Sor - Waltz (from Six Divertimentos); Op. 8 no. 2,"S/Sor, Fernando/Sor, Fernando - Op. 60 - No 2 (study In C Major).gp4.tokens.txt",DadaGP,Num:{'2'},"S/Sor, Fernando/Sor, Fernando - Op. 60 - No 2 (study In C Major).gp4.tokens.txt"
"Fernando Sor - Waltz, Op. 8 no. 2","S/Sor, Fernando/Sor, Fernando - Estudio 2.gp3.tokens.txt",DadaGP,Num:{'2'},"S/Sor, Fernando/Sor, Fernando - Estudio 2.gp3.tokens.txt"
"Fernando Sor - Waltz, Op. 8 no. 2","S/Sor, Fernando/Sor, Fernando - Estudio 2.gp4.tokens.txt",DadaGP,Num:{'2'},"S/Sor, Fernando/Sor, Fernando - Estudio 2.gp4.tokens.txt"
"Fernando Sor - Waltz, Op. 8 no. 2","S/Sor, Fernando/Sor, Fernando - Estudio 3 (Op. 6, No. 2).gp4.tokens.txt",DadaGP,Num:{'2'},"S/Sor, Fernando/Sor, Fernando - Estudio 3 (Op. 6, No. 2).gp4.tokens.txt"
"Fernando Sor - Waltz, Op. 8 no. 2","S/Sor, Fernando/Sor, Fernando - Op. 31 - No 1 (Study In C Major).gp4.tokens.txt",DadaGP,Words:2/5,"S/Sor, Fernando/Sor, Fernando - Op. 31 - No 1 (Study In C Major).gp4.tokens.txt"
"Fernando Sor - Waltz, Op. 8 no. 2","S/Sor, Fernando/Sor, Fernando - Op. 44 - No 22 (study In A Minor).gp4.tokens.txt",DadaGP,Words:2/5,"S/Sor, Fernando/Sor, Fernando - Op. 44 - No 22 (study In A Minor).gp4.tokens.txt"
"Fernando Sor - Waltz, Op. 8 no. 2","S/Sor, Fernando/Sor, Fernando - Op. 60 - No 1 (study In C Major).gp4.tokens.txt",DadaGP,Words:2/5,"S/Sor, Fernando/Sor, Fernando - Op. 60 - No 1 (study In C Major).gp4.tokens.txt"
"Fernando Sor - Waltz, Op. 8 no. 2","S/Sor, Fernando/Sor, Fernando - Op. 60 - No 2 (study In C Major).gp4.tokens.txt",DadaGP,Num:{'2'},"S/Sor, Fernando/Sor, Fernando - Op. 60 - No 2 (study In C Major).gp4.tokens.txt"
"Fernando Sor - Waltz, Op. 8 no. 2","S/Sor, Fernando/Sor, Fernando - Op. 60 - No 5 (study In A Minor).gp4.tokens.txt",DadaGP,Words:2/5,"S/Sor, Fernando/Sor, Fernando - Op. 60 - No 5 (study In A Minor).gp4.tokens.txt"
"Fernando Sor - Waltz, Op. 8 no. 2","S/Sor, Fernando/Sor, Fernando - Op. 60 - No 6 (study In A Minor).gp4.tokens.txt",DadaGP,Words:2/5,"S/Sor, Fernando/Sor, Fernando - Op. 60 - No 6 (study In A Minor).gp4.tokens.txt"
